client_id,age_num_x,mfcc_0_mean,mfcc_0_std,mfcc_0_skew,mfcc_0_kurt,mfcc_0_p25,mfcc_0_p75,mfcc_1_mean,mfcc_1_std,mfcc_1_skew,mfcc_1_kurt,mfcc_1_p25,mfcc_1_p75,mfcc_2_mean,mfcc_2_std,mfcc_2_skew,mfcc_2_kurt,mfcc_2_p25,mfcc_2_p75,mfcc_3_mean,mfcc_3_std,mfcc_3_skew,mfcc_3_kurt,mfcc_3_p25,mfcc_3_p75,mfcc_4_mean,mfcc_4_std,mfcc_4_skew,mfcc_4_kurt,mfcc_4_p25,mfcc_4_p75,mfcc_5_mean,mfcc_5_std,mfcc_5_skew,mfcc_5_kurt,mfcc_5_p25,mfcc_5_p75,mfcc_6_mean,mfcc_6_std,mfcc_6_skew,mfcc_6_kurt,mfcc_6_p25,mfcc_6_p75,mfcc_7_mean,mfcc_7_std,mfcc_7_skew,mfcc_7_kurt,mfcc_7_p25,mfcc_7_p75,mfcc_8_mean,mfcc_8_std,mfcc_8_skew,mfcc_8_kurt,mfcc_8_p25,mfcc_8_p75,mfcc_9_mean,mfcc_9_std,mfcc_9_skew,mfcc_9_kurt,mfcc_9_p25,mfcc_9_p75,mfcc_10_mean,mfcc_10_std,mfcc_10_skew,mfcc_10_kurt,mfcc_10_p25,mfcc_10_p75,mfcc_11_mean,mfcc_11_std,mfcc_11_skew,mfcc_11_kurt,mfcc_11_p25,mfcc_11_p75,mfcc_12_mean,mfcc_12_std,mfcc_12_skew,mfcc_12_kurt,mfcc_12_p25,mfcc_12_p75,centroid_mean,centroid_std,centroid_skew,centroid_kurt,centroid_p25,centroid_p75,rolloff_mean,rolloff_std,rolloff_skew,rolloff_kurt,rolloff_p25,rolloff_p75,zcr_mean,zcr_std,zcr_skew,zcr_kurt,zcr_p25,zcr_p75,pitch_mean,pitch_std,pitch_skew,pitch_kurt,pitch_p25,pitch_p75,energy_mean,energy_std,energy_skew,energy_kurt,energy_p25,energy_p75,jitter_local,shimmer_local,hnr_mean,age_num_y
008f1e5e50d2af1343f74a4f7a841bb49fe5083abd8cb36ed80f1da59223569b2b7b2945f3b885eb6a2d91d0704af7b2e891f0a6f8ffd6bec00832870bf6ca97,15.0,-354.54492,119.01696,-0.008872119709849358,-1.3602121,-466.10046,-246.22542,76.80536,61.811913,-0.06917576491832733,-1.1646371,16.727549,126.54106,15.720549,23.649744,-0.2336648553609848,-0.10478163,0.11885401,33.149723,24.671154,28.201323,1.0122960805892944,1.0464892,3.7641385,36.283752,7.1265397,17.318924,-0.14036743342876434,0.25648332,-3.91407,19.473545,-0.18799815,15.6808405,0.0466962531208992,0.6291928,-7.4718256,6.2587814,0.25986862,12.867063,-0.3330041468143463,-0.024116993,-7.434816,9.913274,-3.1057172,16.146059,-0.6184545755386353,-0.4291296,-14.472567,8.747456,4.0892324,9.526005,0.011666308157145977,-0.35565543,-1.752665,10.189197,0.05355396,12.130795,-0.39527955651283264,1.1076789,-8.4374275,7.775816,-1.1370475,9.246575,-0.14909090101718903,-0.5237236,-9.200403,5.432024,0.99936295,11.103561,-0.2386637032032013,-0.2149229,-5.107601,7.839674,-1.9106976,8.455436,-0.8066089749336243,0.3863504,-5.3037577,3.3669343,1535.9717194284735,1158.8304043242524,1.4384288892097539,1.5499163805573506,656.813655205024,2035.8800407788817,2977.587890625,2102.726813906349,0.642977267771985,-0.9579956900272979,1146.484375,4216.796875,0.1264404296875,0.1437063109308211,2.462796306034273,6.696893274572341,0.0390625,0.16064453125,1608.12,1134.7448,0.3571380078792572,-1.2176328,531.63196,2554.4033,0.05249237,0.06844881,1.8724536895751953,3.5984812,0.002563097,0.0713229,0.0,0.07649065783604583,16.514382875962355,15.0
00e2b3f397c42ff5d9504ddd850f557a943b10e7eab0c564671cbe275fd5c2649d0fd1b36f656aa5ada65a2bafc0195551593f97a1c52598622117daece8b6fa,65.0,-396.33887,122.540405,0.0647696815431118,-1.442752,-514.2533,-282.46094,71.6249,61.72908,0.6350443512201309,-0.8642535,22.972382,120.248184,-27.699957,24.570925,-0.7040901482105255,0.03256941,-41.94188,-10.175865,-23.566559,23.135696,-0.23358383774757385,0.43583202,-38.966736,-8.134292,-4.752471,20.514893,-1.3613860607147217,2.2995667,-12.29059,8.310423,14.022556,13.68796,-0.11953213810920715,1.5784669,7.584772,19.772007,-18.180538,18.728735,-0.5686477944254875,-0.68872297,-32.609505,-2.7636158,-10.23929,10.676863,-0.4515879154205322,0.7375227,-16.06663,-3.0965014,-3.0839305,9.104436,-0.04919172823429108,0.14229012,-8.683109,2.3246331,-8.556702,9.900651,-0.9103372991085052,0.719895,-13.349824,-2.2197666,-0.40063834,8.244188,0.03703073412179947,-0.08831477,-6.419615,4.548313,-9.680048,6.647139,-0.34352411702275276,0.40556824,-13.81916,-4.8349457,3.5005472,9.8048725,0.24953970313072205,-0.072879076,-3.350771,9.945766,2354.8609280855526,974.4474858156537,-0.17529576307017208,-1.424316690239455,1365.3223978471945,3273.0389448718743,4302.1214620817655,1976.8490694465945,-0.426359545526267,-1.3351183702221538,2164.0625,5947.265625,0.2604959701000799,0.13181891913207197,0.14524141183050862,-1.403673064792966,0.13232421875,0.3924560546875,1499.4883,949.5569,0.8735856711864471,0.07190275,787.3326,1954.9326,0.020060508,0.026999239,1.4126108884811401,0.93378365,0.0008085148,0.02928848,0.0,0.1801758322208451,5.449218132395974,65.0
011395b92511f75faf566b2f124fc0edab3e339622065cb1e08cd362aa288c1cb642209fdb1c9d3b74813b79e0733113762e175f140d123145e714fe5f65bb23,25.0,-373.81873,160.76688,0.07255186140537262,-1.5602872,-544.76917,-227.68329,98.858116,40.42684,0.04664353281259537,-0.7878082,65.23559,131.61975,10.502891,23.660683,-0.6701483726501465,0.90902925,-1.2411883,22.171,24.576572,17.743328,1.063909888267517,1.8079457,15.565256,35.611107,0.8475079,27.282396,-1.9978182315826416,2.997642,-0.16088167,16.070591,5.419429,15.204664,-1.1409740447998047,0.83147955,0.71032274,13.804183,-3.4910808,14.193546,-0.43863576650619507,-0.91432524,-15.491102,8.376124,-15.744294,19.770113,-0.3679087162017822,-1.0629737,-28.398867,2.3011954,1.4219514,10.630468,0.026514776051044464,0.40535474,-3.651562,6.8358974,-7.3445716,11.551117,-0.8698263764381409,-0.30075026,-14.575305,0.6501105,-5.4783945,10.128195,-1.6055563688278198,2.3756742,-7.319868,1.534812,-3.8994408,9.5687,-0.9004267454147339,-0.0060474873,-11.211802,3.5095282,-1.9569331,8.595149,-0.6197577714920044,0.3916831,-7.858901,4.2583303,1564.2759660944314,596.0748611387161,0.5715803804537615,0.09521029010551096,1014.7933935271205,2007.3438445752524,3386.495535714286,1479.191915134499,-0.0666059604406875,-1.4329492823990995,1751.953125,4824.21875,0.097021484375,0.029615817614656852,0.30781030349955424,-0.4638023593069871,0.07177734375,0.11572265625,714.66406,588.92084,2.232959032058716,6.8197136,324.5606,965.9127,0.043382544,0.051672686,1.0099866390228271,-0.2860558,0.0007294976,0.06791445,0.0,0.10912158559134483,11.202733596878183,25.0
0212a6646cd3447d5018448f4a57100f8d786debf093972b9e67d1e91109f2523cabd93aea07a32629504e8a909267f9bc73c16917a0eeec176193d1be673cb4,25.0,-179.9769,122.84035,-0.6966129541397095,-0.98429465,-304.09882,-83.26025,102.011,62.805294,-0.20643407106399536,-0.9649732,43.691696,158.30695,-0.7462832,33.375904,0.6176340579986572,1.039752,-19.93054,14.378434,39.00052,24.194172,0.6726207137107849,0.023475885,23.218792,51.466503,11.182492,17.800919,-0.3567763864994049,0.4792385,0.67199445,21.76332,10.181389,18.814224,-0.1685318648815155,0.41131306,0.833494,23.408222,0.42605326,15.576064,-0.36941060423851013,-0.3167138,-10.349064,10.577982,5.797908,14.619217,-0.013265034183859825,-0.054600477,-5.6869445,14.30406,3.262028,11.998054,-0.07831455767154694,-0.058332443,-4.1695695,10.422946,-10.241143,12.580221,-0.3124898672103882,-0.82036877,-19.979856,0.46958387,-9.004691,12.6164465,-0.223989799618721,-0.014650822,-19.181618,-0.3820188,0.111513466,9.820066,-0.12147640436887741,-0.1047523,-5.8055964,7.485131,-6.4009395,9.653455,-0.3004262149333954,-0.5948765,-12.68128,1.2211835,1659.3338236940804,924.6910165052309,0.7665059040113575,-0.16493201214249043,905.2223187846438,2421.9427164985536,3276.2322154471544,1708.2040099372116,0.12361724796305823,-1.542546051520331,1814.453125,5031.25,0.12104412792174797,0.09057538519097337,1.3107522135623466,1.7727846463336494,0.0494384765625,0.175537109375,1366.9963,1086.5103,0.6542598605155945,-0.7588992,360.93817,2137.4644,0.15711631,0.112617984,-0.0831693485379219,-1.1659057,0.009473728,0.23903304,0.0,0.14154452352908564,6.8154259845304015,25.0
02ac69bf462d6346d89a63b1b391486e72c7352b6508ea664cbc4e41bf4e685fe589c70258ea9fbdfdfeb8897f4a122b61b720a7be603fd6da8ab89ed916358d,25.0,-344.83078,168.40982,-0.7921324372291565,-0.86803055,-437.93448,-209.74826,98.41615,77.339264,-0.20895414054393768,-0.78339696,35.855675,159.49603,2.4681919,36.371273,-0.1849254071712494,-0.56472826,-22.813515,28.548721,33.42421,30.829788,0.34024640917778015,-0.09704971,11.253277,52.914734,-8.42617,28.904428,0.04428371414542198,-0.78608036,-31.185944,12.383673,19.511988,25.403091,0.1526162028312683,0.55319595,3.448862,33.1015,-28.75854,25.849302,0.4040687680244446,-0.9594524,-49.744297,-4.6918616,1.5747179,16.51841,-0.3467991054058075,-0.21495128,-9.677343,14.632156,-13.560571,17.818407,-0.07884218543767929,-0.9202635,-26.744808,2.2054374,-0.12160208,15.5965805,-0.4365507662296295,0.2554338,-7.7655926,9.272937,-1.4103935,14.783777,0.058094605803489685,-0.3930459,-13.051732,5.5052347,-4.2914124,14.019689,-0.11922730505466461,-0.12429023,-14.415805,4.8818116,0.2699984,12.084378,0.006672763265669346,0.17009687,-7.213998,6.696534,1653.1803790825263,973.8840649826418,0.9094049735133207,-0.0202946686641039,898.3826199214611,2410.1019552007333,3153.8500816993464,1719.9693204096764,0.03991747894979295,-1.4335932050487463,1617.1875,4820.3125,0.13961014093137256,0.09536133865527736,0.9475038865620642,0.21506883157135448,0.06103515625,0.19482421875,1450.8643,1164.1814,0.7800857424736023,-0.68382907,448.349,2212.7888,0.0383055,0.029323628,0.47010543942451477,-0.1497395,0.009256707,0.059005227,0.0,0.12228986272846422,8.360783187509263,25.0
036d6531c59cc0d65c7bf9b6122199b2ca4d3eedd722d76271f85fcf78b3df69479f21338d054deda9248e49c8b2e7a0a8f7dc872aba3bf22e64db0ccfa8c53a,15.0,-416.14023,134.96504,0.6058614253997803,-0.9918575,-540.0403,-312.5204,57.61433,59.211975,0.6934933662414551,-0.7290821,5.8279943,109.35444,8.145042,32.65544,0.062347982078790665,0.14377165,-7.5985036,27.570309,7.067528,32.864216,-0.38645097613334656,0.6178343,-4.3110485,30.668617,-33.729893,35.766468,-0.22365237772464752,-1.5357503,-69.3633,-1.2457232,-0.97907686,22.640478,-0.5348944664001465,0.844928,-8.194569,8.665653,-1.8651342,16.366325,-0.13305556774139404,0.09234333,-15.035407,6.9972315,-5.0534554,12.078919,-0.5187435746192932,-0.23443675,-13.116517,3.5310009,-7.0921755,10.683655,-0.4405009150505066,-0.96466374,-16.026434,1.7924082,-0.7533037,12.004656,-0.3820335566997528,0.059314013,-6.1939774,6.3231,-8.0086975,14.832868,-1.6068787574768066,2.0056286,-10.232746,0.21783589,-2.5039139,13.801298,-1.5441052913665771,2.5344172,-4.861835,5.4680214,4.2227345,10.786108,0.4623003602027893,1.2086692,-0.16123864,8.954254,1793.2367179194682,833.7903792654784,0.10746927388028964,-1.079204692724577,987.3075937152329,2530.1907042504863,3289.7227112676055,1685.667502797678,-0.36084437878274533,-1.2917886458438144,1429.6875,4824.21875,0.15649757922535212,0.08905067500098064,0.6009765309375195,-0.7217673630758719,0.07568359375,0.22265625,1593.7877,1145.7639,0.5678157210350037,-1.1399359,645.7926,2757.4463,0.046133477,0.06595206,1.4589860439300537,1.1971316,0.00044201966,0.08703026,0.0,0.10339616750899917,15.151230013232984,15.0
037eb229c7af1a0137814035f3ee89689782a4200adc0cd4479f26cd745601c2655287d59b48cf9b25076f954d38e6d6e6e8a5ffd980e49fb491e49694c603df,65.0,-337.81723,145.60214,-0.23576683551073074,-1.2754937,-471.37543,-209.11285,83.349686,83.8689,-0.13992518559098244,-1.2092528,5.240554,162.25595,1.6596887,33.35563,0.31718583405017853,0.05518627,-18.976055,19.587059,9.519081,31.387629,0.6088550984859467,0.32889223,-12.315659,25.387474,-7.94326,24.911663,-0.3223596327006817,-0.33999217,-21.718157,11.451168,-23.559948,23.42121,0.06063774228096008,-0.3825512,-42.887695,-1.2344434,-14.144012,18.507072,0.021966692060232162,-0.40033025,-28.163475,0.30215216,11.682481,16.853142,0.41875606775283813,0.37502933,0.0,22.508648,-15.204119,17.147978,-0.5227028131484985,-0.35392666,-27.295406,-2.3127296,-10.190039,15.622212,-0.16568736732006073,-0.37627006,-21.971825,0.0,-0.8419856,11.800282,-0.23545950930565596,0.61847615,-7.543883,5.58524,-3.682648,11.870486,-0.5555654019117355,1.7716899,-9.563936,2.6188207,-15.701515,14.680867,-0.12217225879430771,-0.79852724,-26.83285,-3.317315,1730.297104701605,1194.3263104961034,0.9561027561242885,0.07848739251192893,859.6980423422012,2511.6208212141605,3013.665416657357,2047.7883066893062,0.40713304059018934,-1.283708127260757,1320.3125,5151.3671875,0.14213361211263909,0.11188616327124784,1.2323929083364813,1.180916295964995,0.06427001953125,0.203369140625,1536.3401,1072.509,0.5937644243240356,-0.70831466,600.05255,2330.3218,0.06333943,0.0679451,1.168446272611618,0.80306864,0.003518731,0.10146929,0.0,0.12872032732330366,10.183336204493362,65.0
03e34a434656710d59fc61070647bacb34fa94300cdbdd3a120f6ecb7a9c6fb8e46b8391a300f14a07a1a6596a7c3ae76eccad3548d637a63324a0ecb54473d8,25.0,-303.75787,97.16881,-0.706416666507721,-0.4447086,-399.79968,-221.13416,119.618675,37.63253,-0.16422410309314728,1.0412731,104.072876,135.23154,16.860403,13.700588,-0.3339006304740906,-0.28747082,6.4502482,27.132889,2.4728107,28.450573,0.11242295056581497,-0.66494775,-21.219933,16.251135,-4.436517,18.104279,-0.3711840808391571,-0.74457145,-19.6666,9.73155,-0.37513247,12.543906,0.26917600631713867,-0.35478115,-9.4887905,7.172462,-31.557602,27.09803,-0.13787542283535004,-1.0901525,-51.62538,-5.489674,2.1340559,8.237978,0.41110578179359436,-0.48946714,-3.6937733,7.3231792,1.4956642,9.37709,-0.21945664286613464,-0.88331914,-7.2041574,9.426239,-18.251368,16.25206,-0.5165826082229614,-0.8189733,-29.324722,-4.9931455,-2.1330552,6.568915,-0.2677963078022003,-0.3234601,-6.6728077,4.1253552,0.52469623,10.566536,0.5731664896011353,-0.4541211,-6.1944313,7.52757,-15.912558,13.512087,-0.38590967655181885,-0.6857505,-27.748814,-6.3048835,1135.4044469785435,386.91578943871644,0.5216942409928937,0.30731994271031304,851.3990537054387,1347.6577376226085,2283.001077586207,1228.8391414553223,0.5602417060711536,-0.40241041130644817,1298.828125,3205.078125,0.06498349946120689,0.019029209980977076,1.6313100468411685,4.102334117116831,0.0567626953125,0.07080078125,529.5916,295.29282,1.5209535360336304,4.3461933,311.47595,686.60693,0.06739107,0.049827043,0.3386574685573578,-0.76638126,0.019538738,0.09555845,0.0,0.11306173052587434,13.65315729161901,25.0
04a248bc0cc9b8d91ed448e89914226cdc02d79ad7d6e16b1f465a314c309237bd129173d14caf301a038141a7e3e1be76c61c098ad7ed2d91a3cdaf3dd4b7a7,55.0,-422.2472,131.40195,-0.4162472188472748,-1.2237047,-539.23584,-315.14807,63.062004,71.086365,-0.21437868475914001,-0.9294543,0.0,121.232704,18.240246,50.029026,0.19127652049064636,-0.6480007,-11.58428,63.387188,30.268898,42.91445,-0.23567180335521698,-0.04307556,0.0,61.75723,-0.3167439,17.17201,0.5200721025466919,1.0096574,-10.403296,8.209217,-13.423308,21.090267,-0.53783118724823,-0.7566893,-32.31542,0.18522972,-15.55534,19.717026,-0.28644028306007385,-0.5820885,-28.677134,0.0,-14.092827,18.642776,0.08445197343826294,-0.54507136,-30.715168,0.0,-12.496338,19.299738,0.06526980549097061,-0.6439364,-28.605915,0.0,-4.026697,11.422576,0.006144063081592321,0.8126712,-10.623987,0.17631483,-14.6808405,12.187356,-0.17026187479496002,-0.7301464,-24.168978,0.0,-1.6424942,11.669698,0.3525088429450989,0.1715312,-10.085849,4.023945,-9.03816,11.851566,-0.6578589081764221,0.056903124,-16.686134,0.0,1650.025822018733,1533.7463617863561,1.1900886356093072,0.3175648519214258,748.5527493049182,2016.33825134766,2857.4092741935483,2222.081848036808,0.48075567174838957,-1.04116405582761,1351.5625,5292.96875,0.14236076108870968,0.1461418641645883,1.4083245410396596,1.4692007520640615,0.049560546875,0.212890625,1148.4634,1044.9395,1.2469892501831055,0.5543206,350.69745,1703.1951,0.027842876,0.024555031,1.0270097255706787,1.0337186,0.007513884,0.0389456,0.0,0.12236981638172516,14.976998481356022,55.0
04ee421d3b834a5a354c85fcd9a26143ddb247f7f578157603b1866090a858eaf956294cec6008bed26e82f3bdcf6dc1c21dd4dc313c41983a7a6f0e515c1c27,15.0,-370.25058,148.95628,-0.45597586035728455,-0.76024413,-471.10406,-256.60605,46.387165,72.800644,-0.18975146114826202,-0.78284335,-8.869537,99.739975,11.574248,39.96486,-0.5325937271118164,0.062158585,-17.547356,39.154686,-0.98343533,29.73505,-0.32703515887260437,0.16761684,-15.313606,15.221036,-4.0935307,27.592009,-0.43181082606315613,-0.13933992,-22.973202,14.12734,1.746754,20.409986,0.5719790458679199,0.7515924,-12.103138,11.240946,-13.640069,17.263,0.3090228736400604,0.17320228,-24.80355,-2.1568813,2.8182237,14.509299,-0.14880181849002838,0.024940014,-4.361808,12.165162,-7.175269,12.961195,0.20702067017555237,0.45421696,-15.507637,0.28422117,-4.5998635,11.135378,-0.34141460061073303,0.19770932,-10.658561,2.0404568,-11.755105,9.748803,0.287182092666626,0.2997539,-18.983429,-5.0915985,-1.4450514,8.856932,0.007311532273888588,-0.5046687,-7.3496923,4.487458,-6.9406724,11.121152,-0.3810463547706604,0.43895817,-12.917831,-0.32792604,2901.575032402995,1619.6676884708243,0.4280259915853872,-1.264688060364929,1453.7927871910335,4312.9941484981455,4726.0960820895525,2067.145864201146,-0.5281410697943931,-1.1713610941859218,2664.0625,6373.046875,0.26905025652985076,0.17600999803030204,0.38807234904998716,-0.9063007131191454,0.1065673828125,0.41748046875,1733.3158,1122.0637,0.4115463197231293,-1.0300559,736.02826,2628.21,0.02362591,0.022247689,0.9697176218032837,0.009353876,0.0045053815,0.037348773,0.0,0.10673162568102205,9.99975857609933,15.0
05a268a321702343e4f7831279471ad9b03a23faed19579979791a991840d592581b571486141a062afc53c6a60223cedf04e44f90ff263167ff59ce7c7a2907,55.0,-404.42746,162.05023,-0.21885663270950317,-0.92313284,-504.42798,-249.41681,51.264637,58.8181,0.6218645423650742,0.55233824,9.164399,78.8582,-8.35345,26.939255,0.13607044517993927,0.57349956,-24.060535,6.6007867,34.84104,33.660038,0.974764347076416,-0.000461936,9.119171,53.031757,-8.592699,23.427708,-1.3745601177215576,1.8856592,-18.185995,6.1878896,2.404307,16.772537,-0.5031404793262482,0.503791,-6.6553783,12.0684595,-7.920268,18.174835,-0.6413336098194122,-0.41961086,-21.66242,4.524224,-4.18319,10.400818,-1.00206358730793,0.83552146,-8.5001545,2.4955313,-0.7061273,9.592346,-0.311831321567297,1.4225304,-6.5911503,4.619222,-7.179204,10.50463,-0.35870037227869034,-0.56290495,-15.591826,0.8510906,-11.228786,11.97792,-0.6187912449240685,-0.029319167,-18.617495,-3.1815991,-9.782031,9.621872,-0.31516750901937485,0.5485803,-14.807754,-3.9496605,-9.148195,8.063715,-0.8537921383976936,0.98074174,-13.985411,-3.6118782,2252.3789054592135,871.8736559235344,0.35049376325436576,0.051845923389870485,1673.269877300169,2767.2976012626145,4157.196152404365,1266.6942941921575,-0.6278158101313478,0.29678560216707317,3546.875,5093.75,0.20501755169920582,0.11016497128678232,0.9720094858846877,0.8684731673285992,0.13232421875,0.258544921875,1864.8647,1241.2566,0.1732548028230667,-1.3735,646.09406,3012.6982,0.025792759,0.033756223,1.2109586596488953,0.87357855,0.003005675,0.03633074,0.0,0.12336002250203934,6.096975877740605,55.0
05c4ee17e51ccf56f5d867750e2e3a1fe3695f3dc42b96ef3d71ec31c8f21d2759932c68df0996735bf94b968d918efbf12097e19bab981841af596d992c5509,55.0,-485.69916,111.83511,0.7547571361064911,-0.8248716,-578.64343,-389.89865,109.083206,68.66347,0.6383625566959381,-1.0880319,51.201527,166.8154,10.058416,17.651611,-0.6548770777881145,1.3202155,2.4874744,18.61107,-12.613127,28.603535,0.05720090866088867,1.7731111,-27.332941,0.7745857,-15.647116,22.547222,-1.2564319968223572,0.91668725,-28.668522,2.108135,-8.029739,12.982098,-0.8075597435235977,0.38984418,-14.634565,0.5912975,-17.79618,13.318163,-0.9221397340297699,0.20661104,-26.41404,-8.257514,-17.930155,13.4208355,-1.148582249879837,0.78959906,-25.023766,-8.143129,-10.446199,10.877907,-0.9744493067264557,1.3322761,-13.889753,-4.8490143,-5.3669567,11.724469,0.26361268758773804,0.37212753,-10.95912,0.4411104,-10.576878,8.015357,-0.20570223778486252,0.19857836,-14.463624,-6.993819,-10.84632,8.093677,-0.549122229218483,0.45719326,-14.656892,-6.0420856,-6.4722896,6.2564163,-0.6129634380340576,1.0733709,-10.620782,-2.4281049,1368.9137971720054,595.9855145253993,0.3454435542627729,-0.2086938306013636,756.5408596425584,1812.002412826365,2842.211503596377,1616.6414624246818,-0.16212619283242125,-1.5925418053165452,1062.5,4213.8671875,0.1043165687020853,0.04717953810598097,1.658893570998601,4.538978852636014,0.0687255859375,0.13189697265625,867.6925,666.90674,2.276099681854248,7.4649296,426.95285,1105.5316,0.022573767,0.036177903,1.6550948023796082,1.6673498,0.00037888702,0.03571501,0.0,0.14935858865060417,8.427723317699428,55.0
0621ad6390e651ff1e39b23f74e8d624bd8ba0957d6a19f839aff078ab2ab446d5a66fe5f1f3a6bd485bda5ea717a280986af221a461d9d15b9228786f96f513,15.0,-423.5069,104.924385,0.18831998109817505,-1.1374943,-528.4458,-337.38898,102.299736,61.50451,-0.7609959840774536,0.13378167,81.68869,144.53299,41.175945,42.575275,-0.26334574818611145,-0.6330497,8.281217,69.86264,34.5648,24.628386,0.851559042930603,2.148704,20.481977,43.639465,10.021208,30.27669,-1.1093043088912964,1.4110003,-5.0294647,28.972729,21.669704,20.76423,-0.3701269328594208,0.51281357,13.760361,33.704987,-4.075149,24.147095,-0.43385934829711914,-0.9771142,-23.69262,17.122927,2.7892132,21.057129,-0.7212117314338684,-0.29179025,-13.117765,18.580297,1.051797,13.270255,-0.6780664324760437,0.014358759,-8.389853,10.361796,2.747327,12.989655,-0.9492285251617432,1.7299299,-1.4680817,10.470949,-11.789811,14.0499115,-0.8865693807601929,0.4455645,-20.282652,-0.04641849,-0.38856104,9.72857,-0.5844650268554688,1.3783259,-4.0667677,4.515603,5.8117514,8.394092,0.436184823513031,0.29287505,0.06706971,11.191295,1290.275215492425,1259.3395155133699,1.4002730613384529,0.800335220100775,341.6596634809488,1622.6590560577947,2207.0819805194806,2047.8312818609968,0.7662368019969764,-0.9394553557769014,375.0,3996.09375,0.08799208603896104,0.11443014474160343,1.9171036715332763,2.9704809545658772,0.012939453125,0.09814453125,1135.1489,1095.4452,1.3113188743591309,0.54268837,344.09415,1647.5137,0.021079507,0.019351156,2.063875913619995,4.270855,0.007992649,0.024269883,0.0,0.200807360588867,6.530527428053097,15.0
06925e266598e13114d8e90ac950a84d1700960885b6090259377456cc63e0c1935b7d9dbf5facd5e0f81277bed59a6e376e60e5bd88bf85d02d2a1ce2dc4d3a,55.0,-599.00696,139.48502,-0.3292611390352249,-1.3469416,-774.41235,-483.52515,63.29605,51.97079,-0.44781576097011566,0.3429258,28.821058,100.016235,16.10508,29.040955,-0.3831799775362015,-0.28429246,-3.6475904,35.535015,24.88818,23.252838,0.4281912297010422,0.22400153,10.685584,38.08987,18.019033,19.61914,-0.5059391111135483,0.14990354,8.0445175,30.031492,-8.782039,18.545744,-0.3571362644433975,-0.7080631,-23.401705,7.3028812,-2.8856897,18.170237,-0.3076271340250969,-0.93558365,-17.280575,14.019193,1.2260175,12.347254,0.15774407237768173,0.24754608,-6.027619,7.7511597,-13.698076,19.394749,0.027191203087568283,-0.9314422,-28.390903,6.242239,4.204946,10.726457,0.25082844868302345,0.00519681,-1.7733204,9.879509,-7.5536485,10.980854,-0.14975842833518982,-0.43968236,-15.00484,0.9322591,-5.533633,11.754281,-0.10730589041486382,-0.7778481,-14.312525,5.140271,6.5416584,11.677946,0.31432822346687317,-0.4947312,-3.2201412,15.047406,2366.9490571241868,1229.3657180511727,0.609366827450287,-0.0785826435250101,1346.1032671793373,3468.2788350321835,4608.680982733752,2145.950674890787,-0.2961424364802693,-1.3293890337228893,2810.546875,6761.71875,0.2081199398717228,0.16264714710542094,1.2003446049010378,1.519738951222878,0.07354736328125,0.33721923828125,1483.8094,1068.3132,0.44415415823459625,-1.0222661,469.7531,2343.3845,0.002553508,0.0021542767,0.40581169724464417,-0.8762512,0.00017889992,0.004120256,0.0,0.08322564654608142,12.077092137233464,55.0
0836f0e74bc679636d4af10bddb747580e93145ef1b540a10021633965e5ed659ace0a7aa85de967a03a3fb1e4ec8e43a3441c7504bf7589e6f106c8b2c0a091,25.0,-296.64792,167.88693,-0.7278152704238892,-0.949142,-455.24625,-158.39288,66.886826,58.747456,-0.4035550355911255,-0.46202445,18.385752,122.51642,2.76208,32.634083,0.8115476369857788,0.39139795,-20.68718,18.294487,34.210056,22.676435,0.23285943269729614,-0.60362387,15.121143,50.69796,13.499983,19.474499,-0.6221274137496948,1.2969542,0.35850725,25.479445,-13.094447,19.036104,-0.47984579205513,-0.43426704,-28.092777,0.12717482,-18.050789,18.44901,-0.14297817647457123,-0.52072644,-29.455185,-2.875937,-18.30955,18.954742,-0.5470032095909119,-0.4409728,-29.420967,-1.9181899,-0.06741726,13.187935,-0.5521422028541565,-0.018334866,-5.4930644,7.7280726,-9.331274,12.998499,-0.285532683134079,-0.06454229,-17.581749,0.0,-9.14688,9.095169,-0.1030181273818016,0.09262252,-14.646943,-3.2723489,2.465333,6.107465,0.02568383514881134,0.6279819,-0.99380505,6.4884024,-11.007757,9.587861,-0.31861814856529236,-0.29847717,-17.43295,-3.2243338,1995.0909385470372,999.8950109939211,1.074333602905789,0.6095001034304839,1263.5510921136565,2515.5308468611,3823.184742647059,1662.3525180580284,0.2538638220013107,-1.0722984880610027,2375.0,5173.828125,0.16199089499080882,0.10550836050041384,0.9512866738679087,0.11848889796826123,0.0740966796875,0.220947265625,1581.0358,1143.5251,0.5684188604354858,-0.8242526,502.16882,2295.1113,0.061187204,0.05450311,0.48333048820495605,-1.0663818,0.0018156684,0.10372903,0.0,0.11641057531604451,10.088854755346189,25.0
087ff58daf411f995e174ae35cedebb476ee7420c003e4d5dcab5091967dabaf1aed4dced7e3bd900146ee85349da1757f434dbd696577d740eb25b6879444e8,35.0,-284.4208,124.69069,-0.027079040184617043,-1.2613934,-414.16812,-184.55922,58.117397,66.01918,-0.40532150864601135,0.124278545,20.397854,108.67789,11.142492,26.589571,-0.31478676199913025,1.8981705,-3.4404862,30.378412,23.195448,31.028212,0.836362898349762,0.061761856,1.6818844,44.575104,-9.202771,17.866608,-0.6453765034675598,0.45448327,-17.055836,2.4680285,-4.901836,18.750725,-0.9152393937110901,1.3957496,-12.411923,4.722081,-19.119125,19.359924,-0.5076287388801575,-0.8381629,-35.347748,-2.8312528,-9.363822,10.791288,-0.48939815163612366,0.65587425,-14.967658,-2.752188,-21.728199,15.6666765,-0.604641854763031,-0.50331974,-33.228455,-9.3348465,-1.7344335,10.768613,-0.2756834626197815,0.5128565,-7.425732,3.9893894,-17.004719,10.250368,-0.7179406881332397,-0.16879821,-23.533365,-8.728609,-0.701746,10.239875,0.48265984654426575,0.85129094,-7.7200193,4.805867,-12.170563,7.604517,-0.16667155921459198,-0.35567713,-18.252075,-5.9659324,2451.399209349878,1440.086369670042,0.45170004719171525,-0.9089289979877901,1076.9220898070052,3314.82972607478,4246.181203358209,2088.435192686202,-0.3124114140886458,-1.489482369204992,2343.75,6113.28125,0.26348785855876866,0.19678846258189742,0.5694059808624882,-0.6932993951335846,0.07275390625,0.3927001953125,1893.0846,1166.6908,0.15783503651618958,-1.2768371,790.4535,2915.893,0.07129924,0.07102092,0.7940487861633301,-0.10697055,0.0017854817,0.120626,0.0,0.1271789442213137,9.455496635999015,35.0
098cd4ae227dc09b21c09e4c8bcc1c2d257a828b8f9e38bd18519e1605f678d117d056baa83e3d15eb267f5c510ae45227087d9b63c6c7f4e43be9c6149c87c8,25.0,-324.2434,145.26065,-0.15664131753146648,-1.1969459,-475.40616,-211.06686,71.90789,51.248024,-0.26981358975172043,-0.33155084,42.224533,111.69635,1.5985339,29.96651,-0.1992677040398121,-0.88114095,-22.850746,27.355743,45.182255,31.155912,0.65934619307518,0.2097975,20.83894,65.84596,-13.460884,26.28431,-0.6449116766452789,0.1347096,-30.346588,8.158639,20.146484,16.848188,0.15404878929257393,0.3375641,9.606415,31.275808,-11.562179,17.73916,-0.09894953668117523,-0.5731249,-24.935102,2.0897963,-5.8037567,14.073185,-0.31728849560022354,-0.37225747,-16.323685,4.2169094,-2.1175303,14.812851,-0.6535565853118896,0.2973212,-10.414012,7.838124,-1.6470494,12.264919,-0.8491605520248413,1.4586611,-5.809825,4.340919,-3.1991398,11.34729,-0.3351307986304164,-0.00842762,-11.152518,4.211649,-2.823697,10.347883,-0.4287809133529663,-0.042879105,-8.732767,4.1481705,-0.70743966,9.74066,-0.4092395156621933,0.42484128,-6.254152,5.2900825,1959.1167843729625,854.6048297630725,0.869205281824107,0.08149291144211723,1313.8890018720435,2437.565470033816,3793.623634887839,1140.8869438841423,-0.5726993419950377,-0.04843560474409414,3208.984375,4587.890625,0.15675196424773422,0.10916238022036437,1.2733994843492602,0.715109183796234,0.0789794921875,0.2017822265625,1750.4686,1289.3286,0.34195852279663086,-1.3863385,493.67355,3003.9912,0.04180278,0.052289985,1.8285767436027527,3.4723063,0.0025114468,0.056948677,0.0,0.1388009103049262,8.70890396534095,25.0
09bda23908fc032f076901e9105b245c2b56e1553c1c229ff43cc68f3262798500484a164fef3e40a570133c3bfb288279e0a6ed3dcd106f7a7636eb0b21a0dc,55.0,-442.87625,170.66814,-0.28597278892993927,-1.515581,-656.16016,-293.36664,73.36975,79.14935,-0.08788589388132095,-0.89778364,0.45471123,137.3548,-6.122418,39.234497,-0.0936610996723175,0.18616295,-32.424152,14.4487095,26.714157,35.267555,0.8178209066390991,-0.03900671,0.0,53.437153,-8.541032,22.547329,-1.06251722574234,2.1272318,-19.985817,2.3048942,-18.075212,21.511625,-0.5769903063774109,-0.44953877,-34.354206,0.008937359,-2.9217916,19.332838,0.10643161833286285,0.7779757,-14.544639,4.7740736,-9.473594,15.026355,-0.6079715937376022,-0.32672894,-20.912376,0.45490804,-7.7176867,14.503489,-0.39035846292972565,0.083406925,-17.157684,0.12003887,-9.576164,13.588018,-0.5647806227207184,-0.086628914,-19.246513,0.18391338,-9.913191,12.128707,-0.6768063604831696,0.037201762,-18.263824,-0.031846665,0.5537065,11.816538,0.020650692284107208,0.8436953,-5.3167415,6.7562323,-5.317623,11.287481,-0.29214323312044144,0.0047118664,-12.836746,0.25725397,2066.1461583519667,1180.576721292078,0.7037109994337221,-0.1152309931457276,1040.7700519235998,3006.9218790576197,3796.8848076578192,1964.755341817749,0.05982648529815575,-1.4026551975080643,2226.5625,5720.703125,0.2270807996883967,0.15213726626126461,0.4145352150607684,-1.0464350261940882,0.0811767578125,0.367919921875,1883.188,1134.0759,0.1784205287694931,-1.1981287,843.08093,2823.5776,0.021507693,0.021858647,0.7742713093757629,-0.30500448,0.000102310165,0.03649854,0.0,0.11860677454582647,9.666699780998933,55.0
09db79503c9473237e372b759307498cd8c951babd82d663af0956a49d77ea653f4795cc840ea719f3ad4293766390adfb57cc22e01f76a961c3374f20cd35a6,25.0,-376.6032,159.23947,-0.21043961495161057,-1.2330362,-546.8476,-257.97363,82.437935,67.28264,-0.04968419671058655,-1.3496485,14.841831,140.84631,-0.83467686,31.972332,-0.10747567564249039,0.7525296,-18.394472,14.695082,13.449565,26.096878,0.3953365832567215,0.5195879,-2.4565804,28.509218,-5.859742,21.095573,-0.7238650321960449,0.72574687,-18.534264,7.267398,-19.120813,21.139986,-0.1140378899872303,-0.7712376,-35.23319,-0.7556748,-9.046124,16.655344,0.05598089098930359,-0.28000498,-22.134434,1.9963963,-4.7840414,14.157976,-0.2383716031908989,-0.245749,-13.908523,3.9935114,-18.015957,18.81977,-0.49608077108860016,-0.40047336,-30.3972,0.05419539,7.607689,14.4034605,0.4086283892393112,0.63545644,0.010242607,15.659758,-11.712162,12.21699,-0.48601284623146057,-0.42023933,-20.122799,-0.073927715,-0.20441255,10.417876,-0.2895873785018921,0.6110351,-5.130983,5.3626785,-4.4465046,12.125223,0.321629136800766,0.816761,-12.409259,1.307076,1891.4782076128513,1141.4308594313536,1.3514843811391315,1.265630754459067,1028.6089188712492,2389.270861141309,3559.060704418369,1832.0591085515894,0.38977665909687464,-1.1708835799701975,2116.2109375,5254.8828125,0.17031039096554135,0.12261027437209006,1.2319306234862335,0.9551798315839908,0.0689697265625,0.23748779296875,1256.4783,1024.4211,1.0560320615768433,0.091162205,454.24084,1893.2146,0.032994494,0.039050806,1.5088545083999634,2.2216225,0.0018161368,0.049181566,0.0,0.14404447713586083,9.625387125452098,25.0
0a8a65380a2d513d320607e08e0915a192d6dee8796b7d1893845a420a2fc8f59bf8538ce0aff6f5a59424f2dc3dbe8774d2b51579c4b6a354b2c2306ecf13b3,25.0,-688.3384,156.24721,0.836397647857666,-0.9470761,-808.70593,-529.32385,55.264194,72.08995,1.1613330841064453,0.041775703,13.546242,62.028576,1.2029109,32.475716,-0.1424415409564972,4.0306997,-1.345535,6.8202,11.50722,29.2822,-0.04055006057024002,4.763849,8.700708,17.883787,5.974888,18.923502,-0.10553832352161407,1.9766531,3.358767,10.524517,5.9080334,9.430432,1.3629448413848877,2.06845,1.1100137,7.076417,-2.0918918,13.928418,-1.4738959074020386,1.3192787,-7.6180005,6.646966,-1.0495275,14.153607,-1.3286759853363037,3.5270205,-2.740467,3.9381325,-7.6380973,10.673931,-1.1882137060165405,0.15906,-13.529897,-0.7475802,-2.5362964,8.665896,-0.4343145489692688,2.166669,-4.08325,0.7247777,-13.518614,14.878175,-1.4973082542419434,1.5110464,-21.09109,-3.1615467,0.20045842,9.414262,0.9850547909736633,0.18947697,-5.8247957,5.8375297,-5.813383,6.3494763,-1.4798986911773682,2.244008,-7.241886,-2.1132407,2583.2227327519477,1113.827836503332,-0.15564942871039972,0.27890911297793686,2023.747976050916,3182.2360296602355,4741.020114942528,1867.3265247621534,-1.1253923949914937,-0.38606788200056696,3476.5625,5968.75,0.3518880208333333,0.16347140640543337,-0.7276929874772172,-0.8318401675444851,0.228515625,0.472900390625,1944.7146,1108.2725,0.09824993461370468,-1.1971294,969.4131,2899.5276,0.0028421336,0.0046695117,1.4251598119735718,0.61163306,2.5058573e-05,0.0053618,0.0,0.10538346592704141,7.511633441144737,25.0
0acf313028bfe2af57b429c11e66463848b29afaa619fcfb0eea753f8ba9c63862e2c106975c0e70bde12809fc2422731691839c34fe911de22051dd732876d2,15.0,-359.35254,166.88113,-1.5805639028549194,1.2911077,-368.94388,-255.3081,61.33045,53.5131,-1.0394884645938873,0.69874394,36.805172,99.134155,-22.556248,27.623524,-0.1707234438508749,-0.62993145,-43.376633,-1.48447,31.868076,26.952662,0.6782189309597015,-0.23718345,11.631289,48.090508,-1.058665,18.530266,-0.33489421010017395,1.245469,-9.747883,8.775513,0.548519,12.480969,-0.4806235730648041,0.06325841,-6.7383356,8.766182,-2.13767,12.848658,0.19894777238368988,0.14223659,-11.548982,5.9462748,-7.2121763,16.18857,-0.26691035693511367,-0.2611816,-17.242704,3.4082425,-4.426567,11.771805,0.17761754617094994,0.16708982,-11.763832,1.5773206,-6.6577744,10.628644,-0.5668089389801025,0.10012317,-13.542403,0.20835152,-11.350875,8.836552,-0.5358790010213852,0.3946513,-16.61535,-4.9355273,-3.1044292,8.301163,-0.5034793242812157,0.5130069,-7.8403845,2.8339162,-5.440501,7.2537374,-0.4100213795900345,-0.07211709,-10.464485,-0.0233051,2259.460364713079,967.2009313245405,1.3966029185043638,2.438458808590571,1641.103837912493,2570.561006127059,4014.225079154217,1301.286234477455,0.3248698997866872,0.1819313739040278,3114.2578125,4917.96875,0.2096147124054606,0.11961052392686691,1.6205345175877741,3.0640410612201316,0.13726806640625,0.24810791015625,1798.2723,1067.8105,0.21893054619431496,-1.0268345,850.2105,2651.3306,0.015430041,0.010975929,0.4818887859582901,0.007693529,0.0068448023,0.021657163,0.0,0.14471559612262053,5.151245543936408,15.0
0c02292cc4155545c75d0b187607e16dfc4c79134a445416da3b1f1b456e8239525eea6a0f9c2f958682d77b8b7b44cada9ad3547f1d01ecbb7acc80da26dd83,55.0,-289.00858,114.89009,-0.5363240242004395,-0.15654814,-365.37335,-200.83212,89.74084,73.108116,-0.41250523924827576,-0.49895167,40.91265,151.75197,13.73311,32.750183,-0.23639704287052155,-0.46702814,-6.489821,37.000122,29.703453,33.322884,-0.13861428201198578,-0.35343194,9.780064,52.865273,1.962482,21.581081,-0.03001498756930232,-0.03793049,-12.232367,15.518202,21.938026,16.262348,0.41492074728012085,0.113894105,11.357503,30.540876,-11.495098,23.129925,-0.22642042487859726,-0.11046231,-25.884102,5.589438,13.147278,18.580017,0.12731182016432285,-0.49089646,-0.12633847,26.219933,-8.2030945,12.145437,-0.03416894096881151,-0.70732427,-17.614214,0.30224717,-0.39314485,12.340633,0.3477131426334381,0.4406289,-8.842174,5.382863,-0.9018733,11.478731,-0.14132291078567505,0.32763577,-7.9875927,6.3386865,-14.954517,12.535439,0.2787020429968834,-0.070352435,-23.698689,-7.706202,-4.85308,11.37951,-0.23390303552150726,-0.4099164,-12.128828,4.5746346,1950.726768141939,1254.1701373993492,0.7928950016944806,-0.6712043382804682,961.1899236909851,2860.054588446405,3530.3454516997017,1869.0727111738242,0.10355846645094897,-1.2699016644507202,1887.6953125,5364.2578125,0.15073839010383366,0.11288097635595995,1.1383640686916336,0.46125893234291615,0.06512451171875,0.21038818359375,1516.3939,1246.6426,0.6505412459373474,-0.9455068,372.4398,2482.5374,0.05159811,0.03614015,0.7215014100074768,0.022752643,0.025886033,0.07002907,0.0,0.15636448738632602,6.863626097767668,55.0
0d8268fa5566cba3e954442ecc362c623d5789f6662d74837c261bc824b3bfb701002febabdae6ce6db07fcc605d65b6cbcb200d6b720cf743c18a5b1137aee8,35.0,-355.4496,87.141464,0.018192090094089508,0.79532063,-421.08685,-290.19855,96.3395,33.6367,0.37528834491968155,1.0161397,75.937,112.37387,12.0911045,16.63875,-0.42964857816696167,2.3188677,6.7064743,18.805027,37.91548,17.098494,1.6127102375030518,3.4479525,28.27161,43.13395,6.7042665,16.467146,-2.0142682790756226,4.305148,2.9766285,15.178489,3.7051141,12.960844,-1.364277720451355,1.6378263,-2.5769334,12.05332,3.3647087,11.182678,-1.0473237484693527,1.7462965,0.18198764,9.690177,10.538152,8.474358,-1.2483783662319183,2.8372395,5.912834,16.087345,3.3563986,9.662428,-1.0785133838653564,0.41403127,-1.6419439,10.131119,9.911098,8.199467,0.2768235132098198,1.9920404,6.3553476,13.712906,-5.210637,12.277737,-1.3524420261383057,0.9282832,-10.811707,2.892306,11.196215,6.516162,0.833107516169548,4.453236,8.412376,13.843413,-0.98635316,6.270211,-0.07973000407218933,1.8891938,-3.9409275,2.1092105,1535.0559865438318,511.7874736974142,1.309406767808938,3.201516745383914,1262.9745985201948,1872.2661911728405,3572.54263553443,1175.7267043725408,-0.016311971975050576,0.06184956839912137,2982.421875,4595.703125,0.06446000724930259,0.034976372355680005,1.6417943590906108,3.5429077015525983,0.04119873046875,0.079833984375,686.61334,762.95294,2.592735528945923,6.448577,274.0049,683.85864,0.019473728,0.019895108,1.1163407266139984,-0.15521097,0.0056225266,0.027836777,0.0,0.1141072058790417,9.25583119761025,35.0
0e2fb7c0d381c30a77a2d781a3341f318a936cca216c17cb9bdf538cc8e0686a5d34c4c521621894418a5c974e0a75a8f2997727a32e7a11a5024b5feadb37d5,25.0,-351.32715,107.61226,-0.851859837770462,0.3880912,-415.07535,-280.80563,121.97977,49.760452,-0.5103493332862854,-0.18474555,85.2489,161.81456,-18.087147,42.50329,-0.52247054874897,0.15194237,-44.436035,13.735228,-3.344796,28.340067,0.06303385272622108,-0.8415706,-25.900621,19.659428,-4.031694,21.309845,-0.3654162138700485,-0.38563538,-16.68446,11.869155,-2.272934,18.737103,-0.3720840737223625,-0.25311553,-15.310126,12.015503,-0.71854234,13.771145,-0.8442541360855103,0.8190726,-9.163603,8.545773,-4.91649,15.491156,-0.2901179902255535,-0.5081358,-15.544664,7.6548257,-1.8852228,11.674444,-0.16416208818554878,-0.14882123,-9.130606,6.3257637,-2.6560488,11.361371,-0.5329381264746189,0.43508887,-9.870977,5.7297544,5.064435,9.593865,-0.06731240078806877,0.17472684,-0.15879571,11.601842,-5.891723,11.599005,-0.27607639133930206,-0.65135896,-14.241928,3.281785,-1.1910874,7.636756,0.008128722198307514,-0.2618544,-6.7297153,3.9497745,1556.8339387666106,939.9523393256102,2.3978608808996444,6.105611925879249,1024.9352061567856,1707.900635404775,2927.6487984351716,1811.5139238048232,1.07454071832105,0.023046464529783206,1550.78125,3967.7734375,0.12555655087633508,0.10768687727224316,2.640196238887425,6.839403669322364,0.07098388671875,0.12322998046875,971.8489,678.787,1.5500737428665161,3.24903,486.34198,1280.6217,0.025889592,0.01998007,0.9262338876724243,1.180339,0.008957807,0.03633648,0.0,0.0979514923789581,11.37317575031042,25.0
0e60a578941d41849394691c611be044c19753d68b3dc6ca38dd1526016c9536219350c8aa1d6c0b974bc68c24592c39030a094ed6223399ab873f93e6a457a2,35.0,-281.78522,125.04004,0.35092058777809143,-1.0349522,-393.7201,-183.68903,127.95198,48.27523,-0.4557788074016571,0.5118773,107.95116,166.20935,9.128859,31.485613,-0.47070741653442383,-0.30164886,-7.7026644,24.685797,-0.98811,17.048626,-0.6480311751365662,0.67522407,-6.8559446,7.908245,-8.670183,27.191614,-1.0058858394622803,0.9197533,-17.693779,5.6244583,15.397762,15.925502,0.015234783291816711,0.80409765,9.083523,22.4779,3.6423848,13.335358,-1.0598526000976562,1.1760936,-3.8863444,12.595966,-6.110733,16.808918,-0.7184693217277527,0.00832963,-18.655926,5.455325,-14.073801,14.808258,-0.5115393996238708,-0.45210767,-24.989382,-2.826101,-1.6275405,9.585793,0.2592877447605133,1.1356883,-6.8636456,2.6927419,-3.9883308,8.350736,-0.03375711664557457,1.0399752,-8.450807,0.22245336,-3.251648,9.423498,-0.4774937927722931,-0.37019992,-9.307814,3.2321045,1.5163924,8.962271,0.5774277448654175,1.0890489,-3.3515084,5.022135,1408.4634784212842,752.3300862064606,2.17394578477223,5.234938211068451,983.8351673775527,1486.8962352842805,2788.921734234234,1574.0355716384727,0.7166423905021397,-0.13648995041703182,1304.6875,3519.53125,0.10341005067567567,0.07465515777200472,2.681513434268483,7.724242759058615,0.065673828125,0.1051025390625,877.3782,720.8048,2.3995370864868164,6.544325,408.16754,1083.6294,0.07298666,0.07785308,0.8686644434928894,-0.3604746,0.0038898909,0.13020559,0.0,0.15662402248225538,8.143916126365381,35.0
0f587adc49bee094dd6942eff5cb1cdac81b7da9d0ccd53101288ce7c7b09149e6d6cc19018752cf14a37e9683e90ce9bf6f0ed5eb6031a09f56c86c99782dde,55.0,-416.78516,112.70404,-0.6481907069683075,-0.57633567,-473.73016,-338.42053,112.49157,61.680122,-0.5704723000526428,-0.76277614,71.005356,156.66254,6.5091214,34.984436,-0.08738480508327484,0.4610535,-11.796459,26.544006,12.878579,32.577198,0.002789109945297241,-0.19650543,-4.4946313,36.030212,-12.765817,21.16413,-0.3759249150753021,-0.27734494,-28.339588,4.3844,-12.869539,19.448414,-0.3464702218770981,-0.69596565,-27.025545,3.2345319,-11.018881,19.744682,-0.66322061419487,-0.1664244,-24.217327,4.127452,-2.7463298,16.248354,0.5659306347370148,0.9352126,-14.4955635,7.2718854,-15.175914,17.01749,-0.24484349600970745,-0.68651855,-26.598568,-1.6621149,-11.873451,11.9194145,0.1909404620528221,-0.873489,-20.52564,-1.04999,-8.478931,10.882257,0.11686739348806441,0.101210356,-15.453466,-2.3061626,-1.5711756,8.894951,-0.1495817005634308,0.07501471,-7.1764784,4.2240467,-5.1378584,10.310153,0.06960068643093109,-0.4148544,-13.04314,1.8948045,1441.6893975393655,1060.6285055358098,1.7688084890328075,2.3897467037332687,781.2792727138342,1655.994170419007,2640.5187932027648,1869.1855548263864,0.8915204673931607,-0.7188279793229286,1139.6484375,4361.328125,0.12886546613983296,0.1152841049502274,1.8570202444854051,3.026557876149118,0.05694580078125,0.15234375,1084.5635,898.7816,1.3759568929672241,1.3937354,414.34265,1536.0232,0.027951144,0.023794482,0.78310626745224,-0.18688881,0.007208406,0.04107895,0.0,0.11226441771165593,13.010427078145133,55.0
0fc85447a65211ec9fcc3247b0fc89440f91621a9b577a67ebef38b1b6a2791b09274c65c0a2c0511dd0e09c19e9e1bb1d7ca252dcf723124f45067d6a100385,55.0,-449.67227,146.80946,0.2340947687625885,-1.4779043,-609.77765,-317.12918,68.63938,81.74269,0.3182593584060669,-1.0239459,0.83548725,141.25827,7.409498,34.90138,0.35317012667655945,0.5581329,-8.381503,24.592327,19.735737,32.843243,1.631960391998291,2.862813,0.28235263,28.536438,-11.206565,25.29941,-0.6961668133735657,0.39422464,-26.157448,1.2559583,-7.9912534,23.898438,-0.9797463417053223,0.69776416,-17.705841,5.019367,-13.6182995,17.060434,-0.5781755447387695,-0.5631099,-25.619986,0.0,-17.01834,17.086447,-0.5394259691238403,-0.82136035,-30.534983,-0.5781577,-6.5208426,12.518838,-0.8699711561203003,1.2310128,-12.85621,0.14459407,-16.320192,16.149035,-0.6533951759338379,-0.5838306,-27.512552,-0.7828599,-7.456676,10.57109,-0.8007584810256958,1.0471182,-14.602329,-0.0028324742,-4.00772,8.00093,-0.6984927654266357,0.877728,-7.5880995,0.032023855,-2.3195152,9.471964,0.05400305986404419,0.0050849915,-8.46227,1.9089645,2015.1845899883729,1100.0671174034912,0.17408627739230564,-1.1492374853611214,863.8490849819904,2895.5936747604037,3706.8520642201834,2012.7426586561521,-0.20090269978561284,-1.5211519180091395,1574.21875,5701.171875,0.2099251003440367,0.11702587321200149,0.28551281900809394,-0.7408643103595871,0.0999755859375,0.293701171875,1692.7336,1164.1729,0.40269824862480164,-1.1693743,604.4753,2691.4226,0.024360372,0.030867392,1.3574515581130981,1.108057,0.000109307686,0.040603388,0.0,0.1579842059312795,8.7062586508114,55.0
103963bdb6799b4f8da7e32dd73f33d866d4d8588c5b4cadbf22d2e6c8e4617d76818ec5248022b7f4b87bcf523e7d623cfb93259f8eaf9ba4823f2b40878441,25.0,-354.86646,164.71805,-0.001241965452209115,-1.6658491,-539.9402,-200.84593,68.987175,71.77542,0.3990772068500519,-1.2392626,7.790663,141.1112,-4.6082306,31.262518,-0.7840800881385803,2.1777968,-17.343315,8.892591,21.500425,34.81111,1.3774279356002808,1.100914,2.101296,38.04534,-11.301501,23.378553,-0.9757925868034363,0.42270064,-25.691744,3.6559331,-5.334426,15.4362135,-1.615512490272522,3.563756,-10.434749,2.1481783,-7.9233303,14.09553,-0.9829829335212708,0.7654345,-15.967844,0.8260589,-3.894098,14.215344,-0.1304992139339447,-0.09893179,-14.124945,1.7770395,-19.981504,19.7766,-0.3830108344554901,-1.2792578,-38.883595,-2.3296275,-8.054511,14.158449,-0.627269983291626,0.8455336,-15.873114,-1.7390633,-10.544902,10.456952,-0.42667722702026367,0.017340422,-19.007252,-3.6919007,-10.500864,11.021648,-0.8038749098777771,1.0993233,-16.902645,-4.116805,-7.968104,7.935401,-0.19144518673419952,0.6016805,-12.272194,-3.672225,1772.335583429044,904.987757573347,0.8423403636105833,0.5650693075064903,1090.8021475844234,2187.6525874354156,3758.263221153846,1941.4686708805007,-0.22691151817765237,-1.5439177568986997,1859.375,5562.5,0.14617763421474358,0.09497271013813138,1.8398850553588917,5.120429423694249,0.0770263671875,0.18408203125,1194.6091,888.05505,1.0942755937576294,0.5085838,492.05334,1675.358,0.05227145,0.06367939,1.4383078813552856,1.8536177,0.00023860445,0.08673423,0.0,0.1453963415860246,9.266866249325096,25.0
10ec364049b7b2b1bce379ca326483eb020c5ab48ca7cfa3027f8c2c4930bd53102a3eb7ffe0635260c442ad52efbdb66aa60f67f50d1a71f0e6950f86e20fdd,25.0,-343.4793,177.79076,-0.19898231327533722,-1.3345754,-556.8857,-196.34586,51.58767,76.3053,-0.15831445157527924,-0.26580262,2.392419,107.268715,27.349955,41.597042,0.8913178443908691,0.90067124,1.8712219,53.564133,25.284657,38.707523,1.1160383820533752,0.89597607,1.614779,47.115906,-10.273549,26.925884,-0.5430305153131485,0.57026565,-26.259289,4.4603624,-12.330458,22.842001,-0.25452153012156487,-0.68183875,-32.934216,3.1691604,-17.353163,20.947052,-0.2909769266843796,-0.7707033,-34.381363,0.38872406,-11.286304,13.967512,-0.38405372202396393,0.19530666,-21.385092,-0.06777493,-18.562368,16.971355,-0.43014922738075256,-0.57568306,-31.379372,-4.1320896,-2.5779495,13.576023,-0.47458139061927795,1.2428813,-9.099306,4.9841204,-14.908625,14.404421,-0.5472986251115799,-0.49322605,-25.542294,-1.3282611,-0.7423563,11.178212,0.14445872977375984,0.85501206,-7.176486,5.3724027,-8.660505,10.606907,-0.6716756224632263,-0.20645225,-15.462557,-0.63974553,2328.532564791749,1333.2535085616933,0.6506812170843126,-0.49025456002160483,1161.5106771734756,3133.1526855302145,4264.477385204696,1976.9387595928279,-0.4211716697511067,-1.2269952842781096,2513.671875,6009.765625,0.2125402520204936,0.15923184640510946,1.0034022294793903,0.3791726171919012,0.0736083984375,0.3009033203125,1734.5176,1227.344,0.3717089742422104,-1.2951527,566.8009,2872.1516,0.073205106,0.06597637,0.6923366561532021,0.23229194,0.0006642683,0.12490239,0.0,0.09927382674791536,11.337713097181926,25.0
10f32ce9e62b48c86369ab64b7b4d278e7348975b107bbe30e63de8c702e184f36be68d876717e3bf3059a0af43e6337e453dbe5ebcbac3effdad5c3b69a3384,65.0,-431.51022,188.018,-0.04781729727983475,-1.6979914,-645.5234,-263.264,60.925632,64.05514,0.2549167275428772,-1.0425692,6.0088396,120.14848,11.333781,27.229177,0.5911949127912521,1.0226393,-1.4682908,21.27554,15.462948,27.365057,1.3008172810077667,1.4914527,1.6897316,20.673712,1.0396935,19.91962,0.4834556616842747,1.2485167,-9.35277,9.23656,-4.1664605,16.871927,-1.002189815044403,1.370219,-11.5982485,4.8207297,-18.794542,19.344234,-0.33389975130558014,-0.4465686,-31.316483,-2.5473974,-10.993716,13.658508,-0.6244263648986816,0.20121944,-19.892963,-2.0448008,-8.627838,11.653589,-0.28144438564777374,1.3694025,-13.314901,-1.5851258,-7.1111374,11.4749,-0.3042288273572922,0.97774935,-12.689741,-1.6781187,-8.594591,8.876717,-0.5050126612186432,-0.09046376,-15.010821,-1.8276483,-4.1536756,9.065865,0.24516643583774567,1.3248587,-9.039032,0.5728323,-8.791826,9.570694,-0.7342718243598938,0.7224345,-14.097988,-1.6510653,2119.7766414353646,1071.5207718686916,0.7157724101604419,-0.17963191074289275,1219.5237658516744,2839.7589760043365,4001.8578015222483,1817.086777768693,-0.15896639759503123,-1.196772454634448,2237.3046875,5587.890625,0.20725595085626464,0.132303000935253,0.8962415897510013,0.36454229478526645,0.09844970703125,0.29931640625,1507.9768,1094.7161,0.715801864862442,-0.5156626,571.75354,2244.3499,0.023993269,0.027801353,1.00580695271492,0.27771258,0.00012641097,0.044048402,0.0,0.12471699117946555,7.447113859613092,65.0
118f1a62248d034b4bc35e0c6a53b5f021874c38d963e5343fddfaa518beb60e62749a1b2f3aa0c87e6a0a9da7d08cf8c48acc5610017075a1aac1fd8e112289,25.0,-457.93588,108.21363,-0.5677123665809631,-0.8001156,-538.67816,-372.28528,120.452866,67.5519,-0.8402170538902283,0.3927467,71.38621,176.5101,5.997715,35.539783,0.36604225635528564,-0.83555293,-24.591309,31.694504,-8.2105,31.329136,0.38907590508461,-0.7442503,-34.86091,12.081131,-0.62011606,20.939816,-0.7019889950752258,1.5387168,-11.417992,14.0791645,-14.615696,16.56633,-0.5298542380332947,0.37920642,-24.856052,-2.7305424,-14.26511,15.503458,-0.16564922034740448,-0.38207245,-23.020594,-2.2196302,-1.5311759,16.41411,0.15226852893829346,-0.5186887,-15.215273,9.268626,-13.472122,15.349385,-0.44442808628082275,-0.06973195,-24.250555,-1.060948,3.7928908,12.525821,-0.0702958032488823,-0.6609473,-3.9322276,12.478258,-8.181536,9.083072,0.2561308443546295,-0.6273916,-14.9197235,-1.5230722,-0.84893167,7.996678,-0.24626220762729645,-0.33680987,-5.5125265,4.683565,-4.6429024,7.8319507,0.09034175425767899,-0.044594526,-9.777343,1.0405339,1449.3100736273072,993.5901473364055,1.7871877746984481,2.910540681315747,836.6592721649024,1879.889690672945,2688.3138020833335,1989.621193677032,0.9076192876190268,-0.7110374644185944,1207.03125,4382.8125,0.1259799533420139,0.10135929444485918,1.7787559402181996,3.013111030523863,0.05908203125,0.16650390625,1215.5425,937.7782,1.144500970840454,0.46842933,496.59686,1667.6464,0.010345924,0.010822569,2.0903677940368652,5.67486,0.0025436005,0.013544982,0.0,0.12681330274407962,11.072195020127548,25.0
12266ce471d445ebc9a7b937a8dd7a2f10083ce10dcc62ed20c9c6d065199f3ab1cbf4d8435fc072e347641e9b599e6630b7c6a8ed741191c0d10ddd0babe1cf,15.0,-304.29388,113.20334,-0.8011085391044617,-0.35240543,-356.20514,-224.4068,109.09471,70.02582,-0.4069511741399765,-0.6927583,58.32274,172.24693,4.802577,42.258766,0.07888153195381165,-0.062223554,-23.260744,31.19377,38.051353,27.855606,0.43150463700294495,0.21871078,21.321743,51.432823,-5.1060834,26.902676,-0.2367044761776924,-0.6588688,-24.62118,16.452347,17.50887,20.373644,0.22113434225320816,0.06428051,6.1471267,28.912537,4.1269608,14.149128,0.1235508918762207,-0.21523833,-6.2710896,13.619365,-1.6382143,15.087761,-0.324166864156723,-0.3156557,-12.38164,9.748049,0.55975807,13.021787,0.07277972437441349,-0.015696049,-8.486792,8.982993,-0.06730437,11.923454,-0.12235700059682131,0.04350567,-8.180572,8.196171,3.9148936,10.798517,-0.323762908577919,-0.02449727,-2.4187763,10.710342,4.650468,11.630695,0.18976591527462006,0.25412416,-3.5214515,11.547445,-9.23311,10.608298,-0.3971189260482788,-0.35848773,-16.352058,-0.46759892,1577.3159440152208,987.0637897740651,1.2669361957979568,1.0692374403924458,821.3337282687944,2011.198443794865,2992.507242792538,1610.0358748759118,0.23434007334734605,-1.2446410290804657,1539.0625,4482.421875,0.10617855654972207,0.08964379879646134,1.4999704361912296,1.8130954551957075,0.042236328125,0.1490478515625,1331.4646,1186.4014,0.9725032150745392,-0.38147795,373.52118,2139.4475,0.051378123,0.034576096,0.29323360323905945,-0.1768322,0.029149821,0.077821165,0.0,0.10782813354382687,10.65309964263325,15.0
1342eb792edc3ca5042e275daf3543e30f3bcfe678a1d50e155e8f90e1856312c53fcbd770f1d3258721b6e234f4c852f1641e1a14dcd070ab23a8de439a5c1f,65.0,-329.799,151.81354,-0.3058944642543793,-1.3031569,-473.04346,-201.56528,79.93514,63.403496,0.20329900830984116,-0.95527995,28.25239,133.34415,-27.549416,39.70159,-0.032927870750427246,-0.4885546,-58.298843,-0.8532649,41.98019,40.07016,0.4745248258113861,-0.12985003,7.868129,69.30243,6.779408,24.369267,0.17505507171154022,0.394773,-8.436487,21.950047,-13.187222,22.131367,-0.5673567950725555,0.68480337,-25.354282,0.0032408573,-22.390833,22.70136,-0.17008742317557335,0.018111587,-38.067654,-4.6459827,-13.2792425,21.484207,-0.2714580148458481,0.15420067,-26.544188,2.765895,-18.017977,18.756119,0.08818970248103142,-0.48423553,-32.17556,-1.9597863,0.7076688,17.856377,0.08264381438493729,-0.043476105,-11.002159,11.661324,-25.548597,18.079449,-0.05003730580210686,-0.39120686,-37.82884,-12.107428,3.4446955,13.838798,-0.1940566748380661,0.24411976,-4.658485,12.547568,-1.1214826,12.01675,-0.17704186961054802,0.8327781,-8.655437,6.1736035,1777.5717823361088,853.8057551700747,0.9126142868882967,0.5788518754675194,1177.4158512036818,2244.6150581227084,3098.6616694560926,1428.5155206639647,0.5574054893603124,-0.4361898893716474,2134.765625,4005.859375,0.17936026092052587,0.10279848887491484,1.0017928928635085,0.9956619444329093,0.0987548828125,0.2333984375,1582.4055,992.8047,0.2382234800606966,-1.0098155,565.28973,2339.3877,0.055951815,0.054717466,0.7361907064914703,-0.3776104,0.004005016,0.09452547,0.0,0.13616337002460113,8.339032161777197,65.0
13b4ffd7241407391cd1c9a76512af78a2023431dcaddbbc3a121e038b3bb86045126130612bba97634483961727ed7962dd49a0bb1e52a773b7569590d5fa8f,25.0,-300.90274,164.06206,-0.6131856441497803,-1.0346264,-467.61795,-178.85454,94.87601,72.105156,-0.19407853484153748,-1.2436116,15.475473,151.32657,-5.8299193,38.938976,-0.08485972881317139,-0.55714417,-37.866203,18.042923,14.64842,24.242693,0.45975348353385925,0.6611564,0.7377093,28.786242,-6.90091,22.217007,-1.0675235986709595,1.6176925,-15.299984,4.2747607,-0.089848936,19.090454,-0.6307373046875,-0.061337948,-10.606222,11.852722,-21.568691,20.393843,-0.4978964030742645,-0.80393267,-37.868015,-2.5024815,-3.3486023,18.774736,-0.6855390667915344,0.63229465,-11.580769,8.909893,-10.596309,13.638701,-0.12683738768100739,-0.5749788,-21.710236,0.5604234,-3.654593,15.473584,-0.4848727881908417,0.23355961,-13.803306,7.1011257,-5.9898114,13.36957,-0.1497207134962082,-0.64952445,-16.993757,2.3998394,-0.639009,8.930571,-0.6187655925750732,2.2885628,-6.0298057,4.8293915,-8.947544,9.172135,-0.7032263278961182,-0.3545575,-15.193216,-0.8687265,1745.2313803582103,1144.637485385358,1.277564275276218,0.7583816102472922,911.0046781012547,2201.149656763192,3102.96875,1926.368565360579,0.4466685513078714,-1.3876289085244848,1437.5,5291.015625,0.14898193359375,0.12491485726288991,1.604115436325811,1.8644566597967103,0.0623779296875,0.1954345703125,1193.6995,952.92474,1.0086066722869873,0.10657263,423.04633,1778.9131,0.07125439,0.06415891,0.755901038646698,-0.15105438,0.010274196,0.11815986,0.0,0.110191068988807,10.96575893997929,25.0
1463705a68d26a226d6c3a0556de754b3094ee8611fa697f3bd61a8a6da787f7bea40b68fcca88ed5c09fe5096b458a90cc8733d13c39e94903c0d15babbb61a,55.0,-390.4148,125.81453,0.09746237425133586,-0.6526388,-491.9807,-307.7406,58.294434,64.79131,-0.5553016811609268,0.1360786,23.78507,99.75038,38.039574,57.740158,0.2149028703570366,-0.01569891,4.283908,67.33823,18.027473,40.832684,0.488272100687027,-0.25631475,-11.909555,45.803154,-15.165125,35.956055,-0.7406773865222931,0.5947858,-36.19726,8.736841,2.9591105,25.585075,0.2623868305236101,0.0897069,-14.494463,18.769405,-22.028667,25.900595,-0.17074386030435562,-0.43869448,-41.139908,-1.1818757,6.330797,20.520302,-0.15486862882971764,0.017961621,-4.6367793,19.755878,-6.697959,19.595734,0.1352586520370096,0.11595631,-19.781445,6.5015254,1.0243765,16.401516,0.09288740158081055,0.6378691,-8.09843,10.970865,-15.499115,14.110065,-0.1303145494312048,0.27307284,-24.87244,-6.3605947,-7.45228,14.227677,-0.22968867421150208,0.54849625,-16.304295,1.4655392,-2.4626026,13.141278,0.129917711019516,0.12372208,-10.254549,6.306977,2336.5388757104547,1546.3603372212383,1.028782308973016,-0.09359325396639528,1246.9105218159393,3048.462746483983,3977.4518072289156,1930.607809693784,-0.09467060918029997,-1.040293410923683,2653.3203125,5589.84375,0.214294968938253,0.18329340748971684,1.3513515993882899,0.8951368801640471,0.0831298828125,0.2747802734375,1460.5989,1094.636,0.6547877192497253,-0.75580525,494.35803,2260.1145,0.032894984,0.029251125,0.9569030702114105,0.2571125,0.008799488,0.048223108,0.0,0.15227213209149743,10.522179322945796,55.0
14c987fc68fbdcc70d5baed38f21c8a7a9187dba28e61cd8c989027554a6ed4b7df6dad40c4bd0df7537fb5f87b0e98be5d29dcd992bdcbd8a56240aafa9d24e,65.0,-261.06744,84.23845,-0.1337302401661873,-0.5906043,-329.0312,-200.92126,120.98512,69.319756,-0.6387499868869781,0.2536708,88.072136,169.52005,15.942604,39.637928,0.11419485323131084,-0.22092545,-11.815384,39.049526,3.2406518,27.630032,0.11597386375069618,0.07724941,-17.729303,18.364552,6.8247585,20.795425,-0.8258458971977234,0.66429937,-1.9831178,20.922699,16.293068,16.80203,0.05629448965191841,0.28250897,6.2517853,25.654438,-16.33456,21.86607,-0.18927197996526957,-1.0159247,-33.66334,1.7646158,-14.790845,21.347775,-0.012605510652065277,-1.1709945,-33.2398,5.2061234,-4.5173545,15.746777,-0.24604061245918274,-0.8732344,-16.859573,7.929899,-0.6558132,13.88422,-0.28674076683819294,0.18180192,-9.007494,8.730547,-1.564434,11.03675,-0.3662894666194916,-0.27542222,-9.19597,6.5941944,-1.7257777,12.206915,-0.21134161204099655,0.14588368,-9.840093,6.559185,-2.677003,9.441079,-0.3315427005290985,-0.09382129,-9.183374,4.5434256,1501.5700311821024,1321.588987560767,1.9983661392142018,3.103025922295275,669.1056585996976,1652.114295632593,2700.7381905986285,1998.4047392634343,0.9246181778726973,-0.3473496798765521,1101.5625,3887.6953125,0.1281517355322766,0.14469805419307008,2.3517792653332084,5.177317581718758,0.047607421875,0.1478271484375,1192.656,1130.1475,1.4158218502998352,0.9730731,378.34442,1517.5951,0.15529874,0.13282517,0.3325880588963628,-1.2652347,0.02727161,0.2783151,0.0,0.07349108925112412,14.471368840471904,65.0
152e3f38f40e777e698792bfe90ff3669ceba8aa8bf1f1de940c4eee00b3f6ecd7f73c0291b17d934306abfdc1484c28fc828dc52818d1925f234d169da9f86e,35.0,-530.7282,156.383,0.8177468180656433,-1.0410312,-654.5275,-355.13608,99.776985,69.58229,0.7110753655433655,-0.9972904,41.360245,166.46558,18.514915,36.32118,-0.6621586680412292,0.12515283,-1.7714307,41.64611,30.247522,25.446917,0.7140753865242004,0.5245764,16.68747,40.244648,17.805164,21.220425,-0.4130114018917084,0.3831179,9.595666,28.082787,20.633303,12.081023,0.6550469398498535,1.7424879,14.09719,28.165401,16.73214,10.034896,-0.286550372838974,-0.1871388,11.293041,23.96349,-0.3139368,19.96537,-0.8030573129653931,-0.56737065,-18.028887,15.5135765,7.3179817,8.00705,-0.8832035064697266,0.5572982,4.463066,12.409815,-0.50359017,13.919717,-0.9506729245185852,-0.34327745,-9.184053,9.554576,4.3148246,8.03996,-1.0581411123275757,0.8461597,1.510083,9.6344185,1.3885802,8.0257225,-0.8834962844848633,-0.045320034,-3.9874694,7.413454,2.416974,6.7579308,-0.45414796471595764,0.018184185,-1.9393733,7.0575204,969.0686761684946,597.3771217209337,1.9426281896743345,7.631875739919176,527.5553169228622,1335.5597941315477,2020.1099537037037,1570.9609618536947,1.0424443973377677,1.1701037569218782,787.109375,3191.40625,0.04163049768518518,0.052394588379423956,3.721066070986011,14.79417339564127,0.01611328125,0.0421142578125,783.6051,605.14185,1.3386222124099731,2.1214566,290.26202,1161.4294,0.020560203,0.028229129,1.0492414236068726,-0.588114,0.00047456988,0.043987468,0.0,0.07758480849922611,13.681987166257398,35.0
15a7f24bcfd06f1ce9119b84d11a19daad77710fee742945a5a933ea20adb989cc984db6f9a1dd37d870671a4d4c4264ccf5e73eab41756ede616bfae78d26d7,25.0,-321.09665,105.639465,-0.557540237903595,-0.74324274,-401.30304,-237.73994,120.27431,68.25473,-0.5519964098930359,-0.16951561,80.35821,168.26892,5.3590703,35.375282,-0.1655159294605255,-0.432132,-14.27187,26.506542,52.706436,37.24502,0.46382445096969604,-0.90437675,22.045483,77.6576,-4.648542,25.606682,-0.8407060503959656,0.7646775,-18.61071,14.2235985,0.94341177,21.296726,-0.17992036044597626,-0.2002871,-12.720703,15.394028,8.054944,18.648977,-0.05819599702954292,0.035939455,-1.4971936,20.89403,-13.462889,18.563868,-0.14726217091083527,-0.79987764,-28.057652,-0.10662449,-4.469432,10.737329,-0.26326122879981995,-0.41368723,-10.304112,2.4820762,3.1709678,11.587259,0.2227008044719696,-0.26818442,-3.4524343,9.923987,-10.801247,14.027914,-0.16203823685646057,-0.10237694,-20.443247,0.42942145,-2.3906631,9.662774,-0.08346924930810928,-0.42139626,-10.002723,4.5408983,-3.0417,7.695108,-0.0006524784257635474,-0.8064928,-8.676488,2.9447355,1529.264586297289,1107.0722196411984,1.8135862854096245,2.8597659029552265,802.891517310316,1735.1318028536862,2994.9324324324325,1611.3220438728576,0.404425502402673,-0.5591248183932782,1882.8125,4007.8125,0.12000171558277027,0.13005307297734703,2.6886597342745877,7.121069692431419,0.04931640625,0.137939453125,1146.824,1096.8844,1.1265393495559692,-0.10832453,336.19827,1743.3488,0.048575357,0.038707826,0.4258877635002136,-0.82864356,0.01264186,0.08055145,0.0,0.12566874653075474,8.039537966879347,25.0
1710dcacb55f01312fb789be94bcd9ca5a6611ade57b92e6b5d8e913f66ab4fd2c125c4ef7b26181f00148eb8488a0b338fc7424656fde1a8c580b9fe573cd02,35.0,-546.4454,168.05014,-0.0893886461853981,-1.554087,-740.17786,-399.85324,113.71633,83.01176,-0.03807613253593445,-1.4124086,24.385612,185.256,3.6087074,35.97266,-0.22943702340126038,-0.4180169,-21.001514,30.969809,17.421503,28.87554,0.6600690484046936,0.034609795,0.008591956,35.66723,-7.783063,25.035458,-0.5317127704620361,0.20703459,-25.05142,6.6122007,0.4034429,13.8313465,-0.5916428565979004,0.27958322,-5.575987,11.194851,-9.833888,18.011343,-0.5730272531509399,-0.35392308,-21.450872,1.098541,-1.4863687,11.014679,0.05060217157006264,-0.21173882,-9.152912,5.51274,1.6069167,10.894997,0.07153218984603882,-0.10118604,-3.9898896,7.9647207,-5.3493886,14.710683,-0.2894850969314575,-0.056230545,-14.151093,1.5126982,1.5806832,10.939341,0.3663669228553772,0.12077618,-5.5343323,7.600647,-4.0990906,9.04412,-0.1199178695678711,0.05217719,-10.182936,1.123883,-8.243319,10.365728,-0.7448757886886597,0.0077261925,-15.011852,-0.10214296,1630.7145540759582,1096.2966584916903,0.689205446481497,-1.1096699798147671,769.1430643590531,2871.1228952126185,3160.3954081632655,2215.6890418380794,0.37833724045805445,-1.5527123306360602,1156.25,5937.5,0.15500106292517007,0.12902601413019377,0.8573201249369975,-0.837757943056463,0.053955078125,0.2587890625,1700.9736,1149.4663,0.4037233889102936,-1.1257211,656.772,2666.8184,0.010780365,0.012247608,1.1522879600524902,0.53008556,0.00012323208,0.016953776,0.0,0.09703925431705455,10.94244358081184,35.0
173924b6a1d494aa02b256f05f7b09ec68f241981df9cdd825c1b3a20adb13c42f26c4be36795162e6bff9b8470d9aff4ad7bea45b4ec1fc56bd452af2ffa0be,55.0,-358.70276,166.03467,0.47283171117305756,-1.3672283,-511.16235,-199.00488,29.183792,52.205,0.8405101001262665,-0.12033522,0.0,69.92491,12.968187,27.4706,0.2184862494468689,1.1009258,-1.0035001,27.58543,8.682172,25.083004,0.1544971615076065,1.0136102,0.0,17.978985,0.19251609,15.035507,-0.39330893754959106,1.0618831,-6.267578,7.3566403,-15.819165,25.987545,-0.572918520309031,1.3119603,-26.009693,0.0,-14.374235,18.38274,-1.0867818295955658,0.2610513,-26.306934,-0.0346978,0.8657692,12.346838,-0.15871666371822357,1.9823377,-0.7275148,5.6837845,-12.609365,15.087842,-0.9193989932537079,-0.11112261,-21.94194,-0.010842189,-5.55235,10.361124,-1.1009095907211304,1.1312762,-11.361452,0.0,-9.54719,12.554188,-1.0315634906291962,0.3980397,-18.35876,-0.015788548,2.305168,7.9474263,0.7265372276306152,1.3130958,-1.1360185,5.2370815,-9.81634,10.567326,-0.7371071130037308,-0.6145948,-18.288982,-0.025728378,2524.8015698184972,1038.5518250836749,0.3717182255786416,0.17704464471167514,1815.4302985316476,2846.360817463565,4525.227347883598,1466.9990473156588,-0.9285597973316376,0.6448832167268017,3972.65625,5613.28125,0.23931095098858257,0.13527705566972736,0.5857823125845142,0.40959195068183574,0.15380859375,0.2811279296875,1916.5515,1108.6736,0.1462531015276909,-1.1492207,927.93524,2823.144,0.06906971,0.094499916,1.1807368993759155,0.2830633,0.00010929093,0.11962197,0.0,0.10598236110802195,11.734848720957041,55.0
180b8996afb38071c1e97630c4a94e3b1e67c95932193203737e6b0f6882dc8f4b332a22a12b98bc5503b2c2c9c697a98c48e18b57cbe2194ab6e8ead54b374e,35.0,-425.5778,127.74124,-0.18949143588542938,-0.9150094,-522.9824,-320.7447,80.69998,60.723953,-0.4688420593738556,-0.37942302,42.08589,130.65167,7.7869434,29.110073,-0.28623848780989647,-0.14836836,-10.298697,27.667953,3.5485346,25.711224,-0.5406183898448944,-0.06733906,-12.96588,23.248579,-9.915844,23.636135,-0.44768768548965454,-0.43802845,-23.979282,9.701807,5.505908,15.420788,-0.2581038549542427,-0.3663007,-4.8508577,15.740409,-7.0058813,16.049799,-0.20762832835316658,-0.77616286,-19.387253,6.3472595,5.0694766,14.308852,0.1570676639676094,0.18101668,-5.111381,14.291139,-2.0051956,12.316749,-0.22958388706319965,-0.5569099,-11.091659,6.930023,5.3700294,11.236273,0.07475363370031118,-0.718488,-4.088586,13.89441,-11.710451,11.150145,-0.15969373658299446,-0.4004668,-18.98035,-4.585738,-2.0809188,11.666062,0.18066313117742538,0.37304878,-10.426666,5.679579,-8.148943,7.590739,-0.07965148612856865,-0.9020064,-14.127758,-2.0398188,2048.199320026187,1292.4010232619771,1.073860695497168,0.025681474289174888,1133.0511491092545,2520.245502810881,3757.457386363636,1973.9960580285435,0.13662479480823833,-1.1809519304244604,2337.890625,5541.015625,0.156343259433127,0.141044707280805,1.4276612509691242,1.161309421769951,0.056396484375,0.18902587890625,1298.6892,991.3201,0.9451673030853271,-0.06961441,535.6554,1853.8853,0.018925134,0.016471049,0.6319203656166792,-0.47462994,0.0019959612,0.031839106,0.0,0.09417300401813272,12.51626820165368,35.0
1812cd35b64bce0eb1db91d8a9a871a05bd2c8d57137e24ae03736004993f142239d32d10fb88661d10737816555a7e75283c85ed3b5f0b1e2babc38bb846592,25.0,-384.52777,100.87693,-0.04457205906510353,-1.3478847,-497.88455,-300.06912,47.012913,55.777058,-0.6663166284561157,0.58567667,32.2936,82.77774,-13.5983515,34.09899,-0.12244030833244324,0.0966053,-38.771763,2.8238382,10.541879,31.50965,0.3330075740814209,0.24931288,-7.3888154,24.294472,3.457231,16.874516,0.08904068171977997,1.2548356,-3.5376418,10.391379,-4.743814,18.075466,-0.8876265287399292,0.30219817,-16.034132,9.382156,-9.467368,15.348223,-0.8817423582077026,0.77922463,-18.798027,0.5038131,-12.304848,19.38498,-0.474224328994751,-0.9987228,-26.922766,5.1849403,-8.609774,10.531029,-0.4695906937122345,-0.12408638,-14.660803,-1.1919615,-0.03236565,12.365846,-0.7617096304893494,0.3520713,-6.618389,7.5634937,-4.876403,8.28284,-0.3316587805747986,-0.087756395,-10.4686165,0.5864876,4.72249,8.461504,-0.6272175312042236,1.0522695,0.101745605,9.503773,-3.1547832,7.898565,-0.6472417116165161,0.51548433,-7.118078,2.0241542,2694.976814880364,1209.0865733304029,0.9613973958135652,0.3963248453776509,1762.8857552981938,3037.5623339698386,4672.991071428572,1786.625698970865,-0.3139090820065781,-1.3325695484541062,3117.1875,5929.6875,0.26175025201612906,0.13199737023761152,1.1471009937849301,1.7182842932142943,0.1533203125,0.31396484375,1822.2369,1087.1039,0.2680555284023285,-1.0686035,881.4215,2671.9324,0.013747752,0.013776151,1.1219003200531006,0.96818113,0.000673829,0.022570834,0.0,0.1580551083953625,5.990630596974016,25.0
187613ad4aaab0d51425eaaf296324a08b313a2c7d30c8010b8b4c41eb251910248864d1eefd52e65ee4f9d64868b61a9e42242d28f5abcd330b0e6a91abb713,15.0,-315.81134,126.5423,-0.4260261505842209,-1.1573578,-425.47974,-213.93103,64.33707,59.296898,-0.1373029202222824,-1.099421,7.920317,115.24736,5.486462,34.52199,0.21428482979536057,0.5856768,-15.942118,26.355698,27.487488,32.953754,0.43809889256954193,-0.58642024,2.6899858,48.749115,-12.235767,25.337215,0.1674136072397232,0.39320552,-31.328966,3.116765,10.243216,16.1905,0.15275255218148232,-0.6086992,-1.8647518,23.109898,-10.1989565,16.008352,-0.26133736222982407,-0.47825336,-22.251728,1.0322641,-19.397015,15.736693,-0.1428382210433483,-0.26997662,-29.934425,-9.046978,-17.261768,15.330944,-0.1164722628891468,-0.19683802,-27.749104,-5.539229,-16.573015,15.125986,-0.07052947580814362,-0.71989346,-28.058352,-3.8531384,-22.935844,15.057668,0.38461706042289734,-0.72482,-33.620083,-11.970442,-10.425177,10.224775,-0.45911914110183716,-0.4427836,-17.488575,-1.8127034,-5.083222,8.2995825,-0.38571494817733765,0.13128567,-10.346113,0.4950584,1727.3333258166053,1097.1800578895063,1.261498476315373,0.9209070565602686,905.4726732795893,2335.379274139432,3178.282003196453,1773.6717997217297,0.5007881669626437,-0.6090087997975755,1738.28125,4527.34375,0.14242151954766324,0.11742704997456609,1.4207746548807316,1.6689484802234462,0.050537109375,0.187255859375,1664.4392,1235.4377,0.3781205341219902,-1.2680707,425.72595,2845.6162,0.0810442,0.07424842,0.759841114282608,0.023631096,0.0047185007,0.12454957,0.0,0.09188349247975724,14.474233870144145,15.0
19fcdb38d738b620233250c81ee6fe6919103d7cf45c3d00c65eb2390381d323122d550dfe4665c475fdd332a2fb042f5bfb3156ee42743d6c6697381c6362ac,65.0,-289.3933,90.25588,-0.769418254494667,1.6739392,-337.29233,-233.72746,111.52341,56.96321,-0.35110877454280853,0.10336208,77.45031,152.10924,-29.98323,26.707817,-0.0604889839887619,-0.21613789,-50.801914,-12.980865,-22.033827,24.198536,0.4844994992017746,-0.0027971268,-39.350853,-8.082862,-56.97628,19.332546,0.43451257795095444,0.6441256,-67.77099,-46.082924,-5.278665,12.500362,-0.592654712498188,1.0462964,-12.792917,2.5479338,14.755661,13.261835,-0.14980317652225494,-0.36958075,5.5450726,23.807693,-21.304232,12.803761,-0.4141475558280945,0.020956516,-29.67853,-12.477022,-28.04898,10.330714,0.7844034433364868,1.1103593,-35.1242,-21.650162,-21.710121,12.066665,-0.011185958981513977,-0.21002829,-29.078978,-13.630036,-0.19526231,11.575203,0.4353298544883728,0.19322526,-8.405277,6.6455197,-3.2045355,13.517541,0.14218256995081902,-0.28096282,-13.369731,6.5750723,-15.417915,9.516815,-0.1929052397608757,-0.25397432,-21.424408,-9.058815,1585.293836184202,750.2765605160773,1.6826779984380815,2.5946496777426926,1077.5143514392205,1828.9670677351742,2694.2824797304274,1595.2590329292395,1.0042515839023356,0.2206512390982407,1312.5,3702.1484375,0.14234205347229395,0.07727197442745234,2.126155903525424,5.904963096018902,0.1004638671875,0.16021728515625,1188.878,910.3351,1.404708206653595,1.052475,579.01746,1269.5228,0.05383776,0.056622617,1.2262202501296997,0.38530123,0.015006913,0.085675135,0.0,0.16110215267633587,8.607692908384204,65.0
1a03eae3701811654fd562b997c8a474b9db15da01b2c3dbe82487ef0476080aff1930c0b286ebae981fe42447c3f5ef27480999934b5bbbb8e1410266aca125,25.0,-205.93518,114.69133,-0.33749115467071533,0.038324356,-304.9306,-114.81945,87.61218,46.530582,-0.8637637495994568,0.8423631,70.6133,115.66703,-31.11849,35.98688,-0.4988158941268921,-0.5842359,-56.151417,-4.6247797,30.819471,21.615112,0.9139081835746765,0.49471354,14.540341,41.85422,13.653584,16.133749,-0.8851889371871948,0.9785569,6.2009363,23.282852,4.803712,20.495213,-0.7658218145370483,-0.5277858,-8.236318,20.9339,0.5985084,13.458536,-1.008921504020691,0.9530566,-5.035981,9.561996,-10.909633,21.608576,-0.7637700438499451,-0.5628736,-31.549831,6.916827,-1.8639432,11.260337,-0.15781788527965546,-0.13955069,-8.615928,4.7469683,1.3252634,11.062812,-0.039720140397548676,0.30868936,-3.478035,8.625793,-14.041184,11.172179,-0.5632120370864868,0.39370418,-21.63242,-6.0772696,13.220643,9.873301,0.7597031593322754,0.05826497,5.6562495,18.951035,-3.6716108,9.170343,-0.38180023431777954,-0.31595492,-11.285961,3.205418,1881.5510118530779,832.2616050254593,1.4519053413467737,2.675125796661521,1444.8647151530408,2089.2607808982366,3384.2548076923076,1351.382472105653,0.5162601498797825,0.2580246891850666,2550.78125,3640.625,0.1474872295673077,0.10205953851456419,2.093710260451317,4.895005348341498,0.08642578125,0.157958984375,1695.0042,1023.94794,0.30125683546066284,-0.9490411,850.57764,2497.1072,0.07173989,0.06382899,0.7585467100143433,-0.42653298,0.010987804,0.11441722,0.0,0.10113879469601252,7.3505126463583625,25.0
1a4bef215de92b9447ef5583c051116b832e77a51b4c146318fffb6c16a405d49aee25f2d5288727249cfa7e03d44e1fa4618b472667bbb49ad5d955df0a98e7,35.0,-364.0553,174.73157,0.08238473534584045,-1.5020866,-553.57935,-190.42755,79.1642,101.80001,0.26133446022868156,-1.4281623,0.016714554,183.07596,-0.45422316,31.819057,-0.14596043527126312,0.2984035,-12.081902,15.866622,20.779755,32.055676,0.7885836958885193,0.33967626,0.068772174,33.87753,-5.781223,19.751179,-1.1553741991519928,1.2529364,-13.907846,3.8152819,-3.5930758,19.600863,-0.3207392692565918,0.35657668,-12.910959,5.629496,-14.075656,19.29636,-0.1980348341166973,0.17395037,-25.233612,0.450064,-12.845661,17.30561,-0.78636834025383,-0.26128697,-24.959934,-0.001947414,-11.97067,12.707077,-0.6456870511174202,-0.13306212,-19.936348,-0.31306404,-7.262699,10.903984,-1.1335995197296143,1.2985008,-11.1695175,-0.30772316,-12.398852,14.64399,-0.1428302526473999,-0.3524323,-25.602486,-0.21719572,-3.6909785,10.7503805,-0.28625765442848206,0.8348851,-7.2827883,1.3400823,-11.268204,11.276199,-0.646094799041748,-0.6488888,-19.129013,-0.380095,1734.760987743197,991.1837231730624,0.3057881234074851,-1.1684859459294537,780.7558793079618,2294.1285288913605,3305.028899898374,1733.8848598946083,-0.2754097527610841,-1.648779007728753,1469.7265625,4827.1484375,0.15268351945866,0.09619503604912089,0.564715851972667,-0.7791281614390478,0.06939697265625,0.2113037109375,1581.821,1135.5232,0.563609391450882,-0.9310964,549.13916,2461.6748,0.09218284,0.098733485,0.4646722078323364,-1.3488842,8.289488e-05,0.20197628,0.0,0.19324832129960018,6.232344379467099,35.0
1a6e6200ee06b7f54314c13b8a74995cdc04cf800e9c348b13cefac63af25f2f35964322f5829ee16ce3c8645faceae76e33a1fca598261d69fdfb12c4bbf81a,55.0,-381.719,150.61183,0.4147593379020691,-1.3864799,-524.9791,-223.48557,90.018845,53.855183,0.0731005147099495,0.42928958,71.62993,113.98235,14.83138,33.692028,-0.6646478772163391,0.91951203,10.138123,26.023617,26.361359,28.640022,0.5501407384872437,0.24440908,13.787998,37.00355,-0.87364095,20.75753,-0.6475534439086914,-0.89204717,-18.661898,16.734612,-11.2175455,22.646505,-0.5309728980064392,-0.70507765,-27.446579,6.691491,-7.3581285,13.824304,-0.7152983546257019,-0.3701396,-15.956636,2.7166026,2.2119987,11.981132,-0.8274622559547424,0.8575642,-3.2906387,9.342283,1.6808892,8.8982935,-0.6376359462738037,0.38909578,-2.8382447,8.5038395,1.6894999,8.216614,-1.1105561256408691,1.2144637,-2.1699317,7.683233,-3.4090106,11.654315,-0.6262532472610474,-0.7305262,-13.632555,5.618209,-0.7908333,9.166222,-0.9241531491279602,0.4791646,-5.239805,5.8767767,-6.2536087,11.282057,-0.6119660139083862,-0.47636485,-15.216413,3.3729987,1602.5263254546505,753.9938054274436,1.980388355765149,4.586868682448482,1220.2008217681757,1697.1876431941155,3424.6199324324325,1346.311479649021,-0.22588389206202641,-0.30916391449453684,2757.8125,4164.0625,0.09069274352477477,0.07184733974252487,2.0194958617571106,4.293669155723905,0.045166015625,0.09814453125,1025.546,920.8104,1.4782358407974243,1.2490044,390.89423,1294.7545,0.03438725,0.043964423,1.2799662351608276,0.6335552,0.0019088542,0.05930048,0.0,0.15814677984983155,8.04634604775571,55.0
1c8941fdcc05464cd30e9f8d7d358e8c663ef92cccc0e23c8674f2404cdd5de234e1803eaa4b1a5ee3771346a54b84ac67cf4a0cfc084d17224cb6192a7cece5,15.0,-732.45483,201.72726,1.023906946182251,-0.6509979,-872.5416,-544.49133,29.738705,46.164898,0.9930467009544373,-0.47822595,0.0,77.13892,-14.803092,31.821444,-0.9509246945381165,0.5511706,-28.697319,0.0,25.221874,40.520317,1.4538140296936035,0.6986742,-0.019061387,36.432343,-5.114692,20.895918,-1.392614722251892,2.4572058,-1.0809108,0.601243,-2.4983716,9.501275,-2.1243326663970947,5.6197596,-1.4553037,0.44997406,-1.1213963,14.149718,-0.528559684753418,2.3896947,-1.56829,0.24749453,-9.120583,16.198994,-1.551084041595459,1.3115444,-14.955847,0.18229213,-1.23209,6.141044,-0.8384742736816406,2.386835,-1.7917233,0.80896413,-6.1321726,12.2887,-1.31730055809021,2.1520157,-12.390593,0.20770712,-3.135366,8.128924,-0.9560533761978149,1.7812405,-5.854042,0.0,-0.97052175,5.4627843,-0.7472823858261108,1.4378486,-1.0214407,0.44896054,-4.816816,8.084617,-1.621142029762268,2.6038232,-8.338505,0.031873018,3078.9737883146754,928.1345748035505,-0.7700054430923251,-0.8425626394439099,2387.4077585196437,3784.425795168416,5249.114046391753,1444.4421210267722,-0.7176524358642674,-1.1667359732750948,3632.8125,6406.25,0.3692564030283505,0.15965274759635434,-0.5582469556552924,-1.2515066680411753,0.22509765625,0.50341796875,2061.6477,1123.5145,-0.024502066895365715,-1.2185558,1072.162,3024.3655,0.0019222099,0.0035827602,2.018130302429199,3.2625012,9.718516e-06,0.0020519397,0.0,0.1178167790080613,5.422749111227155,15.0
1da95bcd12ebe7e2f8e891331ab255b2fad3a93465f6e988021bfd2f5eb67c8277c5007398895a2ddc5efe41b91624cfd0a1af4830cb67056d43d049b85f4f27,25.0,-260.53952,187.98427,-0.6057672500610352,-1.0317436,-382.99075,-108.092125,15.735274,66.022446,-0.9074495434761047,0.8431833,-6.6277246,63.752277,40.985146,36.20122,-0.04590260237455368,-0.5656369,5.4469213,67.13968,4.5147805,26.510881,0.7288902401924133,0.5423207,-12.387409,17.501905,-1.1245711,18.515362,-0.08917389065027237,0.015409708,-11.388309,9.02931,-16.09254,18.157076,-0.4363745450973511,-0.91254234,-30.094164,0.0,-15.682152,18.55863,-0.6809638738632202,-0.19600105,-26.895113,-0.10439837,3.7975972,12.017626,0.13011638820171356,0.3441639,-3.9805968,11.211305,-16.99652,15.217688,0.12933816015720367,-0.48282146,-28.27548,-2.3823535,-15.097001,16.019474,-0.35450050234794617,-0.7873652,-26.45899,-0.5926945,-4.594126,10.446855,-0.20949552953243256,0.20848155,-11.180885,1.0859632,-7.4342766,8.034808,-0.5561183094978333,-0.07957053,-12.262959,-0.3806088,-4.332492,11.696546,-0.3894912600517273,-0.26470113,-11.425463,3.3364441,3288.9014126070037,1446.9782104497924,0.5102265303795634,-0.7021138616814846,2156.4314599378326,4419.174658132377,5864.639945652174,1361.093322188444,-1.4299255375262703,2.875579210944987,5275.390625,7087.890625,0.3017525050951087,0.2040414897654882,0.8161757325745559,-0.3350721522182032,0.1339111328125,0.4404296875,1722.7393,1133.5991,0.37815406918525696,-1.0783972,671.96747,2560.521,0.095891185,0.070273854,-0.03100903145968914,-1.3088291,0.021677915,0.15732318,0.0,0.11756394626265369,7.3074412401990285,25.0
1fa11213723b86615c7c5ab80123d5465d1d0528c8516df5fde6f8cc5175a10a69a129727932bbb754079d9f19bfc4f0f7bd331610e6c90f5bef118af997010c,55.0,-442.7223,169.17398,-0.23805249838915188,-1.4589567,-614.2269,-289.73767,98.96805,71.51601,0.04486832022666931,-1.1724248,36.57336,164.78462,2.7588067,34.69738,0.1263185515999794,-0.24586177,-22.256264,27.240458,33.108612,32.761787,-0.050478942692279816,0.49945664,8.381243,54.886116,-1.644481,18.857456,-0.26996035128831863,0.18720448,-12.535094,10.136788,-12.211587,17.717197,-0.17169637978076935,-0.20796108,-23.431133,2.0981445,-4.6201916,15.770822,-0.09664972126483917,0.6554513,-13.983763,4.8584986,1.6240568,12.734379,-0.5260581374168396,1.0924076,-5.030087,9.3400955,-2.9576614,12.478302,-0.32051560282707214,0.8549644,-9.813951,4.4354963,-2.6035213,12.093992,0.09955963306128979,-0.02176547,-9.725296,3.933248,-11.866182,12.474052,-0.23066812008619308,-0.85428166,-21.177168,-1.233461,-1.1014109,9.608166,0.12531207501888275,0.6605841,-6.9003353,4.4283476,-10.520235,9.375481,-0.39433956146240234,-0.45667326,-17.04496,-2.2445848,1479.2518305044023,932.4135555893026,1.087843639377405,0.4284347697787616,778.0471914392801,1991.1323717349205,2954.3690207938016,1816.013874401454,0.6511682646613748,-0.4969405656318797,1647.4609375,4193.359375,0.11599677121982865,0.09561481450094593,1.4476966046431665,1.2603701800550131,0.04974365234375,0.15325927734375,1209.8118,1083.581,1.00435471534729,-0.23883533,357.2921,1998.9395,0.01994735,0.02032629,0.7629784345626831,-0.4249643,0.00076138275,0.034637816,0.0,0.17977492891847363,6.9670175017695835,55.0
1fef04fa1c123e0e4489b3155046212aa64b323a507adadd7dd0f6cc11b6e80175f8e16a9941fe66fdac3aca9040f04093a6b3f5d36117d1d4c11937e007c366,35.0,-383.97946,126.76185,-0.4916321337223053,-1.0060474,-520.6112,-283.10327,91.99041,54.26867,-0.2861228585243225,-1.1556329,46.208363,138.8869,-16.014425,27.887123,0.24811850488185883,0.3654194,-36.989876,-2.886117,-5.9665966,11.44015,-0.27034634351730347,-0.4340999,-15.692036,1.791204,-36.641594,29.211699,-0.45722466707229614,-1.1277158,-61.804447,-9.29928,-6.4709344,9.050654,0.026810690760612488,-0.13513017,-12.005272,-1.5475218,-21.975908,11.855295,-0.4802275002002716,-0.5296819,-32.026703,-12.73229,-11.307237,12.9073105,-0.016334235668182373,-0.8641453,-22.077429,-1.9047205,-7.6299787,10.23948,-0.2742084860801697,1.5058107,-11.965133,-2.7311053,2.6075728,10.323851,0.20265701413154602,-0.56852007,-4.844315,9.694668,1.1689546,12.347481,0.22782021760940552,-0.6138172,-7.5557094,12.408989,-5.694725,6.666903,-0.3098858594894409,-0.10734582,-8.872946,-2.0148237,-8.045931,7.7329626,0.15048839151859283,0.44770122,-12.693072,-4.268603,1911.252495029254,948.4508970917041,0.8687577310621358,0.15893465242133153,1123.644418270991,2633.326651589388,3520.075158227848,1864.5184698321727,0.003176877370107023,-1.5935622981526947,1562.5,5316.40625,0.16991569422468356,0.10852024431010987,1.4554844691704971,2.6760332799695785,0.082275390625,0.2353515625,1469.6002,1054.5391,0.7765782475471497,-0.5445113,596.4498,2187.4985,0.024108103,0.02357794,0.6630937457084656,-0.6332905,0.000758395,0.040050223,0.0,0.11745941646892902,10.928739669168504,35.0
203b2dd4f59fb4f2c99250babef257b17e2199336fab40aad7fca23ab58ccc1f51e6d006658da9c3af1a45cf0ca56b86b3e13fb073b59ee733b35e364beeda37,15.0,-550.302,170.04895,1.0663306713104248,-0.5832813,-661.2188,-396.86313,46.466156,37.774765,1.660497784614563,1.9426517,30.602331,38.323166,8.140214,27.442514,-1.2066537141799927,2.4171276,5.3572206,13.12032,17.109955,26.177889,2.4303102493286133,5.502015,5.3700185,14.602827,-0.91801214,10.4111185,-1.9963243007659912,4.5890226,-3.5515838,5.7629356,7.132666,16.391384,-0.3752533495426178,1.1570272,1.236166,13.402291,-2.046134,9.088124,-0.7530510425567627,-0.4736519,-5.220522,3.6006827,-2.383159,14.639099,-1.8179242610931396,2.9561715,-3.496643,4.371237,-1.6316034,6.3206544,0.2672065794467926,0.60408545,-4.833612,0.9000347,2.1389225,10.761846,-0.5475965738296509,1.4091883,-1.7671385,5.847579,-4.1164947,9.33084,-1.6023502349853516,3.4326615,-6.134577,-0.089421034,-0.12031672,5.009759,0.1514715552330017,-0.07568812,-3.9833007,2.7194278,-4.9965415,8.442983,-1.3129725456237793,1.6110001,-7.0239296,-0.8478884,2878.095002329424,778.0999845626748,-0.8500178506225776,0.750566940071201,2949.4448270761955,3154.2792114552103,5503.367456896552,1129.8807485470204,-1.8576783721023862,1.7779521882919154,5781.25,6029.296875,0.2915880926724138,0.1076988027878971,-0.0853715390977222,0.8883715654687125,0.2459716796875,0.332275390625,1926.1805,1130.0645,0.16158927977085114,-1.2258148,916.2703,2899.7136,0.007238254,0.014690956,2.2464535236358643,3.7998638,0.000121649726,0.00649953,0.0,0.11051340723195369,7.019367234702123,15.0
2051a8951ab9c538c5e8e438937ff1472968f6b95371d72d66613ce0fe8bca99d92ea73695b03a40914b88f51f7edcfc31841cf6578fed3cef57f177ce827da1,35.0,-398.71008,85.963196,1.5052348375320435,2.5060716,-449.03815,-366.92847,48.642174,30.08077,0.5119643211364746,2.1501179,36.21097,54.181816,-41.886196,16.817596,1.7993654012680054,4.5769267,-50.745846,-39.029655,18.507034,21.626478,2.896350145339966,8.107372,9.3171835,16.135925,-17.886377,17.871008,-1.9534183740615845,3.4909296,-21.74057,-7.272977,3.033629,16.60968,-2.193837881088257,4.6005535,1.6630268,12.470951,-5.623328,10.702088,-2.1144185066223145,4.4001822,-8.640741,1.4408323,-5.9128456,8.587349,0.06510140001773834,0.16498733,-10.852526,-1.721546,-5.1325727,7.5102644,-0.7094736099243164,-0.5601828,-10.476891,0.7158251,-2.4785426,6.284671,-0.7893995046615601,0.59394073,-5.2048244,0.90814584,-12.3349695,5.902693,0.7276369333267212,0.4381802,-16.484306,-9.213987,-3.7949035,6.3194757,-1.2535881996154785,1.4182472,-5.101438,-0.41345483,-12.041753,5.398136,-1.067623496055603,0.9028754,-13.707476,-8.582175,2411.5872042326964,544.8526347083501,1.0015613092989835,3.1585662000463044,2310.5246641548074,2557.2154902957645,4128.125,616.481286737336,-0.3639262251639837,0.7757345199472008,4087.890625,4371.09375,0.24402901785714284,0.07108371592802475,0.0481322458355217,1.116952211509311,0.2197265625,0.2747802734375,1992.5491,1095.9269,0.0442887581884861,-1.2029802,1028.3827,2946.0679,0.010249193,0.021955943,2.9458792209625244,7.60376,0.0012300679,0.0061461274,0.0,0.1346612569100377,4.545658284163106,35.0
20eadd39da8bd28389afa60870db8bd1110536d235fa8b6f13b989b542acb6e5a23f27488ea052c49f2692cd472b741ae53d800a535f1245bb9a2469cf29728e,25.0,-390.1319,167.3856,0.020700030028820038,-1.550317,-582.3593,-245.65831,94.67616,76.22048,0.14225861802697182,-1.4651867,18.416285,166.56934,-1.8359673,37.760742,-0.47259871661663055,0.37756336,-18.696049,17.534267,24.456959,33.906204,1.2945340871810913,2.193199,7.655467,33.476852,12.842888,24.607483,0.30264224857091904,0.18728364,0.08904159,22.015856,3.4306593,17.341314,-0.4880695939064026,0.29390073,-4.797314,13.483393,-3.0313907,17.712336,-0.7821057736873627,0.5795896,-11.690359,5.4188137,-3.8874817,14.514852,-0.7116178516298532,1.1575528,-8.621865,2.3751786,-9.943453,16.45404,-0.8862372040748596,-0.059931755,-17.80693,0.6711203,-3.5230703,13.991419,-0.3529205173254013,0.92084765,-9.890209,1.936471,-5.4852786,10.642174,0.1686110645532608,1.1704777,-10.437116,-1.0034838,-4.0270376,8.968964,-0.05743717774748802,0.7833427,-7.981301,0.22909647,-13.325405,10.6255045,-0.6030822098255157,-0.27936924,-20.80236,-4.7043533,1386.4734353020172,747.2640133647805,1.7107710837474035,4.431558928170645,824.7294200110086,1683.39143908811,2720.1393887974773,1478.1015550780648,0.6104852586474251,0.1595350596750862,1417.96875,3632.8125,0.11106378717534507,0.07829811054214122,2.644439982898593,8.466708954998714,0.064208984375,0.12060546875,1094.6687,765.6223,1.017791599035263,1.0432322,428.24933,1532.6096,0.04457579,0.049724735,0.9931091368198395,0.47102416,0.00021068082,0.07834206,0.0,0.11981213765871179,9.72869121650842,25.0
215af7dcc3afcafb6f3f4679336d86425320d71eeb4972f54ae5b9177a6f12db054cf7e904427e2e093f8ada87e8403e760bfc2b0fe7562f4862fae1ff0a540a,75.0,-551.2245,107.36198,0.21443983539938927,-1.1694332,-657.2075,-466.2152,79.08381,56.08716,-0.3430490680038929,0.2893697,47.23377,127.58705,17.01255,25.787159,0.3067881166934967,-0.06671214,1.6403389,35.056858,33.93049,32.245388,1.0665191113948822,0.7775072,9.188936,53.434742,-2.9881067,19.085802,-0.7588500678539276,0.76661134,-10.2325325,7.658019,9.910709,17.79329,0.2504504919052124,0.7711599,1.2481302,18.945713,-1.654479,13.114512,0.28085674345493317,1.2569034,-8.618926,4.8343487,1.7042326,11.952906,-0.3373447246849537,1.3038485,-3.1089592,7.879574,-17.372578,16.541483,-0.6463567018508911,-0.7755841,-31.029173,-3.8585289,-2.582424,13.566338,-0.5044475793838501,0.8092655,-9.354326,5.1802306,-4.2871723,11.817013,0.13500218838453293,2.0427175,-9.473585,1.0399182,-5.0917463,11.510587,-0.6630382537841797,0.2657045,-11.467388,2.5750794,-12.0284,11.984322,-0.7225147783756256,0.08662009,-20.120193,-3.04635,1949.0527149843601,1042.6666588197193,0.33042228425841125,-0.6991461166408695,963.8977021952277,2668.5851126233956,3737.415149856908,1922.2676925719293,-0.4231864009242917,-1.3605175244927303,1893.5546875,5375.9765625,0.18061327942371855,0.11433172358937574,0.5371345770949482,0.12463816587573895,0.07281494140625,0.25164794921875,1745.9435,1131.6718,0.3330705836415291,-1.1173868,725.04285,2678.183,0.0055253757,0.006562731,1.1231838464736938,0.51731443,0.00013899736,0.007747094,0.0,0.13198989195643812,8.99304613232529,75.0
2184ee1973b37b0c2ebf08981e48d5e0b7864c09d933a3096ddc78e2520bbf21ca263440e4098594d1d78913c2a2562faad41b05ad31ee3e7d770de50926d9f8,55.0,-284.43347,139.03157,-0.08818921446800232,-1.3786508,-424.35883,-160.59627,70.01141,59.149406,-0.5011232644319534,0.15236485,40.43084,103.88461,22.04557,30.928358,0.2958240807056427,0.30533612,2.0138435,37.944324,28.008204,27.16633,0.24685406684875488,-0.02785194,12.371782,41.871655,7.5311213,20.218826,-0.9502489566802979,0.5389626,-3.9706063,20.951212,7.900242,17.285757,-0.32824280112981796,0.4444617,-2.6249871,17.056274,-1.1770363,17.407309,-0.38259458541870117,-0.6927662,-14.815347,12.76223,11.560165,10.818571,0.04288414865732193,0.037190676,4.7303867,17.618967,-1.1667624,13.169596,-0.5667904019355774,-0.010579169,-10.604361,8.323122,10.068889,10.574514,-0.13581212051212788,-0.043109894,4.3720164,17.58435,-1.242481,11.214966,-0.03897278010845184,-0.13733506,-9.446908,6.682747,1.406421,9.257166,0.08872862160205841,-0.16655469,-4.705345,8.122036,8.376156,9.736492,0.11290441825985909,0.47937465,2.2807312,14.092708,2111.5570217561203,1189.094228029957,0.9604405353990878,-0.1124734482307419,1230.1084855502647,2722.4682649894207,4083.2337068737143,1745.2618683335372,-0.023630343664438086,-0.9214964086418469,2765.625,5622.0703125,0.1624065423661215,0.13916176753222573,1.4367991719923034,1.6768424220543463,0.053466796875,0.217041015625,1603.2089,1193.4512,0.3842867761850357,-1.2082002,463.4633,2558.7727,0.053411763,0.05471584,0.9070319831371307,-0.010267019,0.0055464874,0.087065734,0.0,0.15740005005059743,6.123252153847133,55.0
22e4c7f2762cc52f541f864856c84d17950603860b4b808fa5c6c33f12421f2690d5ddd5228e91e5e8f274de5716db6ce75111e7f5555000f7c79aeee98b640d,35.0,-477.22882,191.59729,0.29441964626312256,-1.6046827,-670.4957,-286.97205,75.05392,69.860245,0.5624140501022339,-0.92317677,15.33116,133.57275,-10.758999,36.277813,-0.8775482177734375,0.0050685406,-35.215866,14.382969,18.427574,30.31359,0.8177789449691772,1.2570195,7.5358787,26.658173,0.9566681,19.557863,-1.4448909759521484,3.108294,-5.718768,11.404664,-4.9579277,20.379347,-0.9154524207115173,0.56579447,-14.842112,7.4379416,-7.286563,19.613157,-0.39869630336761475,0.19129086,-20.06297,3.6665888,-6.1480775,14.8279,-0.522233784198761,0.48847866,-14.6864605,1.8982778,-4.3650265,15.093799,0.121547631919384,0.6508186,-12.555641,1.2419096,-3.9271321,12.245551,-0.4495603144168854,0.8962865,-8.3172455,1.3980026,-8.350245,9.216509,-0.5272839069366455,-0.43082237,-15.5249815,-1.373167,-0.435267,6.194125,0.3106127083301544,0.6025758,-3.7579582,2.8921065,-6.8204284,11.64618,-0.6358510255813599,0.47338843,-14.903325,-0.075027354,2157.9122953007554,985.8435375481929,0.3919821670238604,-0.8196103989909207,1258.268584903051,3007.4528109816197,4217.10901826484,1920.1906704905164,-0.16511127155566893,-1.6040997522125324,2292.96875,6058.59375,0.19064595819063926,0.10993703644129643,0.6901139514945349,0.13924391735780217,0.09375,0.26953125,1567.8984,1066.6176,0.587242066860199,-0.7511053,629.3942,2318.6191,0.01468847,0.018675033,1.1339584589004517,0.26947927,0.00017556941,0.027044225,0.0,0.15328974900566217,8.629194274686672,35.0
23b34622f60dc8e754eda972e58010c5a6e28b4919b475facfdb99e7658d8f84a1bf817a27be681cee634d0c4bc682c2801fe8da78665f0b3d1d0b43ae37de52,55.0,-347.8228,158.95468,-0.1530262790620327,-1.530386,-533.6361,-215.36646,48.58468,64.31094,0.07374608516693115,-0.3354118,8.597346,100.729965,-10.656046,38.66868,-0.677626371383667,0.3522613,-33.20438,10.330252,34.22166,31.993958,1.0168224275112152,1.032757,14.566834,50.00924,-12.78536,30.132637,-0.4664933979511261,-0.4287827,-35.755287,13.162784,15.481762,20.969135,-0.021961979568004608,0.68668103,5.393971,28.639273,-15.629088,25.01699,-0.6038816794753075,-0.03191161,-33.969887,5.9906855,4.2924685,21.77282,-0.56244295835495,0.2845391,-8.683148,17.098219,-6.6273575,17.583443,-0.5241212993860245,-0.502697,-20.705973,7.7772818,0.66937435,15.584597,-0.16271929070353508,1.0508369,-9.049215,9.733683,-6.8369374,18.8524,-0.7019258886575699,-0.33842683,-20.67509,8.207863,10.010119,11.490475,-0.030093371868133545,1.2272748,3.8146794,16.229725,3.590749,10.185726,0.03502225875854492,0.7350576,-2.6320686,9.785312,2354.8813257043444,1045.4499202696143,0.6077307896558339,-0.1323639176942044,1535.3166311657342,3020.4861728988913,4113.568569058192,1315.3305632028873,-0.5567614239311431,-0.7628453090654823,3082.03125,5166.9921875,0.19992389801149807,0.1231129387603965,0.9145689543157212,0.2516533091017916,0.1016845703125,0.269775390625,1916.8917,1118.5813,0.07122401427477598,-1.1822724,890.317,2858.1785,0.04622509,0.047220178,0.8637152314186096,0.036415696,0.0010174848,0.07866704,0.0,0.10867595913929941,10.045273891183792,55.0
23cb98b5566eba45a6b43d76ed55c28592bc319f9ba33b3fa48699503ee05cddd74fb12e853b32ce1865581192713283cd5e85750ae9a63c480e8341e650ef96,15.0,-540.9409,80.94918,0.3731505572795868,-0.81483436,-618.96246,-476.9702,56.451977,46.94592,-0.5331592559814453,0.284981,43.69165,91.511024,0.3172955,23.56018,0.28444793820381165,1.0783215,-9.446157,10.27563,18.423027,22.957747,0.948714554309845,2.864152,7.3111954,26.398735,-5.6705694,17.363766,-1.2354755401611328,1.5638928,-11.761093,4.740443,8.196124,10.899089,-0.9333848357200623,1.35959,4.2495537,14.125713,-6.220977,11.821966,-1.5129495859146118,2.9339547,-10.704095,1.10749,3.4689636,13.0610485,-0.7324841618537903,-0.103001595,-3.6812952,12.652641,-2.1995625,10.359975,-0.03155442327260971,0.8173096,-8.863747,3.6368825,6.154414,11.813634,-0.5369718670845032,2.0314097,0.7496613,12.31999,-1.8931763,8.576062,-0.031216926872730255,-0.09928894,-7.6285114,3.2187438,4.9461813,8.839962,-0.9289637207984924,0.63323665,0.05207663,10.696346,-6.934354,8.802613,-0.7893320918083191,0.387578,-11.302479,-0.6184947,2503.592985760919,1022.7608785713253,1.1422578258348066,0.9497192485847745,1701.783892008882,2744.772473820689,4683.349609375,1318.8494233533029,-0.4129476262603611,-0.8045325795299512,3550.78125,5476.5625,0.22655029296875,0.13022433189016386,1.3706207752531079,1.914501952760471,0.1346435546875,0.265380859375,1635.7556,1124.4559,0.5334991216659546,-0.9359937,643.443,2495.1953,0.0015203787,0.0014168663,0.8668265342712402,-0.44106674,0.0002596073,0.002621599,0.0,0.16298662208477074,3.451176626855457,15.0
23fef889c0ea6232cd9aee08ab5ab0b8ee49cffbd17faafd9c96f009bae7622e6b35a077b87daaf2fddeeac11021d5fa295245a7663786c9d8573499ec6845a4,65.0,-337.40253,169.13066,-0.5052411109209061,-1.1696434,-492.98962,-194.54883,21.551445,83.0219,-0.3367733359336853,0.16275096,-17.985998,78.79351,26.486134,53.52304,0.4961484968662262,-0.6235459,-10.96724,69.04449,32.166508,47.65957,0.39262979477643967,-0.0132005215,-1.6971831,65.55414,-0.27791426,23.89375,-0.06713750213384628,0.16414106,-13.926345,13.835787,-8.163459,23.53735,0.31073523312807083,0.5688461,-24.367996,6.287253,-25.721367,22.921879,0.022679798305034637,-0.65015364,-44.136024,-4.525424,-4.075532,17.171553,-0.8157595694065094,1.5156457,-14.151139,6.040741,-9.925424,12.699202,-0.0027955053374171257,0.74299586,-18.069511,-0.67647403,-1.210345,13.365008,0.07940201461315155,0.3826095,-9.561356,5.900511,-11.685289,13.297452,-0.39445629715919495,-0.014844894,-20.193348,-0.4249921,-4.4200716,11.976351,-0.2217741534113884,0.56144404,-11.774681,1.8617842,-7.201156,12.10147,-0.3008747696876526,0.7455702,-15.425496,0.23241125,2947.522113326007,1502.51662792568,0.6125503357805135,-0.540385162107894,1812.4354924380855,4046.8093123247613,4812.327619819063,1728.0227279516012,-0.4486791132883426,-0.8805523847289193,3513.671875,6353.515625,0.29841744911412593,0.19608071258456267,0.6567945367445767,-0.6377675025633427,0.127197265625,0.43603515625,1805.4579,1200.2617,0.258451908826828,-1.2603911,612.47253,2782.9395,0.054913014,0.051724352,0.9760724604129791,0.34732783,0.008835726,0.083188996,0.0,0.1265710842800926,6.715999808687285,65.0
243c0d90f6145edce7803731bbd3baff7cb887a5290c10c1c5897e24248e249752883be23dbe58e59668ad96307fa0666e76dde82a2dd55ac2c624acbdb1d919,55.0,-461.49747,91.94862,0.5908551216125488,-0.9705386,-545.2075,-384.79187,124.148735,56.946312,0.4065902829170227,-1.3431578,71.33565,174.43434,46.121304,19.950054,-0.5003091096878052,1.2030449,40.494305,54.51776,17.40638,29.251804,-0.8322256207466125,-0.23735332,3.284138,34.770473,8.580251,22.533434,-1.7149640321731567,2.8091836,0.6536376,22.06972,9.554204,14.01052,-0.8023023009300232,1.5173192,5.842092,16.00294,3.586705,11.805365,-1.0688188076019287,2.1699634,-0.46504533,9.730907,-1.7994438,10.876115,-0.9712771773338318,1.0665722,-7.747736,4.2088017,-8.732338,12.580773,-0.7618568539619446,0.119555235,-18.198301,0.7089753,-2.130209,8.320944,-0.14100100100040436,0.57389116,-7.1596212,3.081993,-4.1274185,9.053793,-1.1879959106445312,2.188301,-8.808586,1.3090758,-4.8268895,9.073865,-0.9603825211524963,0.25762248,-11.196917,1.5775982,0.36945856,7.3929954,-0.3562074601650238,1.7295527,-2.0451608,3.4583867,1026.8286604959208,498.25422947781163,0.12222339283717397,-1.6780187259561183,535.6457948096215,1563.566208011862,2454.3773854961833,1827.2317031527434,0.15781278207432903,-1.7914337177955038,683.59375,4476.5625,0.03864876550572519,0.01329576132502896,1.13672075776134,1.4149827493299911,0.028564453125,0.046875,422.41116,251.78374,1.68999183177948,3.5511675,249.7391,513.49194,0.033466943,0.03912681,1.0725460052490234,0.039383173,0.002101908,0.060994197,0.0,0.11124547689252266,15.312535802565703,55.0
24562f5d9c19c6595fcc167f4073ca87a18568152c38a0b31cda9646b6ce192df9af7266a519e6433b3628ad5ec863e6695c60eae22b6afbed7da3a3cb5cf406,65.0,-360.97012,163.06326,0.17435555160045624,-1.4186438,-530.82916,-202.87149,46.844048,66.91276,0.34011311444919556,-0.80055904,0.0,112.16188,2.5700629,22.376616,0.06174398958683014,1.9908621,-8.983524,12.502947,10.08645,26.835175,0.5606503635644913,0.7978337,-1.5496547,22.627522,-4.3730173,14.23905,-0.1677858904004097,2.0463767,-9.035604,1.9451284,0.01986134,13.748168,0.15519726276397705,2.005796,-3.6978812,4.9052286,-13.151814,17.713207,-0.9625044465065002,-0.052209616,-24.998169,0.0,-5.6426234,12.051046,-0.8089631795883179,1.2244499,-11.047538,0.0,-14.785801,15.917526,-0.8622833043336868,-0.056668997,-25.097744,-2.005405,-4.2532682,10.782282,-0.07918015122413635,0.8075901,-11.038645,0.02048973,-11.191158,11.562618,-0.5788615792989731,-0.24226093,-19.783169,-1.2296351,-5.4999595,7.985194,-0.4557128995656967,-0.099892616,-11.338735,0.0,-6.721643,9.649368,-0.9218532890081406,0.7958584,-12.085667,0.0,2238.078444745539,1047.5562794725065,0.10891617306273044,-0.9490593594265223,1225.1855224322233,3121.405318915944,4129.9634740259735,1772.288135607876,-0.5474381061299205,-1.1751519776098864,2226.5625,5716.796875,0.2140291700487013,0.12356686446573792,0.42863627557357875,-0.6397199478746445,0.0931396484375,0.3050537109375,1767.621,1141.0823,0.3285466432571411,-1.146512,736.18713,2739.1594,0.05170728,0.07012526,1.3433777689933777,0.79765725,0.00030103093,0.088468805,0.0,0.1303911349100417,9.65281176126742,65.0
2474cb5ef44a68a799424e5f54f8049702525f98d617b1fdc62b865206696b0e28b4cca6e1a2eea19a729279a2e94773628d4cb1cf634eeb61a1bf8637849aed,25.0,-336.1071,152.32202,0.1680152714252472,-1.6584699,-496.2444,-179.24557,67.58763,66.769646,0.030597979202866554,-1.1165673,8.304708,139.1471,14.307497,35.993355,0.6629824638366699,1.2819481,0.33381057,25.903936,9.245576,29.37749,1.8289399147033691,4.13635,-4.7037516,12.616148,-9.815109,32.677372,-0.6897367238998413,0.6643357,-29.325857,6.7784514,9.953124,19.324257,0.5066763758659363,1.6926174,1.0882955,20.57856,-5.3146095,17.68335,-1.044960856437683,1.4860034,-12.30999,3.8713367,1.1804501,10.281285,0.38702625036239624,1.5687251,-3.6955738,5.1311297,-2.7219467,10.21905,-0.2724106013774872,1.333508,-8.115591,1.6089578,5.4670897,13.620598,0.5950095653533936,-0.35866022,-2.7381268,15.567835,-2.387606,12.274327,-0.18127189576625824,0.54076695,-7.830653,3.8265724,-6.957444,8.540409,-0.1704164445400238,-0.20307517,-12.559161,-1.7306778,-6.799783,8.425312,0.2866858243942261,0.79687905,-13.557247,-2.4825711,1781.1521276858057,1345.2886363410962,1.5899502317134016,1.2609559068935452,1010.746639668905,1731.8335223687097,3191.140776699029,1868.4080927424202,0.6623900743007712,-0.6921253982058486,1652.34375,3839.84375,0.14940932190533981,0.15260064221817768,1.8365227618302589,2.521331955525425,0.06298828125,0.160888671875,928.41675,811.02466,1.9989300966262817,3.7661314,401.37457,1080.289,0.074714,0.087521076,1.0431292057037354,0.21164846,0.00083154684,0.13630572,0.0,0.11513259172171084,11.84110417540683,25.0
25ec2e217a4956df2d14d07dc4e53ddce3b8af9aa22acb6262f3eddcb6d56fd76a931ed3e406ce2fa747a18576c170da9d5ce026a1fd2efccd8bea3442bab408,35.0,-289.54443,88.48078,-1.347764253616333,2.2796865,-331.38138,-231.14197,118.942566,49.334244,-0.6169422268867493,-0.26637864,88.11074,154.94904,-4.301782,34.2702,0.5436992645263672,-0.3037858,-30.027702,16.461226,28.943129,26.67256,0.3757918179035187,-0.27777886,7.3766737,47.898514,-1.6908263,22.229036,-1.221528172492981,2.1321998,-11.472993,13.106173,-15.171482,13.592808,-0.10921105742454529,-0.4570973,-25.200657,-5.2695293,-23.346249,13.866952,-0.19125251471996307,-0.959769,-34.89635,-11.378307,-13.621167,11.365492,-0.5803107619285583,0.58694077,-19.953003,-5.6581864,-22.567427,9.472521,-0.28999704122543335,0.052188873,-28.066616,-15.79099,-11.841869,10.44687,0.35189875960350037,0.8290825,-18.040783,-7.134063,-12.773051,10.114774,0.7592363357543945,1.0558476,-19.482475,-7.368232,-6.5389276,8.172896,-0.4781823754310608,0.7309463,-11.058946,-0.7573007,-4.5562644,7.451644,-0.22607432305812836,-0.26953936,-9.488244,0.039518803,1481.9497692307389,989.7425490515337,1.9324652559800743,2.732287760366189,901.5436482628236,1550.8436493338947,2881.045854271357,1797.4169306598217,1.2836132940258884,0.46287562240556657,1871.09375,3117.1875,0.11245926900125629,0.10025922932110018,2.436730339068096,5.420552358719672,0.0615234375,0.115966796875,786.2833,732.2613,1.954995036125183,3.6251683,340.30096,905.3342,0.040645313,0.02694326,0.43809738755226135,-0.41295314,0.019891161,0.05785662,0.0,0.20706590467159983,6.25895516930809,35.0
2681e558ea6429dafc5e5e5571fb1c12a67d22a683c6f6cf29650578e0b06ec606b62615b922cc33028b7a846fd8cbb292641f9fb7676e264d730815864982a8,25.0,-461.2371,202.37727,0.6056162714958191,-1.467088,-626.7621,-225.19608,38.758907,49.846493,0.5858038067817688,-0.0125494,8.725504,79.28618,11.889188,24.637333,0.10698878765106201,2.4390316,4.4271526,19.63892,36.99258,34.188957,1.2423285245895386,0.81652236,9.611469,59.95813,13.216243,13.530679,0.5731773972511292,1.0332818,7.2152205,18.401653,2.9223206,18.631973,-1.055749535560608,0.87922764,0.12571093,12.643715,-3.3260036,20.458212,-0.5345584750175476,-0.91765785,-24.34483,9.453268,2.2174146,11.697002,-0.5118321180343628,-0.22826147,-4.538792,8.560833,-0.25436693,14.61728,-1.0341609716415405,0.17479277,-8.738039,9.012393,6.156974,5.79158,-0.3840618431568146,0.3756144,3.4377217,9.401195,-1.3853419,11.001951,-0.6321006417274475,-1.0188645,-10.0846,6.7112403,2.3885405,7.099013,-1.012097716331482,0.47663355,-1.4179528,6.6602135,1.3925918,9.899507,-1.3615597486495972,1.3708677,-1.5989695,6.995057,1490.5142691914184,797.3751650603245,1.8062186526789261,4.490024623694167,954.3910374766073,1772.1892886608607,3344.050480769231,1309.8140551927431,-0.3860017113910755,0.21908814052505354,2439.453125,4273.4375,0.08131760817307693,0.08656811274119232,1.6507472611495835,2.519057876228336,0.015869140625,0.10888671875,1478.1542,1096.3832,0.41134798526763916,-1.0542026,402.75183,2363.516,0.031178657,0.043907564,0.9449285268783569,-0.8396456,0.0004219432,0.08058604,0.0,0.16532620052869382,7.929497893116704,25.0
26eec029da30e36ecae4ac054659fdd9b7f37cafda5effb2638e66e46121b3c6bf5bd965a1caefc308521a942cc6a37b255ff1b8a682038a1aeb47659bf86084,35.0,-531.1307,158.4475,1.057134985923767,-0.21990561,-659.65857,-425.17142,50.169827,71.65362,0.4375547170639038,-0.23534393,5.76523,107.31851,22.522837,39.690136,0.8106535077095032,0.7168162,4.47118,43.61542,41.51437,43.59604,1.2311182022094727,0.79134154,6.420186,61.088203,13.183678,14.986882,1.0152952671051025,0.7003443,4.660616,21.346354,-4.8832793,24.745989,-1.2852369546890259,0.90615296,-7.9662285,7.3856087,-0.29050225,18.682579,-0.8531981110572815,0.24779367,-8.687317,10.166409,4.714795,13.187458,-1.8895748853683472,5.2693233,1.772004,12.063349,1.6036545,11.891733,-0.44221431016921997,-0.02417016,-7.370648,7.6218033,-2.4419823,15.445248,-0.622933566570282,0.07143593,-13.194108,6.548663,2.093269,9.047024,-0.974968671798706,0.9400513,-0.6154475,6.573262,2.3369353,9.676409,-0.8654705286026001,-0.030782938,-2.9890728,7.935622,-0.07753195,10.112584,-0.7680134177207947,0.27550387,-5.4191184,6.0828066,1648.0823042331863,1030.812661681998,1.00833519187214,1.3477057259320988,759.8567632162453,2150.045897039504,3401.5758547008545,1939.8913473418531,-0.2666618773388111,-1.2162177017887574,1750.0,4976.5625,0.11473357371794872,0.12981321921421102,1.9562627230417142,3.3837714586522747,0.0419921875,0.10107421875,1566.7476,1270.8683,0.586957573890686,-1.0265185,398.89624,2414.9683,0.016928663,0.029842021,2.1698412895202637,4.306068,0.00010663128,0.020766638,0.0,0.13150905627174858,7.248789018339824,35.0
273dbc98471a3d12cad2db9bcab5e0f54ab1ca2f9a76d4c9837163357df218fe1e0580c90426eec214790d5e8044267e14f16e822dca46929480453c7b7be5b9,15.0,-405.95483,113.10858,-0.3499947041273117,-0.69299793,-485.21658,-328.97766,98.618454,58.448254,-0.4924367815256119,-0.101929426,66.598465,140.45654,29.347366,30.57587,-0.3133784346282482,0.15148771,12.531843,49.204292,41.213013,34.419067,0.33815915882587433,-0.79474473,16.409475,69.85932,11.569593,22.875195,-1.0830173194408417,1.5279517,3.7195244,24.360474,4.942015,21.789707,-0.2908443287014961,-0.7440599,-8.502461,23.784348,15.069451,15.7185135,-0.1905006691813469,-0.48236287,3.3753576,26.699104,-0.8233191,14.580437,-0.5709374845027924,-0.2938093,-10.76001,9.993889,-5.905657,12.952404,-0.3365814834833145,-0.5218899,-15.086242,3.9471636,-4.510466,12.025364,0.011714324355125427,0.7778803,-11.921059,2.4209108,-1.9340738,13.373518,-0.08763423934578896,-0.7139845,-12.367615,8.664234,4.908537,11.775654,-0.31506307423114777,-0.35376143,-3.57065,14.023281,-2.669543,10.670131,-0.6024324893951416,-0.07666588,-9.073693,5.7273045,1551.7741652379902,1226.3694646281776,1.8403578600467116,2.4808659112645963,812.0155895193508,1648.3667946260714,3087.0692675550745,1970.235258324557,0.7503404515140328,-0.37575429256155113,1541.015625,4106.4453125,0.09924009069507278,0.11564441939686604,2.6357929739261703,7.926571049948732,0.03668212890625,0.09967041015625,1127.4678,1145.5483,1.1775862574577332,0.044860363,286.9881,1797.5925,0.023207106,0.019155718,0.5296040326356888,-0.70027566,0.003731472,0.03692819,0.0,0.13834952359021202,10.187827787297511,15.0
27b55ccc0f3baafbd47ab35b24b6603c8a8c88394a5a6fe1a52ffc18de1b48e01256a25bf131ee96504426d522ddc0e098c340c01d402b5333683d3bd8783538,55.0,-374.59778,164.13335,0.2903468981385231,-1.6104696,-536.6904,-213.46896,71.057686,64.50092,0.5406716763973236,-0.9034756,14.698051,128.3724,16.134033,24.523926,0.24250242859125137,1.1495035,6.411622,27.528736,16.178452,20.946178,0.7691868245601654,1.9812592,6.696785,26.681221,1.2287983,19.217422,-1.6392303705215454,2.7299807,-3.383799,11.378841,-3.5918772,17.027847,-1.0768947005271912,0.4023683,-13.121518,7.9184394,-2.1306121,13.683692,-0.6209753155708313,0.054777503,-11.09994,7.473372,-6.2922325,15.271699,-0.9895128011703491,0.11477435,-14.571584,5.7014723,-0.63154536,11.622912,-1.0955310463905334,1.4056267,-6.8024254,6.0344553,-0.4426679,10.364093,-0.9497703313827515,1.5525024,-4.8798933,5.3768697,-9.720496,13.271149,-0.5805137008428574,-0.71438456,-20.16775,2.3509853,-0.51982456,7.3771486,-0.37430379865691066,0.9203392,-4.981159,3.7140627,-2.5905516,9.972733,-0.3236023932695389,-0.45720077,-9.66898,3.4628646,2060.961292010429,1031.291941402071,0.26375664293019346,-0.5252644959951782,1047.6330596255102,2903.3176447514716,4139.566711182947,2080.0756283424976,-0.4482017989780841,-1.3794923417776714,2023.4375,5981.4453125,0.16831129714938609,0.11425283857240529,1.0949072075248876,1.8676483177068837,0.06219482421875,0.2342529296875,1351.1089,1059.7123,0.8825282752513885,-0.31580043,466.35202,2003.051,0.060348395,0.08166143,1.0131390690803528,-0.37703693,0.0004132784,0.13427946,0.0,0.11065923818108495,11.694559377326065,55.0
28f2583a95856e753fdc84be691edcf0bd3b3be087532d5e8c0798fb99c521ef4b93021b09fed3c18a1f2a14fe09400377c1a92a56e9473e890f39b471cd23b0,25.0,-354.35687,185.39655,-0.15589489042758942,-1.5458663,-586.16296,-194.29796,56.574047,73.517525,0.1506333202123642,-0.9395454,0.0,127.956116,-10.220379,39.048645,0.007928525097668171,1.124022,-29.027473,0.32480487,41.049984,41.83351,0.5778734087944031,-0.47661567,0.0,73.97609,-14.496054,24.93673,-0.752489447593689,-0.042244673,-30.328121,0.0,-6.2443466,22.794775,-1.7580519914627075,3.8598218,-9.172728,2.4828877,-5.65929,17.449753,-0.34590864181518555,0.56177783,-16.600435,0.05043036,-4.5550447,15.497338,-0.6206700801849365,1.2980952,-10.077043,0.21598059,-11.502859,12.572375,-0.7122266292572021,0.07750559,-21.201838,0.0,-10.299429,12.6889515,-0.7581382393836975,0.51134944,-18.60682,0.0,-17.944767,16.572323,-0.3217456340789795,-0.9561639,-31.495403,0.0,-6.1161304,11.171546,-0.1458217054605484,0.38420057,-14.065325,0.0,-10.176978,10.147709,-0.3461960554122925,-0.9742055,-17.204433,0.0,2273.468132158033,1126.9251918306416,0.4992857051396678,-0.39519590439274976,1356.5627730083547,3195.475001627308,4141.627956081081,1682.8589247143173,-0.20103684517047582,-1.1693978205773814,2818.359375,5853.515625,0.21643726245777026,0.13344851505881228,0.5318453217903315,-0.6805486083676313,0.094482421875,0.3399658203125,1919.8964,1165.039,0.11693309992551804,-1.2751642,826.2347,2920.1262,0.047376007,0.048920956,0.829646110534668,-0.30231476,5.090181e-05,0.08270161,0.0,0.12157688202540996,9.511909368323371,25.0
2a50063da05e3f1a02e8ac809ffce670d12c598ccfa973b4bed4ac784050dd04a6898ddafe6b82e2a71a77d51e76bc8f2c1c24719b8afb0cf3ce647e1e56dc8c,65.0,-335.6785,106.71951,0.11073122313246131,0.38534772,-410.37085,-248.1211,71.596054,28.273302,-0.9101237654685974,1.991209,61.932755,85.87743,-28.824812,29.061073,-1.0274006724357605,0.9026911,-40.277718,-11.019006,7.57071,18.906939,0.9819549322128296,2.202385,-0.87501943,12.815324,-16.185452,9.370117,-0.23211875557899475,1.4631641,-20.639318,-10.905398,-21.770233,14.39724,-1.18832665681839,1.0141122,-27.807743,-12.00607,-13.850825,9.342125,-0.13734256848692894,1.3002365,-18.12128,-9.910715,-10.7922325,8.091523,-0.940981924533844,2.147423,-14.302154,-5.267183,-15.3504925,7.632963,-0.5149219781160355,0.78431964,-18.846771,-11.448129,-12.34846,8.416219,-0.7998878061771393,0.62050784,-16.619934,-6.805824,-17.790947,7.6070185,-0.16469396091997623,1.0312423,-21.658405,-13.693947,-16.147083,8.131704,-0.5961631312966347,0.17753303,-20.577488,-10.445173,-15.717707,6.6626005,-0.27606532984646037,-0.026384592,-20.352127,-10.970282,1996.0463285002131,578.3682547678727,1.4563346815002127,4.31215496989959,1649.456319369446,2181.5269811460694,3807.5310135961067,1196.41893711805,0.3742497981116752,-0.15208814908804213,2794.921875,4441.40625,0.16309769462959545,0.06819944070279815,1.90647966302804,6.114488392868289,0.125244140625,0.181640625,1532.3159,946.40576,0.461298406124115,-0.70950115,719.5639,2267.1763,0.022692066,0.027142543,0.9351332485675812,-0.46594906,0.0021350628,0.04286532,0.0,0.10496444332373767,10.389652181983571,65.0
2a9f3c4be615ae8282dbe080641e46a34233f149e28421c395c9e4d18edb7e7ff40cb3a48a7b8e6bb56fc23bfc6b3c0f598f5bbd024ec7e692b8ac429fca629d,35.0,-375.60754,190.04102,-0.0735418051481247,-1.669362,-594.73816,-218.47969,75.84222,74.35862,0.3336103558540344,-1.514459,0.0,155.83066,-0.3250627,27.06721,-0.19489803910255432,0.67389226,-6.943695,9.446852,15.839764,27.121332,1.0042080879211426,0.2813034,0.0,30.89259,-13.709503,20.421268,-0.9048570990562439,-0.16346073,-27.112644,0.0,3.5804331,17.17618,0.9103657603263855,1.2092929,-1.4508886,7.125193,-4.5129237,17.867168,-0.25618767738342285,0.27552795,-9.881861,0.9579772,-10.527673,16.837292,-0.44338563084602356,-0.2453599,-19.86615,0.0,-12.141003,12.888482,-0.7696995139122009,-0.61322737,-21.355354,0.0,-5.626643,9.595164,-0.5561683773994446,-0.19484234,-11.604708,0.0,-9.264662,12.655287,-1.033168911933899,0.4911871,-16.34962,0.0,-0.88715565,7.3170023,0.17612554132938385,0.69971347,-4.938243,1.7758328,-9.886459,10.89904,-0.6322438716888428,-1.0709553,-18.749027,0.0,1773.4068046180967,1267.5471045513493,0.4284633958447816,-0.9570463122267676,818.8162331293718,2810.1062607407257,3325.0450721153848,2245.626367098549,0.007280615222225514,-1.4968811615756887,1302.734375,5597.65625,0.12672306941105768,0.10971552808048571,0.9195974071974115,0.03988901619959018,0.0428466796875,0.18212890625,1528.5428,1154.0839,0.680601179599762,-0.847317,530.53345,2369.644,0.045697425,0.0547728,0.9753016829490662,-0.39897823,7.291974e-06,0.09116542,0.0,0.15592035521411948,7.814872830342157,35.0
2aa728270835c9c9d026b996fea6da605441fd3977fdedb94b24b9d696b4fd4bf61d9f639a44f0b3e154e574d3031afc6bdb608bf1a837f721bf6db0ffeb0ce4,25.0,-456.542,156.7814,0.12089942395687103,-1.5779185,-619.1164,-307.81885,51.448788,70.89489,0.5442389249801636,-0.3927753,3.3961186,112.94889,-4.1236005,34.30318,-0.31228527426719666,1.2840419,-17.291775,9.635042,15.762097,20.651566,-0.15791060030460358,1.0198021,2.9479518,30.075045,-19.187263,24.502201,-0.3895074427127838,-0.25359035,-35.389748,0.7090957,-15.293598,20.706085,-0.5819312930107117,-0.28071594,-31.208096,0.5194359,-8.809846,15.520525,-1.1931889057159424,0.7512989,-15.042654,0.7197578,-3.400134,11.280591,-0.9537210464477539,0.7017193,-7.154215,2.571795,-5.93246,12.158644,-0.22843441367149353,-0.18082404,-13.393079,0.3544032,-17.440857,15.149762,-0.4255157709121704,-0.77428126,-28.024635,-3.9296346,-5.7794104,8.043442,0.3144165575504303,0.7598009,-10.802423,-0.4792207,-7.548095,12.912783,0.5042480826377869,0.60586333,-18.591171,-0.60232484,-11.4219475,9.74569,-1.077365517616272,1.2484798,-18.14321,-4.051893,2299.28944460216,1172.0050470961162,0.012161069063122741,-1.0465233079781333,1139.7415550409526,3029.03875445994,4132.7509842519685,1963.7886785910587,-0.4026435552403691,-1.1858903618244079,2289.0625,5554.6875,0.23343688484251968,0.13519940422926874,0.04503550565630446,-1.062203539826418,0.0908203125,0.327880859375,1956.037,1173.0879,0.08245974779129028,-1.3067636,815.13586,2993.7195,0.021631505,0.029473314,1.3639593124389648,0.6680479,0.000253728,0.032365028,0.0,0.10045623243399697,11.45277484722547,25.0
2b7219889380446ceeb6814188ea12dd0eb8fe00340702fb96d8da0e8aa0d7266d479231bec402caa80ffc21727e02f114bc794776b7512de22a5755b683e0bd,75.0,-453.11993,129.14381,-0.3499412387609482,-1.2842212,-575.6531,-342.4295,106.934006,66.36,-0.16899795830249786,-0.87403023,54.60517,164.26677,-9.894632,33.269913,-0.4555370360612869,-0.47559297,-32.340908,15.946665,29.205984,33.30672,0.49867142736911774,-0.14354348,7.9425244,48.977,8.291608,21.932194,-0.32695087790489197,0.94360745,-2.048069,21.962002,-20.652958,19.427902,-0.265790157020092,-0.26050925,-34.88195,-4.3856554,-20.923002,17.248592,0.03415545076131821,-0.35197127,-33.8478,-8.146188,-17.828356,13.044688,-0.4653879255056381,-0.010655403,-26.223919,-8.846433,-9.485487,11.990046,0.2140939086675644,1.0985401,-16.148197,-3.0451972,-12.753859,13.75947,-0.2642446309328079,0.15221107,-21.4509,-4.0996513,-13.499903,11.339525,-0.2531871646642685,-0.25070453,-21.760605,-5.0050874,-5.048909,11.57051,-0.06995701044797897,0.34776092,-13.47629,1.7285086,-14.230345,11.778774,-0.33651790767908096,-0.7127339,-22.772915,-4.241562,1542.3967580060794,887.8613709711269,0.8574675393791823,-0.16221099502528746,857.9676011387576,2104.4172127484635,2982.5884046052633,1742.6480880106506,0.4709709115938919,-1.0013106294451406,1661.1328125,4514.6484375,0.1273402163856908,0.0857458028778604,1.0787805096009808,0.7447452548817453,0.05511474609375,0.1728515625,1395.8776,1060.8639,0.7227376401424408,-0.6161058,467.84924,2085.6147,0.018901305,0.01790918,0.4983322024345398,-1.0599829,0.0010387298,0.03388492,0.0,0.12551374944784216,11.022695149230461,75.0
2bc3c3cc5608aba9d28943b7a9a6821ef0cf47d3771b4666793973710fca8b42522583cce01bf5b269372d2683e6c6a260718f645fdbedad9df9dd4bd07e95fc,55.0,-400.80612,178.16103,1.0238437056541443,-0.34978127,-545.26294,-308.94916,6.5980797,53.35685,-0.8856353387236595,2.5810795,-9.6698675,24.303282,14.143234,38.683464,-0.45156490057706833,1.4951513,1.1310828,31.677917,-16.614056,40.23057,-0.36283088847994804,0.07680917,-36.668297,8.764929,-13.405017,25.093037,-0.951900064945221,-0.14226496,-27.020092,4.4533854,-7.0619698,15.529234,-0.8283204734325409,0.21558404,-15.4867325,1.3283422,-8.491541,13.273712,-1.1629796624183655,1.6283746,-15.135281,-0.8455044,-5.4049306,19.786243,-0.3130933865904808,-0.16659415,-12.794542,4.6483974,-8.16259,11.719234,-0.7307808697223663,0.78160524,-13.48614,-1.0992832,0.47716427,10.185229,0.5067904703319073,0.3362322,-6.572047,5.135219,-10.444201,10.809344,0.009168751537799835,0.24903107,-17.07801,-2.580214,-1.5483565,8.124403,1.0143713653087616,2.1152616,-7.0464034,2.2738245,-9.837418,8.726324,-0.8127323389053345,0.14547718,-14.40995,-3.1309412,3479.0226181554954,1598.2825815152758,0.2394724320384236,-1.3994367156299905,2139.2142858232373,5153.081392065852,5560.160319010416,1507.1655118462504,-0.7862376999780688,-0.2840715770066682,4503.90625,6806.640625,0.3558171590169271,0.22520861395748426,0.5920109379610995,-1.1313156691389552,0.1717529296875,0.56591796875,1328.1702,1094.9064,1.0615211129188538,-0.19683516,517.58276,1823.9158,0.049723774,0.08257265,1.6736271977424622,1.3956609,0.0005266763,0.047240514,0.0,0.14168694207241475,6.156085027676743,55.0
2d1936e103f4e08e3a39c7c35ca02bb2c4ceb033f816e4b7ad8f2f2973f828f68aec4c1e7e4b1836ad10b9ae2b133ae245e43dde3605334a2d5984c792bb3013,25.0,-297.76508,152.26436,-0.3831784352660179,-1.2004135,-451.85052,-178.07777,98.2151,63.126736,-0.12085168063640594,-1.0787247,47.454933,152.24474,-5.2381516,49.02006,-0.4499066099524498,-0.6977961,-47.201454,31.809525,35.33281,36.740665,0.8097291588783264,-0.24535185,7.509383,58.248558,-7.0216436,30.32259,-0.3783383220434189,0.49213564,-25.0418,9.239322,-7.9246616,18.897467,-0.2280675508081913,-0.48047936,-22.067162,4.8360415,-8.1269245,17.037485,-0.30069637298583984,-0.42604697,-19.356781,4.4654026,-11.436575,18.212578,-0.21106482297182083,-0.5171946,-23.807686,2.9363568,-10.945061,15.518595,-0.1377696767449379,0.13039494,-20.47168,-0.07472746,-7.9489303,11.729971,-0.2725015990436077,0.27186716,-15.090434,0.10191333,-5.023432,11.995098,0.36153414845466614,0.7948221,-12.345486,1.4291546,-2.907886,10.956526,0.17086799070239067,0.21297598,-9.03522,3.6161535,-9.265327,10.105373,-0.38382717967033386,-0.3519497,-15.739145,-1.7391706,1835.1284509486845,1122.470412919679,1.3200103818207949,0.9129695057326375,1028.1592271562326,2098.0800173746416,3382.9138178875146,1825.520955721073,0.5142329182060349,-0.9240404792243536,1971.6796875,4708.984375,0.14680416430107268,0.11688087621774776,1.742459953019576,3.147918496646174,0.066162109375,0.19671630859375,1289.5781,1045.8567,0.9835992753505707,-0.08918095,438.6646,1946.6016,0.070265524,0.06409971,0.5549820363521576,-0.77872825,0.0037136027,0.113780245,0.0,0.15147035771783635,7.4275993289136295,25.0
2d54ff8290b085f0e8add292186437f1a1838802e179ec170b38f4c1c365444ed2806ef33e409a9d2e575fc1e33af86fb15d23d251cba61e0ca17ec86952792a,25.0,-471.18088,181.69229,-0.32722344994544983,-1.3243239,-696.6278,-323.03735,76.55549,73.28443,0.09069573134183884,-1.3374133,0.21674837,143.9242,-7.3625617,28.512844,-0.36924588680267334,0.1727426,-25.096142,10.250507,17.392023,24.494543,0.9278632998466492,0.25215673,0.0,29.111849,-11.6228895,16.046772,-0.2997432053089142,-0.4087782,-23.691498,0.0,-5.80431,12.637044,-0.13531409204006195,-0.32807803,-15.682053,0.84050775,-13.124683,16.675291,-0.228912815451622,-0.4089985,-24.959549,0.0,-0.7137899,12.253014,-0.4095972776412964,0.3574927,-5.4044895,7.0087476,-5.699367,10.746374,0.33000603318214417,0.28769183,-13.478386,0.21572256,4.1227837,11.137759,0.1690453290939331,0.05968237,-0.45155358,11.296776,-7.4377937,9.869024,-0.18192890286445618,-0.25912023,-15.039114,0.0,-4.47744,9.025201,-0.6119171380996704,-0.30856848,-11.6281185,0.5953826,-6.4071317,9.474972,-1.1207191944122314,1.86659,-11.37216,0.0,2157.083605899169,1219.5962413719772,0.434851118081807,-1.1331205395321877,1020.2129953634728,3330.647227570663,3843.9207650273224,1946.6893554966925,-0.013329267381440786,-1.6009774989600751,1847.65625,6007.8125,0.20938460553278687,0.15349071537181166,0.5511361336614033,-0.9996170659199133,0.066650390625,0.361328125,1782.3428,1139.9708,0.3054165840148926,-1.1704195,726.4167,2724.7903,0.011820499,0.01335526,1.213797926902771,0.7023864,0.0002005432,0.017841917,0.0,0.10248396782306195,9.193069417608795,25.0
2d8b9a112fef9a8acc091e1df7de7746f3ebd4061f9817a18edcfaec510fbb6991b839f0e72d682b62553d5eb2f40621437eb491470793f32b2db6419ac206d8,25.0,-252.2309,179.43893,-0.42694683372974396,-1.4959126,-484.1129,-100.081055,69.70521,70.09758,-0.34343506395816803,0.26840866,39.978992,122.405365,2.2486174,37.015846,0.03967016935348511,0.928097,-20.579885,19.612785,32.941025,39.249325,1.0285734832286835,0.8585522,6.1889043,52.144474,-12.22658,23.653687,-0.6768926084041595,0.8060957,-27.119862,5.101071,3.3533492,20.405794,-0.6438287794589996,0.4128729,-6.058837,16.938152,-3.6568115,16.019775,-0.2695300430059433,0.18954635,-14.508268,5.892827,-0.14435461,15.785341,-0.2960199862718582,1.2350552,-7.660797,6.5286694,-0.32178366,12.607393,0.3361476808786392,0.54337513,-7.941233,7.90237,-0.4704408,12.903583,0.07681417465209961,0.6206002,-6.80175,6.36714,-8.409803,11.45742,-0.662476509809494,0.62301934,-15.208764,-0.64556336,0.36459967,8.87904,0.24037720263004303,1.2716757,-4.266853,5.093311,-7.2848825,9.984392,-0.6868099272251129,0.4184798,-13.370346,-0.8039859,2139.292442238052,1050.7051459112056,0.7722051265120811,0.11705810228601177,1337.7477644226137,2532.885906366677,4039.516289706048,1604.0409489518204,-0.3431989124349287,-0.8956296246161153,2789.0625,5154.296875,0.19299786808097424,0.12010833366371026,1.0817831058090799,1.1615813770420407,0.0987548828125,0.23883056640625,1721.8003,1141.4702,0.4178612679243088,-1.1076891,714.817,2703.5864,0.10523088,0.094087645,0.3694753125309944,-1.1261058,0.0011101591,0.1847794,0.0,0.10887497851900915,8.659827729809614,25.0
2db5a49b39d9e80d2b27b67a015fe20bd160af125e394e018237a20dc33bc9b62f8e38c867971cd0c2b9bccdf1468ed9b220628d57c7c8b865e7080813a5aafe,25.0,-248.20102,164.22026,-0.7941607534885406,-0.60571444,-363.0311,-123.874374,50.17531,52.29619,-0.8390479683876038,0.33316815,20.71582,86.89368,-6.168444,43.54783,-0.12402347847819328,-0.81341994,-44.548332,28.300945,25.18981,32.235386,0.6457714438438416,-0.23064673,1.3549066,44.67517,-7.6152263,27.461367,0.056462524458765984,-0.59984064,-26.8167,9.100027,10.198986,15.356928,-0.03274206817150116,-0.44372416,-1.0719681,20.702171,-1.3252004,18.326328,-0.8869461119174957,0.31267142,-10.777555,11.71286,11.29205,18.411772,0.25947806239128113,-0.33893883,-2.6679907,23.599243,-16.7712,18.34959,-0.1944436721969396,-0.66081035,-28.83245,-2.4712553,4.538019,13.013344,-0.1093621701002121,-0.15797675,-4.616896,13.320752,-0.06315863,11.02523,-0.3226740136742592,0.55486274,-6.28743,6.728308,8.166032,11.203066,0.020998895168304443,-0.1481582,1.4736913,14.797796,-22.60331,11.009954,0.10533870570361614,-0.61861897,-30.481499,-14.034248,2529.6243149389184,1175.0699186850306,0.6336456087696622,-0.6097187998655571,1726.1946686076406,3278.835948563932,4401.237236495389,1615.4549386487806,-0.1186354988586479,-1.04263612009365,3322.265625,6020.5078125,0.22324038619894598,0.1369087337799605,0.7251311737259614,-0.3870598126165965,0.11004638671875,0.30145263671875,1910.4352,1151.7319,0.1778913140296936,-1.1348636,914.3086,2696.8118,0.064492814,0.05162275,0.43909889459609985,-0.9929219,0.018490516,0.11234823,0.0,0.13978683847177847,5.447162735206064,25.0
2e18dbf57ebd9180f22d11da1dab46e91630c83a1cf939bfd73bc99624aacfd5c4d835c8535f55a8c5a4192c9fcf26fe90c7c52940dca246a39de23f1ddeceaa,55.0,-348.73035,167.66208,-0.16972016729414463,-1.6055819,-547.776,-200.49196,105.27054,71.185585,-0.011386953759938478,-1.4512925,37.57274,174.0199,-1.7029829,35.719078,-0.010659245774149895,-0.058253407,-25.381393,18.54694,14.197629,27.76178,0.15183183923363686,-0.119609475,-7.125439,31.54189,-3.828289,28.754204,-0.7398751676082611,-0.08524561,-20.55616,16.684956,8.054127,16.337011,-0.2649236060678959,0.18637681,-0.8177343,19.21148,-4.39027,16.821484,-0.1606004238128662,-0.08348608,-15.599135,5.282665,-4.9905834,16.374294,-0.4205043762922287,-0.0633589,-15.455695,5.705153,-8.582657,15.332755,-0.1587288174778223,-0.63801444,-19.414791,2.8777084,-6.680008,12.778179,-0.5793700367212296,0.011636376,-14.521005,2.3855197,-2.4866078,12.692536,-0.8094357848167419,0.20335114,-9.312903,6.4064407,6.811097,10.385611,0.047048039734363556,0.04242897,0.3073063,13.78643,-6.077256,9.556534,-0.2653006687760353,-0.35796332,-13.176052,1.2151334,1420.1375293197675,842.3870241949974,1.4684876868188852,1.8932305555643913,844.7113469346964,1789.7730678844582,2533.791820664166,1551.169703264235,0.9792267720296118,0.33857883896329355,1421.875,3562.5,0.12008592920395934,0.08923290330813632,1.8208314752120631,4.671230942520865,0.05859375,0.15771484375,1275.0585,969.078,1.3262726813554764,1.710121,531.13635,1745.5482,0.05186622,0.051678877,0.6687340438365936,-0.7253059,0.0018658114,0.09049559,0.0,0.14582664491811081,6.50341969751452,55.0
2e6765cc597a335e0ca768e60149b4902bdf59d88ac68980a6c31774cf7e65cb341c78cf7cdffbe2083cc93232cfefd6bcbba68f8c9b6eb2a2a0ae3c15980eb9,15.0,-418.54877,60.565666,-0.4615669399499893,2.317218,-469.63245,-375.0669,66.32579,43.086143,-0.06799742951989174,-0.3308127,41.88678,98.77435,9.603979,21.240017,-0.2587215919047594,0.53390455,-3.6933734,25.916899,23.816414,23.399616,0.7707386016845703,0.61670244,9.765253,37.257305,5.393001,14.279675,0.3766663372516632,-0.16353548,-5.0395613,14.316895,4.017145,11.547625,-0.5640236139297485,0.073322654,-3.075386,10.879138,-14.331731,15.532171,-1.210708200931549,1.4748402,-22.140118,-3.4238567,-6.0549936,15.434355,-0.7294381856918335,0.12934315,-18.873402,5.9551063,-12.899601,12.675451,-0.7439381778240204,0.13477993,-20.734034,-4.0235667,2.9583077,10.47905,1.1061206012964249,3.1382048,-2.9132035,6.596158,-10.163434,8.556883,-0.8495670258998871,1.9421194,-14.541872,-4.4557533,1.4918547,7.9912796,0.12547554075717926,-0.14132082,-3.7387686,6.7751355,-6.2573566,7.414693,0.3220580443739891,0.21472752,-10.836943,-2.0344348,2250.8927475265436,1090.2333941350714,0.6113419783657194,-0.25064747960443223,1219.2578188669863,2821.073394993363,4314.102108888938,1739.4736154914704,-0.3804937528831367,-1.1493269993948516,2542.96875,5574.21875,0.21633679655440585,0.13897225320886306,0.8066400593891774,0.5342467432449769,0.091064453125,0.281982421875,1789.6875,1126.6387,0.2666366249322891,-1.150961,746.72925,2741.9688,0.013692472,0.012872054,1.0596475899219513,0.4145975,0.0014797027,0.02202161,0.0,0.1415407727287129,10.450427818359564,15.0
2f50b33c04bb015bb656de563c2dbc5da64da60f037e79abf65ef89d1aeeb993caf96b2ff4d5bc4989a694712f957990e8e2b3982e32de662f62c596ba6e8385,15.0,-447.13907,111.59021,0.27803853154182434,-0.47533762,-560.7422,-375.03497,125.501396,76.78107,-0.3485313691198826,-1.3442545,41.752045,190.56512,33.156437,33.724945,-0.34860698878765106,0.68885005,11.941508,59.46653,-1.523253,22.07781,-0.8613409698009491,1.1141387,-11.537487,11.219314,-19.637331,21.617928,-0.2639291323721409,-0.54632914,-34.629612,-2.2031763,-23.205486,20.659174,-0.02038738876581192,-0.88189554,-38.910755,-5.960436,-15.244387,15.669918,-0.29303938895463943,-0.41325295,-25.678356,-2.7049422,-2.4754515,9.374107,-0.250006016343832,0.17612588,-8.292926,3.6207948,-5.3835354,11.643337,-0.4044254720211029,-0.02995956,-12.962339,2.0723727,-4.744064,9.79546,-0.06267471238970757,0.46012056,-11.185275,1.2042758,-5.862664,9.80763,-0.07404971495270729,-0.3898028,-12.644823,1.0176468,-3.0764704,8.910305,-0.4552766513079405,0.72702694,-8.036612,1.6561012,-5.2547083,8.656784,-0.4271015375852585,0.06510401,-11.134567,1.1237633,1033.6651633273025,684.8714516924017,1.6687648485996927,4.828526290589186,521.5771685318985,1458.7264750219395,2038.0618591453294,1760.196235928439,0.8879271202314885,-0.638141383353396,661.1328125,3381.8359375,0.08400121827213727,0.053851205470564656,2.6249506281584236,12.787528483300246,0.05072021484375,0.1015625,625.0343,493.95465,3.0460270643234253,11.989343,336.99268,728.56726,0.044468418,0.04425849,0.8516382873058319,-0.1576196,0.0014603371,0.07206167,0.0,0.0987769592379765,16.104328456743918,15.0
3074dd1601606d2ab9dd18b38a3aec2ffad24f26fbe93f1fd1ba63259b6957abb64a85add67ae87f0eba9cf536ba227727dd574862bbe41871b04fd843158241,35.0,-305.42114,149.41147,-0.2629172205924988,-1.546719,-489.8591,-171.20706,93.69052,60.049488,-0.10709989815950394,-0.8327794,41.19698,148.40042,2.945012,34.945477,-0.668483555316925,0.048985958,-20.409935,27.447536,28.516798,28.469297,0.6715382933616638,-0.05425453,11.384535,50.058296,-7.8266563,24.704987,-0.8023291230201721,0.34771538,-21.889643,6.664972,-8.690253,14.818471,-0.6199612021446228,-0.024343252,-17.560234,0.014122814,-11.840587,14.922139,-0.4432636499404907,-0.09236932,-21.817848,-2.1807122,-22.367292,17.592636,-0.3752332329750061,-0.96419954,-36.471424,-5.802019,-6.9537044,9.5905485,0.03598160296678543,0.13598132,-13.469761,-0.90704256,-3.1490655,10.911925,-0.022966179996728897,0.3763895,-8.550334,3.5018463,-14.355263,11.571922,-0.47881704568862915,-0.069018126,-21.704353,-5.9136157,-3.0899482,8.529071,-0.2872792184352875,0.8393495,-7.503416,2.5693161,-1.6731416,7.5209703,0.28238481283187866,0.39657617,-5.721733,2.8389053,1255.6947082061163,721.8855693031485,1.9507156492048559,3.7288158439640657,831.7928597325715,1311.1437448303552,2285.3196292775665,1341.4596705069116,1.3842814304008915,1.4178528754293538,1410.15625,2781.25,0.0947172795865019,0.07628460816463858,2.3626361889969765,5.992385378341387,0.050048828125,0.116943359375,1171.0784,1050.3915,1.0917003154754639,-0.12728643,389.6738,1756.1154,0.07771042,0.08047484,0.927815854549408,0.156492,0.0019191394,0.13912305,0.0,0.11742076127689889,10.509588395071587,35.0
325139be97c5db5a499e4c8c5ee3588abe54d44f93201efe99ca3267db5583688724598ab8be2f19951ff9e3d92c5f7802537f1a4b156d789bbd69937fb425b5,15.0,-426.14084,140.41135,-0.5217890590429306,-1.0415521,-542.8039,-321.3766,55.543106,75.89504,-0.11872643977403641,-0.9408922,0.0,122.64212,16.891724,43.98614,-0.13104775547981262,0.033466578,-1.8646035,50.205452,17.405281,35.869778,0.46644221246242523,-0.12034166,-0.12128565,38.45808,-8.324988,25.233475,-0.7164828479290009,0.20212483,-23.21362,6.9909277,-21.780565,24.137112,-0.1404186338186264,-0.74310374,-39.76124,0.0,-6.5339375,18.752834,-0.6677937805652618,0.64811206,-16.868835,4.506437,2.953796,16.201773,0.25142206996679306,-0.09742355,-7.729866,13.076797,-15.822189,16.070454,0.05241855978965759,-0.3638221,-28.105194,-0.84689355,0.39809096,10.319946,0.368694469332695,0.5378859,-5.605253,5.3602524,-5.2803354,10.448168,-0.014723435044288635,0.7363254,-12.382828,0.38460684,-9.669395,11.821075,-0.22125286981463432,-0.15477073,-18.22829,-0.24339925,0.0687778,10.107485,0.47620217502117157,0.44590104,-6.3864202,4.3314285,2484.7690382266346,1580.7384727565443,0.5085311647709864,-0.9527276156806253,1041.9923220775013,3476.6990384059463,4282.746483238561,2337.5497884977694,-0.16337805428669713,-1.5403420304168618,2229.4921875,6378.90625,0.25413305347667614,0.19651249579083474,0.5126183222672482,-1.0461702397820436,0.07000732421875,0.4326171875,1820.3481,1152.072,0.2066175490617752,-1.248381,720.1522,2817.9243,0.025791304,0.020549677,0.23611515387892723,-1.076824,0.0034107927,0.04168704,0.0,0.127018101778529,10.844636760410761,15.0
3271c25301a8780b3807251627560b2bc216deb1fd01d9ff2f7a317744c035ccddb08ac4c34aaf8be337791a59ea3e9845bac71de91505c33ccb5ee8eb7696b7,65.0,-392.81854,173.19699,-0.1804761365056038,-1.5428846,-594.2687,-227.38393,43.718517,72.427765,0.12548379914369434,-0.46451676,1.6047337,103.775375,-6.291983,34.198837,-0.020932424813508987,0.33207273,-27.800604,6.334941,20.021849,41.158504,0.3468867912888527,0.84673905,-0.71676,39.303413,-11.731857,25.293213,-1.1254421472549438,0.91808546,-27.211868,3.773398,-3.1076727,21.93446,-0.3306357152760029,-0.08224547,-15.20813,7.419629,-8.183866,15.485167,-0.14453859627246857,-0.28090632,-20.395916,1.2588502,-22.046577,22.677036,-0.7591089010238647,-0.13622344,-38.891464,-0.8741987,-1.7848465,15.780928,-0.47450537234544754,0.098267436,-11.533716,8.7143345,-2.3160112,13.374141,-0.6979981362819672,0.7478621,-8.269055,4.1084356,-11.758248,12.561264,-0.6091095209121704,-0.14418304,-19.954025,-0.73544675,-7.1672864,11.420061,-0.46933500468730927,0.3223673,-14.339483,0.41773024,-12.024999,12.231775,-0.2823082283139229,-0.7722851,-20.633976,-1.4005271,2211.639305847383,1175.5944476293635,0.8630731339176898,0.0047207900471932795,1323.5610313941806,2857.415431756257,4077.2203178910295,1653.7611546713788,0.07309191055783908,-0.8795865634954652,2967.7734375,5722.65625,0.19609872687473046,0.13654921421969346,1.0550369513986233,0.7558940188014711,0.087646484375,0.2532958984375,1796.8611,1199.795,0.3340984880924225,-1.2811141,690.46313,2935.9812,0.033973012,0.04040139,1.0392627120018005,0.053163648,0.0005698062,0.06361644,0.0,0.1426401718678546,7.71163373683275,65.0
32b45e57ea76cdde3efe02d12e8e3ff0ef50dac813cefc7217a37b19aad46d85b856da1fd9f34fb24f847259e4ac460f1073735bb432ab02b48c3b42425964b8,15.0,-491.07916,143.25914,0.6597747206687927,-0.91490316,-618.5552,-360.4176,34.774197,66.90899,0.6345862597227097,-0.12414563,0.014897544,82.39372,1.2089229,25.932945,-0.3155873045325279,2.2064688,-4.241847,8.368719,17.371674,35.143692,1.5822706818580627,2.2716725,-0.22927749,23.621313,-0.43233645,20.839647,-0.49934759736061096,1.7917386,-5.8188925,8.453129,-4.012986,17.465345,-1.310323566198349,2.4161263,-7.0457563,4.2595463,-7.6252584,14.190708,-1.1279262006282806,1.3843898,-13.449884,0.56580734,1.3809853,13.1305485,0.32422706484794617,3.019582,-1.9154618,2.44027,-7.0797157,11.718574,-1.0582744777202606,0.4721254,-13.495535,0.21771388,-9.947544,13.581408,-1.1768884062767029,0.766438,-16.818972,0.042307355,-5.7660704,8.465741,-1.1172707080841064,0.65198946,-10.0682535,0.034377284,-7.0546627,11.854849,-1.2806238532066345,1.035323,-12.274599,0.14907332,-5.4097185,7.934359,-1.285482943058014,1.6719584,-9.213322,-0.0015643444,2401.268046712874,1244.5749614674069,0.22961315012329236,-0.4726130222701228,1262.1912003529321,3140.6137112943993,4456.202120702541,2003.691957399496,-0.6500729928386563,-1.1021365757091197,2460.9375,6089.84375,0.23856995423940314,0.15238185385040837,0.6930533381750978,0.47681891879923244,0.1209716796875,0.319580078125,1709.3276,1110.7915,0.35235536098480225,-1.0134906,694.8795,2572.709,0.018644556,0.031241545,1.8840858936309814,2.603523,7.173446e-05,0.02443143,0.0,0.07623982755691835,12.547709467080558,15.0
333ea933cca02650ac2794668156496605dd8bd343d3752918323f80bff31645c753aa0832b7c0ae71ebdf4be4eb79d655579ed0b5cf6300bffdeec50ed6aa00,65.0,-446.92,121.77162,1.8272302746772766,2.169012,-515.71265,-458.5697,65.6079,50.20475,-0.848998099565506,3.3417983,54.138535,86.88502,-11.597483,31.24282,-0.9155476689338684,2.2202923,-25.78995,6.3725495,-4.8921967,27.070383,1.1632550656795502,1.7698433,-24.230522,10.130814,-21.360931,22.474037,-0.8504089843481779,1.4712617,-26.698326,-9.595355,-16.15266,16.845444,0.38214126974344254,0.72781265,-25.702188,-8.39097,-17.663818,18.966335,0.6348424255847931,1.9824134,-28.992107,-10.810017,-7.055991,14.8064785,-1.0768996328115463,2.7220712,-13.708683,2.276071,-10.937893,13.756235,-0.9060336053371429,1.1835308,-17.641872,-2.2359326,-1.0965875,13.227495,0.11649004183709621,0.13781095,-7.9444666,6.340562,-4.301137,12.287489,0.030003368854522705,-0.0154618025,-12.413282,3.2083712,-11.966585,9.496347,-0.016023293137550354,-0.39251852,-17.475666,-5.7059937,-7.6004887,9.367582,-0.9208352789282799,2.3884645,-12.393269,-1.4438307,2115.5757913059197,899.9476009986702,1.155122050320431,0.4880029996521742,1512.275687828981,2506.170478797665,3728.1656017989717,1347.2152185557566,0.6908181543707015,-0.691479620009007,2720.703125,4789.0625,0.1928600788388778,0.0973739203519926,1.3110397560453988,1.5280877049549964,0.1195068359375,0.2325439453125,1293.9028,987.37384,1.0725422501564026,0.2109524,546.7958,1851.5579,0.021217208,0.048325345,2.4908403158187866,4.9160833,0.0011182367,0.0041118874,0.0,0.21704797442518503,4.535506581513539,65.0
33f69d92026bddab494148a3d370e158f83706d94c900440250a8b1a243efe823a8da8ea130f2fc3778112b807fc75e270dc88e4b00dcfd7c5ed9d10985b4db2,35.0,-420.84317,213.19722,-0.2019742876291275,-1.6807414,-655.48114,-227.54488,58.66413,72.036934,0.3414064049720764,-0.8502624,0.0,124.46666,-31.568989,43.451073,-0.742058277130127,-0.56719065,-66.45269,1.4411855,34.900394,35.21571,0.8816241025924683,-0.24122024,6.365966,60.421333,-15.04124,21.201242,-0.47752219438552856,-0.92071986,-33.57669,0.36694562,7.895164,16.818422,0.867169976234436,1.8008962,0.0,15.745185,-6.468868,17.748718,-0.6168118119239807,1.0413637,-14.925753,0.9190409,-1.0885906,16.082226,-0.28368982672691345,0.1263938,-10.648086,8.21936,-7.564839,14.927226,-0.6163765788078308,0.017107725,-17.651138,0.5287584,11.677928,14.170948,0.6392775774002075,-0.55835485,0.0,23.197536,-11.081802,12.185526,-0.5084083080291748,-0.6644895,-20.286648,0.0,1.2120552,9.873033,-0.15763720870018005,0.8168824,-2.5714974,6.4398613,-6.7326193,10.218612,-0.6143044233322144,-0.29213452,-14.488869,0.0,1976.7176680174036,1225.1682222758889,-0.01278206154224403,-0.6894095230419759,1227.4018222381787,2844.979903346771,3467.250631313131,1960.9413283594758,-0.4572733907720996,-0.8278317038049261,2619.140625,5357.421875,0.18533972537878787,0.13669223000247288,0.44142278646888033,-0.2764264440182327,0.081298828125,0.2802734375,1954.089,1086.9872,0.057851482182741165,-1.1974331,999.09875,2886.565,0.023945825,0.026182985,0.6064755916595459,-1.1216215,0.00012823983,0.048093416,0.0,0.10025057579808644,7.529354319714387,35.0
34cbd1f1a9a77482b7559513943e5e3afc811133a597fe2ff64cf5374b0412a96cb3a9fa0bcaca10f042494c2aa6e9d359fcf267e19c74304f5d8c71d2cc8bda,25.0,-264.87024,161.94312,-0.6074160933494568,-0.9603617,-400.50946,-131.70384,51.63222,75.892426,-0.38725143671035767,-0.6001613,0.0,114.17535,2.326186,37.43872,0.49241089820861816,0.06840539,-21.537165,24.273203,24.681978,34.1638,1.0254570245742798,0.9242282,0.0,40.866196,-28.66763,35.710606,-0.8209226727485657,0.14500189,-46.111267,0.0,0.56706464,20.611095,-0.32258614897727966,0.499614,-13.5390835,13.53644,-1.4766784,19.937016,0.3802432119846344,0.29067016,-15.521989,9.450834,-9.860592,18.763117,-0.6424582004547119,0.3115356,-20.18726,0.25705838,-14.300805,15.600105,0.138419970870018,0.4331107,-24.389524,-1.216018,-8.723961,11.60627,0.018986737355589867,-0.5356066,-17.541836,0.0,-27.896372,18.368324,-0.11338753253221512,-0.040224552,-38.586163,-16.728315,-6.57142,11.595285,-0.5178414583206177,0.7332969,-13.427774,0.0,-8.627165,10.6684065,-0.5512827038764954,0.0065164566,-14.7913475,0.0,2378.054795175539,1281.423519214809,0.5901701284595657,-0.7862807241001728,1264.2360343638486,3452.260479858815,4199.699026639344,1552.5997570160744,-0.05281373032267435,-0.9865479959354908,3007.8125,5660.15625,0.2384893698770492,0.1766872375247866,0.6412716495869693,-0.8288867318495785,0.082275390625,0.3997802734375,1959.6954,1192.9548,0.07224295288324356,-1.3805395,844.7333,3052.3452,0.075955704,0.06289272,0.6352463364601135,-0.21629333,0.019604456,0.11769639,0.0,0.12106510384289033,7.547851250854947,25.0
34f2f98b0235d44b2b93ca5c9daf7c23889d876ee0ffc50951d0180d269e85ce1de9b276d4c2394a45522a8d5384768122dbdc2a1791e0fc25d9e06eabb1ca54,65.0,-313.1173,131.82016,-0.5901827812194824,-1.0152322,-413.1552,-210.89206,70.46588,70.3103,-0.07884608767926693,-1.0413364,1.2988731,127.91466,20.626837,34.83484,0.31648703664541245,-0.6895652,-0.04030505,45.82314,33.377937,42.068565,0.6074081361293793,-0.52930546,0.5416411,63.22794,-11.763808,25.580627,-0.314071923494339,-0.1099453,-29.43148,3.4235408,7.9164705,18.332663,0.21761297434568405,-0.15613627,-0.8523884,20.968914,-10.229391,16.094053,-0.5850879848003387,0.29802883,-20.554817,0.3456569,-11.188351,13.960829,-0.20290839672088623,-0.08917248,-21.219425,-0.12148335,-5.807391,13.604023,-0.0738629475235939,0.71981025,-13.840172,1.6522865,-16.015121,14.148783,-0.17099586129188538,-0.87753063,-26.448517,-2.536109,-11.46217,13.555456,-0.23130854219198227,-0.2583872,-20.624712,-0.29613352,-11.981545,12.117771,-0.3862142264842987,-0.57606053,-20.381239,-1.8878933,-1.9029448,9.670589,0.05175526440143585,0.07751429,-7.662141,2.8173702,1954.7229298516827,1371.299417600951,1.033445771878139,0.312839526763822,902.7686626297182,2791.0885794366504,3684.6565127516988,2083.736157826765,0.0401671300083759,-1.2930604909648507,1800.78125,5755.859375,0.176410845124841,0.15614921927141945,1.290370885750315,1.4748290525047314,0.0499267578125,0.2586669921875,1586.0325,1224.7335,0.44847095012664795,-1.2402978,409.65872,2697.1,0.08722317,0.073802285,0.576732262969017,-0.40847456,0.012193596,0.13558897,0.0,0.08455267282640921,14.413735196965995,65.0
351db5f179fa3a90bf3a12aed76c3bc1c6ebf2f82192199013634f790297db6aa7ac044a7141cd369db4ce483ae6ee9a917250c83c08dfb0a2ac0a279a4c96d5,35.0,-393.0869,155.44766,-0.6369558572769165,-0.8441755,-505.88837,-270.49115,89.17963,86.72431,-0.6348395049571991,-0.6789808,1.7753586,161.20206,-18.686954,47.84258,0.35842759162187576,-0.13429773,-56.429802,9.478819,33.75095,37.55367,0.4383513033390045,-0.15913057,1.3616729,59.47162,-11.342209,26.350761,-0.49662017822265625,-0.126199,-29.433392,6.839713,-3.2221189,16.748074,0.3135683014988899,0.36311746,-14.233375,4.4603243,-5.6506395,20.637594,-0.6233697831630707,1.3154284,-16.164688,6.2862554,-22.186981,19.324224,0.08423373103141785,-0.79546845,-37.4633,-4.484323,-1.4481823,14.124098,0.19842824339866638,0.55284476,-10.753487,6.566248,-3.0973072,12.779209,-0.5156674087047577,0.54477096,-11.3872385,5.151001,-9.5269985,12.780308,-0.30499619990587234,-0.49121928,-18.006382,-0.43550652,1.8918989,9.567545,0.2704429626464844,0.4539349,-3.2510133,7.8546524,-10.779366,10.234156,-0.13223447278141975,-0.47188175,-18.18412,-2.4348898,1985.2734856856275,1248.2712678643934,1.2412775366127797,0.9447937316532251,1103.3165329070075,2895.3297818688957,3645.7557397303244,1849.108723898984,0.29563704974591,-1.2492469472096244,2195.3125,5771.484375,0.1874702595799307,0.14903678195479,1.182652503168596,0.7633358090679894,0.07623291015625,0.29412841796875,1666.9354,1132.1378,0.442832350730896,-1.091748,631.1642,2609.4385,0.029594293,0.02824034,1.0314213633537292,0.5759363,0.005794407,0.043001268,0.0,0.12183999501545767,9.19635633906623,35.0
377394d5948fe8ed3dadd4a488e2e03fdec51cea72c7b7fa728cdcd598cff1a26b375e173849a980c46a837550d145f46186deb5ee7af2d31f758b14686e5042,25.0,-381.7449,109.32495,0.24588337540626526,-1.2430356,-504.91907,-295.8628,75.06281,76.41925,0.07225289940834045,-0.859951,23.478653,141.70882,45.056057,34.636555,0.8693429827690125,-0.26026464,18.66565,67.048416,24.047657,33.451286,0.8828273415565491,1.5807953,10.922222,32.75529,5.8059115,16.271254,-0.8069468140602112,1.0247993,2.18196,13.509475,1.7116991,18.884874,-0.20989111065864563,1.1042314,-3.7841406,7.807432,-1.7545279,16.892735,-0.0002652867988217622,-0.2831421,-9.8718605,4.4447937,2.1512914,12.605119,0.7082390189170837,0.06447673,-4.6382856,10.318535,-18.83453,14.742959,-0.5029069781303406,-0.86494803,-29.555798,-5.566869,-6.235281,13.800972,0.9725082516670227,1.1332054,-14.625881,-2.1660187,-13.392227,7.955134,-0.3229762315750122,-0.32952642,-17.792131,-7.9567776,-7.881583,10.386055,-0.3427390158176422,-0.2507043,-13.493092,-2.0173094,-2.545384,9.35314,-0.2118920385837555,0.12647104,-6.3571906,3.2112427,1627.4646347111914,1529.3220598155965,1.5598233940956752,1.1285307714136517,551.6676410484478,1414.3122989106828,2728.766025641026,2057.969943099829,0.7629551309308449,-0.6301986237441017,791.015625,3146.484375,0.1313601762820513,0.1547273434741232,2.2392822818691323,4.283185938084866,0.0439453125,0.1270751953125,781.30707,671.277,1.9882386922836304,4.5200768,323.3669,1004.232,0.06602789,0.08040132,1.6517292261123657,2.738956,0.00066162576,0.09946977,0.0,0.09794716022648856,14.082612224260357,25.0
382e7792c4c0d69362ae40a6d892a6182d6a1481b0b394ce30b1ae95e43c04242fc513c033e9e86b485458f31210ff8605176e74f2b908e4c0ca6784cbd9eb22,15.0,-535.4044,163.65518,-0.1731378585100174,-1.59318,-724.8708,-384.43445,107.11369,60.913216,-0.28283002972602844,-0.59556603,68.116165,163.18991,-26.803886,50.843708,-0.4748154282569885,-1.2132047,-71.02155,18.818125,23.687906,22.77223,1.1327189207077026,0.94097257,10.337283,34.00243,5.829932,26.916363,-1.0685458183288574,0.48756504,-9.783211,22.606735,6.662247,11.79542,-0.5963560938835144,-0.5612719,-2.3214052,15.146048,6.1390085,14.658257,-0.14399652183055878,-0.14227867,-4.4669676,15.901005,-4.1262703,18.533373,-0.42598918080329895,-0.86156726,-18.707756,13.158519,6.4963546,14.236867,-0.9053381085395813,0.384686,-0.7665107,16.666857,8.19199,9.37832,-0.24324771761894226,-0.17514586,2.2971468,14.083129,-7.5944357,12.702337,-0.7632598280906677,0.23853827,-13.694619,3.4030242,3.1875136,8.19049,-0.09054572880268097,1.1828704,-1.8947172,7.0814476,3.6284184,10.047079,-0.21126165986061096,0.19570494,-2.152742,10.240807,1750.7504827833557,823.6014525323144,1.8389075200891214,3.1994744900538734,1200.6456587167245,1887.8260700516976,3559.8958333333335,1590.0248666479167,0.28659724558342575,-1.2059651899649682,2162.109375,4957.03125,0.12679744112318841,0.12018872246562959,2.2571355899944554,4.35097846295041,0.0533447265625,0.133056640625,1485.27,976.1928,0.6927610635757446,-0.25622058,650.5745,1958.4802,0.006429532,0.006983809,0.765492856502533,-0.6988807,0.00020992797,0.010647881,0.0,0.12989554398556857,8.588517928430246,15.0
3935c83996bc79d7abc50adc36392f9a2fd97df405c02b2321332068d1f235f816f68c7b84d0c3b80073933b9f6ab6f5b2d06f204e4bacdd8623e31009f1b83c,25.0,-333.80502,225.72957,0.17480671405792236,-1.8339772,-551.2124,-102.23744,36.846527,55.19205,0.3785628080368042,-0.79599905,0.0,85.96699,-10.314283,28.374832,-0.6258997917175293,0.16820145,-27.635983,1.3009586,11.788259,26.824505,1.7065303325653076,2.8663597,0.0,14.123697,-2.535813,19.422123,-1.3163974285125732,3.0834088,-0.4496198,2.9062812,2.507101,10.9852295,0.08072395622730255,1.6512737,0.0,6.851333,-5.759645,12.332522,-0.7395750880241394,-0.024505615,-14.139612,0.28507602,1.985441,10.498773,0.48484134674072266,1.7003236,-0.06696693,3.4746983,-4.7592244,8.842242,-0.7181717157363892,0.3867445,-10.191191,0.0,-6.989137,11.720175,-1.46920645236969,1.7093749,-12.440056,0.0,0.8584353,6.4935827,0.8337059617042542,1.6463518,-1.1476195,1.8632609,-2.5703108,4.98311,-1.0930156707763672,1.9443378,-5.1486993,0.0,-0.7508286,7.1037154,-1.5850290060043335,6.7499237,-1.8186394,0.77801573,2387.0902947819595,923.551443491859,1.2631593620386536,1.6169472710482404,1808.4114652675335,2624.417674428721,4645.932404891304,1376.8435796023746,-0.2995850817860822,-1.0098739258824623,3423.828125,5464.84375,0.2077583644701087,0.11815283295752882,1.7643460422368507,3.078294617826665,0.1390380859375,0.2274169921875,1424.147,959.2845,0.8521265983581543,0.13832021,656.9952,1947.8843,0.06819031,0.08349903,0.8553828597068787,-0.6633675,6.571091e-05,0.12135291,0.0,0.09509584890650986,5.762935172852942,25.0
395e0be2d6b5c19b53a9c6ce9a8c92f16e183c45a9be9837ef713fa437552d2ea8276e5ca37b3c1e9d79fb57060ce73e75a7e4c72e5c7c95ff443d978e50f556,25.0,-350.75858,156.52367,-0.30964329838752747,-1.4807235,-527.01044,-219.47557,87.2266,56.40094,0.12409952282905579,-0.6035061,50.622887,130.08832,17.648817,38.003006,0.15199869871139526,0.32577372,-5.8393745,39.385063,2.318602,36.342678,0.5105069279670715,0.71756816,-18.432594,14.594725,4.020564,22.726973,-0.3630736768245697,0.48555875,-5.6183815,15.375078,-10.871743,19.111511,-0.5639742612838745,-0.33287287,-21.745789,3.5488482,1.0410379,18.06716,-0.20041827857494354,-0.18622708,-10.622908,12.39707,2.3189814,15.034078,0.02842896804213524,-0.1847446,-6.9601994,12.037016,-11.063136,14.980357,-0.341120183467865,-0.242522,-21.478706,0.6331321,-16.968256,18.9919,-0.25592419505119324,-0.8540175,-31.925158,-0.6431275,0.85888684,11.246409,-0.6450920104980469,1.591248,-5.3207154,7.523967,6.571726,10.983966,0.8953831791877747,1.8797603,0.5593585,11.310067,-7.073185,9.509637,-0.5434620976448059,-0.3564155,-13.546627,0.1303558,2191.8184801525426,1370.2855828569184,1.3514955382005578,0.788831791257846,1244.085291029977,2605.562897901635,4037.9723837209303,2100.126406827746,0.24030910113556878,-1.3511103133643863,2296.875,6183.59375,0.17666469840116278,0.1380261264415138,1.4273156853254105,1.1845008700519264,0.080810546875,0.2412109375,997.74677,822.9911,1.6856517791748047,2.6568975,422.68478,1202.0853,0.03451763,0.030980406,0.4132901132106781,-0.88545156,0.0012947224,0.057306975,0.0,0.17741231664083695,6.23406781153687,25.0
39644ad461ba8d697f0a7abb1c586cedab5735c7b692a3f2efc55cc7b6468d6480800af55200f56b2cf113079b41bd13d2947b47bc3e8f2b501a3af34034ee7d,15.0,-348.0699,159.19667,-0.6154876947402954,-1.1780362,-546.4676,-220.23492,87.585434,67.23536,-0.12931376695632935,-1.3880523,15.789223,147.26015,-8.617849,28.091612,0.156612828373909,1.6801934,-23.366665,2.857181,21.526772,29.489563,0.7987411022186279,0.3110478,0.6322168,41.577328,-5.6778674,14.999773,-0.8011742234230042,2.010181,-13.432491,2.6869938,0.009427715,13.205622,0.05154697224497795,0.21084404,-7.5434866,6.415325,-13.079965,12.892915,0.020354334264993668,0.42316556,-22.224878,-3.6332645,-13.739649,14.00522,-0.4718119502067566,-0.4935019,-22.489742,-2.5660105,-7.835985,10.972616,-0.08458688110113144,-0.6543548,-16.45774,0.39423674,-5.8584266,12.611747,-0.6129581332206726,0.17291331,-15.52988,2.2958236,-6.132559,9.696208,-0.3295111060142517,-0.18358612,-12.611068,1.0350082,-7.1621065,9.891427,-0.5354414582252502,0.36611652,-13.862072,0.75581455,-3.2599053,9.688744,-0.451699435710907,0.35896015,-9.663441,2.8993006,1754.321904978071,995.2601255113286,1.0476345947501164,0.5414772505576875,1011.1723491749374,2414.7375989396983,3454.6962290502793,1811.389411071029,0.3827673057577111,-1.1520187712223073,2007.8125,4957.03125,0.14279089560055866,0.10902965249992484,1.5273347297356903,3.0200196719199175,0.0556640625,0.202880859375,1400.7672,1028.594,0.8265309929847717,-0.32061315,526.07654,2013.23,0.03719574,0.034831624,1.0116984844207764,1.1348224,0.00043460858,0.060237616,0.0,0.10147200495528397,11.325285363631023,15.0
39b25954489041e3e698ca185c99ca93849ac888d68975fdac2f4a94047cb7c1f73adf4be2f4a028cd05a4e1a29261752448b20d2dc09d39540ca703be8be4fa,25.0,-365.73203,118.879944,-0.20509754121303558,-1.2048317,-482.7187,-258.4088,117.08168,44.280975,0.24785421788692474,-0.6558459,80.30825,155.45978,10.27723,20.163986,-0.7045751214027405,0.018347979,0.5540856,23.207493,21.33091,28.827967,0.09827924519777298,0.48691225,7.3939,34.403923,8.727304,22.300678,-1.109138011932373,0.69029355,-1.0610827,23.329453,14.164276,15.239252,-0.8155965209007263,-0.26868272,5.248867,26.52774,2.339023,15.173789,-0.18884795904159546,-0.83124185,-9.720585,12.028634,6.469567,11.734406,-0.3517199754714966,-0.55398345,-3.124535,16.548935,-0.43291676,14.176226,-0.23266689479351044,-0.8512938,-11.950461,12.358408,4.8173957,11.306333,-0.34830546379089355,0.1957624,-0.07789433,12.379287,0.35963604,8.078784,0.045660607516765594,-0.42822003,-4.6431527,6.5697765,2.8708427,9.22286,-0.42346689105033875,-0.7566831,-4.31071,10.942386,1.516019,7.6545677,-1.020799160003662,1.4670348,-0.9492812,6.9487143,1112.8524760372409,475.5429412610371,2.585294199831698,7.06098481106727,888.2149653003278,1108.3509198871006,2303.671875,1078.9504624132644,1.025058941018507,1.1676492740845195,1503.90625,2820.3125,0.055,0.03925741895791552,0.6640503701324937,-0.317109525721873,0.0164794921875,0.0870361328125,860.52814,732.7809,2.080791711807251,4.703292,371.86456,1086.0667,0.026205676,0.021984747,1.0127216577529907,0.073493004,0.008499912,0.038881883,0.0,0.16498888327255584,5.677046188110226,25.0
3a6c6f8cb15551b5f2f9f23d84d2c276c0e5e3a8bfadae6ca1a49456168616ec1069d95927ce1ccdcc0e5e6cd3cd05169935a5918232db658d98c20a93153e56,15.0,-582.0774,149.17789,0.33271339535713196,-1.1626871,-724.5292,-476.4565,52.588715,59.45128,0.19960401952266693,-0.5176785,15.411749,96.20503,-5.3772154,41.08234,-0.7686320543289185,1.0525122,-24.011612,14.678689,16.476646,29.495848,0.38602980971336365,0.45061636,0.14192197,30.523697,-2.8258045,21.167473,-0.885055661201477,0.36408377,-15.338251,10.132902,5.01697,16.267208,0.13328012824058533,0.16034245,-4.3296223,14.080769,-12.449338,20.268234,-0.5595592260360718,-0.3587501,-27.201649,4.055899,-3.9436035,15.714268,-0.5430848598480225,1.1498737,-13.768333,4.4856086,-8.87996,15.8479595,-0.6359456777572632,-0.39474964,-20.912289,2.359192,1.6242924,13.518498,-0.10196490585803986,0.8565378,-5.4557805,8.425705,-1.5441892,12.178449,-0.03285946324467659,0.17414165,-9.358696,5.8959064,1.7730265,10.351051,0.28774362802505493,1.741837,-3.9291816,6.3660183,-6.1191397,10.028036,-0.46029582619667053,-0.0060818195,-13.532202,1.2184852,2487.0601728183965,1285.9469716725243,0.7005162604398597,-0.16755505325935927,1358.8200451746156,3048.390751540866,4363.187799043062,1759.4917567139773,-0.3474874624011531,-1.388135113356154,2789.0625,5812.5,0.27069705068779903,0.1750848081211767,0.30986048852352405,-1.0133730679071526,0.099609375,0.41796875,1803.2434,1118.419,0.33414730429649353,-1.0748665,820.6621,2723.9897,0.004527777,0.0064131944,2.0081229209899902,4.2495327,0.000119690674,0.0068961876,0.0,0.09375809592377402,12.051119358582172,15.0
3b7eaa405f1e02d390390de9da47a0e23430e88d3d982194e4e491bf35de76cf232658461cabf8d51c1391520655878dc190cd1b729e16cacf199bbd82afe028,15.0,-347.63818,126.05777,-0.5677291750907898,-0.9307889,-452.8358,-255.5938,91.74374,57.12426,-0.46216943860054016,-0.24538136,45.753265,139.06854,3.211409,38.020973,-0.37092265486717224,-0.060106754,-20.664778,29.200077,30.74086,29.990902,0.438008189201355,-0.31584024,9.590392,51.692772,-7.533619,27.566757,-0.8608392477035522,0.82528114,-26.817318,13.189449,-11.298354,20.256992,-0.23080655187368393,-0.62119555,-26.613049,4.809931,-18.341621,20.796234,-0.342165008187294,-0.72969186,-34.49024,-0.12678993,-4.8257284,16.050407,-0.3566024750471115,-0.22551298,-14.193197,5.617508,-8.139812,13.55041,-0.5046540480107069,0.43587387,-18.073238,1.4683647,-8.931665,11.95449,0.1050255037844181,-0.37654018,-17.03862,-1.3123423,-14.3482895,11.3596945,-0.14928751811385155,-0.53587174,-23.098656,-5.4104843,4.831422,13.20615,0.13708114624023438,-0.24575138,-3.1897607,13.025906,-1.9927546,9.091455,-0.164123073220253,0.4955392,-7.429001,2.933043,1487.6887397392495,863.7887945537464,1.435033562126176,2.0074209479762115,900.6848877323096,1929.330536070112,2830.357601768092,1557.201488670045,0.49907787392935243,-0.6534019202473449,1716.796875,4041.9921875,0.12518441049676193,0.10105992586923664,1.9055278747555646,3.6665865259752484,0.0589599609375,0.162841796875,1339.935,1058.1287,0.8098984956741333,-0.5122042,449.5355,2010.0155,0.049507912,0.041131698,0.5255919694900513,-0.64434934,0.00911975,0.07731761,0.0,0.11002830470645963,12.94442203659937,15.0
3cd08cd7a23c7ebfb271cdc72e8c1a0de0c191bc54c5e28a0d591845bf50f36358d6e11f670b7cbe0a42f3312a72161fdbbfc8fcbc30480f342de772c02e688e,15.0,-344.08496,194.81607,-0.42368941009044647,-1.3935754,-593.8662,-177.22885,70.30254,71.10266,0.1978108137845993,-1.0160646,0.04352811,124.34222,-40.65628,42.861656,-0.15174639225006104,-0.7534745,-73.34635,-1.8668475,18.965921,35.030434,-0.005095005035400391,0.39445412,-0.4385962,41.80812,-1.022431,24.562197,-0.4629341959953308,2.601085,-12.785627,10.005721,-11.766759,20.667871,-0.7868886888027191,0.6689671,-23.638891,2.9441648,-27.948456,25.135746,-0.18551116064190865,-1.0085613,-48.587852,-0.7781567,-5.171819,14.471714,0.1033172458410263,0.030251145,-13.592042,2.630077,-14.1114235,15.297337,-0.019069209694862366,-0.21113777,-25.326094,-1.5437043,-11.658531,14.616519,-0.5374525189399719,0.09040713,-20.172033,-0.3213743,-6.147623,10.593229,-0.1476350575685501,-0.6667379,-14.408943,1.2501554,-6.9918604,11.646872,0.16113977134227753,0.24399781,-15.219996,0.10765097,-5.3264046,9.810454,-0.23261069878935814,0.44417775,-11.776373,0.0142666735,2050.5569552617667,862.4698633836621,0.5053435885509302,-0.17005627961572967,1367.7553141232565,2794.8549406786424,3440.524664439451,1478.2088010842076,0.20935673623929182,-1.2536697112689859,2294.921875,4947.265625,0.21047215457219726,0.09795970460672244,0.4133479144507067,-0.5802803621020713,0.12811279296875,0.2947998046875,1834.5759,1033.907,0.21146631613373756,-0.89653563,979.14874,2559.0088,0.045527577,0.042259395,0.7050713896751404,-0.033849716,0.00079226604,0.069075845,0.0,0.1364242232663016,7.4762502026406015,15.0
3f3d92676cd260ad75fffc17366f87283d4eeb4bd04a2978bb773c5f990a1360b6e58dfcc4784b7d4695ea214b3a022a986ac89d9added03313888e2afc99105,15.0,-342.47943,158.64462,-0.3034806661307812,-1.4541979,-521.8603,-206.09412,55.50373,57.978745,0.1890585497021675,-0.8241428,4.3692484,100.60632,44.49063,41.66297,0.3347027450799942,-0.7924235,6.700502,75.7265,15.982437,30.454477,0.09585115313529968,-0.18231702,-0.4066114,38.231773,-6.2572813,23.168667,-1.0532332360744476,2.6063364,-17.84006,7.730998,-4.8337045,19.309086,-0.2951929494738579,-0.12149942,-16.032415,7.3992677,-20.122383,18.047005,-0.05605713417753577,-1.1746686,-36.44359,-1.5912883,-11.671059,15.6856165,-0.6440401971340179,-0.44031703,-22.956533,1.3683705,-13.570852,14.514375,-0.6054657399654388,-0.36731374,-22.719389,-0.10799128,2.9827487,8.684043,0.5912814438343048,0.32234597,-2.3222787,7.372934,-10.077522,9.638165,-0.04534273128956556,-0.7210667,-18.477581,-1.3070112,0.35051763,8.741907,0.5407740324735641,0.6986989,-5.5268307,5.062857,1.7398341,9.113113,0.5855056345462799,0.7597525,-3.1090157,6.8866653,2248.868621177624,1318.5331622761032,1.0163318206194683,0.1496905159891868,1283.331254635692,2980.501557918743,4168.115405701755,1912.9345438181208,-0.15758078281278712,-1.0847757921425902,2618.1640625,5852.5390625,0.21365765487938598,0.14806061781552227,1.3589891244862562,1.43278995256487,0.10382080078125,0.27642822265625,1470.3054,1108.8987,0.6309016644954681,-0.8661848,487.18884,2384.0188,0.051967893,0.052308206,0.8543168604373932,-0.03537059,0.0013156026,0.088021785,0.0,0.13949567529970736,9.040787931099796,15.0
3f7e8cf738ef7d30122de0985af0c8666259adb2f012bcafad9339c400ee8fbbd68cf0d194b48fd6b6022036db2dbaf0e03261818a30201031d179f162a81603,55.0,-280.24658,82.71793,0.12314321100711823,-1.1951367,-359.61462,-208.74495,107.62655,40.323086,-0.6721805930137634,0.78950596,99.925446,133.80228,4.58528,23.251446,-1.0119959115982056,2.5034275,-2.057994,15.051477,53.557213,25.216553,0.510498583316803,-0.67822313,34.78632,72.4821,-5.7953486,22.995178,-0.8869074583053589,0.8487892,-18.982216,9.670774,24.189898,19.45855,0.17637233436107635,0.602401,12.582996,33.712685,-1.2933592,19.667759,-0.6708284020423889,-0.78413343,-18.44054,13.699029,13.874929,14.488857,-0.5629507899284363,0.14099002,7.905493,23.089413,2.560705,11.887303,-0.837928295135498,0.6691632,-3.0010886,10.369173,3.1816008,9.841753,0.5499660968780518,1.2070074,-2.1313865,7.946357,9.963671,8.193504,1.0227020978927612,1.5738297,5.4167824,13.411193,-3.908935,9.9055195,-0.5975868701934814,-0.05506587,-8.7018585,3.6927416,1.1804733,7.4656987,0.14070142805576324,0.5821278,-3.0085645,5.363262,1324.150142671271,817.2507206687742,1.6608636953061995,1.571236450056042,826.8488919655233,1343.8955633201715,2724.2040094339623,1080.9411689830845,0.4845981017832032,-0.26366774449695685,2066.40625,2925.78125,0.09173238502358491,0.09558970072181501,1.759196832398661,2.345124851470281,0.02978515625,0.109130859375,1435.0397,1277.2675,0.7403357625007629,-0.9076364,314.87457,2455.792,0.05862489,0.052095473,1.1162633895874023,0.32608867,0.016580796,0.08401446,0.0,0.17904587430111363,9.321419848430711,55.0
409c2aeef4a786932426ae3cb1ceb4666acafbfef9ac74c2ad3f25f51e5f4cbc14edf504012581f0dcb4ccfe13ebe432ce3ff6a14d7649677702c4a8f7451b11,15.0,-373.82715,187.86566,-0.2166876494884491,-1.5493268,-611.93933,-216.46753,35.57596,58.863365,-0.24785878136754036,-0.15057397,-0.13913052,80.07623,12.471286,43.090233,0.23183264955878258,0.11787379,-10.538403,38.123596,16.14997,29.826965,0.6195398271083832,-0.15988588,0.0,35.10894,-18.138971,26.258657,-0.652990996837616,-0.3108816,-37.20252,0.0,10.793671,17.763855,0.9396770000457764,0.7248179,0.0,22.001041,-11.579386,19.214954,-0.16996052116155624,-0.31169128,-26.63297,0.043319944,-6.825222,14.3341055,-0.866789311170578,0.992949,-15.506813,0.0,-12.369017,14.432253,-0.6025462746620178,-0.5609137,-23.572926,0.0,-2.323193,10.968918,-0.6570577919483185,1.9028931,-6.8668556,2.071251,-11.062422,13.658729,-0.5496012195944786,-0.29914868,-20.27163,0.0,-13.713129,15.869384,-0.5219897478818893,-0.5265911,-25.414307,0.0,1.3451707,11.507403,0.3766253590583801,0.75314486,-3.6114008,6.6003785,2273.739708484402,1411.353435480399,0.4325737422258218,-0.174719134071889,1400.076806132734,3095.7842746234064,4095.3095885093167,2032.2618201088385,-0.712121720361657,-0.3054127781624403,2927.734375,5574.21875,0.1809465984083851,0.15135544257603983,1.2030700989880456,1.5514019688751008,0.056640625,0.2559814453125,1676.7488,1111.574,0.39715538173913956,-0.9884353,657.3113,2624.8684,0.043499984,0.04067216,0.40103779733181,-1.1418965,0.00012979023,0.078300536,0.0,0.1036772935454845,10.805198923746147,15.0
41052e552844aadb8d3348a9678d79120a4c5a4d77c45add5ddf7b4eff9b79bdb55e64934de7e46ef520d3529e645f3b09aebf0ab8f854ac475e49f1705dde7b,55.0,-408.89352,193.37668,-0.2995242476463318,-1.61424,-644.9736,-230.31247,70.04578,73.57272,-0.023310575634241104,-1.2104005,8.193912,136.42079,-11.197012,37.068523,-0.10229029506444931,-0.7168088,-39.08316,9.630334,45.774837,37.043587,0.39967045187950134,-0.8937609,9.004559,75.83254,-20.102385,32.45225,-1.3405195474624634,1.5202789,-32.900673,4.3360767,-4.193163,14.332614,-0.013147488236427307,0.2827494,-14.345501,4.619469,-10.669384,26.03231,-0.1859118640422821,-0.60990906,-32.14557,5.5751276,-14.045613,22.307865,-0.5620924234390259,0.15041828,-30.167036,1.387419,-17.071081,15.763234,-0.491362601518631,-0.94101286,-29.979275,-3.3130739,2.6149547,10.572979,0.38211581110954285,-0.122102976,-4.3252673,9.303104,-5.852747,11.954304,0.4122185707092285,0.62155986,-14.271821,0.24387598,-3.4788396,8.444617,0.20080162584781647,-0.253932,-9.593425,1.9610472,-8.382126,10.21811,-0.034301042556762695,0.52130866,-14.706228,-3.1238146,1871.3174505372374,865.194441499494,0.4093347619580745,-1.1313461645724374,1102.8955317827897,2703.8621484544806,3615.0981104651164,1470.792752564929,0.18365330355470766,-1.0828164114737284,2505.859375,4996.09375,0.15492142078488372,0.08567488147650149,0.6987169204206541,-0.664996525749316,0.0794677734375,0.2205810546875,1651.286,1191.2207,0.3481517434120178,-1.3221881,513.6386,2680.4084,0.031585965,0.029875256,0.3492202162742615,-1.4096224,0.0010458505,0.060372274,0.0,0.11975710213965404,8.68967351280894,55.0
42d2006e2c0f1c8904ac4a4f002005913177e380a489e5c290587e1242fcd7d1a3b856f7e80341c04c8e095fe2cfacdcc40224947623bbc2fc66efea5f8b07b4,15.0,-365.1078,180.36792,0.19946160912513733,-1.4259906,-562.3793,-202.57349,40.0653,58.895702,0.1526709645986557,0.3613217,2.1973262,79.97727,-34.387634,44.802864,-0.9183159470558167,-0.43879175,-63.835934,1.4437686,-10.072268,33.454586,-0.7936186790466309,1.7994151,-27.153252,1.987564,-32.7828,38.27187,-0.5934112071990967,-1.053074,-67.40781,0.398055,3.6358597,18.724451,0.16105332970619202,0.71278524,-4.0926847,10.140078,-19.079578,19.30537,-0.549990177154541,-0.98363376,-33.239544,-0.38038182,-5.38984,13.527688,-0.3985602557659149,0.22792149,-13.946344,0.60419,-12.410716,15.160138,-0.6528250575065613,-0.83578515,-23.915556,-0.23549947,1.6672723,9.693978,0.0013818051666021347,0.54495764,-1.1621493,6.5715528,-9.098074,13.146239,-0.29188835620880127,-0.43896937,-19.734211,-0.106073566,0.82128364,9.180867,0.06931135803461075,2.1941304,-2.1692302,3.557446,-1.3733177,9.112751,0.12861067056655884,0.18664885,-5.8039937,2.1485393,2205.2550021954894,722.0334341607035,0.18786224525040016,0.12242232734235436,1755.1017150854916,2654.6610029810895,4133.59375,1305.3034661226773,-0.8929382645915689,-0.1308194290719622,3197.265625,5021.484375,0.21510009765625,0.08073084747451545,0.08333147518405216,-0.4381357925268228,0.1654052734375,0.27587890625,1856.8806,1077.4287,0.25529974699020386,-1.1214263,909.8872,2766.8196,0.046634473,0.059667826,1.354128122329712,0.5793705,0.0002746316,0.060538307,0.0,0.12325694632660501,7.47242524865417,15.0
437aead2ee4acf4aedf16642e79f644cb2ef96bb234181235e3295d833c8e0e365428a0e48102d1d44742e1aa264a48eff06e358da56029fcbfa12275191da3d,55.0,-251.8414,206.11327,-0.44935525953769684,-1.3727162,-448.05646,-71.43643,47.53738,57.056885,-0.44991350173950195,0.48746836,21.949379,86.24843,0.9668243,32.614487,-0.4665973298251629,-0.33882284,-23.912357,27.570457,47.431572,27.753326,0.7143353819847107,-0.17553222,24.03193,64.863174,9.490966,16.935738,-0.6698838174343109,0.4861778,-1.2154524,21.344776,7.48505,17.631931,-0.5704073905944824,-0.13691401,-4.663625,19.392967,0.12623274,16.87976,-0.48202724754810333,-0.1432954,-10.41482,13.0392685,12.244157,14.983457,-0.014553897082805634,0.13109076,4.5756087,20.986887,-1.8937666,15.170441,-0.22365646809339523,-0.3255695,-13.304929,9.117287,11.409318,8.960375,0.49184927344322205,0.99285734,5.857957,16.799105,-4.7141867,12.221792,-0.39020006358623505,-0.7550974,-14.444315,5.3294115,8.081851,6.9718876,0.2525535598397255,0.10163605,3.795048,12.682657,2.1257849,7.8860407,-0.07432602345943451,0.42431223,-2.7225018,6.413955,1996.329793505733,1145.079955131193,0.9512135317200998,0.18849462311896903,1259.383747841824,2609.5566146367782,3686.1500073504703,1562.6777125309814,-0.12655280561022367,-0.39962550807865926,2833.0078125,4937.5,0.12878292863086988,0.1237584470820426,1.3709945845396805,1.4136245587075305,0.03485107421875,0.1785888671875,2041.3585,1128.5703,-0.22922372072935104,-1.1287317,971.3828,2912.2778,0.102192245,0.08205237,0.12945834547281265,-1.3752799,0.01927691,0.17515598,0.0,0.1433316041598019,6.952967388412052,55.0
444f2724cb023cafdcf5d2fb7ce6dc54356b23baaa77046030b534c8fae75f1fdbcd02c8a59953b0f43ba1f34b4aebf91132c9248cb9caf32abc58430ae377a4,35.0,-135.75449,94.723564,-2.5804076194763184,9.655229,-176.62633,-75.41957,98.65545,39.26658,-1.216420292854309,0.44458437,87.80807,124.420746,-25.717995,25.53734,0.30658474564552307,0.75366974,-39.72378,-13.278077,23.34645,25.648232,0.2887059450149536,-0.8628566,0.0073195696,41.813408,-3.3198755,12.588288,-0.8281685709953308,1.6729484,-8.169469,4.0599766,-0.23393649,13.2158785,-0.891832709312439,0.2925861,-7.616662,9.4234,-8.630379,10.4740715,-0.2538074553012848,0.08355975,-13.720237,-2.6135192,-7.5569143,16.062223,-0.7732608318328857,-0.0045735836,-15.836765,3.3085299,-9.600015,9.888212,-0.5973058938980103,-0.08789492,-15.088337,-1.8137052,5.771055,8.539547,0.5576170682907104,-0.12601662,0.017613776,10.911666,-15.74483,9.7887,-0.05771224573254585,-0.23386526,-22.555511,-8.923999,2.6697893,8.373564,0.5403143763542175,-0.2256434,-2.6566033,7.761534,-10.933308,7.602556,-0.015551095828413963,-0.3980751,-16.494709,-5.9606566,1820.1329984520148,726.927036479521,1.6421860382590594,1.7657303964214357,1377.3805690410725,1856.2604777484212,3399.2660984848485,1231.4700852806466,1.2023823929322814,0.23813515346230574,2511.71875,3525.390625,0.14719090317234848,0.07041844345032625,1.2505252822557513,1.4945901157982586,0.1031494140625,0.1861572265625,1471.8553,946.09875,0.6079712510108948,-0.5281489,659.7374,2078.7283,0.086265765,0.049506478,-0.1505287140607834,-1.2471364,0.032368314,0.12789758,0.0,0.08466417081853123,6.215334327834909,35.0
44c2dacb02d90ad13c20e1be45fbdc95c64ccef39ae22b24f81d81f87b2335db3330d7d21794d040d78465e16f87d14792794346cdaf5b54ed18a6f74929a8c7,15.0,-459.53253,106.763985,-0.19093480706214905,-1.03658,-553.4467,-378.47058,93.59016,43.505028,-0.5119513869285583,0.513685,54.645523,126.54542,-4.069294,35.12511,-0.4575011134147644,0.08813381,-24.719528,18.820827,57.238926,36.185,0.48551470041275024,-0.7712393,21.501347,85.29107,1.575112,18.874332,-0.967143714427948,0.92271996,-8.5189,12.26867,-5.372766,17.961445,-0.015991030260920525,-0.67950726,-18.827448,11.387064,0.65856385,15.807134,-0.19231049716472626,-0.7995174,-13.201717,12.258014,-1.1864158,13.753119,-0.07246464490890503,-0.85211873,-11.246996,10.577971,-7.806529,12.09422,-0.5197288393974304,-0.72055006,-17.982197,2.5976472,6.655293,9.369498,0.0520247146487236,0.2919879,0.63419235,11.40182,1.2752709,8.224574,-0.8903467655181885,1.1322589,-3.2276084,6.768538,1.2977862,9.34002,-0.29475006461143494,-0.60326385,-6.046765,8.8613825,-1.1110173,9.93717,-0.6360766887664795,-0.3937931,-7.019069,5.380309,1741.8436295289725,744.3870074107036,1.6101481504831834,3.8895292074482617,1238.252244255477,2242.2098034110873,3577.299735915493,1392.5920977802102,0.5241436097037967,-1.1591651392979356,2537.109375,5304.6875,0.11679893816021127,0.0844513568763393,3.043190571965107,9.749078041268618,0.0762939453125,0.1209716796875,1454.8518,1024.376,0.2748245894908905,-1.3287592,450.2536,2405.8833,0.007652496,0.006503409,0.857926607131958,0.3423624,0.0013449523,0.011907314,0.0,0.09388134067497102,10.739544488294532,15.0
4513136cee33f4896ae0ad7e52aa8b5be5eb4e04a426cbe959feb9ea8ebc607d98340fef2adaab3a3e6ec164dcaa1871e5bec45a431d4b210816ea5fff51b615,55.0,-509.3412,175.57628,0.7991476058959961,-1.1146724,-648.04517,-323.46002,40.590405,68.55565,0.7808007299900055,-0.0875293,0.0,90.01058,7.1117144,37.427574,0.260497510433197,2.227616,-2.1756606,17.770111,22.340212,33.503918,1.5581162571907043,1.6589416,0.0,35.502426,-0.80054075,21.040144,-0.8321712762117386,2.0752895,-1.5252804,5.7285576,-6.624558,15.123929,-0.5627154111862183,0.8878329,-13.895945,0.79220605,-7.0757046,16.787651,-0.32381540536880493,1.3428879,-15.462701,0.06521855,-17.287067,23.187378,-0.9546182751655579,-0.27290297,-32.873302,0.0,-7.6352167,14.92758,-0.5608772337436676,0.20852733,-16.7855,0.042738862,-7.1864014,10.733486,-0.6351373195648193,-0.45341253,-16.405487,0.0,-8.968294,13.087814,-1.1767607927322388,0.46280682,-13.536612,0.0,2.9773967,10.528812,0.7645641267299652,1.4203496,-1.9710683,5.4720993,-3.09509,8.139479,-0.689137265086174,1.067905,-7.811596,0.32590464,2698.3522713147518,1433.490684672132,0.25737970557721634,-0.7268083407507544,1442.9362761952939,3662.564894764996,4735.546574980799,2021.4653572748148,-0.669578110128269,-0.86587697171369,3147.4609375,6416.015625,0.2519443119359639,0.16723324881398224,0.5047227760159398,-0.6567355776041424,0.0997314453125,0.38397216796875,1881.9524,1201.915,0.15259627997875214,-1.33888,692.3262,3000.6667,0.019690618,0.031835005,1.4685731530189514,0.78883684,1.0513384e-05,0.030976519,0.0,0.16306330019463594,5.505299289411118,55.0
4648d27727b43f86c769e50015052100d13fd4bb2bec065c438212a788fddc6171c089206a44321d32bc05ca33702369e52c6bbf7a67bef9a3414fe01d569aa3,25.0,-529.1452,142.17255,0.33875423669815063,-1.3889725,-673.07874,-404.3031,67.50347,53.583664,0.37072521448135376,-0.70273876,24.574322,107.70906,12.784533,28.523378,-1.0199825763702393,1.5365252,8.332894,23.558363,29.995554,37.080086,1.0661627054214478,0.97911334,9.657827,51.51173,-13.027784,28.790104,-0.6791167259216309,-0.60730124,-36.986534,6.806939,-14.717254,18.626768,-0.4554362893104553,-1.1484758,-33.603035,1.0551224,-15.740032,20.74014,-1.0337618589401245,0.1745696,-27.471764,0.14209339,-2.1924627,10.008399,-0.8534190058708191,2.0742583,-5.2584453,2.442192,-7.3068805,11.768109,-0.6051770448684692,0.34179592,-10.694777,-1.202911,-11.479045,9.436171,-0.7855589985847473,-0.23263192,-17.420942,-4.418403,-6.085821,7.783923,-0.18970465660095215,0.7984493,-8.711344,-2.7659435,-4.6371775,8.101171,0.5500202775001526,0.88262963,-9.011786,-0.21798599,-6.3008265,5.511893,0.12435250729322433,-0.16687942,-9.326988,-2.8727944,1844.3942166831391,880.5284322580505,1.777067277073846,4.610980558659868,1280.9545835950394,2122.175961332308,3787.0695153061224,1499.260881966207,-0.34274117124280545,-0.3084276966263393,2929.6875,4841.796875,0.14571209343112246,0.10338771582971779,2.6072933678662022,7.731491425036866,0.083984375,0.1572265625,1170.024,967.38165,1.075449824333191,0.093563795,416.59314,1797.6943,0.009198621,0.0128485225,1.5247650146484375,1.6790028,0.0001232641,0.015604495,0.0,0.1210238618128763,10.511132953840926,25.0
468f0ce3d5332b1b49243574ce5988e7bfffa14150ea8be0ee1e8ba89646aeaa64cd9a84f55576feccd5b34b97d2240d41f6eb09b62a6f3bb50aab8163948e3c,85.0,-296.53458,114.97978,-0.17806240171194077,-1.292517,-410.9372,-196.07623,113.93208,58.1454,-0.26522402465343475,-0.44842696,78.78607,162.17303,16.886068,31.785233,0.13498226553201675,0.6126778,-2.3202264,32.04604,17.563808,24.989586,0.8080202043056488,1.9187906,3.0604756,27.994215,-4.6300664,22.176403,-0.6550583839416504,0.22273338,-16.99495,12.035265,13.813897,15.859202,-0.12511694990098476,1.0027266,6.3602996,22.76548,2.758141,16.77686,-0.4992067739367485,-0.5028367,-8.892207,15.538523,3.003636,19.294592,-0.6255057156085968,0.13017344,-9.804578,17.169981,0.63130486,12.773245,-0.4264710545539856,0.18818939,-8.550779,9.936312,-0.60385853,14.264776,-0.7658627927303314,0.5376462,-7.3130064,8.246521,-4.7471795,12.385847,-0.5603955835103989,-0.2970779,-13.17555,4.1951303,2.7313871,11.694403,-0.5023266226053238,0.14322162,-4.26218,9.943497,1.7050049,10.02942,-0.012775704264640808,0.45442295,-4.7196717,7.383671,1467.244408991473,1019.8008242889225,1.6861924695311756,2.427394510902369,782.3913287060581,1748.8309778011737,2777.8541199956644,1798.0158365792763,0.7836337435898288,-0.5259859528972252,1218.75,4003.90625,0.10733701916635051,0.10479825741763177,2.1768874540994534,4.541772931037704,0.04541015625,0.1246337890625,1099.7471,970.5803,1.3986700177192688,1.0869654,400.2082,1485.2023,0.060293913,0.057509482,0.9649048149585724,0.48367703,0.0071021407,0.100428306,0.0,0.15616100264931015,8.069959955119657,85.0
46cad947d4694ae7b851e714e396b5310d3e87170b92a867e6bee99b9ef407cb151f540fd4475b4e9c2759d7f024bbedd8825755d25282775a526e2bfb52f267,35.0,-518.3287,161.93776,0.31985098123550415,-1.5365947,-678.55237,-360.58362,69.04249,69.32513,0.4621296525001526,-1.1980419,14.582203,137.40144,-11.078199,27.846827,-0.9142869114875793,-0.2913711,-28.755665,10.25889,21.400421,27.961557,0.16459707915782928,0.41091824,10.461249,33.612778,2.8308468,18.66759,-0.7628048062324524,1.7572317,-2.7156222,8.929421,0.017019,12.673999,-0.6069616675376892,3.378427,-5.3606257,5.3932314,-10.538673,20.338394,-0.8468436598777771,-0.5444658,-26.211475,4.5817084,-10.798756,13.955359,-0.9583263397216797,0.8676567,-17.75502,-0.77973735,-14.130516,14.829144,-1.0387717485427856,0.40364313,-22.38172,-3.2192068,8.759343,16.30414,0.7237686514854431,0.64201117,-0.83065546,17.142923,-13.427017,13.546635,-0.5787900686264038,-0.11155963,-22.748135,-2.6695814,-9.124042,9.549547,-0.4877058267593384,0.41970062,-15.641439,-2.3447447,1.750934,7.3953233,1.074081301689148,1.4135814,-2.4001594,3.5156715,1585.822369439837,698.2324769705716,1.3836072332211107,3.362867237698559,1096.1895406007618,1751.1338616117152,2840.5213647959185,1293.4475226554569,1.1653326173824017,2.158223958446867,1919.921875,2992.1875,0.13200534119897958,0.07976327987916836,1.2093094211438706,0.7919924364868285,0.0791015625,0.165283203125,1375.7078,989.82117,0.4638339877128601,-1.1413108,425.2168,2237.1892,0.012850742,0.01766963,1.2839680910110474,0.79305387,0.00013306015,0.027462177,0.0,0.1467340735830626,10.129998022704674,35.0
47447aa7a5b41876f0899e0e8695ec03f5a293374ba987f7a453f2b9f4bf81ef3f5d27687891ffbb149c71fec8cc21527fc0367803405587420f0f6a83ab0503,15.0,-299.8122,143.03957,-0.5678317546844482,-0.61604834,-402.92395,-188.46498,92.316414,72.30767,-0.3158615529537201,-0.5596974,32.167965,155.65456,-4.735637,43.616886,0.18175534904003143,-0.5866904,-34.955963,23.580992,24.657534,38.31628,1.1431560516357422,1.0655284,-0.37130052,35.61949,-8.2113905,24.869596,-0.5776416063308716,0.5155933,-24.389856,11.657358,-2.6472332,19.895794,-0.06922457367181778,-0.3908081,-16.544441,11.850857,0.80389255,17.375479,0.0652027279138565,-0.024256468,-10.205872,11.733137,-12.993645,19.254084,-0.12277667224407196,0.12012625,-25.790302,2.5656083,-7.2605667,15.998939,0.05396055057644844,-0.7190485,-19.139866,6.6031213,-5.150801,13.381831,-0.11620227992534637,-0.11428714,-13.956316,4.504318,-6.0043926,9.941875,-0.5190864205360413,0.7819345,-11.804933,0.8261599,3.8113842,11.820123,-0.41380661725997925,0.5477371,-2.5210395,11.024311,-5.734228,7.7074175,-0.13776500523090363,-0.8175273,-12.320379,-0.263388,1858.5263515485613,1138.8162588735488,1.2123553875167041,0.8237753618549579,1050.6407047188954,2442.832994797742,3417.834051724138,1833.754965955561,0.3247359734479283,-1.1530889437910123,1855.46875,5082.03125,0.16845703125,0.12702168604167696,1.4652119665546608,1.7057538440308564,0.076416015625,0.22119140625,1500.2515,1106.1234,0.6508869528770447,-0.8585963,526.3902,2327.6677,0.047402076,0.04426474,1.4090516567230225,2.2168937,0.014518745,0.06689453,0.0,0.15322297200360468,5.136342064716917,15.0
475b5455fea3eefa3d9c51c038e1b424f960050a0fe6d1c179a36655f701c5594deeb099844be06c0f108b0246dc9d29fde783c0193ef7bebf118b541ee644b9,25.0,-353.62692,162.95737,0.3959314525127411,-1.3237543,-515.9845,-202.79083,52.753582,54.516163,0.5493876338005066,-0.9314885,0.0,100.2209,-2.2117083,41.46223,0.16087070107460022,0.92328143,-15.234076,5.1678867,32.333935,39.373806,0.5597189664840698,-1.055149,0.0,69.205124,-6.867065,22.50656,-0.8861198425292969,0.5639982,-16.249008,2.0218472,-11.631861,17.438745,-0.4118916690349579,-0.7281389,-29.686676,0.0,-17.295305,19.963408,-0.7554329633712769,-0.66005707,-35.326218,0.0,4.049336,12.65405,-0.000767373712733388,0.6209574,0.0,11.642872,-8.365833,13.9408,-1.2537600994110107,1.2794652,-15.069682,0.0,-4.898867,9.78107,-2.3460443019866943,6.5753336,-7.5380507,0.0,-1.6076171,10.3504925,0.6228657960891724,2.0441813,-5.6822567,0.5175016,0.86125,6.468493,0.16108788549900055,1.8790755,-0.28082973,2.6863081,-7.7975907,12.160034,-0.7605243921279907,-0.6278317,-18.08794,0.0,1891.041676128602,808.636486825164,1.0034579410565252,1.1319098447651568,1353.1570987244759,2302.5815440432725,3866.829128440367,1600.141979294996,0.010337237818736212,-1.1139601600702385,2359.375,5242.1875,0.14876451404816513,0.08494976481638031,1.226352650411536,1.8755741358262084,0.08740234375,0.1884765625,1317.3595,1038.7461,0.9205980896949768,-0.17387033,452.57602,1993.1484,0.07797213,0.10286342,1.182443618774414,0.09602618,4.5739172e-05,0.1294952,0.0,0.06564237340633249,16.06353710771726,25.0
479df92285b126d52751f769e78d55c007d2b41b7903831237840ed1a124261f3c334dc5bcb6344c2daf5cd97635dc101f96047a9835073c98d5eb59e0bef804,25.0,-289.1048,108.25412,-0.12102244049310684,-1.0622756,-406.37305,-203.74081,97.91996,46.20466,-0.169041708111763,-1.225651,50.269554,138.42354,-0.19101426,35.36249,-1.0894643068313599,0.71038604,-14.407812,23.022825,11.544185,24.228344,0.2618207037448883,0.9107783,-0.7947151,21.844297,-15.833093,24.051382,-0.9602069854736328,0.5912399,-26.846085,4.5505834,5.885912,13.611101,0.0026577599346637726,0.14699149,-3.345633,14.189817,-7.3477793,14.032103,-0.6815768480300903,-0.29757738,-16.988424,4.4802036,-5.7539663,16.78508,-0.508513331413269,-0.4690025,-17.902641,7.624372,-3.3266022,11.5145235,-0.05455835536122322,-0.19927597,-11.492603,4.6825886,1.9190686,10.811203,-0.7528006434440613,0.36898446,-4.2828727,9.966335,-2.4957364,10.034473,-0.25603577494621277,-0.124867916,-9.129505,3.8213844,1.4909295,8.867803,-0.18189480900764465,-0.5037041,-4.8462234,6.9625807,-2.623937,7.15313,-0.29266586899757385,-0.42138147,-7.405711,2.451532,1674.009279137854,769.0005924196433,0.7903465080734988,-0.47293191831985393,1054.4897100706798,2403.2386854649712,3322.6902173913045,1828.3352712505407,0.2670410533818671,-1.5990967774917237,1554.6875,5289.0625,0.12243121603260869,0.07749727575189606,1.8122375571270342,5.035915697952303,0.06884765625,0.16162109375,1138.6316,931.0493,1.2876131534576416,0.87396693,437.4333,1547.4915,0.053972367,0.047817368,0.6806290745735168,-0.40495038,0.0043652896,0.08874546,0.0,0.11483814908254103,12.337169275217352,25.0
47bfaebf860c54a9b4b59cdb8677f2a08c2e41551da7581e18d5aa10447c4637bf2c867c5ad810db1ccb96c49d30dc6076421054c17a68362c9dddf11cfd818d,15.0,-320.97537,154.08792,-0.5128252506256104,-1.1654695,-498.2395,-201.02104,96.15289,83.06235,-0.20672093704342842,-0.90017956,31.161572,166.42184,-20.717428,42.96603,-0.45827169716358185,-0.38849247,-49.99046,7.8761744,27.193937,40.409454,0.7794484198093414,0.21327639,0.7064376,52.02853,-8.209843,24.637272,-0.6832694560289383,0.79637146,-21.160128,5.151059,-14.16295,27.131702,-0.11237740889191628,-0.48142087,-36.797886,2.1951096,-6.8923044,19.803934,-0.1273196041584015,0.26030064,-18.652039,2.7962441,-10.859727,14.298626,-0.4750966578722,-0.20068967,-20.481712,-0.35211048,-12.694114,14.090498,-0.5220187902450562,-0.27970183,-22.66578,-1.8508824,-6.9675283,12.956909,0.05964389443397522,0.3290925,-15.335472,-0.43900442,-15.00462,13.710174,-0.2675483375787735,-0.5644841,-25.395681,-3.7686694,-0.7358544,10.483963,0.037815360003151,0.33091176,-6.6491604,6.122529,-5.7330103,8.556843,-0.2086850255727768,1.1518213,-10.787434,-1.0232168,1949.6574857712237,1026.6374088672173,0.6738477394540545,-0.3295901178744056,1050.246111978929,2653.4718521258237,3453.4585555941335,1758.2388874967273,0.11087078547369103,-1.4691697631413994,1929.6875,5251.953125,0.1871332727623335,0.1072328124763944,0.8740148574318631,0.4824169016457964,0.095947265625,0.2547607421875,1790.1781,1117.0701,0.2762543857097626,-1.1274546,765.1094,2698.234,0.051019315,0.047143467,0.8103167414665222,-0.13991809,0.005882456,0.08043367,0.0,0.10888446772818197,8.61075732447614,15.0
4802b0e841165721d9bdb5082d3847302c01e52abc27ffb8cb9959e60d001891c29f0af47b22dfccdbca57eb96d632f7931ac74050b6dc8e834ab452f57f0101,35.0,-360.61658,153.25546,-0.3263804018497467,-1.3776696,-533.0041,-227.91745,78.67819,72.342415,-0.31087663769721985,-0.21911907,41.658142,137.81999,21.861168,46.04961,0.16068145632743835,-0.21226466,-2.536432,46.92974,34.423508,33.592293,0.9800561666488647,0.43438554,9.207324,51.576576,-12.9716835,21.556017,-0.513629287481308,-0.1123755,-25.403748,5.4867334,4.837789,12.834372,-0.054644625633955,0.24143898,-3.5147486,12.446255,-4.1991816,16.112545,-0.34378520026803017,-0.5618205,-16.44962,8.0877495,-7.9005823,15.548303,-0.15620463341474533,-0.14205706,-18.93969,2.527975,-4.573101,10.351137,0.1583358719944954,-0.02404809,-12.096203,1.9627705,-0.29952592,14.931378,-0.2298740055412054,0.11307037,-7.400365,9.65899,-5.201184,13.822601,-0.1931614950299263,-0.36977208,-14.510677,3.8216944,1.4665602,10.760259,-0.7223343253135681,0.6002333,-3.43577,8.986203,-8.807449,9.736133,-0.17574112117290497,0.22334743,-14.4670105,-1.764724,1991.5280227732374,1321.675023706292,1.1320844529559526,0.10068442860863214,1038.1238594622153,2750.493511105827,3645.4279576938848,1888.9528733501807,0.2935332782149374,-1.2028256358395018,2137.6953125,5350.5859375,0.1758468327616126,0.15144821505908793,1.2953035590138222,0.7979354693035081,0.06256103515625,0.25347900390625,1521.6366,1228.4661,0.6565121561288834,-1.0265701,459.16013,2621.6597,0.035745338,0.03505698,0.6903100907802582,-0.4293596,0.0018655616,0.062424038,0.0,0.09136521104441529,10.631148461780523,35.0
4ac0fe91132cc89b5888b937ebe07cf99ac840e96bdb5d3885d38f10164b066fb94c09c3c4334662c549ebc92ad2732b3b64c622c89b230743c00530c3fd24e4,25.0,-311.57858,142.4663,-0.7496848106384277,-0.8697877,-422.74582,-209.15378,91.91974,75.127014,-0.2289702445268631,-1.045675,8.92686,144.71335,-8.868872,29.135593,-0.4045987129211426,0.06763172,-25.818855,7.2009788,34.949524,38.12205,0.5950536727905273,-0.8570125,0.028604906,61.127274,0.05360372,21.595074,-1.3735313415527344,3.43216,-7.645209,14.270788,-18.475878,20.946451,0.07134347409009933,-0.76812315,-34.862705,0.0,-29.703867,25.611876,-0.022999534383416176,-1.3738554,-52.270718,-0.45425886,-10.715472,14.519883,-0.30073776841163635,-0.73891544,-21.258411,0.0,-15.078998,15.964767,0.01997610740363598,-0.8363917,-27.747974,-0.025039827,-14.851102,14.922761,-0.01402677409350872,-0.7306354,-26.440285,-0.14364007,-7.2001467,11.369737,-0.13861197233200073,-0.30421996,-15.64131,0.0,-4.044257,10.358746,-0.5306637287139893,0.47343922,-10.683248,1.0667717,-1.64113,9.989433,-0.08893676102161407,-0.046845436,-7.513029,2.8104424,1424.4567239634816,884.9744783665851,1.8034461795727479,2.9766807985362354,861.392431436868,1653.1400770786088,2596.0416666666665,1390.4984571014054,0.7159185994340626,-0.5089911389229811,1708.984375,3562.5,0.12776692708333334,0.09280282680510395,2.3673317329590966,6.465223558911957,0.068115234375,0.1478271484375,1180.7766,945.8521,1.02631676197052,0.21758366,414.693,1790.135,0.077161625,0.062405,0.3523547649383545,-0.8163719,0.008652632,0.114960186,0.0,0.18848988289216997,6.843848466855145,25.0
4afb41b8571a1cbdf05af7cf408d83cff64aa589e63eb42db29fc292f334fd8e1eb4a2716aefc1a998ceeb1ce23b50b399d7d316b331b7ab3b671438180b5917,65.0,-569.95935,113.81831,0.09249447286128998,-0.9843743,-688.71906,-486.3201,131.20895,91.46279,-0.18655782379209995,-1.3775944,31.85494,209.13556,18.020103,36.945206,0.08807274326682091,-0.032860518,-2.2262423,42.787453,8.185127,31.009844,0.10619918256998062,0.31616282,-11.786576,29.149925,11.805235,26.413994,-0.2821335643529892,0.17847574,-2.2333882,31.888813,-15.675934,20.401478,-0.6249781250953674,-0.05354023,-29.04239,1.2381418,-15.052784,19.00716,-0.33746764063835144,-0.3500781,-28.445824,1.1159964,-2.121605,14.121734,0.027570530772209167,0.109609246,-11.611439,4.2331114,-9.022726,14.087215,-0.05642986670136452,0.08108473,-19.192165,0.40595603,-10.0651455,13.278395,-0.16438020765781403,0.21728301,-18.964638,-0.7247976,-5.863267,10.226669,-0.2782412515953183,0.20236063,-13.66407,0.32441306,-9.958458,11.294575,-0.2247222401201725,-0.81041443,-19.087795,0.025757167,-6.3042707,9.237839,-0.056822121143341064,-0.35103977,-13.340542,0.18299288,942.1482473225938,652.3104389925094,1.108050582031866,0.24645726830496373,443.98755715412636,1333.8840912584576,1782.9499421296296,1576.6630087074102,1.0777038161373316,-0.21781060578492695,539.0625,2477.5390625,0.08390525535300926,0.04876326996787882,1.3138735763140303,2.0553688042659424,0.044921875,0.113037109375,775.2343,648.3798,2.0542876720428467,4.9432993,347.0485,954.69556,0.012439029,0.01359398,1.0256379395723343,0.5685821,0.00016980595,0.020956935,0.0,0.1557411957392973,8.366687380650037,65.0
4b17c03c0bb1ff68195391c863fad2685aaa8f9da0ec1731a44df0ea6d787235262cb9d63d090844203c43cbb3786d0089ec725ae473208a927e42760b0335b9,35.0,-452.94,110.005035,0.17940562963485718,-0.9459193,-555.6062,-369.1952,128.32887,53.247005,-0.98009192943573,1.6122613,118.675224,153.21219,-3.846951,28.183498,0.4085019826889038,0.7671592,-17.513083,12.294757,7.155061,26.814402,1.1372281312942505,1.7166982,-9.581906,17.21498,-2.5136592,28.172125,-0.929503858089447,0.4762044,-17.473108,16.615906,4.577177,12.874299,0.1855165809392929,0.4610169,-2.6748166,12.16255,-12.095001,21.358757,-0.4147937297821045,-0.8149588,-30.862106,3.235538,-0.9969505,11.288573,-0.2642659544944763,0.7907691,-6.365035,5.559494,-7.9974575,11.166035,-0.4943096339702606,0.35627484,-14.84355,-1.076408,-2.6650674,13.690196,-0.641516923904419,1.2237926,-7.5747485,5.4787817,-0.74151295,8.927102,0.014902783557772636,0.5472183,-5.6130953,3.9189787,3.2014103,8.055274,0.722465991973877,2.8032098,-1.0761749,7.2543626,-4.038802,10.877098,-0.6886157989501953,0.019083023,-10.693827,3.882334,1351.5416206816174,863.198458111234,2.1587326656731793,4.431456387575539,891.0210211729457,1331.8057275472493,2333.7516191709847,1406.3470222350131,1.423616166387674,1.4563014060145338,1453.125,2570.3125,0.11339509795984457,0.08632625175267644,2.2756646402411134,5.12586222190853,0.0654296875,0.1103515625,1131.8966,868.8999,1.4059237241744995,1.6454778,482.73245,1483.5762,0.010927102,0.011920496,1.1428452730178833,0.29403448,0.000976735,0.016341591,0.0,0.13365536032981096,8.277545065772404,35.0
4b7a8008c770b387966658498064699bfba02680934bc0e66445448d6a89b67c3128ed17cc4e6d1775361180973ef37f1f77b0435768007666ea4ff502447da2,35.0,-268.9553,185.23546,-0.3655998706817627,-1.4242426,-487.60553,-117.81375,76.427864,55.409367,-0.2498656064271927,-0.8339486,23.732506,119.40875,-9.678572,42.53522,-0.5960978865623474,-0.27225637,-28.377632,25.4368,34.23309,30.28673,0.8869102597236633,1.226131,16.387836,46.077026,-9.846052,22.459253,-0.6244685053825378,-0.051337957,-23.37313,6.4572506,-0.36711287,16.098906,0.27648037672042847,-0.13941145,-13.401659,11.12549,-12.195671,18.42912,-0.20791099965572357,-0.74306774,-25.297022,-0.25655758,2.8428004,14.289516,0.39556095004081726,-0.21669412,-6.0180616,11.079443,-5.659094,12.944163,-0.01038612611591816,-1.0231631,-16.484138,4.2907624,-8.003699,10.268957,-0.5368612408638,-0.112389326,-14.586811,-0.5237795,-4.9878616,11.199201,-0.06461045891046524,-0.6791713,-12.277689,3.163174,-4.2439623,12.686871,0.3419211804866791,-0.22540283,-11.887042,2.023366,0.5321021,9.027879,0.6128319501876831,0.76768637,-4.331068,4.746352,1970.3049088497135,1102.586330668116,1.4884292485072455,1.7870129586396422,1250.1633026386808,2551.095095488204,3529.6052631578946,1552.1678929775578,0.5973253463714777,-0.2756680440467725,2482.421875,4589.84375,0.17431640625,0.13999470526260396,1.2891875288593289,0.9746591467509189,0.070068359375,0.2611083984375,1746.1532,1142.3375,0.23947696387767792,-1.2322284,627.17377,2733.753,0.07512631,0.07347372,0.8562492728233337,-0.22804928,0.0021273775,0.12352353,0.0,0.0921951152731637,9.558811258062956,35.0
4b948a9c5efbc870af2d766603f79dd787ad7ec7a7a5ccbef52cb80a144a2aae4023483d0f9729d8ccf2b1dc7d8bede9358f834b5b5ff0a8acf2534b12310738,65.0,-492.81824,166.06175,0.9678686857223511,-0.6182689,-612.9788,-368.38013,54.86748,74.7647,0.859663724899292,-0.9796694,0.1144288,128.83072,-1.2509216,19.479506,-0.9062744379043579,2.2835565,0.0,5.103563,3.5107083,12.2880535,-0.4772590436041355,2.5677478,0.0,9.483421,-0.07589418,11.783281,-0.5532904881983995,2.3756285,0.0,3.6681972,-0.9692337,9.328778,-1.3502651154994965,4.033332,-1.315615,0.9026496,0.3391273,8.577262,1.055516093969345,3.4200776,-2.262032,1.9821118,-8.727211,13.473068,-1.451824963092804,0.85887635,-13.461863,0.0,-4.3454447,7.655746,-1.3271284103393555,1.3244561,-7.056511,0.0067254645,0.98858434,7.806575,0.5087799727916718,2.4221778,-1.7576098,3.1859436,-2.4192,5.9046607,-1.1070397794246674,2.5250478,-4.8431654,0.0014734198,-1.8705189,7.610545,-0.03430721163749695,2.4536228,-4.967658,0.0,-9.327071,12.534525,-1.234009325504303,0.57283425,-15.823853,0.0,2146.4935274864083,1293.6542644393307,0.8415304794960968,0.1551397590682433,1026.6971314997936,2714.6505664509127,4404.322709986773,2303.5294018839368,-0.4028047762398378,-1.479152661432968,1589.84375,6276.3671875,0.17476682309751157,0.1529475205618987,1.4964195397388262,1.7185459877558062,0.06231689453125,0.20379638671875,1163.4998,1007.07587,1.2879355549812317,0.621899,411.88672,1511.83,0.026590161,0.045035757,1.497103750705719,0.7869463,2.3880033e-05,0.03488417,0.0,0.13809542148738752,8.354423517861157,65.0
4da31e87577b3a62deead74bd03839319bc6f2a5591a116e78d7c90050445b90c10e826e5d2146538be5b4ee3ab61b4a3ed1ecf278d6f7a1a2da2d645000c256,35.0,-709.2491,153.37535,0.04850674420595169,-1.6154466,-870.0205,-567.6644,90.13751,59.24016,0.520598441362381,-1.0788454,36.371517,143.33125,13.914081,26.155785,-0.558602899312973,0.8018491,2.568239,27.39713,23.759394,27.222397,0.3640032336115837,0.44240117,10.055939,38.927383,4.6900883,17.839561,-0.6131254732608795,0.6391047,-3.993775,13.67697,-1.9287138,17.091934,-0.8561393320560455,0.06048286,-11.42756,9.6240015,-6.181612,16.16586,-0.9237721264362335,0.18224967,-16.405085,5.064742,0.05126521,10.605118,-0.9132508933544159,0.9582795,-4.4734254,6.967206,-4.5198855,11.669109,-1.0033864676952362,0.53166497,-12.02459,3.4100742,-1.4227426,9.253829,-0.3898916617035866,-0.0012155771,-6.857958,5.3834505,-2.047496,10.354351,-0.7866950109601021,3.0101964,-5.751605,3.4853969,1.1980591,6.663729,-0.1288978010416031,0.52315927,-1.8848975,5.0753903,-3.1675577,6.8828325,-0.7305128276348114,0.86755717,-6.592759,0.98433137,1945.9536363176353,992.4663511057092,-0.06928195262276424,-1.6411180474582454,972.4941034995309,2934.647308986713,3963.3350053548766,2102.167081457826,-0.23313001854404497,-1.6089986889705066,1906.25,6039.0625,0.18925514487501982,0.12661454497579544,0.1836507667874766,-1.611388518831296,0.07403564453125,0.32427978515625,1380.8987,1064.6188,0.7784069180488586,-0.55407596,472.4809,2122.981,0.0015172743,0.0017984344,1.02715203166008,0.07058036,1.724091e-05,0.0026493613,0.0,0.16194684544803523,9.324868622113115,35.0
4eaccca03a6d685a8a1156694bd3816a382ea710df2d8af621b65c931973278c85b475545b68c67904f6e4a0f09aeb4e6db9a863c76ae0acef9b78bc38312938,55.0,-381.0495,108.52226,0.5017107576131821,-0.3853448,-470.23322,-301.3448,85.397385,54.665237,0.2508877217769623,-0.040100336,49.600094,128.7071,8.464443,26.827324,-0.489773727953434,1.6835364,-2.9828448,20.945671,30.636087,30.229729,1.2045866549015045,0.94440866,9.369909,45.985962,3.0243535,16.688316,-0.7550442218780518,2.710996,-2.7382817,10.577209,0.9696352,11.514141,-0.4864753633737564,1.3573401,-4.6082354,6.8853574,-11.152937,13.414282,-0.30429424345493317,0.5288378,-17.656246,-2.9886298,-6.943024,11.609171,-1.1443712711334229,1.4926884,-11.790548,1.2618282,-0.70187724,8.439156,0.4142972268164158,1.3673439,-5.9002433,4.0082088,-2.5554528,10.061789,-0.7187443934381008,1.8944919,-8.013798,3.408113,-6.4705234,9.932297,0.058808356523513794,1.5951443,-11.8725395,-0.71629703,1.212329,7.372759,0.24529677629470825,0.97396576,-3.592391,5.3006916,-4.9444084,9.257362,-0.8270699679851532,1.5545874,-8.728978,0.7324404,1983.5964780417712,983.769479386475,0.021802970252203402,-1.0509455114042474,1041.9225790602072,2716.458760558842,4026.4108620304114,1948.1460894304591,-0.401738000256023,-1.3017450617994024,2212.890625,5701.171875,0.16777241114853533,0.10581852690268456,0.1673614150697781,-0.9678580699501977,0.0618896484375,0.250244140625,1660.9225,1113.7927,0.45051631331443787,-0.99552923,649.59564,2535.273,0.028402548,0.03354267,1.246739387512207,1.1303974,0.0010429935,0.04625175,0.0,0.1083897094637461,11.663708835334546,55.0
4f79f629a3ad06d93b412528ab77ece5d7c73ac3b0d26af9d4032d7ccfa3037fd32bf1eaada5d6c874081f003552cad384bb026d48e75e2ed0603009d9e5e18f,15.0,-512.29535,101.80778,-1.0827698707580566,0.64823866,-563.7259,-440.24673,63.513866,58.79256,-0.5135945081710815,-0.24925637,36.855278,103.12323,41.15031,27.356827,1.0995066165924072,0.8509855,20.858711,53.47792,9.449266,23.08679,-0.2593063414096832,-0.054811,-7.2840123,24.236713,21.277205,17.065853,0.06648775190114975,-0.49824238,9.832478,34.43602,0.18752891,14.354849,-0.39716073870658875,-0.66434956,-9.766601,12.049719,-1.3711033,11.530739,-0.3823928236961365,-0.6321368,-10.223948,6.9449263,9.5668,10.64122,0.14643627405166626,-0.52704716,1.6176299,17.39682,-4.8483744,10.751571,-0.4205982983112335,-0.1299758,-11.16485,2.6503332,8.842471,8.982922,0.21715635061264038,1.5780559,2.6671758,12.692225,8.351907,7.129181,0.4918363690376282,0.37331533,3.2946563,12.8325615,0.7023217,9.459043,-0.004802696872502565,-0.14157987,-7.206484,6.2651606,-3.6656506,6.9099903,-0.36794981360435486,-0.12699533,-8.555086,1.1533344,2529.4286012050957,1506.3713610936431,0.8588320275660509,-0.4056050822076869,1361.3945749005036,3591.7984792357884,4997.670807453416,2006.4624785748802,-0.7048977806493127,-0.8883057803020877,3640.625,6773.4375,0.1847553134704969,0.18979596660987313,1.3428049089686525,0.7929231972711452,0.04248046875,0.25732421875,1338.393,1066.9861,0.7108836770057678,-0.71005225,397.617,2150.2117,0.004592791,0.0033410424,0.31299442052841187,-0.9440527,0.001234619,0.007204834,0.0,0.13560031251368884,10.623872973604964,15.0
4fa6762326835b13d032b8cbb42d96b6c38884f5fa3814967760e19f510a34899b7d7e2c2a9e6825678e2db78b87af1be711cc63d6d98ed05011fdaa5faaca09,75.0,-631.4817,182.23947,0.28671990893781185,-1.5949985,-808.29407,-448.5691,64.58616,73.679306,0.37643928825855255,-1.4319103,0.0,141.04291,-1.6172616,23.317917,-0.29730411246418953,1.3119917,-7.862321,1.4828901,2.9589097,20.567749,0.33532291650772095,1.4141856,-7.1716948,9.931515,0.56278783,13.791255,-0.49000759422779083,2.6667988,0.0,5.2626295,2.9447083,11.786922,0.8424175679683685,1.8912886,0.0,5.9414186,-4.471556,10.879549,-1.172816127538681,2.030028,-8.170806,0.0,0.30294997,8.491915,0.4368298873305321,1.7424762,-1.9056743,1.5338587,-4.767338,8.243636,-1.3120394349098206,1.2520187,-9.017456,0.0,3.4142828,6.7738743,0.021661102771759033,4.0201173,0.0,6.9265337,-4.035371,7.3343678,-0.6975054144859314,0.47687638,-8.371069,0.0,-10.989204,12.130867,-0.5819770991802216,-0.9608351,-20.69065,0.0,-4.814253,6.542411,-0.9447569251060486,-0.18929696,-9.763131,0.0,1833.1471100687322,1281.262982014088,0.5074159289577925,-0.04757195950939552,498.4559053809326,2484.716263398872,3193.175053916744,2230.0527407231343,0.26064977360503283,-0.7921578832066375,812.5,4391.6015625,0.1973997525121946,0.1654711910996788,1.050326816511638,1.6524549844589398,0.0361328125,0.3016357421875,1718.2306,1116.6389,0.4443887397646904,-0.90759903,771.0875,2582.8726,0.0048558116,0.006100417,1.093284010887146,0.5147406,4.81705e-06,0.0090191215,0.0,0.11711732393144839,13.58050209162916,75.0
4fe0eb6706bbcb9c916c8e3abed335e4326db047f64a3de504f9e7f8134f3b23b5047f7d42bb172d9b8aaf37a8014c0830b6300249e7a8fa63982682bde31a58,65.0,-373.8297,171.85129,-0.015731124207377434,-1.6413498,-570.5617,-204.00757,64.045845,73.54985,0.49894341826438904,-0.7744459,6.419664,124.637146,12.470786,32.041054,0.346942663192749,-0.048310876,-4.3090057,31.338764,24.11394,28.134222,0.8121924996376038,0.095307946,3.7724717,41.344627,0.44385636,17.680128,-0.12218956649303436,1.4780476,-9.00784,9.175353,8.165415,13.90436,0.2711317241191864,0.96845555,1.5310731,15.928839,-9.080605,16.731386,-0.6082184612751007,-0.63509786,-22.313412,3.8290973,2.7927082,11.682329,-0.13596336543560028,0.81558776,-2.117013,8.991778,-6.4295506,11.809761,-0.5830762386322021,-0.6046876,-16.139446,3.210814,2.3028605,9.809224,-0.234540406614542,1.1262468,-3.0063438,7.997266,-3.6056354,9.914698,-0.4913419038057327,-0.13373518,-10.931493,3.7868962,4.3707294,8.010046,0.2746891751885414,1.0143708,0.59548527,8.329054,-3.147962,10.456217,-0.678185760974884,1.0087388,-10.0834465,3.5847678,2005.4793181028356,1178.2324027204486,0.6106189467234295,-0.4051728853442884,885.5590767799525,2719.6020815500224,3803.6475243506493,1893.7457370053849,-0.3013674416718521,-1.3891470559291959,1869.140625,5590.8203125,0.16184923696686837,0.12091513332933837,1.2890307193741348,1.7189518435387035,0.06689453125,0.21502685546875,1499.21,1182.3984,0.6668432950973511,-0.9294127,474.2975,2466.4956,0.054689545,0.061715394,0.8428339064121246,-0.41281587,0.0002867966,0.1067462,0.0,0.08003266672772429,11.268086684208445,65.0
5048cb35dbbe81a395e9abf71db286cdbad33530bd6533725afe78950f3999c47b25b96f1e81f21a98c04115f7af220bd3bd335915d98f7421c37c838a62e0fe,35.0,-316.81546,98.282455,-0.4731546640396118,-0.41243696,-402.1374,-238.17422,104.59683,54.01798,-0.7088924050331116,-0.05287528,75.07034,149.17593,17.48525,24.72375,0.36504513025283813,0.21519685,5.092229,26.102684,20.8464,25.687603,0.7813776135444641,-0.18464208,5.2436056,34.727535,13.049085,14.978737,-0.48291483521461487,1.3345156,8.110855,20.505424,11.780374,15.92059,-0.4941353499889374,-0.40799809,1.0746775,23.978535,-2.3398297,16.047277,-0.06945496052503586,-1.3393407,-16.363705,12.7221775,-10.367632,15.510714,-0.9676574468612671,0.28193069,-19.209034,1.1334745,-2.2331457,10.979601,0.21548767387866974,-0.24681473,-9.256217,4.560633,-1.1309693,9.909274,-0.5162497162818909,0.13281107,-5.467433,4.924501,5.697443,8.925212,0.802807092666626,0.32647634,-0.6942874,10.8040285,-9.138792,11.850177,-0.030540606006979942,-1.2026712,-19.102203,2.4116967,3.1037648,6.767032,0.30569952726364136,-0.18779397,-1.5376465,7.309698,1696.0195489214202,1146.7114492422788,1.7030457640530905,2.2318923805400317,920.015028063136,2130.7785789777417,3412.909836065574,1943.4537722060045,0.5137465021715197,-0.9774318956566903,1710.9375,5132.8125,0.12261996243169399,0.12282713492300117,2.286161467524441,5.375827364225152,0.05126953125,0.14501953125,1043.7092,1009.26294,1.584885597229004,1.5719266,345.17627,1363.8093,0.034721658,0.027936801,0.16193073987960815,-1.5049655,0.0033221757,0.060331024,0.0,0.10626854584913772,10.366674732026821,35.0
507c05c7122b4bb95f3e3810fca9b8ae65981cf4d826007a696a8225926af3dd70f9c370e23ba1ae86974749ef4304cf1fa799a17be448c84aeb3b956e38cafa,15.0,-348.81653,154.88214,-0.5259456634521484,-1.0544834,-465.14807,-223.72653,63.769905,88.69948,-0.09938329458236694,-0.95362586,0.0,142.06104,-30.832865,43.1971,-0.26482798159122467,-0.64818037,-64.12876,3.3754396,37.416172,40.491837,-0.0369686558842659,-0.41468823,4.3862257,66.914566,-30.395971,26.86968,-0.20650285482406616,-0.5689025,-50.134693,-4.899412,-7.9833345,22.556389,0.025055869482457638,-0.07349038,-23.784142,3.900924,-27.06107,22.639734,-0.32034314423799515,-0.7036552,-44.769634,-4.0390077,-13.068123,15.892523,-0.2507796138525009,-0.58514965,-24.685442,-0.22575977,-12.122621,14.800257,-0.3558994745835662,0.3764546,-20.553726,-1.3744873,-23.26791,15.352755,0.03571859747171402,-0.9772557,-34.890175,-9.724349,-18.467804,13.500997,-0.210757315158844,-0.7403974,-29.055042,-6.879521,-14.576109,15.12484,0.010544538497924805,-0.24295175,-26.346752,-2.7381847,-7.0845604,11.303564,0.12739165872335434,-0.021449447,-14.800844,1.1949158,1724.9352283506564,1080.3814887872913,0.7574249617066093,-0.5350746011622354,925.3905970354377,2553.52272638055,2785.516478875854,1432.419146349001,-0.009551319994356723,-0.9773361060734114,1572.265625,3950.1953125,0.1728188061806226,0.13762111698418664,0.9848286598124014,-0.03225751303102675,0.0657958984375,0.26312255859375,1914.2302,1239.8025,0.12820838764309883,-1.3804708,667.4872,3021.8748,0.059481174,0.052868962,0.5562117993831635,-0.86477005,0.012030005,0.10243009,0.0,0.13964574856024592,8.874649538361236,15.0
507fa53b98b23a3961f4b8b8b5c5e595344fb7da14de0b2af1bf21c05ba888c416133aff35ab4dbe66c9a4033598544193ebe7e08b89189d3a37e951636288aa,25.0,-355.30917,169.90938,0.2565409243106842,-1.5300138,-528.87604,-196.52072,27.053932,66.10082,0.002702103927731514,0.2700727,-0.3179649,81.248474,-25.689188,45.553204,-0.8217658996582031,0.078989506,-57.055386,0.0,-19.249903,33.10819,-0.5495235919952393,-0.42422152,-44.215027,0.7397505,-15.848818,29.832478,-1.4488331079483032,1.7959194,-25.196407,0.27293357,-32.788414,33.438065,-0.335653692483902,-1.453959,-64.50123,-0.025662579,-10.623087,19.22906,-0.804438591003418,0.17327857,-25.429733,0.0676752,-9.019061,15.156537,-0.9706222414970398,0.4487288,-18.702799,0.0,-12.178556,15.195926,-1.042723298072815,0.0596056,-21.17504,0.0,4.843667,12.330828,0.3374525308609009,0.4204483,-1.2745726,12.976649,6.0678415,10.058037,1.1916682720184326,0.8455856,0.0,11.693721,2.2399902,8.915721,0.6663488149642944,1.9648795,-1.5430491,5.78574,6.43262,10.299871,0.9425992965698242,0.10638833,-0.045974426,14.228461,3074.1577720960627,1345.6171898472683,-0.06778369833407938,-1.0094193322170815,1691.835516732428,4048.9482385630095,5204.395707831325,2212.5439359383736,-0.7557400231714534,-1.0904916442748562,2683.59375,6888.671875,0.36726397778614456,0.1678380606987105,-0.06503768332843625,-0.9008221378459402,0.220947265625,0.50244140625,1838.8799,1030.2925,0.2526471018791199,-0.99707675,921.49243,2604.0916,0.05368261,0.06661779,1.341047763824463,1.4905567,0.00020536978,0.09063477,0.0,0.11288902456017658,6.3080268964926764,25.0
51159b9b8a8dcd6dfc92d9ee6f3f27ec801f5ec0f328d812b3233d4fb6a5094677ddcb5dac85fe7b2c81a25d24fa4477f14b607991f0bf6be20a74496ea3c1cb,25.0,-226.96648,160.64514,-0.21626344323158264,-1.5840963,-400.85355,-67.28116,49.041798,49.118767,0.17709597945213318,-0.30305672,23.457504,80.9259,-18.606768,23.247225,0.1709645688533783,-0.6171198,-37.67922,-2.797203,23.317562,29.04015,0.1851070374250412,-1.280047,-0.10004079,49.010647,-10.279302,34.31024,-0.016367357224225998,-1.2985977,-36.687637,22.240038,5.3956943,26.88686,-0.264120489358902,-1.0553595,-15.927546,27.433947,-17.709402,28.500637,-0.02297387272119522,-1.0283035,-40.283768,1.792736,-1.4817032,16.004452,-0.5687395334243774,-0.31373334,-12.6216545,9.7740755,-1.1976786,13.379593,-0.555799126625061,-0.7598252,-11.00506,9.325179,3.6150014,14.326988,-0.08351776748895645,-0.88133216,-8.016057,14.320885,-10.589336,20.021967,0.03508734330534935,-1.1879784,-27.840588,6.654996,-0.21228865,9.197485,0.015728581696748734,-0.7996998,-7.766119,7.3215437,-16.743116,13.061349,-0.1275387555360794,-0.90668344,-26.407436,-3.8592727,1958.987257889091,908.6477499832894,1.0983308424514846,1.4429001869236933,1315.9067186481354,2332.6216935887014,3586.3970588235293,1359.284856365665,0.22993993476683702,-0.3697061955413252,2632.8125,4375.0,0.14689223345588234,0.1123119514679159,1.8882618604015269,4.248087680493159,0.06689453125,0.1904296875,1686.0691,1044.2311,0.42148128151893616,-0.80384564,730.5159,2363.9597,0.14401615,0.13776483,0.49586838483810425,-0.9829483,0.008287752,0.24222584,0.0,0.07026970422419371,13.184812137312608,25.0
52451a557a34c1bd60d35d50ed044d5b14e442891b8650053fdd49bc73839622ca20a3a805b69b35817a648b13327b00906547f7c6357253ea65edc07a48bd6e,35.0,-491.23346,168.4132,-0.03606930002570152,-1.5565406,-687.80316,-341.83942,44.837082,96.72496,0.15955750644207,0.20113492,9.487225,89.659485,-0.7136534,50.038895,-0.22043476998806,0.9076607,-25.268703,15.193624,43.103634,52.35496,0.7632098197937012,-0.6069968,4.4595227,86.38635,-5.812764,32.49633,-0.8858944177627563,0.4911692,-21.125336,10.979842,-7.4858007,28.657661,-0.22611799836158752,0.34798265,-27.197563,4.089401,-3.0766823,21.275043,-0.3837462067604065,0.47252822,-8.043101,6.8363056,-3.80531,15.324531,-0.2624831199645996,2.828043,-7.503872,1.3785508,-18.069277,17.574142,-0.7522848844528198,-0.5992656,-33.4135,-3.851618,-3.2732947,14.228857,-0.08767755329608917,1.0863647,-8.37233,4.3474874,-13.617227,17.110722,-0.3990018665790558,-0.054492474,-26.299303,-3.8995876,-1.9447242,10.7587185,-0.060778431594371796,0.4053223,-7.2664723,4.2679996,-11.538047,11.598532,-0.5298299193382263,-0.5627196,-20.314133,-3.3996758,2422.214523022528,1046.4369546665807,-0.10263264371343692,-0.8262966685613469,1501.4257308724905,3071.222332598507,4168.369391025641,1727.1797337280075,-0.5770438673267708,-1.117602930167042,2687.5,5634.765625,0.23662547576121795,0.09980818639741665,-0.13726830165208423,-0.5724324049597609,0.1600341796875,0.3140869140625,2005.2183,1134.533,0.003543709171935916,-1.2374521,970.8391,3001.2432,0.019943003,0.021063296,0.6491060853004456,-0.88743687,8.512074e-05,0.03228982,0.0,0.20452965015315452,6.012371615022758,35.0
5254a406c45e5cc90bc325cd600c038079f151788ebc2b329169a18d78b007218f1ec0d18a2c40ab048e71580af550fd5637f56a16c5b1780abf560220de4ded,55.0,-278.3314,156.41943,-0.06545725464820862,-1.3802584,-461.8833,-145.54787,82.502365,53.470722,-0.5328095778822899,0.84077334,44.578106,125.557594,-10.599306,27.885231,0.3987792879343033,1.0930736,-29.481325,0.09917593,23.69497,26.731514,0.616337314248085,0.26700222,6.954751,39.805702,2.2006745,19.821888,-1.2671433091163635,4.278556,-4.950089,12.527511,3.707726,14.596142,-0.37723006308078766,1.0737636,-2.0322232,11.947046,-17.494654,21.353615,-0.5456545799970627,-0.75167966,-34.63771,2.4904745,-2.7590048,12.398957,-0.43551959469914436,-0.1486243,-10.783727,3.8116114,-2.3833642,12.332294,-0.5577131062746048,0.8192024,-7.7836547,4.526129,2.9016218,11.479849,0.27835752069950104,1.119915,-2.0236478,8.330756,-17.503975,15.245081,-0.14504062198102474,-0.6153731,-30.421474,-3.6046686,-10.832188,10.192784,-0.45185597240924835,-0.16775036,-17.963898,-3.0997224,-5.7198467,9.438622,-0.23111480474472046,0.17245841,-11.422095,1.4497154,1739.4992693099634,834.9126119177188,1.7486534604784219,4.936838999743909,1240.7178382332127,2040.0380403993568,3249.1639233877004,1456.7714485493316,0.7583658157996976,0.8222235942526355,2285.15625,4187.5,0.13525943713293057,0.0857646495235789,1.660396501095244,3.0470950739254814,0.08056640625,0.1680908203125,1378.6482,991.8434,0.7732715010643005,-0.31307065,503.50616,2036.6116,0.06635967,0.06860265,0.9448749423027039,0.17129028,0.0022044836,0.10945028,0.0,0.1437376118869873,6.800899043390239,55.0
52e02cf2236abe44362904aa030270f79944d97774cd1dd1d03f4b01b7856f4c7b20253288807ede74cda788c93e96101d699c6e0f855a728145ad80257cab1d,15.0,-269.16278,184.76683,-0.5046554207801819,-1.2677592,-525.7335,-122.58833,49.362026,86.05636,-0.2785867154598236,-0.32015538,0.70557964,132.78802,-1.0363493,38.630398,0.5016257762908936,0.6421912,-27.78433,15.070566,17.811876,35.31738,1.2137460708618164,1.5987158,-3.133163,33.782707,2.2314055,26.264772,-0.47800973057746887,1.1118784,-8.334694,17.288353,9.482207,15.84615,0.37283116579055786,-0.3040185,-0.31735712,20.194155,-12.1434145,18.759825,-0.3376719653606415,-0.36052537,-24.774265,1.9118718,-16.5241,20.56905,-0.4771273732185364,-0.93674636,-33.139053,1.1396861,-12.675587,18.500246,-0.45524919033050537,0.17032719,-24.065441,1.4746752,-2.4227285,14.054243,-0.8502170443534851,1.9905329,-7.0183697,3.962913,1.5238745,13.451019,0.37505656480789185,0.5612931,-4.621868,6.545923,5.684306,10.6809435,0.26599231362342834,0.50772953,-0.42578575,12.25313,-6.4900675,10.293134,-0.2947838008403778,0.32844663,-12.085759,0.34219587,2596.054600221815,1512.9966320867102,0.6308591905384409,-0.8717442760627683,1269.2135534065478,3995.9727763128585,4521.862399193548,2031.27519657108,-0.2594907921812605,-1.3353555043934324,2759.765625,6583.984375,0.2386907762096774,0.17609673508309712,1.1676654162491356,0.5730544773776307,0.099853515625,0.342529296875,1452.776,1073.5201,0.748782217502594,-0.5151632,522.478,2172.6309,0.097602636,0.08734225,0.40664783120155334,-1.0646394,0.00093587127,0.15576965,0.0,0.16854083466290967,5.763887112097853,15.0
52f5c039931841f1c4e8cef2f5ad53f8a2ee697ba97b297668a5711abadf0aefb5e866edd6b989915c0075515a81df9dfe4ca20f95ec895d7375e134176fe983,55.0,-344.4839,128.57025,0.2539517506957054,-1.4379814,-467.6032,-223.27081,84.9187,49.19599,-0.6989697813987732,1.3568475,72.51685,109.49774,-11.226461,40.239937,-0.7073057591915131,0.027654648,-35.876724,12.606388,29.596237,35.768494,1.3290512561798096,1.4366755,10.8186035,39.18971,6.680425,16.003454,-0.6633639335632324,0.8867022,0.022797346,15.302241,-10.40125,22.165981,-0.9907914698123932,0.38869715,-24.145002,3.7484946,-14.545887,16.275267,-0.8238142132759094,-0.17240775,-26.470337,-2.899599,-11.391346,12.761281,-1.071828931570053,0.5357368,-18.450287,-2.7697158,-7.192301,10.867503,-0.5601671934127808,0.6040784,-12.322712,-0.9582551,-5.304834,11.686615,-0.7477927058935165,1.1421036,-11.593039,1.4722745,-4.1566753,8.617269,-0.5534789115190506,0.59871376,-8.557983,0.9924328,0.837488,8.330317,0.5609671901911497,1.4983438,-4.337737,4.7246866,-6.1049213,8.43901,0.5487557277083397,2.8293417,-10.385607,-2.4241467,1984.6482491980328,857.6508082007886,1.696769868759793,2.447400793292931,1498.0996370419018,2047.399107572472,3909.4305151808785,1395.9649055100572,0.49077346410766776,-0.27631549047944404,2798.828125,4509.765625,0.1606586623869509,0.10241905812707569,1.9063829798383,3.450883458806403,0.09686279296875,0.18560791015625,1345.8679,983.0306,0.8313870131969452,-0.19202614,506.78497,1989.0276,0.029481584,0.03622459,1.3324573040008545,0.9680635,0.0017222147,0.046486963,0.0,0.10437599576703996,6.8644118862581465,55.0
52f9c9972e0b3002e99e6b455046e526c482b62e2eb6c732e9d6cd8b13de77fb7a3104c22e6c4a40195ff82f44f9237bfb4589e4c58bfefa6de08500f94ebd18,25.0,-354.21667,155.2044,-0.7321465611457825,-0.55171776,-428.34552,-239.11732,68.66851,78.32439,-0.2762041389942169,-0.96229935,12.113218,142.33746,-32.652023,46.764378,-0.2693389654159546,-0.6895957,-64.45029,0.43933177,40.81742,34.491512,0.9694010019302368,1.3587413,19.412174,57.838116,-27.586462,35.180717,-0.15795227885246277,-0.51145244,-48.94165,-3.082075,12.341289,23.796734,0.45317432284355164,-0.54082227,-6.135335,29.711792,-21.284193,27.76429,-0.36104080080986023,-0.6850841,-41.067245,1.9887707,-9.725506,20.627882,-0.5773724913597107,0.14951277,-23.701561,4.1127214,-12.32235,14.979228,-0.15005286037921906,-0.5999222,-24.319952,-1.5863469,-11.246265,19.879622,-0.14107699692249298,0.11285615,-23.682924,0.2606606,-22.425024,17.198391,0.26320555806159973,-0.87175226,-35.926453,-7.617269,3.3864002,12.591158,0.4244285821914673,0.91090655,-4.8549047,10.696205,-13.516019,11.5888815,-0.4479314386844635,-0.4004538,-21.427608,-4.845269,2131.59036766819,1043.1601937534233,0.5124189170374022,-0.8267819897302222,1319.5400863715915,2811.195370361508,3574.298469387755,1202.9774125352212,-0.4487435824332428,-0.5865416073189835,2898.4375,4562.5,0.21396019345238096,0.11960201601139146,0.28584462134480154,-1.2195778314399097,0.1123046875,0.31787109375,1993.1061,1171.2395,0.04428132623434067,-1.3297669,930.5731,3101.162,0.0291267,0.0215355,0.5460084080696106,-0.07703638,0.011238755,0.041829996,0.0,0.16010235711161008,6.874088525021613,25.0
531332f93f3675b4c14b8a550f6021ac42ef8b6f9bbfe232fef3004a3144a8aff262569a688a2851ee1e8616e36f7a6062d0b7bf8cfb1b84489a7bcd6bd9adf5,35.0,-426.23132,133.33044,0.03265656158328056,-1.6123036,-579.044,-307.18344,83.526505,83.271255,0.23058335483074188,-1.5335443,3.1729307,170.99149,0.6651624,32.896286,0.10964898765087128,0.9334526,-17.576506,16.982979,17.921005,37.91943,2.186119556427002,4.8755345,0.0,25.945084,3.5343678,17.186981,0.039595428854227066,0.17949271,-4.2260795,12.333855,3.658831,19.598299,-0.18464577198028564,-0.5607767,-8.310997,20.29942,-0.9870404,13.397097,0.31673482060432434,0.8564017,-9.550249,3.659121,-4.593432,17.054197,0.15668432414531708,-0.17608929,-19.032494,4.816903,5.328319,14.096159,-0.1507495790719986,0.82420564,-0.32468137,13.686522,-4.8062387,18.238348,-0.8495350480079651,0.17505455,-12.991895,3.2298152,-3.8130124,11.293949,-0.3116997480392456,0.48920417,-8.762762,1.4993037,-4.2014236,9.566377,-1.042559027671814,1.2831407,-9.878432,0.9949214,-7.484499,11.336717,-0.6339064836502075,-0.09861517,-13.256626,0.026424645,1831.8433658970916,1240.052712448449,0.8275687743569844,0.11431093475771004,731.6801702303898,2617.2222674242303,3300.309065934066,2128.417180878491,0.21761351628546122,-1.4934043223257996,1281.25,5484.375,0.1414298592032967,0.11194662795640291,1.3156048373662077,2.054096026296105,0.040283203125,0.20361328125,1393.3152,1041.3966,0.7130674719810486,-0.49332976,458.53464,2076.297,0.03462318,0.04267711,0.9385569095611572,-0.6419003,0.00039610945,0.07261707,0.0,0.16449545190416923,10.438894062523215,35.0
535e5bdc48a2bcb2e19ff4b03fda324a643dd1863ec5d9c825ead91b723a0c6649032a2c093802fad468d9a34e319d86c2099d3989134b767d9c6e2676ce3fd7,65.0,-387.1953,144.314,0.5082992017269135,-1.2231126,-522.7813,-241.52438,91.79918,62.283005,0.4528997652232647,-0.6605771,38.059494,140.47412,17.411987,35.634712,0.026625793427228928,-0.06331408,-4.1906576,37.44967,29.505219,30.61156,0.8011329472064972,-0.110106945,3.590904,53.24933,3.5746112,22.38892,0.17200486361980438,-0.37258768,-10.752858,21.747576,-3.433353,20.683083,0.21887950599193573,0.3237046,-14.920357,12.210729,-11.984329,15.130489,-0.0028815418481826782,-0.1335988,-20.841541,-0.9110195,-5.955088,12.602614,-0.44161438941955566,0.6721549,-11.952039,3.219284,-0.36633247,11.37855,-0.37787110498175025,1.0044913,-6.0489044,7.2341166,1.2113621,12.246229,-0.8051611185073853,0.45852995,-6.2214355,8.671278,1.1649001,11.953558,-0.865944892168045,0.59835124,-5.929038,9.209982,6.3318167,9.076633,-0.5979043990373611,1.1101854,1.6633226,11.535769,-2.782289,10.890652,-0.6048220098018646,-0.48109412,-11.002642,5.4310474,1348.233521195496,837.4675065430934,0.9575376918882674,0.509913424209212,708.0449010027846,1669.7574503785513,2602.0945452081323,1635.3242337219003,0.2611859493344045,-0.8389784194240082,1166.015625,3695.3125,0.09327356922625611,0.0738156139720321,1.6241955172545666,2.5414109968730343,0.0390625,0.10791015625,1208.1804,1061.5205,1.1222938001155853,0.1100117,411.31662,1812.8715,0.041858852,0.056601837,1.4996275901794434,1.5457603,0.00072599534,0.06677151,0.0,0.14420539290282475,8.670986405029968,65.0
53617c364d820afdbb78ae9ee60d6fe0295d045e97bf5ebcaa02b196b1be42bed1855495f0d4e9a812989318fd831d4247bf33f8aaf40fb90f9c0712c159d623,25.0,-499.2035,209.99442,0.418540358543396,-1.6487019,-682.84216,-266.56006,26.693512,48.60475,0.6636590957641602,-0.4452908,0.8077298,71.62558,10.449566,42.261814,0.5419294238090515,1.3040442,0.5754964,22.132278,22.532875,34.248337,1.7339695692062378,2.567565,1.2664708,34.87706,-1.8029494,14.971079,-0.6792198419570923,1.3391929,-4.6558514,3.7292686,3.361355,15.630737,-0.8738706707954407,2.4724946,0.6711825,10.528397,-7.759712,16.562037,-0.9841821193695068,-0.21874928,-20.667702,2.7060876,-5.669116,16.858654,-1.3559699058532715,1.635633,-9.800484,2.6423132,-2.4618664,10.06464,-0.5719249844551086,1.050271,-7.824832,2.5891414,2.1961532,10.97239,-0.33500584959983826,1.7443929,0.5323385,5.599722,-3.4100533,9.1294365,-0.9770734906196594,0.099039316,-9.515144,1.7352226,0.75660527,6.9953237,-0.7521425485610962,2.8990517,0.1359723,2.3819947,-3.6836724,7.9163017,-1.3485363721847534,0.7440722,-7.5023923,1.2504091,2887.4758240822975,1188.1597670809329,0.5661630886021022,0.16785089623657878,2009.9189119249381,3224.66466921592,5214.78271484375,1515.7835560379913,-1.1035134601772365,0.6308730189058358,3648.4375,6222.65625,0.2888145446777344,0.12125928387440989,-0.056721668629269396,-0.43580044285388375,0.2210693359375,0.354248046875,1689.2451,1138.462,0.40808430314064026,-1.1124041,651.0543,2625.901,0.014516218,0.018208358,0.8876516222953796,-0.4651227,3.3017048e-05,0.02997041,0.0,0.10700120178656988,8.319092045678346,25.0
5377a3556edb3ec8bbd86676ac9568fcbba4cd2f1ef1d81fcb3160c0c9f8cdc05432d1e387e3ffc9b01a0776a843928bbc84875d57b522bf24cff8dc5d51f2bf,65.0,-367.37326,187.22455,-0.11004984378814697,-1.641011,-586.38904,-196.90602,84.731255,66.53624,0.3786323592066765,-1.0627866,28.854801,143.35622,-0.47666204,30.724674,0.10120747052133083,0.39083922,-23.139427,21.366447,46.835945,37.05037,0.6577430665493011,-0.6178416,13.190968,74.18365,-0.9575848,21.705215,-0.9994674921035767,1.3102472,-7.5044346,10.503674,5.0904922,14.637707,0.4454682469367981,0.5734035,-2.4587493,12.224695,-3.195535,14.199003,-0.033284902572631836,0.5344502,-11.383234,3.5979114,-3.5303514,13.025119,-0.34049349278211594,0.14285707,-12.031878,4.337563,-4.9466314,12.833438,-0.6963882148265839,0.4961201,-13.409228,3.9297829,5.8343573,12.953898,-0.029538489878177643,-0.04809344,-2.8661687,13.729193,-8.164405,13.951008,-0.43612613528966904,-0.93006015,-19.89561,3.3420653,2.1387064,9.669207,-0.3939749449491501,1.9688141,-1.5881817,7.1699266,-4.6369944,13.028852,-0.14736193418502808,-0.47168028,-14.531027,5.273145,1303.9442133006883,667.5964722406145,1.3270970317460584,1.3989394633936363,886.4090563772861,1500.0472522639946,2484.845724265043,1130.2817485880573,0.6948817106572351,0.7182746814488037,1852.5390625,3035.15625,0.09975235021741996,0.08084060155601949,1.8220704794344067,2.8512001601261012,0.04931640625,0.1160888671875,1293.0603,1049.5413,0.8787552118301392,-0.44397366,430.9039,1972.1932,0.053883042,0.054388344,0.4304736405611038,-1.2543514,0.00029337144,0.101132885,0.0,0.13944281278494924,8.775839966508372,65.0
537e6fbaf76967e76c1f4d4e287ebeb3fbb098bbb5d273d555e0f618abcb180dd8233e4fa92bb6a20e33e02efb79a373f1ed44acaec94fc78242d75c36a2a47d,55.0,-295.18488,167.6707,-0.20004036277532578,-1.4474676,-478.85138,-144.14874,29.52657,71.482475,-0.10801522433757782,0.5824921,-8.305415,73.320526,36.12583,41.07831,0.13455221708863974,-0.5299915,6.2404804,64.61935,3.7413454,47.217964,0.23575462400913239,-0.26467848,-30.80727,34.96958,-20.11002,28.883385,-0.0470261424779892,-0.53571725,-40.757935,-0.64780974,-8.469604,22.741032,0.6870813071727753,0.8838191,-23.282,0.72142303,-18.218624,19.94175,-0.3638019412755966,-0.57258564,-34.496826,-2.1310496,-16.639858,19.724726,-0.8187377154827118,0.065250635,-27.683105,-2.295626,-12.059605,14.059496,-0.28543397784233093,-0.24831665,-22.071753,-1.8814692,-2.1669812,14.0285015,0.2475581169128418,0.40093625,-10.684654,3.9736204,-17.498756,13.884386,-0.12695685774087906,-0.5879191,-27.64154,-5.689021,2.6588557,10.745858,0.35456158220767975,-0.16633987,-4.8345814,9.694616,-13.865183,11.685205,-0.517106294631958,-0.22390866,-20.80467,-3.9995892,2920.744054152834,1633.970433069896,0.692256753552247,-0.6728919535158493,1799.888259275533,4219.492619230366,5006.055582935998,1849.3767552677095,-0.6374491875570683,-0.5702718682761496,3902.34375,6542.96875,0.2688066990074271,0.21161751160200665,1.0442705552184073,0.03843513084750305,0.10693359375,0.400390625,1404.1465,1110.774,0.9240850508213043,-0.40112448,511.6103,2097.2878,0.09007001,0.0801072,0.4572659730911255,-0.81473637,0.0046163085,0.15071619,0.0,0.14782293049813755,8.987414307803851,55.0
54284ff47eb191b25a25d1889d4d8079bdcbf08d04b75328210bf5ede3ca70af01c4532e5c0570781eb4a29ae1e8d68e1e5c2093bfbb09a2a4307d044aed23bf,65.0,-308.22076,179.95404,-0.01866048574447632,-1.5349501,-494.12216,-137.87065,65.50651,68.354324,-0.2277056872844696,-0.35996354,12.613169,121.95091,-25.120226,33.491844,-0.30793119966983795,-0.37773108,-47.929985,2.2894323,35.822495,38.987637,0.37780897319316864,-0.14156103,3.6396847,64.40781,4.484893,25.88284,-0.05621202290058136,0.53544474,-10.496562,19.37093,-5.990142,24.464043,-0.09143295139074326,-0.19881368,-23.676094,8.876396,-14.891979,18.495949,-0.09285548329353333,-0.884273,-29.869946,1.268596,7.068797,17.411997,-0.19047263264656067,0.17899525,-2.1756794,18.769777,-21.936014,21.452988,-0.05279668373987079,-1.1466906,-39.008682,-0.38538986,-3.3414025,13.651018,-0.1552557572722435,1.0926644,-10.14481,4.4205594,-11.660332,15.583982,-0.2924308478832245,-0.41279745,-23.399052,-0.31691203,-5.380482,13.551643,-0.2907140776515007,0.65469384,-13.978453,3.9751935,-13.947075,13.724393,-0.3550792932510376,-0.6994672,-24.702187,-2.127103,1834.308187978214,809.5952539934292,1.1027202931096713,0.870427711136557,1308.846265804582,2146.2085359583753,3239.3724412801816,1279.9924164634876,0.6693310852085574,-0.626372890999586,2321.2890625,4145.5078125,0.17372474314748687,0.09886735981233967,1.0735553029910676,0.9655599156183203,0.0994873046875,0.22320556640625,1640.9052,1039.3049,0.3220475986599922,-0.8379199,660.72754,2377.773,0.07411078,0.08055182,0.7244023978710175,-0.824094,0.0014119693,0.14008561,0.0,0.1299571618875294,5.464112910184991,65.0
545f7a37f1a8073151467439956c7f9112ef035aaa2f3cc7ea11b41fa711f651eed3924ea055b9c823487f9be93d014808abba5a89f256fb22e86fde5abd8fa8,55.0,-476.13876,130.1735,0.549379825592041,-1.2260566,-577.1249,-352.92676,72.26549,62.676548,0.48378121852874756,-0.16070056,36.158813,126.77634,-30.1259,43.71859,-0.8640356659889221,1.2294612,-50.934235,-3.4559395,-2.434118,25.411243,-0.16476938128471375,0.9328542,-12.600485,11.553164,-7.518735,17.676716,-0.18899574875831604,0.93689203,-15.808331,1.2940265,-14.435113,20.898754,-1.0058053731918335,0.48257184,-27.373777,0.65470505,-5.190813,15.0606165,-0.47987601161003113,1.5476756,-14.213213,4.018405,-18.925457,15.616628,-0.7356951832771301,-0.022708178,-28.99831,-7.770653,-11.2641945,14.132908,-0.9461001753807068,0.17292643,-20.0302,-0.57974243,-5.8966684,13.387127,0.18565699458122253,0.82521296,-12.088757,0.20268364,-14.038687,11.946627,-0.16758008301258087,-0.38884306,-21.652916,-5.345418,-4.7712502,11.295312,-0.7277437448501587,0.96341825,-11.62086,2.1927056,-4.3248386,7.350289,-0.33216843008995056,0.82937837,-7.9696045,0.0,1868.1626371186937,890.0335732594475,2.024740141106776,5.912251407302991,1287.7527211615777,2196.1038422949737,3239.6805037313434,1393.6441371360459,0.9965741633511839,1.073739498719931,2228.515625,3710.9375,0.18610803404850745,0.09697218264338192,1.9813400051153935,6.670008223870582,0.1148681640625,0.2349853515625,1726.7446,1054.1497,0.36097463965415955,-1.0425997,821.6524,2633.6719,0.012165831,0.021749841,2.8860223293304443,9.187861,0.00034267412,0.017363295,0.0,0.13011281018289356,8.368242012608512,55.0
548641d0f2cb8d6c75521b99f803297a3a221f98a4c91b344c14c841f63f532f9fe465e3ad328148e080a5e423c92af550791f154b46794c97ca3fc4e7f4dd3b,35.0,-258.29013,80.55348,-0.5963002629578114,2.6130726,-324.06982,-203.36014,120.69179,44.568707,-0.9095257818698883,0.9173318,99.47417,150.64725,20.548351,25.337868,0.16949820518493652,0.311571,3.7220778,35.8481,13.326792,24.135252,0.46557025611400604,0.2957884,-3.2099388,25.699741,12.286612,16.972681,-0.8448847867548466,1.3830923,4.4439597,22.728718,3.5723217,16.601276,-0.2037762627005577,0.18126798,-6.9707766,14.097391,-1.9907807,14.820047,-0.5033038407564163,-0.22442186,-12.518041,9.2666645,4.2444906,11.743561,-0.7862764596939087,0.3566841,-2.1200235,11.574812,0.7676297,10.103546,-0.05195102095603943,-0.23097003,-6.744627,7.703977,2.8356745,10.298681,-0.22361455857753754,0.18639743,-2.9720092,9.321236,-0.9567907,8.331724,-0.3931922949850559,0.7471615,-5.2509975,4.111176,3.4250808,7.5505066,0.07411952316761017,0.24731994,-1.9740041,8.102273,-3.2702484,8.145047,-0.9012917876243591,1.2071519,-6.9647317,1.7497144,1392.496193519305,916.64636614751,1.9575523938994448,3.529005652589528,825.1103135392033,1600.3300776614199,2688.328504182498,1717.5079613338105,0.9904839891792991,-0.09418607143637936,1515.625,3602.5390625,0.09472958470898701,0.089960454761228,2.3699828384354023,5.625360360557474,0.04388427734375,0.10198974609375,816.2718,735.0526,2.1152742505073547,5.8756504,322.09375,1056.6976,0.075538725,0.043911673,0.7685700505971909,1.7608823,0.04782674,0.10476793,0.0,0.14250661062368283,6.140046069557142,35.0
550d4cf3e358b328079d6c1458c4e4dfaaeb4491e6a70a41b0d675852a9d2a9ffc03594c69962922d97e266b43606c93665d7b6c302096457bdecd7838aa0b54,55.0,-584.80286,164.9776,0.06758687272667885,-1.3422823,-775.20984,-444.71222,88.93086,79.09979,-0.0678806509822607,-1.3049777,3.3898182,161.19913,6.191472,36.35543,0.09733962640166283,-0.15350592,-13.004576,25.588577,42.132217,41.595913,0.90836301445961,0.1711055,4.093525,63.817635,-14.562252,31.358868,-0.9253211319446564,0.6209203,-32.45401,2.894347,-5.6126547,22.620487,-0.08992168307304382,0.67194736,-19.699903,3.7740576,-3.5467494,15.920032,-0.5461992472410202,0.9467751,-12.544233,3.998991,-9.629682,16.367844,-0.7854436933994293,0.98897016,-17.001076,0.0,-10.683595,14.80635,-0.4999954402446747,-0.3092867,-20.935812,0.0,-8.820902,12.721165,-0.4972303435206413,0.043848395,-16.816242,0.0,-16.785948,13.88788,-0.15611741039901972,-1.1024135,-28.134617,-1.0275389,-4.8430862,9.093374,-0.34154994040727615,-0.095802546,-10.881433,0.38691473,-2.9501424,10.4303875,-0.1166018694639206,0.11902928,-8.766602,2.7443476,1867.592536478902,1189.5057636292286,0.3677599543132481,-1.4782207725782444,823.9281159916732,3216.614017206469,3426.9101587052164,2081.250867802002,0.031759406221376844,-1.399275995222784,1638.671875,5806.640625,0.21826417396684475,0.16801515624600363,0.5488238387774713,-1.2503496371449168,0.0694580078125,0.3809814453125,1891.6083,1191.2279,0.13729100301861763,-1.334218,753.54974,2966.559,0.007894784,0.008056797,0.605941578745842,-0.9349984,3.900331e-05,0.014503341,0.0,0.0965904228200945,11.584022343525337,55.0
556fac80b5352b41c2f603ce4cfd47f61b4c550a59f23997eae46c747229e8235339b557b610fce85d0f86e5777a17ac35878d367654736097e68bf9e24883a7,15.0,-256.56027,115.71533,-0.8787032067775726,-0.08163023,-302.77368,-173.43849,79.81736,61.74295,-0.5511811673641205,-0.112565994,40.69644,132.10599,8.147224,31.435865,0.25039301812648773,-0.14862013,-17.54757,30.734522,30.369705,32.5669,0.5752961039543152,-0.5015199,4.7886963,54.694096,-2.3743885,20.14933,-0.2955196723341942,0.047068477,-12.373768,10.881199,8.0997305,19.562546,-0.24723070114850998,0.08666766,-4.0879736,21.614498,-3.296561,18.670137,-0.18515942245721817,-0.5267755,-16.184563,10.316036,-3.3804264,16.255753,-0.5749674290418625,0.23057449,-12.674953,7.725227,-3.326105,12.913668,-0.007058754563331604,-0.10786593,-12.599257,6.14316,0.1442473,14.0851,0.13208291679620743,0.13691711,-8.811284,8.460049,-18.500034,15.270483,-0.2543805134482682,-0.5355364,-28.54796,-6.416179,-0.5281091,11.657477,0.35667714590090327,0.6165838,-9.253183,7.6330843,-14.429903,14.048404,-0.46832963079214096,-0.3668573,-23.813086,-3.7028422,1976.3841358899622,1186.9290857624567,1.0432682550372268,0.37198167988338193,1078.3246119051491,2626.1361060041627,3714.253511988326,1752.6527440720433,0.06740111608953911,-0.9705300888962382,2268.5546875,5093.75,0.17966284060629711,0.14256005083929485,1.305570810991531,1.3649593244960339,0.06842041015625,0.2476806640625,1653.2837,1180.9939,0.4664076417684555,-1.0961173,596.9459,2677.416,0.06312683,0.040724978,0.1507699266076088,-0.5563185,0.03072419,0.09283065,0.0,0.1197594770875586,7.563656338959651,15.0
55e596ea283c2f974493c7de19cb1641a81929eac3ffa1a254471e7a4fbb20090edc4030e344a38157dd779bceee17bc9e4b6da701cfb7fd5fa33bb11aacc0f6,35.0,-378.8279,147.19801,-0.33682578802108765,-1.2451625,-559.2237,-255.30405,63.639683,76.512085,-0.1239677369594574,-0.5644138,0.0,127.71686,6.8968353,39.66574,-0.0648433193564415,-0.23778152,-13.056056,35.417423,27.728596,36.97608,0.6255715489387512,-0.18389177,-0.07939333,51.330257,-11.965474,21.080357,-0.21703187376260757,0.69358134,-25.327982,0.0,-11.730082,18.717701,-0.22017683321610093,-0.18466878,-24.955706,0.39159453,-20.550116,20.19928,-0.37390648387372494,-0.7748055,-36.58612,-0.053285,-11.0448265,14.267587,-0.4279192090034485,-0.04037392,-21.787457,-0.1989533,-10.138662,11.917727,-0.47987528517842293,-0.16098261,-18.817923,-0.5064046,-9.0586605,11.616249,-0.6931017339229584,0.1822604,-17.013962,0.0,-9.914801,10.165218,-0.16422143578529358,-0.23740125,-17.20439,-1.7040981,-1.0099436,8.781485,0.003876863047480583,0.3526163,-5.8834386,3.140077,-7.297797,8.676863,-0.4651356488466263,-0.50829685,-12.8647,-0.00561559,1944.0682840774489,1286.566458034241,0.6053620185186993,-0.82011772854985,923.8130436460508,2929.6191448641166,3480.2843951887116,2124.3122760416977,0.058871751475943396,-1.4640884410564439,1591.796875,5612.3046875,0.15836018520486228,0.1306083106307486,1.0782389533522665,0.3211937518608008,0.060546875,0.24578857421875,1723.3677,1232.8457,0.3557126820087433,-1.2989179,535.2998,2839.1797,0.041354164,0.04217589,1.0192761421203613,0.18089509,0.0016270124,0.063638955,0.0,0.10955377990792001,12.116712897279527,35.0
5660bcaebb43b62285dc67ed7c50f5f09fa7bbdcf2a9d8ece18d0c24913ad258e7706e4767d635c90a0e186e4d267f2fb84eb2ed3c3fe0d60fe9e19370d4b00d,35.0,-300.80566,144.4549,-0.4809371531009674,-1.1845106,-485.8509,-193.30417,76.86408,60.027477,0.5001723766326904,-0.5983052,15.471298,123.81527,14.708934,27.48272,-0.17399848997592926,-0.00074505806,2.1708372,31.933964,-15.218265,33.42269,-0.523690938949585,0.09513712,-36.22822,6.144531,-22.497444,28.460287,-0.41843706369400024,-1.1775699,-48.460823,3.2580876,-12.587641,18.14611,0.18065425753593445,-0.31069016,-26.11747,1.7808104,-21.718945,19.471546,-0.47153395414352417,-0.64500546,-34.25989,-3.8734846,6.375938,12.349864,0.09870417416095734,0.17182374,-0.5788003,15.073053,-13.983222,14.746772,-0.4271644651889801,-0.07276678,-23.028568,-0.9939395,1.4281843,9.053966,0.5102802515029907,0.49254847,-3.4713292,5.6712513,-11.100654,10.217727,-0.0921926498413086,-1.0815434,-19.549076,-2.2419987,-4.742378,8.570137,-0.3375030755996704,0.4801495,-9.870035,0.7449174,-7.6422315,9.137394,-0.1594737321138382,-0.50410223,-14.663712,-0.6979251,2018.117183842322,1018.1247023365182,0.4256123045167655,-0.9971568605576935,1108.6041790625366,2746.3127399372916,3974.337420886076,2134.432577583698,-0.2050433821612701,-1.5334578548879605,1712.890625,5984.375,0.17104059533227847,0.10007433699295618,0.878081451659153,0.10682095421976134,0.0888671875,0.21728515625,1017.93805,796.0461,1.5133408308029175,1.9084854,470.95718,1307.4265,0.07435462,0.07867994,1.030729055404663,0.2959485,0.0016807073,0.11706762,0.0,0.12202417108593396,10.953677803001858,35.0
56c781828e46dd9a8d71b9519e646fe778cbf3ed2738d3c2cfef7bae75a7cb4928cdf69876a3d70e7a40fc3aeb6de4c7e032ec93715ea6e38ee6d403712f5048,35.0,-341.2295,132.6219,-0.08871975541114807,-0.9169452,-450.8147,-242.75978,78.452354,64.40685,-0.2934679388999939,-0.32307792,43.322212,133.69536,0.90196455,38.857246,-0.2463310807943344,-0.07859993,-32.851746,23.92001,43.27011,35.67721,0.9183052182197571,0.63054943,19.458986,59.537697,12.481666,25.999651,-0.4579872190952301,0.7613311,2.6616695,26.267527,-11.39269,19.242678,-0.9466828107833862,0.80963445,-21.38842,1.7751482,-25.977753,20.848331,-0.46772536635398865,-0.090993404,-39.804443,-8.1455145,-8.148893,13.724777,-0.23384733498096466,-0.061089754,-17.917122,1.6418908,-4.1501303,14.551993,-0.38995781540870667,1.5104146,-11.343874,3.9446902,-5.2748747,12.242404,-0.0643005222082138,-0.051277637,-12.602564,1.9672453,2.2909493,13.237106,0.13291463255882263,-0.9783361,-8.214585,13.339409,-12.078996,12.302179,-0.0643482580780983,1.0432448,-19.0775,-4.7560225,0.23413345,9.119747,-0.017337625846266747,-0.55672765,-5.928591,6.6127462,1928.60727645637,1159.6142487301702,1.2358227315320405,1.035433788124962,1096.2874648923148,2322.2312071202678,3397.306278280543,1704.8037649777557,0.5158539143847712,-0.30952180129735174,2171.875,4210.9375,0.1856242046097285,0.12683329872343296,1.036243958843892,0.6213343310962793,0.0869140625,0.24658203125,1633.1865,1106.1057,0.3954662084579468,-0.94912744,538.0552,2453.5698,0.03943261,0.042281758,1.211655855178833,0.8789706,0.003052118,0.06230039,0.0,0.11021943617823177,8.588519976483814,35.0
59003dfd648b19ff307c47988b95b80b076165b80d208a69ee8c9d7ded6ff4a4e1a3f43543ee036cc3a825cc720a44e6abe5df94d5734fed9e4a5d67b6b22edd,35.0,-284.86328,156.45831,0.003925175406038761,-1.7390075,-443.91467,-135.72726,75.14953,54.615635,-1.1739544868469238,1.5042324,54.58019,104.082184,18.189352,31.034681,-0.8439845442771912,0.10680008,1.039671,39.681305,27.051348,24.593477,0.8727000951766968,0.38910747,8.874542,40.299397,14.426148,17.033089,-0.3454098701477051,1.6413922,6.2215366,23.712414,2.6059926,15.633053,-0.733952522277832,0.51657224,-5.718523,12.176487,-13.485324,19.835304,-0.4528787434101105,-0.91261315,-29.444252,4.7829065,-2.5311587,15.314904,-1.1115055084228516,1.2349291,-11.063908,6.93505,-1.4332541,11.353717,-0.7034180164337158,0.05196619,-9.015037,6.0305924,0.114222474,11.040604,0.6102676391601562,2.0010386,-5.397051,4.5099006,-8.249193,13.289038,-0.79823899269104,0.06303215,-16.724031,1.8265448,4.920268,10.490881,0.39992856979370117,0.9305353,-0.29022685,9.239504,0.16093571,9.1909,-0.6436828374862671,-0.16470957,-6.1418285,6.8960648,1853.6411923479977,1014.9754387958169,1.4529488021727965,0.9371493840377778,1156.2641840604247,2083.110843622795,3555.62734962406,1554.4550403327098,0.6604816941560124,-0.8605810411126145,2250.0,4750.0,0.12990851151315788,0.1045839519694127,1.2999452804391327,0.8047982169781296,0.05712890625,0.19677734375,1371.1638,1182.3129,0.801064670085907,-0.7418542,388.93488,2173.7092,0.068865515,0.07528311,0.8410733938217163,-0.43111157,0.0028539516,0.12144252,0.0,0.10345665079384772,8.084514772158192,35.0
59730a4d2eaf7a0ffd5afd067f237997d0d0b41f6db95fee7234c7cbfd05acdb209fbf2a7844fd56769d4b377553ad53a57b2499f236c038c99f2184aecbe4f6,65.0,-335.60544,129.91867,0.13320760987699032,-1.2780721,-465.7838,-221.61191,84.10039,58.455887,0.2049013152718544,-1.0887218,35.789856,136.81042,5.4586267,34.031048,-0.5648269653320312,0.36595476,-10.499762,25.300869,45.81387,32.04986,0.8784145414829254,-0.06495488,20.544397,65.6372,18.77842,17.89634,-0.19789746403694153,2.2430725,11.575407,26.729736,-4.9699316,20.065037,-0.5392563343048096,0.0056101084,-17.516256,8.198512,-3.8277533,14.851627,-0.6043435335159302,-0.17623019,-13.341971,8.1357765,-5.437642,16.401283,-0.8419116139411926,0.33401954,-16.4112,7.097414,-5.9638557,14.909629,-0.6411271691322327,-0.6800909,-18.638527,5.591074,-5.8902483,13.035351,-0.5800104290246964,-0.4959538,-15.266309,4.7489376,-5.250022,11.394201,-0.57533398270607,-0.38319993,-13.755014,3.3125696,4.02249,10.001704,0.23151795566082,0.75888443,-1.8054826,8.160869,-1.2852154,9.8670845,-0.5828800797462463,0.63347673,-7.286076,5.1708326,1709.6395555346253,870.1029231061264,0.6862184343761133,0.13157937106853734,957.4636192817766,2251.0830700174574,3510.0325349136897,1714.9837778698852,0.15777229374362925,-1.093897029729895,2044.921875,4805.6640625,0.1295133042104961,0.0775343205024778,1.4278248590193292,3.496938402930083,0.06756591796875,0.16937255859375,1347.555,1008.6257,0.5768824964761734,-0.8165278,411.30896,2090.5583,0.054416876,0.060058575,1.0439395010471344,0.42389083,0.0018401735,0.09459234,0.0,0.16682792241571504,8.45993175856769,65.0
59e26cf7c063f10ba0e0dbc3b4ea4f0f927c54ae240f0b528ce9af59447b03fdedee406537546a092a36253afa96b9b1929b4ded44c82618d9a249b0729917c2,35.0,-384.02075,101.965225,0.1397126019001007,-0.80722237,-473.67578,-284.8927,118.30755,36.28403,-0.4593769609928131,0.6316726,99.87639,145.84448,1.8485805,23.682688,-0.17698277533054352,0.6416774,-9.414235,13.653549,30.987986,20.788908,-0.1666487604379654,0.050212383,18.714119,42.54011,19.515335,15.922891,-0.1289006769657135,-0.038376093,10.232363,28.57085,13.331434,12.849306,-0.15174371004104614,0.22322702,6.105879,22.280096,0.20936102,13.636897,0.27808451652526855,1.5502996,-5.3860703,6.4949594,-3.0103078,18.047256,-0.7687665224075317,-0.42180014,-15.964941,11.492775,4.355375,11.382777,-0.534303605556488,0.9214108,-1.2088823,11.686325,-1.2084827,10.667616,-0.731009840965271,0.58333874,-7.3507643,5.867794,-2.016799,11.288175,-0.7939723134040833,0.027196407,-9.144645,6.0762653,3.552834,7.623368,-0.6321436762809753,0.7149813,-0.28643414,8.618234,-3.854443,8.944275,-0.4123617112636566,-0.1881845,-9.317209,2.6220834,1220.135201447439,595.7026211513187,2.06867738144503,6.205298129885312,903.7954318140341,1374.6336418020533,2483.7324134199134,1259.1919117468142,0.9318520001788352,1.3639414898080222,1679.6875,3066.40625,0.07172027191558442,0.05956176882068199,3.0305645178191214,11.057528306076483,0.04052734375,0.076416015625,917.4073,919.04895,1.8349162340164185,2.8137789,310.55844,1276.6047,0.019189458,0.016909612,0.6168456673622131,-0.64101696,0.002999215,0.03410686,0.0,0.12984547891568093,7.229518456358106,35.0
5abb4bcbad0c6d2e55ba5c0719a5a4844b2ccd28ce08e6ff5a85ac0b05b0c6c58c66325b6ed91a6463f4e945788eb639c53a31e75b8eeec3b8be5f37fe6b5c02,35.0,-349.2853,140.61324,-0.08668003231287003,-1.5094322,-505.48413,-229.74538,71.13623,67.1868,-0.6237841248512268,0.26304936,44.90931,124.19383,39.06703,36.930916,0.48538920283317566,0.18123245,20.123814,61.17473,12.13749,26.703726,0.38861802220344543,0.2891233,-3.1710653,20.031713,8.37897,19.5903,-1.7308460474014282,4.46703,3.0326028,18.52992,4.3813577,17.502792,-1.211032748222351,1.9285755,-1.9314907,13.854047,-4.475899,17.158304,-0.1511438488960266,0.043304205,-16.128138,6.451,-6.165146,13.4673395,-1.0001214742660522,0.5149951,-13.377861,3.7362251,0.27957544,12.412286,-0.5399036407470703,0.9240551,-4.6688867,6.186413,4.0832977,10.827739,0.23566459119319916,0.13266182,-1.4534147,10.956759,-8.284629,12.350627,-0.6481578946113586,-0.25964332,-16.847298,0.943935,0.0932736,8.131306,0.004420740529894829,0.8011668,-3.897278,4.1136127,-3.3793387,11.096243,-0.8000980615615845,0.6778157,-9.254591,2.775909,2239.4359244941634,1398.123224910841,1.1297640948946677,0.6364594813036302,1055.7250446720113,2579.3828929348556,4318.035489949749,2244.7549569597977,-0.40741251338915285,-1.4370520817626928,1972.65625,6046.875,0.1818123822236181,0.15885796629390683,1.6305401860469089,2.0942766848175696,0.060546875,0.20263671875,1067.0984,1067.546,1.5597612857818604,1.24195,340.65613,1358.5469,0.046494015,0.04409269,0.6020349264144897,-0.13000703,0.0009330422,0.079884544,0.0,0.10809001392120357,9.864611980226863,35.0
5abbdcbb88c5cbabf2df7548e0c3abe6056c0872105f710560d498f99168c1e1c089addaa918c02eecc8bfbe905dee7b53e546fcf5f9bfb39774cef149fba2ed,25.0,-537.06995,147.0444,-0.40679191797971725,-1.0296092,-661.47125,-428.45898,72.62434,75.95337,-0.25947751104831696,-0.86363614,0.0,132.08832,10.499401,35.12307,0.015454664826393127,-0.3883983,-19.858196,32.591133,34.7936,44.179314,0.32965612411499023,-0.80243874,-3.713747,68.54428,-16.345621,24.550032,-0.13770581781864166,-0.3832146,-36.955517,0.11726181,-16.782,23.687891,-0.5369018092751503,-0.5114075,-33.868843,0.07822834,-8.605178,16.589367,-0.7256255149841309,0.18004131,-18.11914,4.553363,1.2006135,13.592243,0.33286746591329575,0.4000628,-6.8253098,9.881443,-17.324345,16.091194,-0.6464073359966278,-0.2588371,-26.230104,-1.3111422,-12.227461,11.949217,-0.2812664359807968,-1.192338,-23.898304,-0.83500016,-13.809818,11.991877,-0.42953377217054367,-0.49506378,-21.392172,-2.3311248,-7.5745106,9.355007,-0.49284863471984863,-0.36298478,-13.210244,-0.2201906,-10.173899,11.703722,-0.9220946133136749,0.3636484,-14.195863,0.0,1959.2564767512522,1271.5458567619235,0.5555580396244062,-1.1470619681608325,887.8725138042373,3335.1131808851997,3438.086580977978,2040.7197800952727,0.17191083885320893,-1.3485930276752929,1830.078125,5384.765625,0.22078317874057135,0.17811882291940812,0.6726958064624723,-1.056739743997262,0.068359375,0.392578125,1969.2415,1200.3167,0.008785475045442581,-1.3683292,779.11566,3008.4893,0.01028904,0.008796244,0.3317306637763977,-1.1349359,0.0010320102,0.017857905,0.0,0.09710212000491943,12.687876978220071,25.0
5b1eb8a939853ed0b73d6de16582dd076ac28584782eb4349c3c109893cd18305c57f2ff5101484e2f3bd480d92559c84e47e1d4ec11e95cd93f03d6ce51e013,65.0,-348.44333,103.70996,1.0430331826210022,-0.27591026,-421.98285,-263.49286,114.7996,34.060417,0.4665486440062523,1.9332498,97.78284,131.32523,3.0298982,19.37409,-0.11573081836104393,2.089555,-1.7832956,7.534073,-1.8877076,34.700966,1.3351065516471863,0.8428345,-23.033638,10.1169195,1.1497765,15.98048,-0.39797940850257874,1.4409196,-3.9966676,8.921105,8.78646,15.045593,0.3134893774986267,4.0084724,2.861391,12.372859,-3.1653914,12.882978,-1.0978977382183075,2.4740005,-7.0848575,2.47239,6.8653646,13.658491,1.165518969297409,1.5184307,-1.908339,13.805838,1.1962754,13.2616,-1.627628743648529,3.089972,-3.4285614,8.777567,9.041761,11.445207,0.07087212800979614,2.058076,5.385624,12.979109,-4.0177107,12.639423,-1.2482709884643555,1.263968,-7.3064375,3.7772117,-2.6862955,11.382253,1.187914490699768,1.0569469,-9.753464,0.63276166,-5.0450854,8.553876,0.7940144687891006,1.4122381,-10.329224,-1.3563796,1131.0292886083664,416.9560522358906,1.0870619962144832,5.278382622572959,970.7608027257368,1257.5983369869666,1943.8469996638278,762.9627749865533,0.5571285042869183,2.523541067354204,1658.203125,2183.59375,0.08342750238121918,0.041875021496055986,1.3043362061084662,6.948397791457506,0.067138671875,0.091552734375,908.9846,612.8295,1.6729441285133362,3.9001915,546.54266,1161.5793,0.056154646,0.08584173,1.4900911450386047,0.972049,0.002783109,0.09639416,0.0,0.16177583872734994,10.558147122543675,65.0
5b4d980f6a5381585ceca027ad6372c781097b181cdf15681712458295c57928cbc3c65c1feddef421d7fe0e158443d26ccff76dfdb4ecd4c5bc67bdba7b929c,15.0,-499.375,158.50809,-0.24178321659564972,-1.2571995,-658.4989,-374.0188,83.52704,84.81297,-0.042843895964324474,-0.8604518,17.465815,151.3045,6.1145973,46.95366,-0.03161316737532616,-0.42356193,-27.76003,37.94963,7.8334713,43.571037,0.4858066737651825,0.7761278,-21.46914,29.382877,1.3289069,27.880507,-1.2347400784492493,2.747488,-10.83813,16.910221,-2.829144,20.545305,-0.3090662993490696,0.46865726,-14.739887,8.114653,-20.812317,23.26653,0.07100590690970421,-0.873199,-40.36026,1.2499303,-5.9203873,18.551239,-0.04030887968838215,-0.14660263,-19.297241,4.0923333,-11.095171,15.990277,-0.17599444463849068,-0.07187259,-21.832794,0.55552804,-2.365491,14.235975,-0.3176122158765793,0.19135892,-10.689775,6.753851,-7.0325227,13.641032,0.030004125088453293,0.29034293,-15.768403,2.1603858,2.9710126,11.432867,-0.06256750226020813,0.04148805,-3.5171049,10.651522,-15.348245,12.753012,-0.19208217784762383,-0.65659595,-24.785591,-4.3424487,2273.9563125230275,1520.5340190867382,0.9385226454255945,-0.2533473086609159,1052.1782848473772,2821.2846650745414,3925.354392995644,2160.2821546645873,-0.050568757748787586,-1.6114109915427968,1750.0,5930.6640625,0.2346813041404922,0.16782608118489212,0.8685788967440263,-0.012772647205129717,0.08990478515625,0.3349609375,1262.2979,984.95416,1.0619195103645325,0.27413404,474.2118,1767.3044,0.009067722,0.008261286,0.6846051067113876,-0.29587066,0.0010649604,0.01480894,0.0,0.1692580743021288,7.637000449137041,15.0
5be997e1b0c7c296baf030a893f3424a64fea3d8fc92ccf57e2ce3ef92620984aaf2c2e1a031d8e62e05cccdf1fcf31afc0ff79068a741ac959c6e1237fc29f9,25.0,-309.7113,172.34064,-0.15208981931209564,-1.674192,-514.19415,-153.59668,93.27038,56.704372,-0.24045835435390472,0.4453597,67.29927,141.43912,-1.4157411,40.6178,-0.668021559715271,-0.6446941,-33.315403,34.634216,22.386734,30.963251,1.0935039520263672,0.6569512,6.6222773,32.338238,-16.365072,29.12674,-0.872879683971405,-0.36913228,-36.398514,4.7909555,-6.2290854,16.62062,-0.707923948764801,-0.23521256,-15.780304,4.355,1.355594,18.540377,0.21855926513671875,-0.24039888,-8.675892,13.635722,-12.919416,15.546998,-0.4826945662498474,-0.21968007,-23.842865,-2.8420548,-9.1663475,11.407875,-0.3732551038265228,-0.12971449,-18.2139,-1.5893946,-5.3763485,13.014541,-0.8301753997802734,0.72401905,-10.68358,2.9639978,-8.425215,11.777587,-0.5742902159690857,-0.13822985,-16.498013,-0.7254271,0.83481747,9.143951,0.3921116292476654,1.1685138,-3.8025074,5.2602444,-6.7613716,10.890537,-0.07809092104434967,-0.3213017,-15.50728,0.6765624,1712.1218560156435,915.9878608400307,1.6606559484129102,1.8712910724800036,1180.0714498549833,1843.5848048593737,3260.9458556149734,1556.4554414258876,0.9957234218795177,0.40287174152387184,2281.25,3671.875,0.1332720588235294,0.0903590795832251,1.6891639518457973,2.3466593826835815,0.06787109375,0.15869140625,1302.5524,1048.5863,0.9771977066993713,-0.29403424,485.4592,1992.2183,0.05748544,0.057895575,0.6439193487167358,-0.707422,0.0009983846,0.10693051,0.0,0.12179256455078626,7.053398232660311,25.0
5c6fb7baaf45fd9f7d8bd918dac2c258ab7cf9208f119a4a3ea2489bcc10f30503b1a97d8884262ba770cfdb61dd879ffabc2c9ffe21dc6dbe9c1c886df2b31e,15.0,-559.4774,154.3798,-0.03287541028112173,-1.3200219,-736.1144,-432.0114,93.02823,69.95224,-0.06773923151195049,-0.8433533,38.531548,152.051,20.266283,33.056366,-0.06165558658540249,0.07000327,1.2318621,38.27836,30.144894,35.21598,1.1211329102516174,0.77394617,8.173771,47.433945,-0.9021884,20.916286,-0.8000378906726837,1.0011461,-10.7228565,11.012316,-7.191208,17.785135,-0.45974741876125336,-0.0020543337,-19.045616,4.933009,11.472734,15.890824,0.3332284800708294,0.0021067858,0.24761319,23.368362,-15.363602,18.891546,-0.7021949887275696,-0.124821424,-27.578049,0.10409525,-3.6497135,10.95569,-0.2210424467921257,0.07162714,-9.955475,2.7908733,1.3085787,12.221241,0.6595351882278919,0.47750235,-6.449071,6.207996,-2.9669826,10.257566,-0.17799687385559082,1.0965064,-7.82657,2.7505307,2.6271558,9.3369465,0.5364217460155487,0.71165705,-3.1120641,7.6306434,-4.5574255,9.073556,-0.17823985032737255,0.15185761,-10.120071,0.92533374,1860.2597139708207,1158.9382259984504,0.9029507858308722,0.30815788470600114,896.4930323531905,2670.73773284251,3654.977020067524,2181.461460816985,0.08256880432876582,-1.4974246450921878,1420.8984375,5785.15625,0.15725829002615638,0.11869579216187909,0.957639746046378,0.4148404344960024,0.05450439453125,0.23870849609375,1494.471,1111.6409,0.632195234298706,-0.87873816,518.63696,2370.684,0.006731388,0.00722744,0.9036374688148499,-0.23769605,0.00018267713,0.011435435,0.0,0.08362786912215717,12.635821940638198,15.0
5caaad495b1790a4657ae685ce17d6242fe3ccda3dd9cc70a2c9f8e6db178f04f874eee921edb2f5ac45753b5997ba84f4d3dc340c5c90b6072bf5d1b188ba78,25.0,-305.29617,115.317055,-0.2206234633922577,-1.429668,-425.48627,-202.65906,78.26966,52.99119,-0.8059755563735962,0.079036474,59.454544,110.442154,4.8734994,27.00583,0.8200191855430603,-0.19401431,-16.95092,20.93296,35.851913,23.575016,1.07656729221344,0.5300431,19.431675,51.93963,7.1591034,16.602947,-0.6575260758399963,0.21427584,-2.9251394,19.850016,8.737034,13.380793,0.15496385097503662,-0.93498874,-3.3245964,18.68106,-14.092013,13.915213,-0.39460936188697815,-0.73904824,-24.529202,-1.6645274,3.2216506,10.531892,-1.0313990116119385,1.6255069,-2.0417511,11.022738,-1.3807665,9.079521,-1.3718007802963257,1.802506,-4.729108,4.7564287,3.208549,9.638287,-0.03613629937171936,0.07162094,-2.4863062,8.917419,2.0697358,7.8698525,-0.22445030510425568,1.1333685,-3.2302802,6.048568,-0.17082478,8.387746,-1.3396072387695312,3.1796532,-3.4020658,4.3444014,-1.901991,8.008907,-0.15501448512077332,0.25313663,-6.872692,3.0907364,1986.9233695089656,1041.9159711211773,1.20885543659757,0.5383862708486351,1314.340986390362,2306.7251833639893,3747.012867647059,1475.2425199061092,0.2783128012975888,-0.8849487759033097,2611.328125,4970.703125,0.18421128216911764,0.1280389701536332,1.4055634106298005,1.2178569155687367,0.103759765625,0.221923828125,1413.4772,1058.7314,0.7854480743408203,-0.3841784,482.85782,2038.9507,0.034790836,0.033178564,0.49780401587486267,-1.0945228,0.0023050625,0.0631092,0.0,0.12914645240591435,8.64302981192923,25.0
5d08ca36b0418118b0a3f9797eba8a47f8551582bd0f3b97b015c35fc856a26fc488941199ca987d0d95cb8290261dead871f411bae81e8668d72599c82f50f8,55.0,-276.8987,144.56454,-0.28072261810302734,-1.2336762,-413.75537,-150.38324,33.559708,41.76744,-0.7078216075897217,0.2930442,10.814317,58.262978,-35.080406,29.531967,-0.27249117189785466,-0.38110864,-56.74488,-14.517845,-0.1681655,19.357304,0.4028047025203705,0.06125605,-13.389138,10.486965,-25.610023,18.15981,-0.9159114956855774,0.47534668,-35.044518,-11.412917,-1.5297525,12.537582,-0.07691586017608643,0.32362962,-7.8063765,6.008254,-26.387362,16.146862,-0.2867060750722885,-0.7439195,-37.645523,-12.6250305,-1.6383075,10.182934,0.5304962992668152,0.36954355,-8.408812,5.2854347,-19.200382,10.867428,-0.4078989252448082,0.17453682,-26.46273,-11.156244,2.8685544,11.308626,0.44384945929050446,-0.4240377,-6.0644464,10.611755,-23.448502,10.751645,-0.2890140898525715,-0.6377082,-32.04418,-14.646132,2.0231788,8.179646,0.2477232739329338,-0.64839137,-4.6638827,7.8531694,-17.676582,8.534503,-0.14283403009176254,-0.75752974,-24.032112,-10.989153,2709.1824429909966,979.9443721879004,1.0864851770738255,0.6285906906452101,2076.2120718819706,3147.381920231169,4786.297179383117,1160.0298410521655,-0.06647522524262571,-0.98718245058369,3957.03125,5689.453125,0.2576822176846591,0.12719245833837298,1.2616518726487134,1.619056831475218,0.17169189453125,0.31109619140625,1901.5503,1078.6011,0.21700986474752426,-1.0824656,981.6212,2786.3904,0.048141055,0.04999908,0.8870146870613098,-0.30455983,0.0031421103,0.077403255,0.0,0.08414721544165607,10.14156547913515,55.0
5d791f000243fe9551689d91d6913a9c50aa99070f215b4967d2d79fd0d5f6ea071fa75069abec601c55cfe78cba6306dbf81d83dc879a2ff787511a20997bfa,55.0,-399.58243,112.04464,-0.024292064364999533,-1.0490696,-505.8553,-298.50214,85.65911,43.08412,-0.3191356733441353,0.14683855,69.19697,112.32193,16.433908,25.136936,-0.7988789081573486,0.20067489,0.9582455,33.86886,32.856796,24.632523,0.24879492819309235,0.31616557,18.762684,46.843502,18.699293,16.15143,-1.056940533220768,1.9425231,13.922325,29.152658,1.1024647,15.47641,-0.815170168876648,-0.008145213,-6.2122025,11.683281,-10.350035,18.474186,-0.677637442946434,0.24060845,-22.02885,3.7493436,-0.7023704,10.531929,-0.517504945397377,0.8251244,-6.3642592,6.377634,-0.6662075,10.429715,0.007036834955215454,-0.02715671,-7.140855,4.5647516,-2.7518692,8.471048,-0.47467781603336334,0.06306493,-7.958712,3.6565256,-13.513724,11.113834,-0.3409038484096527,-0.48838735,-21.515003,-4.0112896,-1.8252487,6.9303827,-0.09975514374673367,-0.28715992,-6.3976297,2.8889143,-2.1349888,7.4658775,0.09704765677452087,0.0719285,-7.157073,3.0273566,1671.1878426885478,910.0410801957087,1.4953266932227705,2.619561377472919,1061.9109850499663,1948.9547043123835,3495.4839135021098,1814.1335701237672,0.2487343222535165,-1.0917215545502417,1976.5625,4938.4765625,0.09632226699850563,0.08485422738601678,1.9026894134602577,3.7440771868059675,0.05218505859375,0.11236572265625,1168.6736,1035.8212,0.9838689863681793,0.102087855,322.451,1972.9124,0.020514537,0.022323158,1.8350989818572998,5.41956,0.0027531064,0.032551296,0.0,0.09646755117006789,10.831398048358873,55.0
5dc2ed50df3f64d678844635d15809e2f1cc5e1c33210d64d2e5dd8dfa94e99920464198cdbff825c39d806be36de49f222e7690b46550506bde4a9d8840e45a,35.0,-434.08887,139.27103,-0.12702836096286774,-1.4631606,-595.53723,-305.95316,80.75458,72.60927,-0.05061925947666168,-0.87688184,13.59194,141.42288,12.207667,34.892452,-0.2550424039363861,0.34782672,-4.388294,34.580112,41.65736,42.42009,0.5845445394515991,-0.48186183,4.728733,69.30571,-11.451405,29.79775,-0.9884760975837708,1.5965967,-24.008791,4.704116,-22.388247,25.697815,-0.27639520168304443,-0.53652835,-40.09084,-1.8672037,-13.075967,20.362852,-0.6954970359802246,0.20362353,-24.779688,0.30090988,-0.47031602,13.949616,-0.23122578859329224,0.40558696,-8.8664665,7.9077597,-11.749339,13.826846,-0.821089506149292,0.100587845,-21.846745,-1.9970617,-3.3154144,13.2179,-0.2652597725391388,-0.18170214,-11.509586,6.3935485,-4.9293866,9.877841,-0.13865414261817932,0.6974051,-9.463616,0.5561886,0.67920524,9.690163,0.037742774933576584,1.255403,-3.7022202,5.266355,-13.787984,10.949485,-0.3567078411579132,-1.0384111,-22.98747,-3.9901204,1575.0245426056392,1186.4639580224434,1.809591472588132,2.7327421692257072,824.9094273646318,1687.356595345757,2894.1243489583335,1729.5043627052344,0.7131051035633102,-0.1417397826579081,1898.4375,3486.328125,0.1309331258138021,0.12165012837304186,1.8444848338648898,2.8713781967881715,0.050048828125,0.137451171875,1260.2129,977.9429,0.9686636328697205,0.011608839,476.2397,1894.9431,0.029896773,0.028191162,0.634479820728302,-0.4555478,0.00089936773,0.04642708,0.0,0.12059156573562897,12.65366814679309,35.0
5e213d049011526870d2a9e5f3ac05ca81f82323d8849be19739deff1233c2fa8f0d8563722c1f6280a63baee249470c66fe1db4cc0c249f6a25cfcc2a23d06c,55.0,-628.9164,100.98291,-0.08659027516841888,-1.0621752,-739.1659,-550.2972,83.93959,59.35453,0.003022960154339671,-1.2710786,30.926249,143.24278,17.55786,23.930586,-0.3260442018508911,1.0480137,4.9593816,33.736786,23.79459,22.797968,0.29349878430366516,-0.48717952,8.018768,39.330658,-6.647909,19.033693,-0.3438088297843933,-0.16185093,-20.816126,6.0879683,8.655963,12.926234,0.8754088282585144,1.2865052,1.1943731,15.3224125,-14.789349,15.063732,-0.3266584575176239,-0.5174074,-25.657446,-1.732059,-19.349195,18.224232,-0.3658886253833771,-0.9913118,-33.54087,-2.0531473,1.537846,12.28502,0.5066250562667847,-0.17603993,-6.318503,9.060904,-8.48214,13.150674,-0.33750295639038086,-0.569355,-18.157848,1.0774188,-12.176376,10.275684,-0.7877718806266785,-0.081264496,-18.143248,-3.5340018,-0.20381187,7.342607,-0.13307349383831024,0.3682282,-4.3240657,4.898743,-4.212413,6.3476844,0.019611407071352005,-0.15897465,-8.453614,0.11460192,2021.2511485505836,1100.0341343763657,0.16710233383794648,-1.6937034773912722,920.3661928608929,3185.33997933598,3710.668103448276,1990.991917936185,-0.07116070974013056,-1.5340403513484053,1503.90625,6037.109375,0.20997216235632185,0.12689335966233906,0.10335060231918757,-1.4726973038915003,0.0762939453125,0.34326171875,1820.7694,1204.9419,0.26545947790145874,-1.3000537,649.4446,2913.781,0.0017363408,0.0020613808,1.9834105968475342,4.663385,7.588081e-05,0.0027031074,0.0,0.09772092470044554,10.822543598813368,55.0
5e7c3a7176523199241160bd5808debe07fc15000d6a96828d6cc9e7edbd4d4bd6952fbcd21c2a2ff3919700079e0a38218736bbb801032e311e56bd9a4b484d,75.0,-429.7718,160.8197,-0.013083815574645996,-1.4259244,-575.23206,-272.52148,76.59538,53.27247,0.39891040697693825,-0.76821613,22.324268,118.1358,-3.1323807,34.098408,-0.41978274285793304,-0.31127858,-27.926016,20.479618,28.622623,45.628838,0.9046911597251892,-0.13216889,-1.7674917,47.199066,3.4993782,21.900814,-0.6420767903327942,1.5881553,-6.461095,15.498314,3.5406075,24.182459,-0.3144439645111561,-0.6142695,-15.00705,20.371315,1.3588041,16.58355,-0.05009618401527405,-0.5231632,-10.550701,14.186793,-4.59695,14.014318,-0.7630475759506226,0.17852521,-12.747529,5.5182996,3.111235,12.800484,-0.25209715962409973,0.34862638,-3.5331311,9.93621,3.8108234,16.558296,-0.7191803455352783,0.5513606,-1.9801905,14.930203,0.0060173273,9.996198,-0.17973065376281738,0.24696803,-6.441829,6.2125216,-0.2049061,9.370916,-0.3501759357750416,0.18707657,-6.049757,5.180212,-1.4543751,11.560053,-0.5911435484886169,0.20917165,-8.5554495,5.301486,1751.012971588661,861.6564495402281,0.8975292096609206,0.5984861372696306,1046.7311108579538,2352.520366683927,3564.0890037044255,1690.4995228179698,0.23825982310217433,-1.0398388906510165,2216.796875,5089.84375,0.12532706942142718,0.09728350340251567,0.7189109329567223,-0.7576681592072575,0.045166015625,0.2003173828125,1399.1199,988.428,0.9190014898777008,0.15487397,572.92084,1985.4524,0.036752347,0.043418933,1.1233761310577393,0.026410937,0.0015682129,0.05904025,0.0,0.10993472808776082,12.158600847449176,75.0
5e8a90a7034d012b5ce8776036b58dc8ef6b0ff71f826fc344b6d2df64c8018427a3d6c664c433b7df061f62b6ecd7b8e658aefb9a08751bbf668ea4b2e870a2,25.0,-390.68564,170.19092,0.3389195501804352,-1.4205326,-568.4279,-230.56529,54.406876,70.21577,0.18305790424346924,-1.065777,1.8222003,117.33734,2.7204256,29.37526,0.4945163130760193,0.69292474,-10.376265,13.278014,10.813497,35.074043,1.2106722593307495,1.8192949,-1.7481923,20.9077,-29.51758,35.28264,-1.2342129945755005,0.76725435,-40.1758,0.008574229,-1.8475901,18.128431,-0.6678099632263184,0.2306695,-7.496991,10.084336,-17.773985,18.945473,-0.6282914876937866,-0.8379431,-32.246227,-0.7682036,-9.2675905,13.280237,-1.348236083984375,0.98028016,-14.719585,-0.704425,-8.439757,15.244373,-1.048532485961914,0.1916995,-14.998635,1.537144,-7.669336,13.354082,-0.6689884662628174,0.015855074,-16.819067,-0.40216058,-10.224178,12.495507,-0.4200034737586975,-0.8489573,-20.628815,-0.5350213,0.79417264,7.455496,0.5152031183242798,0.41504478,-3.0028183,4.0470243,-10.213054,15.117332,-0.05338749662041664,-0.37701392,-20.994091,-0.4876623,2097.2392936553247,1107.868223919635,0.9782442627743315,0.4247700018822118,1141.2282272648768,2513.5205481620633,3726.831896551724,1777.5365892906657,-0.5226505437339855,-1.1947203566399778,1720.703125,5234.375,0.2000269396551724,0.15204382534925126,1.4775418916057141,1.4144905214244972,0.0772705078125,0.2322998046875,1467.8241,1084.4381,0.8199570178985596,-0.4923923,585.72595,2088.9297,0.051457062,0.06324228,0.8877666592597961,-0.66415143,0.00029367974,0.10088285,0.0,0.14112815209631072,10.268781790713222,25.0
5eaab218ad9e5127bf7945efb56fc413029d0f7981498a451461e6f4994f7cad980d5f4cd44a363551d14c5beabd929ab3685b06e0fdfa37763a131c2fdcbe18,25.0,-414.18445,153.53235,0.6929246187210083,-1.0603557,-547.0498,-283.4136,51.764626,46.8351,0.5449554324150085,-0.3112465,19.940285,77.659256,1.8550605,33.20885,-1.2866716980934143,1.4449201,-6.086691,22.107933,17.65702,22.755583,0.6804893314838409,0.9073676,4.6849847,30.063044,3.9062748,15.930624,-0.8546071797609329,1.1147572,-1.8902543,13.117758,0.7091519,17.879505,-1.5478101968765259,2.0892897,-0.021444313,10.879179,-7.8459864,11.144188,-1.0366203784942627,0.4716692,-11.841509,0.3162796,-0.56428564,9.892289,-0.022656043991446495,0.6595893,-5.3511496,3.860301,-8.440733,12.962843,-1.5043232440948486,1.9540182,-10.683382,-0.471866,-10.744469,9.428306,-1.1836796998977661,0.95258236,-14.924231,-3.9096065,-14.501654,12.055174,-0.9355974197387695,0.44766366,-21.600796,-5.1388807,-3.0340753,9.181686,0.3377734422683716,0.556455,-7.980962,0.32917035,-9.454396,8.880005,-0.43684447556734085,0.29303896,-13.720809,-3.6438997,2044.6622425163678,889.333441730623,0.2547905066210853,0.29436967149158066,1502.4087406270735,2463.3280983668683,4143.443362193362,1717.0058121091151,-0.7426781689859709,-0.49380236124527643,2890.625,5355.46875,0.16983027822871571,0.11070098825076019,1.2892654702675252,1.8817750326839455,0.0947265625,0.18896484375,1402.9935,1020.76855,0.6987450122833252,-0.46670747,488.00092,2057.1821,0.044718504,0.067017995,1.2520188987255096,0.06930709,0.0005322273,0.07956515,0.0,0.18435488361873886,8.421530914567615,25.0
5f3c2e9bbb26ee108da71a7ddfdf45464ccf78288500abda8502f576e05c64572cdbafbb05fd0f677e204a861b898f4359455de32add83d3791a02e7539be4c0,25.0,-469.1967,156.8123,-0.14132992923259735,-1.3281776,-672.5356,-343.5874,93.74882,62.928173,-0.07874763011932373,-1.129118,18.10548,140.35344,-0.05120826,49.49679,-0.9178268909454346,0.5249586,-17.250507,29.3244,-0.14642358,32.230434,0.19108767807483673,0.6576452,-18.794659,13.008727,-30.64862,32.959743,-0.3945072293281555,-1.0627351,-58.14879,3.727607,-3.0141015,16.366066,-0.4707859754562378,1.1067858,-9.850942,4.5596714,-7.1596746,17.428667,-0.958712100982666,1.2113132,-13.685173,2.2387924,-0.7821728,15.298305,0.11650455743074417,0.46163583,-9.120844,5.4524436,-13.353132,13.191742,-0.9230617880821228,0.2830422,-22.435429,-2.1778393,-7.6847215,11.052963,-0.21893081068992615,-0.55567765,-15.759547,-1.3096768,-13.103353,16.599287,-0.26059046387672424,-0.3652432,-23.05744,-2.238625,-3.4325027,10.617487,-0.08291638642549515,0.7670231,-8.443359,0.4301977,-0.005404076,9.009178,1.0063284635543823,2.3193278,-4.63978,3.7170448,1723.9239858673357,892.0906611013205,1.149171398874961,1.998846665234228,1060.474475755413,2477.3115880475066,3376.502403846154,1844.1703949899647,0.18633827999954988,-1.4534435849326377,1714.84375,5513.671875,0.15126201923076923,0.10143326855702775,1.4854242952805627,2.848928841191289,0.0771484375,0.222412109375,1208.3542,971.58716,1.2547796964645386,0.6433859,500.5927,1647.4381,0.018373562,0.017580628,0.6277918815612793,-0.59167576,7.6641125e-05,0.030886358,0.0,0.10392140228169176,12.046990947558283,25.0
5fa41b0ca75e09ab505267c5b1938c094a49305eaf9e482b65d6834c9c36e3e4d0c5bde073089b46598a6d2556d4072b1d50b5ee2dbd244eb11f8fa6f9c6fa50,35.0,-362.25226,135.55112,-0.16446883976459503,-1.550159,-522.3362,-247.18553,53.62487,67.09591,-0.0592365488409996,-0.44912314,3.601374,114.1765,10.625834,31.49716,-0.011962044052779675,0.5652034,-3.3631196,29.306425,43.413445,43.847195,0.534735381603241,-0.6494534,9.863768,79.47467,0.3463638,20.057613,0.16536027193069458,1.1954594,-7.736753,8.444673,-23.56328,28.557398,-0.5629296898841858,-0.92250013,-43.858826,2.5392728,-15.261365,14.365071,-0.5623866319656372,-0.56237984,-24.919144,-4.5948787,-2.9900968,12.497013,-0.060458987951278687,1.3247252,-8.686763,1.8760624,-12.87455,11.827579,-0.7834601402282715,1.1872702,-19.721106,-5.9600067,-4.505376,11.313335,0.43833428621292114,1.8179884,-9.461398,-0.3325337,-16.271713,10.351016,-0.4272100329399109,0.38840628,-23.203783,-8.500598,-12.865752,8.695745,-0.5248220562934875,0.017355204,-19.120272,-6.3963633,-12.677749,8.865944,-0.5408560037612915,0.37864375,-17.298716,-6.3981533,2481.475653699124,1411.7327747822042,0.29449798624827395,-1.0817376851572948,1092.8295474890392,3680.8868819143854,4342.941810344828,2009.8112013645678,-0.1482357096228228,-1.5713206470794587,2416.015625,6273.4375,0.2581043462643678,0.1680875798440945,0.06403303317698156,-1.6098723686125256,0.079833984375,0.44384765625,1951.3794,1152.3379,0.05613085627555847,-1.2590165,860.49036,2935.187,0.039895426,0.03964191,0.7120919227600098,-0.41108894,0.0005725615,0.07015425,0.0,0.12835287096266373,8.863776239387368,35.0
614a67d840d783805551d660288a65653d3f6f752a7b98f6ebd9f2e77715d331d06ad7be7ce998243820fee9fc6269ba4e1980ff6c5dc280368e2f1f1f65fed8,65.0,-414.74243,105.84275,0.3163977116346359,-0.42102003,-508.60138,-325.27673,53.748207,37.3115,0.6133989915251732,1.232939,30.14447,75.45071,-0.30613792,16.447975,-0.32720208913087845,2.661536,-9.413423,9.6691265,19.412552,19.660137,1.1091049909591675,2.6836135,9.125933,24.860378,-5.01372,13.667051,-1.3964120745658875,2.8909738,-12.675091,4.2417564,-5.877259,11.527678,-1.250012293457985,2.7369857,-9.789258,1.015456,-18.572401,11.920204,-0.07529903948307037,1.4087303,-26.423244,-9.99753,-12.404812,8.009479,-0.9109345972537994,2.6568022,-16.1888,-7.571129,-19.728924,8.543031,0.3775964677333832,3.5104835,-24.075523,-15.565397,-9.781254,7.990988,-1.5953553318977356,4.1566715,-13.0971155,-4.744355,-7.3961945,11.73558,0.9967861175537109,1.60082,-15.928524,-1.8235464,-9.37679,6.0292726,-0.033352747559547424,1.8064185,-12.986929,-5.695896,-16.714098,7.544302,-0.828574076294899,1.7278847,-21.358324,-11.198544,2419.5756411013626,770.1292837994331,-0.051399769379485316,0.20452124043450848,1965.427198711754,2954.2607134994037,4795.855729493618,1308.7303748481277,-1.0804984281444312,0.7161521479912553,4058.59375,5766.6015625,0.2069291689611638,0.10094505546767546,0.6047035998316102,0.7467732127773674,0.13787841796875,0.2791748046875,1721.5065,1114.6692,0.31969261914491653,-1.1251909,667.9117,2645.4297,0.011230747,0.013954711,1.8612166047096252,4.3009806,0.00085066265,0.017287025,0.0,0.14560240158194176,7.237628598404753,65.0
6188c850945f10617f98757bde98a5ad9ffa15eab2a844f81d59514c08b09bf636c73810436a15b17bdf87a5c9888283d73e2828bc1b46e8e77ef2f3ee479220,75.0,-428.202,129.24747,-0.366211861371994,-1.0735295,-550.6524,-332.18634,103.89503,80.025986,-0.1485622487962246,-1.1874952,32.235138,175.63956,0.22231722,26.190222,0.17236150801181793,0.24061716,-15.694602,14.974217,18.934834,32.563446,1.1831336915493011,0.99487257,-0.4173609,28.69497,3.333746,20.192007,0.9269881844520569,1.0105383,-10.861454,12.64155,-3.028082,13.2312565,-0.6965832486748695,1.1737422,-10.295912,4.5970855,-12.322363,16.497587,-0.4412195533514023,-0.25731194,-23.708992,-1.9352839,-19.594189,13.126539,-0.2536092475056648,-0.046026826,-28.61399,-9.77578,-17.77457,14.068977,-0.16610176861286163,-1.0350212,-29.265862,-6.1058,-13.676283,13.585672,-0.42599140107631683,-0.6238035,-23.4295,-2.7243705,-6.439787,10.627249,-0.2409353144466877,-0.1553024,-13.347558,0.21439818,-6.4656096,9.061858,-0.11342190578579903,1.1580855,-12.026765,-1.0676726,-15.019043,9.10429,0.3846972584724426,0.36109078,-21.48484,-9.273568,1685.737136084048,1127.7396172166314,0.8520613908187972,-0.19242167118160514,695.5136135680987,2388.821044253031,3169.807761408552,2046.5063490259768,0.33479811698086326,-1.404480967592389,1285.15625,4892.578125,0.1482039215493622,0.10272310363611861,0.9164757647561848,0.23639105314199327,0.0576171875,0.211181640625,1534.5995,1135.8208,0.5677390694618225,-0.98804045,502.20438,2507.0789,0.019360652,0.018007819,0.8209562301635742,0.5172268,0.0010273617,0.033077262,0.0,0.18975722080448137,6.303801067775844,75.0
62882ec0bfb3931c782b026e69a99bcdb8418cb112c19bac808eedb09ab1a2661555e566db5b341e5319b7e2de5312ad8346291680bcb24b482500128607e605,25.0,-331.59293,199.29791,0.5750231742858887,-1.2705038,-505.34583,-154.70825,71.26968,77.77911,0.4593691825866699,-1.3650106,0.0,146.7426,-12.619454,26.484865,-0.3490435779094696,0.8893764,-26.843098,0.0,-10.047539,20.958344,-0.7410467267036438,2.1243067,-19.47869,0.0,-15.382977,21.400814,-0.7832483053207397,-0.6548748,-32.98942,0.0,-10.13307,12.794306,-1.0199686288833618,0.3373313,-20.008015,0.0,-14.139329,17.89457,-0.9804001450538635,-0.2405796,-25.793444,0.0,-4.5379205,10.569579,-1.2002968788146973,1.6083193,-10.440407,0.0,-8.6804905,11.983022,-0.9229066967964172,-0.66921616,-18.87014,0.0,-4.0031404,11.21753,-0.4143112599849701,1.2772703,-8.330502,0.0,-5.1728554,8.838258,-1.436370611190796,1.5833883,-9.5116825,0.0,-4.023956,8.710305,-1.9203927516937256,4.1694264,-6.5253887,0.0,-3.0853791,8.654034,-0.7584608197212219,2.425825,-5.407859,0.0,1436.1839805238674,535.7082595423739,0.11721554032158195,0.008915213047220316,918.4177984042665,1878.8313088712248,2736.746651785714,1260.5119054667532,-0.08672991995145847,-1.2068683471799058,1431.640625,3837.890625,0.12142799014136904,0.04458867817757094,0.09120031335180878,-1.0216320900514118,0.0810546875,0.1558837890625,1324.0426,902.97174,0.990294873714447,0.37722254,615.8809,1822.2749,0.11219731,0.15478775,1.1377333402633667,0.005008459,5.2963253e-05,0.20778249,0.0,0.13179210348757364,8.030641912252523,25.0
633550fac69350c3c61bba688498182b84841734cfad804ecf5c6c3836af8e8aa23d2f14fa23f1f53444bc3dcde4d337e720974a2fa1714cbb6ee9825a515ab8,15.0,-456.5305,173.95872,-0.13441221415996552,-1.5544642,-669.8281,-300.1206,61.59976,71.048744,0.24785028398036957,-0.956079,2.1107924,121.945694,-5.967323,34.329575,0.20623652637004852,0.9168639,-26.27313,6.0054107,6.98144,28.377045,0.8712199330329895,1.4722543,-6.589628,18.590147,-18.210508,26.256466,-1.0022423267364502,0.2555189,-33.15731,0.04429987,-1.6487739,14.984742,0.3057716190814972,1.1972175,-10.244938,4.9298816,-28.547112,24.187557,-0.16943439841270447,-1.3617822,-50.27131,-3.298356,-8.825449,14.512854,-0.8013914823532104,0.73838496,-16.883602,-0.25827897,-15.85224,14.733136,-0.3306017220020294,-0.806658,-26.253284,-1.0907263,-7.501358,12.2578,-0.4728122651576996,-0.09271717,-14.169794,-0.028014466,-9.0857315,10.329488,-0.5834469199180603,-0.29666996,-16.56508,-0.562325,-7.55307,12.307528,-0.9700132012367249,0.3928206,-14.913424,0.5405552,1.0786731,8.982192,0.23818978667259216,-0.10551858,-4.2892113,5.7411118,2147.2329701466415,1078.1753785248447,0.7498267625772365,0.34290778647103837,1223.6036431310274,2708.6110339229363,3944.450431034483,1707.2048366726972,-0.4732543188658516,-1.1257341033921253,2671.875,5367.1875,0.20297683189655172,0.12928785738039658,0.844801760050192,0.8291890181219079,0.0830078125,0.2666015625,1703.0713,1121.8767,0.45089900493621826,-1.014951,697.9324,2631.5635,0.018190788,0.019796865,0.8091901540756226,-0.4380114,9.6471944e-05,0.031108452,0.0,0.12226050542443219,9.786616030853336,15.0
63cf30b62eb97a124a87e6746a63af766deebf3bf3f4077c8a8652957bc406d3ff8534636cdf0bf4b6e2788d92f1b5c8623d09b2e43cc77bc663b92788724a0c,75.0,-344.70294,144.13904,-0.2509616017341614,-1.5442467,-526.0718,-220.74182,55.01905,70.64107,0.09960944205522537,-0.66413546,0.3533793,117.45538,37.083977,44.68524,0.8074142634868622,-0.3270893,2.3830466,67.94481,15.948757,27.87415,0.8467944860458374,0.449942,-2.0671988,30.440704,-8.02404,20.368378,-0.8774961233139038,0.16377568,-20.652859,4.545854,-12.350669,21.947374,-0.3507292978465557,-0.045279026,-27.802145,2.878079,-5.2783012,16.895699,-0.3797861784696579,0.36231685,-15.5183735,3.2135098,-1.9439654,14.371265,-0.32658444344997406,1.8204933,-7.2349167,4.283667,-16.269815,17.232704,-0.6972456574440002,-0.19691288,-29.038471,0.002924364,-3.9851193,8.341593,-0.4454367160797119,0.87878454,-9.447862,0.42070606,-10.906372,12.53416,-0.5939303040504456,-0.51432765,-20.07219,-0.059809778,-3.0503917,7.6960196,-0.7483216822147369,0.7811816,-7.380822,1.5740039,-6.6356573,9.1811075,-0.7849454581737518,0.06868672,-12.253072,-0.011988182,2357.7239298319773,1397.3341442518545,0.6039965490074028,-0.37501223985530485,1112.7851081476092,3096.6431591149912,4198.91222334004,2128.409593702563,-0.4355167414013411,-1.2571715238750034,2110.3515625,5880.859375,0.2197741134305835,0.16231572469658262,0.9176171392329666,0.7852337356472716,0.0679931640625,0.31036376953125,1771.5381,1247.4441,0.26523327827453613,-1.4183939,555.13,2956.8208,0.07285327,0.07655999,1.1275806427001953,0.77994037,0.0003764368,0.10702562,0.0,0.09355723612107868,12.619396026841326,75.0
643a91c531a85a93303df6e4e25c25cdcfbe1c6f09f467d7d932d44bce8a13f657499ca5d08064f830101de33bfe13904bdef7127800153bb4e70ab2960ef885,25.0,-693.7616,160.67148,0.18506690859794617,-1.8192734,-852.32837,-525.126,74.602554,79.99594,0.3964330852031708,-1.5539677,0.0,161.60736,-14.274706,24.69087,-0.09993108361959457,0.67962,-30.29199,0.0,17.428835,28.022314,0.8488819599151611,0.37875128,0.0,36.67694,1.4004755,17.481657,-0.8289296627044678,2.1230521,0.0,8.208939,3.7500873,10.546174,0.789946973323822,0.6606791,0.0,9.719442,2.7506185,12.979773,-0.5194918513298035,0.9824021,0.0,12.273955,-18.394083,21.02394,-0.473532110452652,-1.3058462,-38.681873,0.0,-16.715513,18.33999,-0.5487839579582214,-1.1060779,-31.574478,0.0,-8.353643,12.438292,-0.7833436727523804,-0.26253295,-18.668507,0.0,-3.8434753,7.482063,-0.6188851594924927,0.36923647,-9.085081,0.0,0.5083402,8.727558,0.6452866196632385,1.5019631,-3.3501892,2.2770448,-6.258636,8.381255,-0.5461032390594482,0.25666237,-11.21228,0.0,1294.255217627112,1274.3548708102255,0.9506215892657774,-0.3145395485956426,463.5162877775124,1966.073627426585,2364.9553571428573,2306.9730828289453,0.8103693097280188,-0.7321061953339112,492.1875,3476.5625,0.08956840343045112,0.10522869334140855,1.5147673935996036,1.9181467597718465,0.0,0.12890625,1558.8566,1138.628,0.5540645718574524,-0.95759463,497.90634,2551.9893,0.0023677205,0.0030089263,0.9899431467056274,-0.16737604,2.837016e-19,0.004753619,0.0,0.10357249881470885,11.871645143519972,25.0
64979f4bb4bd2cc3b1ca6f018d83cf793a341ae407089bc8ba332570d6d6ca466123b5faae56407fd2a9b357c41f6b2c545f1b1b71fb2ed3a25f77da15491542,25.0,-324.16867,146.49321,0.31969496607780457,-1.4347633,-465.55057,-190.51216,107.41676,50.632553,-0.30686819553375244,0.7019315,74.421585,153.05539,19.1166,36.370895,-0.956290602684021,-0.4393561,-5.8634367,46.624786,34.718216,31.970686,0.9153870344161987,0.29406023,17.602785,49.761086,5.806691,14.788583,-1.2273623943328857,2.5427947,-0.7494195,13.75217,0.03758487,18.20871,-1.0145277976989746,0.96675014,-8.830513,10.728475,5.038769,12.549367,0.26511237025260925,0.67841244,-1.6242552,10.270215,-1.9756602,11.375082,-0.17270316183567047,0.8872297,-7.906846,4.2996902,-12.497351,16.610487,-0.7731500864028931,-0.42754698,-24.567728,0.36896166,-2.755956,10.434865,-0.6049089431762695,-0.22434998,-10.462443,4.085614,0.96830976,8.5761595,-0.5010639429092407,0.55970645,-3.0395405,6.3214593,4.4489784,9.814632,0.5100491642951965,1.4839754,-1.3987672,8.871309,0.39742994,8.480338,0.3727544844150543,1.0862451,-4.52273,5.0914564,1051.2645353952669,650.0358748966491,3.1905221509966357,10.906853620185252,737.8652377083863,1113.1807664855269,2005.8053359683795,1158.2135904184836,1.7205309748993605,2.8438608792519293,1234.375,2406.25,0.06658766674901186,0.07546155907714687,3.433600668970488,12.167946285272278,0.03515625,0.06298828125,935.60474,1005.08966,1.6581745147705078,1.5083151,313.6829,1041.592,0.07600379,0.092493616,1.2104462385177612,0.63481,0.002979507,0.1372,0.0,0.14407214803422244,9.77016122536088,25.0
64ad4645c10be2461c60897dfc419abf215121ac497ad7c637c7add0d129f0e01c49e191caf61974f4552515700e8b0d73665609e24e85e65369266d0de3b036,35.0,-556.4292,162.00557,0.2597929537296295,-1.4651711,-721.0513,-427.2463,84.75005,74.48393,0.3846145570278168,-1.1702838,26.676003,159.41655,10.84481,29.684612,-0.08784535527229309,0.07829285,-7.4763603,27.8501,24.214848,29.042374,1.2634198665618896,2.5523791,11.022732,32.16642,-5.867679,30.398212,-1.2063037157058716,0.5463321,-14.995365,13.325382,5.7416735,13.95999,-0.2995794713497162,0.7392516,-0.6567888,11.422501,-7.44815,16.89343,-0.5840229988098145,-0.0025098324,-18.68891,3.8169255,-9.153084,17.914099,-0.35624659061431885,-0.7364938,-21.889488,2.9472177,-7.9910774,10.731158,-0.7008899450302124,0.4401095,-15.170748,-0.076939814,-9.304413,11.531963,-0.7522745728492737,-0.06872058,-16.187284,-1.4122479,2.2928953,14.910451,0.46912214159965515,0.26229548,-5.768326,8.694588,5.2958255,14.431172,0.656028151512146,-0.41972828,-4.411936,14.297926,-5.4354167,10.397132,0.19350774586200714,0.29729986,-11.65592,-0.64681625,1975.0472785090062,1063.6234595737972,0.7015285834038061,0.09225712281287946,1011.5575249890406,2546.8881642119222,3831.5,1855.1089022109995,-0.3052272926788429,-1.3997221129345379,2140.625,5429.6875,0.16896875,0.10979611412078931,1.226667799688092,1.2401950185422388,0.0732421875,0.21484375,1194.0353,1066.7128,1.0722640752792358,-0.0961647,373.90704,1856.2928,0.008156229,0.00952735,0.8331080675125122,-0.56319857,0.00010126204,0.01580218,0.0,0.1564331061941186,8.486228238354649,35.0
64eec0ce74775025119b960ed846dc68b1bd6bbb6a71e5c448fc658faad48d858bf9e732f94e4aa94be52ceb05095d9cdd3796418797b0b0089ad52f64cdf2ea,35.0,-391.604,145.97612,-0.1195489838719368,-1.7637838,-558.2291,-253.07199,94.94669,71.47223,0.3150075376033783,-1.5505188,29.511662,167.35246,14.024779,22.972206,-0.7088031768798828,0.49473524,1.5065572,26.940884,31.134418,24.48201,0.78001469373703,-0.14899278,16.711912,44.114166,7.9350886,16.235912,-0.8239650726318359,1.3770514,-2.5183191,17.918797,5.310657,14.739426,-0.2871755063533783,-0.08773494,-5.700814,13.970621,-1.9402426,16.993282,-0.8901112675666809,0.03083086,-13.04167,10.903346,-4.742603,14.404483,-0.524756133556366,-0.60293436,-13.585972,7.4985676,-4.28406,11.804926,-0.3239278793334961,-0.43540764,-14.061367,5.357629,2.995647,7.813237,-0.7525169253349304,0.97877955,-1.1882063,7.146253,-3.5177217,12.435204,-0.8571041822433472,-0.086144924,-11.019115,5.043574,4.652231,7.274162,0.399970144033432,1.297679,0.9798551,7.4984937,-0.34778452,8.426312,-0.24401269853115082,0.2931583,-5.952977,5.047004,1246.692565606393,847.7690917470868,1.2938312144164887,0.7403591889524725,655.6729312198122,1790.909918991534,2545.4963235294117,1817.8287314856343,0.7809698999978508,-0.6972373529271891,1121.09375,4205.078125,0.07097311580882353,0.06423076447763036,1.9303627121835012,4.000235658890758,0.02587890625,0.084228515625,1014.4836,1081.503,1.4495441913604736,0.70027184,323.39716,1218.9009,0.053685375,0.05599123,0.42699432373046875,-1.4291903,0.0005922961,0.10616702,0.0,0.12817669149006924,13.054658122984774,35.0
6568fa3a64d7aa4f9793de2e5aae9dc787f0edc2e304239092463d16ae201d0e822b08436f78a391b170adeefb28a1e59f2c5d916aaba7c4070a28a2f0152a15,15.0,-307.1444,149.96317,-0.07115059439092875,-1.378869,-457.0998,-178.90384,80.99115,62.370235,0.017221182584762573,0.08432627,40.322662,125.17349,22.952286,40.215195,-0.48403358459472656,-0.25696373,-1.2543049,52.621628,44.432434,37.10164,0.9543773531913757,0.41219103,15.950781,65.13139,-7.2793283,25.202225,-0.39845120161771774,0.4898746,-21.71347,8.344719,6.0888577,17.767683,-0.3366982191801071,0.7179886,-2.0620255,15.974296,-13.169704,16.48207,-0.19050997495651245,-0.67973036,-25.483301,0.936261,-0.8430264,16.18203,-0.6131699234247208,0.15005028,-10.643638,11.126377,-5.0279913,14.493649,-0.10729567473754287,-0.6693598,-16.19962,4.6152067,0.77458155,13.618422,-0.48364317417144775,0.1527915,-7.4687524,8.917215,-3.1556149,13.875061,-0.2193860486149788,-0.6600807,-13.686518,6.946069,1.2766505,10.776346,-0.04496844299137592,0.13806105,-5.341137,7.2310677,4.1784973,10.641819,0.019141659140586853,0.49926293,-1.5482516,9.046102,1818.1498535391029,1178.2825330992164,1.221138294272615,0.33876731196805854,1040.4601474017932,2159.2388436865176,3452.605402588497,1728.1852312816968,0.3922688585421859,-0.6953271018746658,2167.96875,4669.921875,0.15435950732300693,0.13261003657192694,1.4630848085255796,1.342463564166926,0.0626220703125,0.2076416015625,1385.1372,1223.6589,0.8344272375106812,-0.81037295,405.2157,2433.6626,0.07475437,0.07465914,0.833563894033432,-0.45260978,0.0037113759,0.11658989,0.0,0.09817717830721859,10.40614947701322,15.0
65d26b489b3c9274fabe742b234706f8bd004c3c79fec9c44b60844816114dcf358ad96ae46f406ab54e36b0646b98ec4e1e4d7725af34f3f2270fb7709f6dc5,35.0,-384.3668,116.731606,-0.16946905851364136,-1.3160999,-525.7755,-291.53644,80.88707,71.79154,-0.2576008141040802,-0.5277877,42.772186,142.86801,35.232548,35.08376,-0.05348715931177139,0.7886331,17.699192,52.203617,18.731047,38.98582,0.12443114072084427,-0.08100319,-4.1016636,35.91186,5.8506994,24.660845,-0.13525809347629547,0.68461514,-10.596613,16.236427,-17.986294,24.57237,-0.5217221975326538,-0.7759862,-36.284138,5.368878,-14.578652,17.869526,-0.34606191515922546,-0.75970507,-27.99125,2.1456091,1.3287686,11.438365,-0.5837526321411133,1.0516543,-3.06669,7.4480643,-1.348832,16.073133,-0.2002781629562378,-0.03361106,-11.02477,6.5388575,-0.8385253,8.783197,-0.2351052165031433,0.11625242,-6.6570663,4.784964,-5.228773,9.949654,-0.48688891530036926,-0.09998298,-12.93145,1.4866421,-5.831977,11.520845,-0.2491530030965805,1.0163751,-12.059078,1.0954125,-4.223567,7.820463,0.2756503224372864,0.04499626,-9.171465,-0.041801088,1815.3318584950243,1828.2090542690707,1.5689475115725353,0.9716486240337634,730.5882292272439,1907.5937079063776,2950.840212264151,2395.2686978539464,0.8625067135368876,-0.9407066203174499,1285.15625,5189.453125,0.17187730321344338,0.2111218391266809,1.6858864025571627,1.6737090694305623,0.04150390625,0.2261962890625,894.5539,922.2848,1.8754534721374512,2.6156468,327.11902,883.542,0.04009809,0.039269973,0.9753909707069397,0.30702686,0.0013753683,0.06566309,0.0,0.12201118161527759,11.832603100578496,35.0
66a3784228333ced27b62daacd1cb933fe5df5069c1bcad621d93539d13ec5022b713a9799fed0afff57cce9c5f64bed0a6197cb811767f1d8d225afbd2d957a,35.0,-330.41135,142.39227,-0.10331795364618301,-1.2943207,-448.49094,-195.5547,62.73079,56.488655,0.10591122508049011,-1.2826805,11.057947,116.77156,-3.8764174,35.557327,-0.2295875996351242,0.09167814,-25.10456,11.269636,28.923172,28.281374,0.5600200891494751,-0.25102258,6.931427,45.008263,-13.490462,31.76267,-0.3950323462486267,0.0803082,-35.094254,6.279356,-0.49629188,14.747131,0.48180922865867615,0.96994567,-10.246105,4.2940903,-21.310379,17.180744,0.03249473124742508,-0.8900902,-33.770958,-3.5076919,0.42666298,13.271465,0.2401035726070404,0.45581222,-6.2822113,8.072121,-1.6325288,18.526293,0.29956766963005066,-0.17607594,-16.37204,7.7332544,-19.601467,16.414913,-0.37881046533584595,-1.0352556,-33.21542,-5.7999964,-14.124292,18.525082,-0.6833267211914062,-0.47873592,-25.399109,0.37203065,-0.025699202,14.629823,0.7845574021339417,-0.018733501,-8.591919,3.1947923,-9.793062,10.116617,-0.9901444911956787,1.1267872,-15.054827,-2.6530151,1934.3043860687346,877.0985890152923,1.1723547618933283,1.7903489415902705,1343.5263796883826,2386.6314367885047,3786.931818181818,1379.9224260764213,-0.12854243281981456,-0.010020241058085855,3218.75,4492.1875,0.14798957257231404,0.12352290732900058,2.2185350714350554,5.364364458617047,0.0703125,0.18212890625,1552.2526,1181.222,0.5978370308876038,-0.95751834,478.94916,2337.3389,0.049402673,0.06834604,1.8759726285934448,2.8982453,0.0042401897,0.057009272,0.0,0.1200555508439319,9.549425147386204,35.0
670e1d6197ff11a4ab9e765e0919a0681ecedd8997e8d412c18b6df72dc2926cc0ff028aef2821eaee63adb6e5748a234efbb353ca5d7a7e9c7d6a403f3235ca,25.0,-282.8271,116.880936,-0.0622374564409256,-0.87470984,-380.652,-193.15028,106.60277,46.650963,-0.9807015657424927,1.9216852,84.4637,131.67197,7.6742325,31.007946,-0.44723621010780334,0.19029093,-7.9514017,23.892845,34.491497,26.96213,0.9116355776786804,0.81626916,22.4356,43.2816,15.659052,15.963052,-2.0535905361175537,7.3853474,11.18949,24.44216,-5.2491117,24.128935,-0.7436931133270264,-0.6310575,-24.290073,14.475033,4.2635484,12.663675,-0.29543638229370117,0.2565899,-2.9297476,12.996128,-1.6520095,15.661336,-1.0812819004058838,0.79183245,-8.456995,9.666256,-10.478868,13.032518,-0.6483484506607056,-0.32569242,-20.055527,-0.17878509,1.7758737,12.439941,0.07297997176647186,0.60352993,-5.063056,9.263685,2.1352654,7.7441792,0.14531895518302917,0.55194473,-2.526389,6.759917,-2.8140259,9.999258,-0.7668322324752808,0.54555106,-9.072553,3.8825803,-6.8069444,7.262421,-0.5801995396614075,-0.1266284,-11.745682,-1.348528,1445.0536567438508,755.2710668089869,2.628578453978703,8.934743001998882,1003.9974922056209,1600.5469362903996,2969.658430232558,1428.6499999984424,0.8788455456583169,0.5265127000365317,2125.0,3914.0625,0.09216403221899225,0.09265159658395754,3.4032018679642433,12.995560347756863,0.04541015625,0.09423828125,1107.5961,973.6003,0.9218540787696838,-0.28464127,320.40216,2010.1106,0.054748714,0.048354637,0.828811764717102,0.2041831,0.0070940526,0.08599045,0.0,0.12422996328886161,9.584710891028706,25.0
67ebe42918faef62d140e4e07cd957f26a30a5af116aaf33ab3608c89ab50717a3463ea616c569d422d418ba9fc342139b3e250a6e29264619fce6ff60f7f6bc,55.0,-346.96378,168.17154,-0.7050781548023224,-1.0354159,-535.2887,-223.92273,79.21867,89.492096,-0.23018934577703476,-0.7959416,26.491749,166.71184,-23.275673,37.909893,-0.1364171952009201,-1.1395576,-55.598457,9.50284,31.464708,31.308584,0.46787263453006744,-0.3566364,10.991825,51.2081,6.1550894,25.369064,-0.3766348212957382,-0.809271,-13.761001,25.407352,-1.9629006,18.236359,-0.6741659939289093,-0.14713907,-11.74979,11.984421,-13.092653,21.571795,-0.2006547637283802,-0.9498025,-30.167442,7.0681944,-1.4396979,17.46014,0.04835083708167076,-0.43824387,-16.191566,10.228275,-5.945822,19.5715,-0.8054417222738266,0.61162734,-16.497349,8.031638,9.117973,14.580573,0.42529745399951935,0.16654623,0.14513561,15.622355,-7.3768134,13.051851,-0.5390999615192413,0.19980979,-16.170227,2.477513,0.6650064,9.518015,-0.5947979986667633,0.82028437,-4.857019,6.876206,0.68009436,10.718727,0.0393681675195694,-0.30912232,-6.504897,7.5359497,2079.0915273719665,956.2953429891573,0.4763031935985087,-0.7632733432321366,1174.433947862523,2644.8376063167134,3681.6840208149515,1576.9631146224233,-0.029984739557352008,-1.5069055586468303,2074.21875,5222.65625,0.16514880534611373,0.10997153576475119,1.0642498293810805,0.22963762220911144,0.078857421875,0.22406005859375,1827.9465,1134.5516,0.21690211445093155,-1.197231,737.0527,2857.7004,0.0317415,0.02712367,0.7025689780712128,-0.06425083,0.003046632,0.047504593,0.0,0.14148789670348885,6.277299532271948,55.0
68413cdc1f95fdaf6595c4ae4b0f0215f4ce8a2356400d981868d3660765f5c98280fa01ef9c9a37107557002c75acc9d0385b757a5032ec1e225191adeebbd0,25.0,-181.8419,128.87401,-1.0663481950759888,0.15494943,-235.09541,-92.67403,107.81812,63.91954,-0.6358687281608582,0.1642611,67.04181,162.34401,-9.284331,42.01822,-0.29195794463157654,-0.53178287,-37.751656,25.175459,47.213654,31.66392,0.8841748833656311,0.60310364,24.283592,60.922604,-5.853248,27.64705,-0.3081167936325073,-0.2511413,-23.171005,14.201963,-9.488144,19.032219,0.25750812888145447,-0.5923481,-25.103563,5.837899,-22.116175,18.78991,0.008010371588170528,-0.49378157,-34.45943,-11.027577,-15.354532,17.89119,-0.3667677342891693,-0.65179634,-28.510372,-1.421151,-0.16163653,12.977625,0.8029489517211914,0.34465504,-9.55696,6.6718593,-7.864318,12.548539,-0.67449951171875,0.32547116,-13.803041,0.14049423,-3.0078259,14.177091,-0.07660292834043503,-0.028703928,-12.29505,6.252241,-3.122702,9.19716,-0.12407512962818146,0.2355094,-9.187639,2.411498,-12.241541,11.125491,-0.15891245007514954,-0.935256,-20.560978,-2.7291412,1627.1092490999513,829.921345479937,1.324097060610684,1.2978229538331139,1019.8785329381103,1945.0045372445213,3184.5350150602408,1422.391967013386,0.3814364898934316,-0.7134809719653239,2113.28125,4207.03125,0.11805522872740964,0.08045006132853168,2.159537711968295,4.932604764063543,0.0673828125,0.1346435546875,1332.169,1137.1149,0.8530476093292236,-0.5781419,399.08612,2141.9976,0.13599916,0.089693345,-0.07640447467565536,-1.1280867,0.05157809,0.20902915,0.0,0.19623961468687315,4.570946378820753,25.0
68caa2b2f7b2ea777891eca4f57aad18f43a3f21c5bef5e0020245bfc14bed7beefaa7d6456f4223b36a1ce61d83bd987750a4dd597feb546cbd4f572ab89950,55.0,-225.43509,116.07624,-0.057389263063669205,-1.252182,-339.52914,-116.6688,93.71802,49.152565,-0.1266830563545227,0.4378109,70.63764,128.01285,-16.280378,28.681675,0.5005919337272644,0.19252038,-34.113716,-2.8327656,33.33789,44.37196,0.88430255651474,-0.17340255,1.4791296,59.65056,-0.071971856,22.632706,0.03415508568286896,0.30255628,-14.239748,10.330311,-6.4980197,17.808733,0.03205706924200058,0.7923887,-15.134369,2.5243688,-27.346521,26.908484,-0.3204191029071808,-1.0276963,-49.178154,-1.3060772,-4.674891,16.983847,-0.9462233781814575,0.54923224,-14.339468,8.243356,-4.768296,17.044725,-0.6174166798591614,-0.42198396,-16.73481,7.8793526,-1.9088709,10.956022,0.12917201220989227,0.4125638,-8.589968,4.629822,-15.546711,13.3069315,-0.789031445980072,1.2831397,-21.06121,-7.560178,-6.470527,11.053584,-0.28213152289390564,0.65513325,-12.849888,0.0,-4.191862,8.277795,-0.5471682548522949,0.29755592,-8.969567,1.5989094,1541.9928738748176,629.4581065551785,1.0598558407275398,2.1211709438673925,1126.8669633378386,1760.6552800741306,2748.107698961938,1063.7734635616175,0.014237697983186378,-0.18971248009076636,1921.875,3296.875,0.13749256596020762,0.06367867647354296,0.6655803500324928,0.6185975116751643,0.0869140625,0.171875,1422.5215,969.14935,0.7022092938423157,-0.35346937,571.85645,1992.4167,0.12410423,0.1210004,0.517542839050293,-0.87408376,0.0052737086,0.22295962,0.0,0.15340153385526323,7.400346618179471,55.0
6958c74025099315e62e8b2c492b3f67426e59cb98297aa45124f1ba8757327f0157deff83da7c260f85db03f5c596fa5eeb33c18c208363cd08a1ac4e5f1c1d,55.0,-269.3715,137.39456,-0.6478756964206696,-0.8648801,-362.47687,-159.35632,69.58717,74.35773,-0.2346392720937729,-0.7656025,4.2804937,127.22174,14.790699,44.62089,0.4524437189102173,-0.23698354,-14.905781,41.789825,13.195198,37.077133,0.36573852598667145,-0.291664,-11.694072,37.268387,-17.59431,25.829937,-0.3147869110107422,-0.052678943,-34.097305,1.2124995,-3.0678012,18.717379,-0.10035084933042526,0.30164278,-16.452024,8.270895,-16.07661,19.647194,-0.1636664867401123,0.33383405,-29.484936,-2.9895272,-9.421787,16.78646,0.11366794165223837,0.24609149,-20.267677,0.67619514,-10.018188,12.512537,-0.2316509410738945,0.22837019,-17.848307,-1.6847417,-14.73333,14.952528,-0.31163205951452255,0.00069630146,-24.79607,-2.8512354,-1.4572484,10.538205,-0.048850931227207184,0.469939,-7.560156,4.697139,-7.537882,10.289954,-0.23893529549241066,-0.040016532,-15.332542,0.078768015,3.1364756,9.867984,0.30289871990680695,-0.093665004,-3.5968902,9.99931,2213.8339132814226,1408.0218566594667,0.880200130100515,-0.3078062031704085,1113.402228358948,3133.7352362351266,3883.61893784153,2002.1998775858679,0.06895835024437952,-1.3071934841138728,2108.3984375,5583.984375,0.20756561557234746,0.1711167840865564,1.153936014135041,0.5134125099688609,0.0755615234375,0.30712890625,1384.5585,1111.3008,0.8960926532745361,-0.43010068,486.73798,2134.5806,0.08498463,0.07114746,0.7536848187446594,0.25198233,0.017330177,0.1289714,0.0,0.10197782633304588,9.872383116803174,55.0
6975a02f9c04a1fda6dfa32e85bc21c434bda50fde4715eb7e7b02297bd526ff3a56d97331b8845c2fd386392200d6107ec5242efc78f7651efb3cfdf6ef921f,35.0,-313.9803,146.52127,-0.19635625183582306,-1.0729837,-427.67056,-178.74857,106.30806,51.724243,-0.10775026492774487,-0.6113275,68.8517,149.07689,11.768101,40.54242,-0.4119204431772232,-0.64818454,-19.83585,39.70134,13.94549,30.97144,0.7831442505121231,0.9214158,-3.322878,26.90761,-7.3521576,16.067806,-0.5382118597626686,0.58476317,-15.7772255,2.2766042,-5.639616,20.28725,-0.4419921934604645,1.5600581,-14.90324,3.708478,-10.320652,17.928982,-0.38568093115463853,-0.41382563,-23.867079,3.4004116,-1.3005314,9.172564,-0.42447105422616005,0.7169224,-6.496107,4.428897,-17.3186,14.728262,-0.2834709584712982,-0.5949824,-28.736359,-5.4447346,7.703747,15.186644,0.41236959397792816,-0.13886034,-2.733896,18.600512,-5.463294,10.242561,0.4450346827507019,0.9728526,-11.716359,0.23102754,4.4326897,10.66621,0.5565799623727798,-0.21405649,-4.5140963,11.667894,-1.4669654,9.028389,0.08605826646089554,0.7298597,-6.9254255,3.8384304,1381.6910149904838,888.5404693444474,2.445571871260874,5.804767868570858,893.535645324721,1337.2520697118991,2497.4955673758864,1540.8300930590194,1.5171100380300602,1.376681825562037,1453.125,2579.1015625,0.10626188434377015,0.09745237669104298,3.0118868281703843,9.750139453711256,0.057373046875,0.10699462890625,831.1362,677.6754,2.107424259185791,5.018689,402.11453,1021.00354,0.06524387,0.06768395,0.9968467652797699,0.30768406,0.011118478,0.10251403,0.0,0.15528160461874466,8.734812129328713,35.0
6a2f9b251c8f220691125b50134ca04ad7a00ec3d4e0a3117e2f982f9abe9f2e75a7ce4ad580b5b93b006a1aded013b707f8d54b16ff96f743ae512a98fca85a,25.0,-298.76202,136.01454,-0.5002551078796387,-0.9770279,-408.37552,-194.12476,67.8688,67.79422,-0.027567502111196518,-0.87966704,7.1978135,122.09372,16.454218,35.09145,0.02118101716041565,-0.42651343,-6.108486,39.634323,24.665894,30.140318,0.20685288310050964,-0.1869638,5.241926,44.604374,-16.729176,25.288498,-0.17462098598480225,-0.68802214,-36.46164,4.235931,2.1822953,18.407505,-0.7753510475158691,1.2956028,-6.9807806,13.708273,1.9305114,18.239159,-0.21507862210273743,0.40382147,-8.403299,11.800514,-11.473192,18.82436,-0.5275940895080566,0.002734661,-25.187944,3.9103944,-3.2692602,13.295384,-0.46522194147109985,0.26879072,-11.268845,5.9711223,0.92486715,11.91201,-0.401944637298584,0.5103309,-7.410942,8.098364,-1.1572187,12.083419,-0.24311624467372894,0.13203096,-8.908428,6.304676,-0.68644583,10.711192,-0.4048236906528473,-0.29495168,-7.720378,7.1055317,-0.38862085,10.706297,-0.21796707808971405,0.20455861,-7.2658644,5.8889556,1914.3143674804523,1265.5974405746917,1.0694391428814578,0.27712947464157933,981.5409079745692,2676.490231431724,3371.4891194331985,1826.4852804114314,0.22037107460410368,-0.721054473098071,1890.625,4656.25,0.1525434115637652,0.15231325059591155,1.5126791817488088,1.7343043751500025,0.045166015625,0.19921875,1848.2761,1265.6976,0.20213690400123596,-1.5161672,598.70844,3080.2134,0.06499336,0.0724572,1.6404234170913696,2.489863,0.006267366,0.092198424,0.0,0.09686943524207586,11.437746945754165,25.0
6a6b32832defa516dce6922d2300294d6e7f670b8f867ed3f8f7e291df5150f55cde5ad06e44e4d126e3687b818fe5f23e70a1cd189217bc55d1f9f21ced88e0,55.0,-391.58728,114.65011,0.35860002785921097,-0.9516841,-496.38873,-301.90222,109.91279,58.307297,-0.10110430419445038,-0.28526467,72.35024,160.88483,39.99869,32.04933,-0.5280015170574188,1.5901875,25.888733,57.70171,-4.356825,31.524284,-0.8947671949863434,0.09096277,-21.075912,12.276128,-4.684099,22.466473,-0.990436464548111,0.8794528,-13.77676,8.654359,17.655281,14.237693,1.2388727366924286,2.1722217,8.03669,24.103104,-4.0381503,15.749592,-0.7588822841644287,-0.00022518635,-15.322729,8.406787,5.636024,9.914554,0.15534654259681702,0.45752108,-0.6303746,12.053331,-8.431114,12.800753,-0.7334412336349487,-0.34897697,-17.534998,1.6559169,-7.9190183,11.209635,-0.6465120017528534,0.21625435,-15.860965,0.8612387,5.273644,9.605625,0.586302325129509,0.6927849,-0.40062058,9.941862,-9.917271,14.547609,-0.6576550453901291,-0.36528277,-19.16956,2.2519646,2.9295843,8.345905,-0.9508733153343201,1.574701,-0.6735318,8.016493,1368.7505178177512,919.7537571611764,1.9205646688242415,3.643329877985694,814.5687746425892,1500.3960902346507,2798.5788690476193,1942.8052553885937,0.6965593480152295,-0.49829054812547713,1116.2109375,4055.6640625,0.10558826264880952,0.10280595033419973,2.1363597933266605,4.2055574257755595,0.04638671875,0.101318359375,617.19275,432.3468,2.0527233481407166,7.5312066,315.55585,834.9594,0.05082912,0.05989295,1.2160808444023132,0.69431484,0.0023525353,0.08303799,0.0,0.11200649650549847,14.534855939159904,55.0
6ac77488862a363e816ed68b5666ed1bb0ccec559964b2ca997451e4743d0240379a8637930a5b15942e90e19757c462cc2e6c198f979d7d53a2e4ff0d49b325,55.0,-338.62488,125.505394,-0.5158639848232269,-0.8393104,-426.4897,-240.54102,95.271576,82.73639,-0.1596568375825882,-1.1636862,21.224415,165.90756,20.058954,34.96034,0.182160422205925,0.17962575,-3.4739223,43.06368,13.826846,33.528694,0.5696185231208801,0.008972764,-9.457167,33.288662,-10.079607,28.77675,-0.7034630179405212,-0.022440553,-27.476894,8.475279,-11.500294,18.437729,-0.4086121618747711,-0.17350101,-22.60617,1.8070331,-15.134845,16.130304,-0.4430185407400131,0.025518775,-25.055752,-2.9422045,-3.2491324,13.12224,-0.5681561827659607,0.56491816,-9.90901,5.2822475,-9.487474,13.124725,0.1571478247642517,0.38524163,-17.430645,-1.0938135,-7.7990828,12.696142,-0.29872043430805206,0.27367103,-16.127274,0.9600159,-4.190046,12.564372,0.22937513142824173,-0.09657383,-12.36215,3.6059217,-2.165935,9.471907,0.19270560145378113,0.5434065,-7.483672,2.9545207,-5.62594,9.162714,-0.5346490293741226,0.38308895,-10.291162,0.45811835,1912.8834415700267,1444.8138429647415,0.9921388145142087,-0.27723421012119487,764.4598481546493,2887.3660627629206,3337.771410211076,2306.020457004585,0.3151323188667976,-1.5129642468182605,1107.421875,5676.7578125,0.1855911024116663,0.16203293155168674,1.324810371156439,0.8612505064695011,0.06536865234375,0.2510986328125,1377.6008,1081.5359,0.8412423729896545,-0.4987986,479.635,2128.3308,0.053948954,0.05231799,1.0796775221824646,0.78258204,0.007119253,0.0875613,0.0,0.1576229824134615,9.508563115170478,55.0
6b099135b2d329bd24cb0c8a7325c1ea638cc6999b1a4c27f4a32e4faca5345937f885896bc7127b554dc0aff1a9d1d8b424bc6360858f71802154fb57eae4ea,75.0,-311.7959,123.72064,-0.1121232807636261,-0.5677264,-407.99304,-219.52728,84.74127,52.713608,-0.30589449405670166,0.3142388,59.058212,116.472046,-9.760012,26.496815,-0.14374640956521034,-0.470483,-32.441704,10.465116,1.1156609,18.801157,0.1299056112766266,0.21129858,-10.160107,11.7858925,-12.126343,21.036568,-1.1069909930229187,0.7737367,-21.541664,2.2132425,-20.732363,16.838894,-0.29880540817976,-0.295318,-32.28267,-7.471105,-17.229534,14.618944,0.19447750970721245,-0.08330178,-26.792467,-8.316504,-16.032345,13.802683,-0.4490352123975754,0.7058338,-24.452574,-6.605975,-11.539844,10.524665,-0.4665760025382042,0.110343575,-18.172836,-4.80677,-17.570774,10.629236,0.0007818639278411865,-0.16699767,-24.46596,-9.903319,-14.001573,12.412258,0.6452779173851013,0.5830647,-22.146175,-7.2974253,-5.4658556,10.333519,0.44092366902623326,-0.12038028,-12.2504225,0.6478393,-10.087521,9.430236,-0.19858690351247787,0.19620907,-15.918078,-3.9158525,1914.8392282743444,904.172085516104,1.3329681160343194,1.996091304504169,1248.718270461531,2271.477098873858,3651.101889776609,1619.0677364777544,0.15926618682454755,-0.7796886049525146,2416.9921875,4738.28125,0.16353465892650465,0.10288320677352845,1.5642951905988962,2.872815271869662,0.08416748046875,0.199462890625,1363.4329,992.2407,0.8786158561706543,-0.120820045,532.8283,1909.9011,0.04639381,0.059522994,1.4166324138641357,1.0012352,0.0040859384,0.062824056,0.0,0.12763665147968167,8.08480827025075,75.0
6b52460996561f75a0c0de1efc14f384e55488f4e3124dc791072231d5e9f0621a1434c6774e75df854478513add072ac1c44f39f00e3cdc6f8d716f1a4343ca,35.0,-391.62238,99.62423,-0.5246924757957458,-0.49318838,-452.0399,-321.00064,78.30409,54.119976,-0.5679422616958618,0.10700011,48.272232,121.507935,16.77862,29.308626,0.10108818113803864,-0.12279773,-0.59248316,33.36905,24.264812,28.63002,0.8806769847869873,0.6625552,6.0239863,39.790474,-14.8442745,23.740658,-0.3558894395828247,-0.48164368,-31.651787,3.0257802,10.093949,17.422485,-0.058155499398708344,0.325526,1.5944936,19.811241,-9.375893,15.375087,-0.2433372139930725,-0.6631062,-21.11362,2.2824452,-0.633681,14.716693,-1.1131173372268677,2.798092,-6.5973263,7.1767936,-5.6114254,9.835551,-0.2569570243358612,0.14414263,-11.310961,0.75979364,2.5446355,12.0809765,0.0889374241232872,0.40289688,-4.895059,10.015385,-5.596919,9.506606,-0.0026034608017653227,-0.1875608,-11.623469,-0.2479588,-2.7514212,8.291886,-0.623840868473053,-0.071047544,-7.547452,3.3368163,-0.8962046,7.805816,0.07015839219093323,-0.29109526,-6.598343,4.708948,2074.300288434933,1041.428307966163,0.7995017646000898,0.10520783738096728,1194.7741019687369,2744.3932493229504,3937.019723360656,1721.760304917797,-0.34662260204424655,-1.0041672530171002,2769.53125,5357.421875,0.18069808209528687,0.11215911725501548,0.8719768346296772,0.6180879872483254,0.088134765625,0.25341796875,1609.3257,1156.764,0.5325337648391724,-1.0398246,574.3801,2600.2107,0.011302014,0.007769704,0.4810620844364166,-0.16777492,0.006172427,0.015837707,0.0,0.13813601408224743,7.812056046094789,35.0
6d64541b4149f5e456dcb20e235d56dbdad8526956a347b6149fc817f756609b6921bb2b7e52dfe671822e36f5735b7062fbd82b276a58fbafe19b349b9ba946,35.0,-333.1838,150.34349,-0.14440976083278656,-1.6295478,-511.8494,-199.21465,90.16451,72.70786,0.33822259306907654,-1.0133531,33.78344,161.76215,18.265657,30.548658,-0.3115925192832947,0.81936145,5.2196817,30.80811,27.462685,27.769138,1.0515305995941162,0.8011725,11.322747,41.640457,0.5929114,18.837046,-0.4765353798866272,0.70065784,-8.477503,9.052927,5.278436,12.973944,-0.10552399605512619,0.7505686,-0.24886163,12.054036,1.6456511,13.584794,0.5006015300750732,0.7558315,-5.3945794,7.5648003,-6.757925,11.655627,-0.5674428939819336,-0.36776614,-15.488505,1.691829,-8.786524,12.27761,-0.44618526101112366,-0.6966901,-17.88612,0.5433881,-2.008462,9.140646,-0.49352511763572693,0.7922342,-6.6118927,3.4467442,-0.45336536,8.826104,-0.667144775390625,1.2501168,-4.2872596,4.447576,-1.5515817,7.836034,0.1306801736354828,1.0924497,-5.8224263,2.9561543,-2.1367288,8.256748,-0.37494921684265137,1.1141629,-6.097411,2.4196553,1517.9743808348042,977.9521646681978,1.2153908306371994,1.5311226297231944,712.5238079334285,2011.0306167219458,2959.0871710526317,1763.0160865782277,0.1490201212774127,-1.0467833702097742,1164.0625,4294.921875,0.1127672697368421,0.10019379630739386,1.7679368319724134,3.3791232709472157,0.0343017578125,0.1463623046875,1291.9808,1122.3947,1.0292408466339111,-0.2692728,421.41266,1958.5753,0.076653436,0.07852058,0.5196702480316162,-1.1437287,0.0007745931,0.14063916,0.0,0.11412926832767328,10.196714069359542,35.0
6d9075f05819658b13640f570c53f235a18841635e5201c73976689728ea74a52b6379ca4b3186408ac912e1d4b4cf90966abce351f022cb11ab98d150876aac,35.0,-289.3716,140.20537,0.04832091182470322,-1.4223549,-441.6747,-163.58699,47.232708,77.82689,-0.4648468792438507,-0.18453169,5.246825,116.18852,-3.9124236,54.08306,-0.01756548509001732,0.20983124,-38.657066,18.711216,41.268852,39.04091,0.8325660824775696,-0.021821022,12.197473,68.94595,18.177963,23.6727,0.351493775844574,0.29261327,4.4585094,31.352669,-12.321085,24.400557,-0.6514727473258972,-0.35833764,-30.987127,6.1807866,-7.1874022,18.91036,-0.8442507982254028,1.0254207,-18.425163,5.70177,-1.1675636,14.477124,-0.9310588240623474,1.8744478,-7.933999,6.724985,-4.8749304,13.488191,-0.631738543510437,0.97319555,-11.817036,3.3663828,8.172801,14.846404,0.9754869937896729,0.52814364,-0.8214855,15.736727,4.8132577,11.864221,0.6180385947227478,0.49308228,-1.9199597,10.835997,-0.40381366,8.306052,-0.32642796635627747,3.6911755,-3.644692,2.804408,2.1492655,8.086808,-0.12900030612945557,0.7590022,-1.8450154,6.362588,2025.4602029775147,1391.5402072878696,1.2418410266937812,1.0449821024365669,1144.1033446448396,2269.488672024353,3559.237132352941,1828.9250609021697,0.22589326713692923,-0.4577795783370755,2414.0625,4412.109375,0.1678911994485294,0.16817835852082472,1.5878603864993504,1.889528526691607,0.05712890625,0.2215576171875,1863.1129,1077.6702,-0.04020827263593674,-1.0380478,670.88873,2622.1226,0.09866644,0.11032283,1.1382777690887451,0.5871179,0.0032802331,0.1700588,0.0,0.11372746976468812,8.086002196383733,35.0
6de8ad79fe6ab566e16f877f1e1a40e0dfa84431cedcf23a50477af95e30c042886d42f50bb417b75e880dd4890849646d4e7322f1dce6e53ca99dfaab5d008f,25.0,-414.29092,149.83989,-1.2709665298461914,0.52551174,-466.04385,-308.85583,60.993332,72.922264,-0.6359604597091675,-0.12866497,10.187143,115.20752,-39.22135,34.49751,-0.09883561730384827,-1.2661567,-72.03609,-7.690412,61.55662,46.230408,1.0301237106323242,0.8774309,27.161108,83.295395,-20.345734,22.376467,-0.5310060977935791,0.5373483,-30.989252,-1.9432758,-0.742503,17.879898,-0.13848668336868286,0.69897985,-11.190903,9.413416,-5.575499,16.958797,0.4229336977005005,0.6812172,-15.264692,4.1327004,-7.7805605,14.3090105,-0.3382587432861328,-1.067008,-21.629478,3.3959324,-15.951581,13.217876,-0.29216137528419495,-0.8477349,-25.091911,-3.6156194,7.539538,12.3532505,0.19614741206169128,-0.79158926,-2.1152236,16.377556,-12.672029,10.86713,0.39385780692100525,-0.8171873,-21.586477,-3.398284,0.037956882,10.271611,0.10466863214969635,0.23343277,-6.013854,4.966271,-7.2624645,7.477517,0.006379560101777315,-1.0461787,-13.435674,-0.87881726,2446.1831565931307,1035.2487816876537,0.758480572431516,-0.4737460200873991,1617.7776788777578,3076.3448159916725,3867.421875,1357.6917807203322,0.673554490556917,-1.0071803694510932,2916.015625,5519.53125,0.255390625,0.12720943777231944,1.3924836077656566,1.5779923832885805,0.17919921875,0.3092041015625,2002.1288,1074.5745,-0.16397815942764282,-1.1921935,1022.52924,2877.4277,0.011146788,0.008283828,0.841837465763092,0.5025897,0.0048193056,0.016142562,0.0,0.13172359824297153,6.556880850275135,25.0
6eefa6fed987206182f18c8c32ee55434a5327a42d72e0805f36b2de7f6846f1cf28d5329059325687e8f0c28e4feeb16d5394ed4600e450374a6c821d074022,25.0,-412.0201,142.19395,0.39174360036849976,-1.4515914,-536.07385,-260.10184,76.9607,55.33326,-0.17964400351047516,0.51005006,50.936977,121.418564,-12.720971,35.76716,-1.0398155450820923,-0.40715694,-38.213333,11.952377,27.389256,22.99014,1.545678734779358,3.2747722,16.600376,32.04772,4.1128454,16.50263,-1.8667742013931274,3.6440802,3.5219674,12.007854,11.374047,9.468402,-1.112919807434082,2.2363033,8.258568,16.852518,2.5314062,11.198021,-1.2779052257537842,1.8406014,-0.98947483,8.859051,3.8867483,14.767375,-1.2539732456207275,1.0059624,-2.481042,12.733339,7.373182,9.523097,0.861623227596283,1.6679392,1.5005286,10.617754,10.253838,12.713413,0.2870229184627533,0.7020991,3.5676,16.336693,-2.4160988,8.067147,-0.28436246514320374,-0.0012378693,-8.425787,3.0850706,7.1788883,7.704222,-0.4189513027667999,-0.06675887,4.179636,11.923063,2.1178658,7.441866,0.6680766344070435,2.0298138,-1.6032457,5.008305,2003.5901712896077,831.6022141227487,0.6649115577170649,0.6696018368167529,1276.9134247680054,2516.5656348092707,4163.2024082568805,1567.9000505953043,-0.36413649015046673,-1.4047741285988553,2585.9375,5429.6875,0.12184185063073394,0.07950388898927341,1.1914588741210224,2.2681056127692187,0.0673828125,0.166015625,1289.5941,972.12244,0.9721695184707642,0.13824987,476.26968,1766.2195,0.017759165,0.021168407,1.0943691730499268,0.23039818,0.0006918035,0.031609457,0.0,0.11351223421481627,8.89337617947809,25.0
6efc8d4c78ceb0a0de7f2d2c49cc55c5fc55387cfbd6b6209dd7202646bc231e0f80e874abd47aba9a17aa67f0259bcef260f8638fdfb25761e28b7f627711f2,35.0,-362.61252,143.15175,0.10181219130754471,-1.4675537,-500.45267,-234.95749,81.420135,48.11232,-0.44467246532440186,0.49733996,63.643326,111.9081,1.7758843,23.37773,-0.8727356195449829,1.0969386,-0.042202502,13.113265,11.263241,24.39357,1.1224696636199951,1.5276814,0.74410856,13.031923,-0.4558427,22.117115,-1.4076446294784546,1.8059301,-10.130939,12.473873,0.25525513,15.040985,-0.742486298084259,-0.48191118,-10.619107,12.455938,6.299739,9.451436,0.11009320616722107,1.5725794,1.2536321,10.926025,1.4930664,14.874672,-1.2593436241149902,1.0888996,-7.360198,11.602028,0.6812195,8.546703,-0.5747663378715515,-0.06712031,-5.1804175,6.544893,7.8265457,9.757161,0.043422631919384,1.3697,3.8047009,12.600113,-4.432767,9.892492,-0.5122032165527344,-0.50204015,-11.176223,3.9724674,3.1113303,5.6294107,-1.1315791606903076,1.7657423,1.5187067,6.4820995,-2.6731853,6.2587056,-0.2983050048351288,-0.59897566,-6.794922,2.4379644,1947.7244156804877,966.3827354102191,1.86690299074734,3.1938609247929124,1298.7841080116725,2236.538401860178,4182.444852941177,1505.9253209659664,0.19769659796191927,-1.0060238583079917,2910.15625,5556.640625,0.11745078890931372,0.12544278039469434,2.5960063435037197,7.328195326791809,0.05615234375,0.12744140625,1207.5746,949.61554,1.035962462425232,0.059643984,456.73367,1712.4678,0.021987459,0.025234072,1.6029831171035767,2.6351352,0.0023833476,0.035096638,0.0,0.13981480905459986,6.957251715934872,35.0
6f4c79187490f9d9408407d881f8cde5385be954a0387a84fa2416a2cc416f1ccff4287192b9685adbfb0ef8e47fe8b07d664a60da90cd4f1f196db4fc412921,65.0,-292.474,146.01047,-0.7909872531890869,-0.529415,-373.14404,-182.70753,67.1958,68.95791,-0.5228257030248642,-0.5136273,13.466567,126.8754,19.244125,33.069603,0.4999379366636276,0.16445553,-3.5846107,41.84241,30.111845,26.976833,0.9599689841270447,1.0406556,9.8431,44.65654,-2.0087626,26.037561,-0.18895263224840164,0.50489354,-18.531727,14.605591,1.8015714,17.245245,0.1950153410434723,-0.08712804,-9.341369,12.47863,-3.8564553,17.238937,0.15280365943908691,-0.16306031,-15.967817,6.669084,-5.5701046,14.359244,-0.0854361392557621,-0.25402617,-15.280716,3.6546884,-7.7257385,11.287582,0.027021493762731552,-0.39276648,-15.585738,0.26909927,2.1529162,13.630819,0.19361533224582672,0.014190793,-6.782233,10.559571,-8.601757,12.473455,-1.0060117840766907,1.1618445,-14.75457,-0.17184633,-4.168819,10.474919,0.35792896151542664,0.28320968,-11.727536,1.6687421,-15.019054,11.144035,-0.13900765776634216,-0.5606638,-23.405636,-5.8268046,2222.8158042905934,1308.013210964571,0.5525478769059997,-1.066603179612267,1113.543566667453,3447.407762400936,3998.8977066696543,1943.0640452124994,-0.06366402498009201,-1.2927245138872117,2494.140625,5919.921875,0.21322836745360374,0.16810828384216822,0.6620072286092095,-0.8881645701856462,0.0628662109375,0.35943603515625,1806.7616,1225.7795,0.2483876571059227,-1.342942,612.34814,2914.8574,0.053607002,0.04294466,0.7159423828125,0.046226263,0.019117968,0.08061006,0.0,0.11519892982948932,9.479625848648876,65.0
70af9f2d573a9dcd5ddb9b9b60c728f962f7fe3a22ae4bc1d36497eb535dab7a0f1296e51c2cbaf6452ee368064a3782de28b6ad3c5f2dea0c13b43af382b910,25.0,-343.15643,172.41075,-0.9273474812507629,-0.44114995,-398.6448,-221.4796,64.562744,60.57189,0.01801232062280178,-0.76328444,2.2140503,109.06323,-42.50659,42.711956,-0.6159339547157288,-0.56715107,-72.47834,-1.6907332,25.618948,39.223846,0.7964208126068115,-0.03438258,0.0,50.505657,-19.169502,25.01688,-0.6697747707366943,-0.5106249,-36.350983,0.0,-15.947895,16.029325,-0.31912288069725037,-0.94651794,-29.363022,-0.42577758,-15.908375,16.878462,-0.17302556335926056,0.38849664,-25.68039,-1.1778249,-14.911449,18.168453,-0.5783483982086182,0.19153118,-25.57538,-0.7861775,-13.988602,16.116098,-0.058611031621694565,-0.8913126,-26.643463,0.0,-3.0541024,13.604862,-0.27370840311050415,-0.08746362,-12.0695505,4.8030033,-14.802077,11.583951,-0.3525293171405792,-0.36155844,-22.167482,-4.17407,1.928738,8.617118,0.05208374932408333,0.35714698,-2.388261,6.4134035,-9.060775,8.741401,-0.05453251674771309,-0.894923,-15.560146,-0.8734647,2288.711955238578,1128.583765762046,0.8022042382926088,0.4177370927252113,1475.1147917183787,3001.260247495306,3930.981878698225,1795.5012436756722,0.1194171694252001,-1.1163366704273803,2664.0625,5757.8125,0.2039513221153846,0.11776525966586665,0.8081222385281317,0.3472675689677662,0.115234375,0.2802734375,1800.1454,1041.9227,0.17668688297271729,-1.081182,828.7997,2628.0952,0.032086298,0.030444926,0.9200975298881531,0.08445048,0.00520196,0.049347416,0.0,0.11602110909880654,9.117394132706679,25.0
70bbf2355b6dd07f9f0145029f8e0c59fa47064c01ba669de5529f1ad25316252a3f63c0abe7b35a451bfd0f792747e84be546766589a2430091120755d976f1,35.0,-414.41675,116.03763,0.08745317906141281,-0.52684057,-513.6975,-325.00305,55.546715,34.381466,-0.6884536594152451,1.3788841,46.859024,74.53571,11.922819,21.438269,0.24321576952934265,1.2845039,2.8093872,18.778282,25.056019,19.890842,0.5307231694459915,0.34021807,13.582781,34.221516,-4.4383616,20.169912,-1.3362202048301697,1.8394579,-12.646404,8.028481,3.637313,13.383329,-0.32252269983291626,0.9871005,-2.119615,9.737469,-24.754517,21.386036,-0.6438645124435425,-0.6965387,-40.032547,-6.216389,-14.198193,12.562027,-0.8650431334972382,0.0090556145,-21.386017,-4.492691,-11.425905,10.918034,-0.0720706582069397,0.0059212446,-18.132095,-4.9857583,-9.307928,11.863607,-0.765606701374054,0.06317592,-15.614205,-0.8840493,-14.499083,7.8093643,0.09792224690318108,0.32020676,-19.555775,-10.22909,-4.9290414,9.149218,0.4960605837404728,-0.05602956,-10.705524,0.13310564,-19.882746,10.9019375,-0.7057056128978729,-0.1902076,-25.664492,-12.3131695,2278.568251843755,735.8113428013482,0.6537794797046304,1.5641602265486283,1797.81198983715,2546.369029274854,4775.917801816239,1050.0519289333822,-0.7325895188268224,0.11349767353213247,3976.5625,5509.765625,0.17196226462339742,0.09605963726109185,1.2974077379498623,2.6004367491009415,0.1177978515625,0.18896484375,1393.9305,1190.5356,0.7705386579036713,-0.7701983,371.96613,2209.9094,0.0120646,0.014126861,1.2754888236522675,1.3836029,0.0010973706,0.021566637,0.0,0.13391181070077088,7.546248712319084,35.0
70d26f83b372586b1b219ca90166b88d78d1c3dee4fc828639895142f53ab187cd4fd1a3c44aa8db212c851a70294a790ca6afe83524544ed07d8e32cf82d0f6,65.0,-361.18353,154.57413,-0.22779736667871475,-1.2885109,-554.197,-234.66585,70.63519,87.415115,-0.20698489248752594,-0.7116369,0.18372606,146.36996,2.1171777,44.91873,0.1172775961458683,0.26452708,-21.530428,25.971989,18.395363,38.694633,0.4027589038014412,0.4653443,-2.7242022,41.69274,0.51736456,21.676863,-0.0746772289276123,0.4464109,-9.060467,11.284507,-11.787127,26.52581,-0.30497927963733673,-0.21160936,-31.577976,2.0129375,-14.011784,17.568882,-0.4909573830664158,0.010697842,-27.023891,0.12552065,-4.4607334,17.792545,-0.2974104583263397,0.4175055,-15.256718,5.830171,-7.696474,15.532019,-0.4382185637950897,0.95094585,-17.866264,0.37450057,-4.649599,17.668362,-0.14858803839888424,0.3990836,-14.719396,2.8439317,-9.601311,13.525164,-0.24143445119261742,0.06965208,-19.989662,0.18048505,-18.177372,16.497066,-0.46595923602581024,-0.4237926,-30.08664,0.0,-5.7300367,11.343034,-0.667843222618103,0.21442747,-12.270369,0.53222835,2002.5477377504087,1378.9574029879598,0.8886508669011657,0.08916684485556914,856.5927684856524,2925.4035536258116,3646.1337337744308,2228.5952273072853,0.06417580789706634,-1.5830649722006638,1623.046875,5933.59375,0.18880993708182958,0.15899375116193204,1.5887481447139893,2.578817587080125,0.067626953125,0.2452392578125,1333.2473,1110.6028,0.8730023205280304,-0.4091009,389.81836,2059.5696,0.06493289,0.054883875,0.2441561371088028,-1.2153845,0.00328562,0.11118403,0.0,0.13238057802842623,12.48023492046519,65.0
70ed00395877b8227142c8e26e083d95c0aafb0c72fb1397427f54649d099422b38e9519384336dd3bc012db4f3dce84796a5779c0df37659729fdf4dde13d84,55.0,-287.22458,114.50396,-0.3366797864437103,-0.8522074,-376.19617,-183.26016,67.995995,56.45773,-0.4955388903617859,-0.2689798,35.270676,112.83662,-1.0875394,26.813423,0.3706539571285248,-0.042737007,-19.361008,17.147923,-1.46471,19.792501,0.5523333549499512,0.33388162,-14.778533,9.375587,-28.177752,19.349447,-0.559908926486969,0.00068092346,-40.335487,-15.002548,-1.3818537,15.7498045,-0.14771533012390137,0.348181,-9.552973,9.481485,-14.070501,11.724773,-0.4369717538356781,-0.16618991,-20.114382,-6.321044,3.5032737,9.499692,-0.3650593161582947,0.30748892,-1.9487311,10.731336,-5.0044546,10.044298,-0.41891565918922424,-0.042378664,-11.741637,1.4423097,1.0092995,10.337105,0.15651987493038177,0.7687063,-3.490781,6.49925,-13.474198,9.148089,-0.468754380941391,0.07530117,-18.830425,-7.0035133,-6.2423763,6.3723416,0.4479500651359558,-0.32934713,-10.778271,-1.4805725,-8.699271,5.860138,-0.007664542179554701,-0.8443992,-13.549002,-4.130838,2101.355022572032,1065.4566531099474,0.48891037404030685,-0.6513288777917601,1200.6368702051545,2708.9465143937778,3791.228693181818,1749.3806678502397,-0.42712648558955674,-1.137897049206149,2224.609375,5144.53125,0.21317249644886363,0.1399998716500999,0.8191235169198304,-0.1834559032929488,0.104248046875,0.2779541015625,1754.6299,1147.5774,0.42357340455055237,-1.1466198,753.8843,2772.3247,0.04691425,0.05808016,1.8346773386001587,3.4152532,0.0035624818,0.06675096,0.0,0.10848416268287825,10.54322772358863,55.0
7522f369af381fddfc570bf407575247ebba144ca242c6c3363e2c1a2eec0397463a99937c41de64d263cf9e9b8afacd46d74fff65a519a1b5a45014107a7983,15.0,-334.1606,119.56376,0.01923484541475773,-1.1637417,-480.26318,-239.71985,75.48772,62.60754,-0.070390984416008,-1.4831189,1.4608636,129.37668,-6.3445115,22.681686,-0.4706450402736664,-0.22008085,-21.035107,4.6878753,-2.8107557,34.368,0.0859113335609436,0.25915956,-21.553198,11.960527,-0.99074286,22.045559,-0.6617928147315979,1.2427173,-7.0588207,10.15226,2.6319106,17.283998,-0.13446712493896484,0.058057785,-6.180269,13.282905,-27.362232,24.540598,-0.496461421251297,-0.76288915,-44.784737,-1.8544496,-18.424356,17.17368,-0.4324466586112976,-0.83940196,-31.748539,-0.45704022,-2.4706604,10.498373,-0.4856150448322296,1.1761546,-7.0890155,3.2074394,-4.4187565,11.666039,-0.14590056240558624,-0.03974676,-13.187133,1.4771469,-18.74284,14.393619,0.02311418019235134,-1.3712324,-31.033342,-1.8187453,-2.9203677,11.932904,-0.48065799474716187,0.6317179,-8.370697,2.0940886,-4.0333586,8.578023,-0.3891083598136902,-0.2956829,-10.161923,0.71236175,1594.6840702765703,1007.4675359887001,1.348102763865402,0.899978071739095,907.4174513477574,1830.918557108127,2834.5939490445858,1730.0500662031939,0.8025961345765044,-0.6335664707978923,1648.4375,3968.75,0.15490333897292993,0.10900827703169193,1.3042723166622057,0.8832597287372628,0.080078125,0.19921875,1340.0516,994.5739,0.9742189049720764,0.13958836,500.37463,1766.5968,0.05924063,0.0859161,2.2588539123535156,4.7069345,0.0006667574,0.06546073,0.0,0.10729895580153126,13.039437469543408,15.0
75bba26043b7fe1e97247d35ebd74164d224e9e2182952839944e0a350e1493926d85aea079771506d90c6643ac084491369460605f460d8d71339f03520b0fd,65.0,-332.78903,174.2934,0.02251642942428589,-1.2036234,-497.3469,-172.40514,67.70683,72.25618,0.142022043466568,-0.20771694,1.9702523,122.973946,5.993667,26.103662,0.5256461501121521,1.1548345,-9.090829,19.896175,25.568008,31.422752,1.1535236239433289,0.9683018,1.0863918,41.618248,-11.50745,18.29488,-0.8572372496128082,0.9099022,-21.533123,0.64918995,-3.0757809,13.508022,-0.46389841788914055,1.9035878,-9.735353,3.1218405,-6.0469446,15.731251,-0.8229954242706299,1.1237007,-16.659723,2.7186337,-7.7065187,15.659119,-1.1025087237358093,0.79500103,-16.448017,1.3388196,2.3818123,13.680843,0.8211722671985626,1.9395041,-4.7011566,6.7784886,-4.33518,11.211011,-0.31183861941099167,0.8549869,-11.955478,1.9214312,-2.9707797,11.510696,0.055093586444854736,1.5989552,-8.146362,1.4978195,-5.5998096,9.996111,-0.5724163530394435,0.86884105,-10.444784,0.0,-5.416892,10.71619,-0.4650549292564392,1.092453,-10.684158,0.0,1998.8395905805337,994.4006211789876,0.4236135687564083,-0.5149131423939064,1082.3898153857472,2795.4887379154525,4005.3041297984787,1770.233119834415,-0.24550656848802688,-1.1743636621873585,2424.8046875,5623.046875,0.16159469562456957,0.09857717145060324,1.016243933656976,1.1111082882654517,0.07733154296875,0.22369384765625,1398.2607,1133.5885,0.852220207452774,-0.5565523,470.09018,2239.2583,0.080393486,0.08968813,1.1011948734521866,0.51837057,0.0044179335,0.13941158,0.0,0.11398592488682469,8.18317642905183,65.0
75def3a9d1babf91ac9084846716501e0497cb5d0492c90bc372ba70aee4707e4da4e6d6acce37769bd6825065f10bc7381341bb62f3c30eb1225bd87054280a,35.0,-427.51358,160.45364,0.24031715095043182,-1.4212062,-581.89355,-272.77017,70.214966,57.911083,-0.5804214328527451,0.36944914,45.40718,102.369514,-15.2798,40.5459,-1.158191442489624,0.6345042,-28.123869,10.016581,24.579666,24.607471,1.0063953399658203,0.27765906,7.240571,39.320076,0.8547292,19.633389,-1.30716073513031,1.809746,-9.169446,14.135265,-1.1756046,17.367735,-1.1617261171340942,2.2049696,-5.9681435,8.672367,-7.5148325,13.813809,-0.3468343913555145,0.9015478,-14.698607,2.199936,2.3924413,14.368152,-0.3029971309006214,-0.29697013,-5.781751,10.682703,-7.706726,12.342561,0.07609592378139496,0.031784534,-15.342918,-0.48164892,0.2731977,10.323088,-0.10956433415412903,0.8375094,-4.7246127,5.970665,0.5866715,9.466388,0.15102648735046387,0.7335253,-5.1943827,5.6887918,-4.672261,8.557486,-0.33147376775741577,-0.3514595,-10.585371,0.9837993,2.0434897,9.976067,-0.00856664776802063,0.5620831,-3.3601918,7.1863713,2302.6059275060247,1004.6754378084757,1.0437058205650236,0.7705372444984393,1560.2906270173191,2885.734732438665,4176.410174940191,1555.051097974701,0.2594236727611357,-0.9916234990636575,2789.0625,5499.0234375,0.1995925538277512,0.11217299158671917,0.6699578250765845,-0.525339942116835,0.11431884765625,0.290283203125,1568.7764,993.29645,0.5279475450515747,-0.628595,707.0062,2282.069,0.01604869,0.02155886,1.5378506779670715,1.9684231,0.00040804202,0.027745042,0.0,0.12485771368904264,5.855499946534218,35.0
7616a2ca63ff2a78ac8a8dfd0e116e412e69f8e91a43920bd98c207a6cfecc81e1d8e824d90824a4564823ec22a6c32d84b85cbe9d7d183ae889f9fcc15f6045,25.0,-473.00497,144.50974,0.699440062046051,-1.2524706,-592.49786,-307.39374,82.35922,90.414055,0.6755726337432861,-1.2101004,3.2993507,170.83174,1.4958552,31.357979,-0.6607999205589294,1.0812349,-2.181371,15.661064,-3.604771,24.261942,1.3104302883148193,4.978666,-17.488968,5.146101,-8.103085,21.237574,-2.108555793762207,4.918474,-10.335043,1.2046677,-5.4935737,14.523774,-1.0954939126968384,2.3190393,-10.179499,0.32161838,-6.7849674,13.453276,-0.11487989872694016,-0.08430076,-15.244957,0.07005836,-5.42426,12.204341,-0.9071240425109863,0.7247677,-13.294081,1.2703236,-1.2095,8.127931,-0.6166150569915771,1.0077424,-5.6070824,3.1330032,-4.393873,13.658866,-0.6789127588272095,0.56723595,-11.603789,2.0107212,2.0514407,10.975042,0.6428220272064209,-0.31968594,-6.0848303,6.3545995,-2.2827263,8.100682,-0.2609330117702484,1.5443945,-5.5238013,0.8162923,-13.581279,15.5891,-0.8655546307563782,-0.54114366,-28.128353,-0.17197345,1519.1025029027123,823.0579014450636,0.35942049896014533,-1.3947194772553217,807.8550302775825,2324.2052932708207,3094.2095588235293,1892.1053973105702,0.12036742598408298,-1.7001147298151156,1273.4375,5093.75,0.12608570772058825,0.08186292721077644,0.9251674749143913,-0.4218661920337574,0.06591796875,0.17724609375,1128.0558,799.8789,1.4360662698745728,1.9562845,557.79474,1454.8479,0.035671443,0.054358274,1.3677265644073486,0.5050068,9.815949e-05,0.056613244,0.0,0.12908919697523405,9.941341357531751,25.0
76736c565a7cbbbc764bfcee9df2cca66611d21b4b375cf0a545c9a4fa3679506c04bd54dbdf1796e1cd394336a4e9657c70c82820a2a35b7c371bf53109c0dc,15.0,-568.6498,138.16588,0.07414164394140244,-1.2426822,-724.0777,-454.15198,81.18058,76.90678,-0.03271698206663132,-0.92826414,5.020649,146.32462,21.946007,43.958588,-0.053749483078718185,-0.38719392,1.2499449,54.031006,13.025797,42.26058,0.3670938014984131,-0.56489086,-13.481166,41.10647,-6.2594523,27.128645,-0.6698123216629028,0.23835659,-18.662758,7.2230473,-5.102743,29.899733,-0.2614313066005707,0.65041804,-20.159014,7.5468354,-17.177044,18.59686,-0.5405040383338928,-0.6637337,-31.040058,-0.3113782,-15.1562805,18.1464,-0.5902840495109558,-0.7448349,-30.801033,-0.40794855,-6.0961733,14.049899,-0.1509184092283249,1.8582411,-13.708708,0.013144068,2.7410195,14.166525,-0.04805824160575867,1.6261778,-2.7064247,9.206895,-5.761195,12.436806,-0.6842402815818787,0.7733662,-11.865282,0.61235815,1.7852707,9.888102,0.17410485446453094,0.56563425,-3.4023361,7.7668567,-7.00276,11.176817,-0.40853551030158997,-0.48358798,-15.361731,1.3553288,1956.665441688559,1326.9061299113218,1.0595912505794116,1.075555544583045,829.2087399088509,2813.336856621195,3662.352071005917,2311.4158051502973,0.008998446885683834,-1.5800201681346453,1406.25,5945.3125,0.1925301636464497,0.1453122484024153,1.1967853141955922,1.9199573662532154,0.0654296875,0.265625,1490.5802,1116.8094,0.6693704724311829,-0.8162825,517.9792,2332.9705,0.007947685,0.008424227,1.087417721748352,0.45310616,9.9060286e-05,0.012961814,0.0,0.10789889082417396,13.463325185356359,15.0
7725d9d99cc872a4cc5e95b1612297064c377464b8a731db72c9aff7551a3af625cabe2b0768aa4251518a4ef41850b1fbf4abe3fc7017b5e07ceb9a1ffc3216,35.0,-400.52786,150.2423,-0.1869674026966095,-1.259493,-566.8513,-283.20734,49.564312,64.09434,-0.005036905873566866,1.0484567,9.229002,80.069855,45.946175,47.025,0.8524542450904846,0.29284835,12.276824,73.79195,-5.764939,33.59546,0.3934478461742401,0.8239896,-22.567429,8.739395,8.367226,18.857016,-0.11098089814186096,0.8346176,-0.019900244,20.717793,-15.981743,24.110378,-1.004470705986023,0.89328146,-29.071373,0.0,-2.3961449,14.931136,-0.6036604642868042,-0.22466707,-12.473402,8.638302,3.7871885,15.074539,0.22018194198608398,0.68822145,-4.432605,12.921905,-16.745716,21.384148,-0.3449741303920746,-0.55874324,-32.454243,0.0,4.384549,13.536558,0.5740773677825928,-0.24715233,-5.3145914,14.338982,-5.0539117,12.795123,0.05593254417181015,0.1575067,-12.596936,1.6805279,2.9753668,13.374262,0.12540680170059204,0.7169595,-2.6119862,10.35687,-5.558662,11.291916,0.25573086738586426,2.0167503,-11.118885,0.0,2881.272826846965,1571.2281684674626,-0.18111536981973322,-0.5810480293503866,1652.6179311084168,3869.1374046489873,5309.753139269406,2376.5667666835793,-1.370844193333261,0.2215288329367202,5109.375,6820.3125,0.2885318564497717,0.20011473001604246,0.0864842325917552,-1.2034101883639534,0.090576171875,0.446533203125,1222.3256,922.252,1.1834756135940552,0.8138795,502.64075,1697.1193,0.030688569,0.038014278,1.8415151834487915,3.9487376,0.00050496915,0.044183366,0.0,0.14534894079497104,11.02334908587287,35.0
772c8bbef1b38669ce4edd0b08b8e48c11d064ad6dc59c84667ac449375ddf41b48b7c26430352de3ba99656a9cd44b82382413ee96fd54266ec850df6a455d6,55.0,-664.5928,158.83945,0.5905054211616516,-1.1059475,-807.6264,-516.3087,74.06354,58.62304,0.2227228879928589,0.5731015,44.337063,108.5198,29.975254,29.174145,0.49705690145492554,0.5474725,18.406237,41.673183,23.848549,24.796858,0.643189013004303,2.1408725,12.663034,35.864597,13.491265,18.565,-1.3651785850524902,3.0415034,8.530714,24.232944,10.755083,16.166693,-0.8656680583953857,0.6901784,5.2829065,20.607542,7.708328,11.696469,-0.590995728969574,1.8326731,3.4307897,13.718395,8.153249,10.09348,-0.10660587251186371,1.83357,3.4637702,12.322262,-1.3253826,12.574438,-1.1163158416748047,1.5164366,-8.486857,6.148032,7.2787137,10.734141,0.7444207072257996,2.3615599,2.2097106,10.802315,-3.4265156,11.149279,-1.0137776136398315,0.13201714,-8.706585,4.3471055,6.4231834,7.4860706,0.22734856605529785,1.1996603,2.1070478,11.067459,0.4364744,8.865802,-1.2506318092346191,2.3441896,-2.128184,5.6099625,1787.732215777659,1030.4575510490258,1.159756280316577,1.8577314961522058,963.0990966976383,2327.892601551708,3904.4137286324785,2006.8048033501311,-0.39207625439431343,-1.1658127573039523,1914.0625,5458.984375,0.08601053352029915,0.10847783244775026,3.125953776820064,11.668557108986091,0.0274658203125,0.0965576171875,1108.4285,1015.7183,1.1643662452697754,0.14483023,331.60828,1714.5991,0.002870717,0.0036486436,1.1015487909317017,-0.082733154,0.00012621895,0.005385322,0.0,0.08867168573182292,9.552608209704063,55.0
772db4ea660867b57a31e01647ffa8c2463afe5a2b78d22dac75527f4bad30da0e329883d99b36e480a52eb64d3977bc6fa81821c4c9d1137ba655274886287c,65.0,-503.4304,124.60166,0.9543282091617584,-0.5663962,-596.90454,-417.1437,55.324955,66.89625,0.7875812202692032,-0.9841184,2.34828,117.93132,-1.8322692,29.757843,-0.9653818607330322,2.1087089,-2.2731466,8.90004,5.3942204,33.38515,0.7544311564415693,1.9549282,-1.9847313,11.805748,-4.2971883,21.581745,-1.5966288447380066,2.77375,-2.455332,5.2873125,3.5115626,12.136294,0.45933012664318085,4.278223,0.25051263,7.112568,-0.28239322,12.070667,-0.1415988802909851,2.7658246,-4.329641,4.258602,-8.55658,16.99388,-1.0531116724014282,0.16205502,-18.942837,1.1772671,-2.9208958,11.8737755,-1.4572323560714722,4.8821697,-4.497451,1.2446966,0.11718583,9.678089,0.2282957136631012,2.2205112,-2.2208734,2.6663089,-5.5772786,10.468695,-1.4399908185005188,1.902509,-9.806839,0.46904904,-5.507371,10.813606,-0.7406017277389765,1.036608,-8.635697,0.23833749,-0.893401,9.601208,-0.3905918598175049,3.1720588,-3.417595,1.5263152,2011.392722817117,907.8133449579386,-0.08285935557869789,-0.04503113233701184,1206.2022134633307,2681.220351962106,3863.0375229390174,1693.8649153158622,-0.6980717523509217,-0.9149460047354475,2287.109375,5151.3671875,0.19958247955339498,0.11504914792030332,0.14044061315672943,-0.12963845492450798,0.08477783203125,0.295166015625,1842.2112,1105.7603,0.26105504482984543,-1.1226623,880.8219,2771.2954,0.019723149,0.0342352,1.9814859628677368,3.5173228,0.000101121055,0.027405355,0.0,0.09764485839188491,15.892269683653161,65.0
78e00e5bafc7669b9d2dbcca11efe79b825f2d5a676b1429ee806e01532b66be09b456d2f2a5666833f6e7d6a665ce19db138fcda7db92865c41fcfb250edf8e,15.0,-360.59628,155.81395,-0.48408421874046326,-1.1390944,-519.77075,-238.42233,69.66121,78.78332,-0.14460238628089428,-0.65676606,0.27544484,134.23996,-6.9733915,35.69472,0.1169135794043541,0.8105099,-27.999458,8.8064995,1.8950458,31.8202,-0.11768565699458122,-0.08536899,-16.749828,20.698986,-25.421703,27.49635,-0.3491987884044647,-0.65425324,-44.876797,0.0,-1.9795182,19.582363,0.20659764111042023,0.29084802,-15.4131775,4.125771,-22.088253,21.630877,-0.6441945731639862,-0.39718735,-36.770973,-0.8212916,-8.391111,19.395155,-0.03524242341518402,0.28145063,-21.121487,0.05488515,-15.682856,16.445356,0.0009669288992881775,-0.78971785,-28.99364,-0.6609342,-5.36092,11.552443,-0.5387681126594543,0.41992044,-11.869874,0.20658489,-8.070638,10.575417,-0.5239313989877701,-0.040274262,-15.860157,0.0,-3.0038602,10.923105,-0.2887231186032295,0.338503,-8.976961,1.8171463,-7.425351,11.586992,-0.19479072839021683,-0.26966047,-16.14059,0.0043991115,2086.1626088089715,1253.4633804768096,0.7658976434194148,-0.21112050117350512,1013.9429600917747,2883.2684798498294,3713.7355505485893,1949.5134059518468,-0.11127664225238532,-1.5186408376938991,1839.84375,5648.4375,0.21001667911605276,0.1494916421741186,0.7090407268897216,-0.29427434504395855,0.07794189453125,0.33233642578125,1751.1167,1132.179,0.36709415912628174,-1.1292837,721.21936,2691.456,0.045439363,0.042724412,0.9456761181354523,0.4552852,0.0055426415,0.06833634,0.0,0.07846538103498935,13.313132625828802,15.0
7950acb0a5dffadb668309f17ab4fea0d8f638b0d072ac19c9940940975f02b26d506df3db774b2c7c4baf73672fb2beb43b1183f66bb2fa879eb890a1628ec7,55.0,-336.68802,137.02509,0.37744611501693726,-1.3601855,-451.7953,-191.01111,85.789,39.67378,-0.541905015707016,1.5408015,77.86888,103.10008,-15.275969,26.35439,1.1638963520526886,2.1292279,-27.61903,-7.5536923,28.598549,18.307098,1.3379839062690735,2.8048043,18.870037,32.952927,16.459623,18.227348,-1.3300541639328003,1.8381505,4.120962,29.907713,2.7489603,14.860112,-1.1543009579181671,0.74595,-5.581453,12.58192,9.076209,19.934166,-0.6291729509830475,-0.97287244,-9.109196,24.988409,10.269886,15.330925,-0.9073489010334015,-0.25078273,-0.118453205,21.845366,1.3333133,11.371332,-1.8430510759353638,4.6017036,-0.66108423,7.566129,7.664642,10.243916,-1.0663968920707703,2.2355,3.2437701,13.869869,1.6210797,7.889079,-0.9059273898601532,0.67679894,-3.1617272,6.957985,-1.6406361,6.172605,-0.1266498565673828,0.41037917,-5.1777344,1.9446659,0.0086198,6.1892414,-0.504648745059967,0.24825418,-3.646377,4.137849,1786.0503314033608,792.0082678073986,2.1832359998499546,5.33029636849993,1385.8539976128877,1786.2096765277824,3315.4689707892903,1215.0603993468374,1.3849891841968527,1.9295668515045072,2689.453125,3369.140625,0.12376878608614567,0.0909583469616898,2.6200561510978333,7.678808371986636,0.0802001953125,0.1260986328125,1522.0215,1030.0917,0.42634595930576324,-0.87204385,565.99023,2432.31,0.026519753,0.03258401,1.3382441997528076,0.9804561,0.0026648494,0.046148673,0.0,0.12830084027322336,6.555901148273559,55.0
7963691c43c8cc498c58f117527522bf772c76c38530570bc55ef04834f67fb7a9227bd0fa1f13e64e8de1cde6594f3501e172ab86559697c08726cac26f4c6f,15.0,-424.78485,135.41049,-0.47132638096809387,-0.92748547,-523.49274,-317.15405,71.978294,70.271324,-0.063990518450737,-0.9554925,13.939066,138.51492,3.2518024,52.2467,0.26704922318458557,-0.31761003,-32.9848,32.047474,1.4131474,49.234737,0.18089620769023895,0.28129506,-34.208744,25.958202,-32.36941,32.85459,-0.14448627829551697,-1.0963626,-61.98391,0.2583391,-11.0702095,25.394619,0.05754849314689636,0.28144622,-27.652552,3.674757,-4.0860715,16.192213,-0.18978147208690643,0.19059992,-14.766407,7.72672,-2.7041147,13.309618,-0.32590097188949585,0.50047636,-10.971504,4.984434,-13.5233555,13.768933,-0.37744298577308655,-0.093835115,-23.35792,-2.6442642,-7.7163773,11.79959,0.05657535046339035,0.25412226,-14.956472,-0.24582362,-12.835309,16.188116,0.5256212949752808,0.5505192,-25.186901,-2.9239094,-5.935272,12.299159,0.0884072557091713,-0.11139798,-14.528254,1.4075714,-10.329595,9.587573,-0.32318615913391113,0.43111014,-16.146624,-3.583531,1920.3203481879304,1218.4333800480902,1.128249063893627,0.6121763270746099,926.0532203097471,2582.946275338797,3484.722222222222,2069.010851878028,0.12543032451070424,-1.4520321289425986,1250.0,5328.125,0.1670428240740741,0.13075906580087832,1.696540726532956,2.345474240088514,0.08251953125,0.196044921875,1366.919,1068.5135,0.9614514708518982,-0.3508911,558.188,2077.9697,0.028381173,0.025677526,0.7497677206993103,-0.5391691,0.0051383376,0.042011105,0.0,0.08418023091539684,14.066225341252153,15.0
7c4e7f2e1fd743d4d3395f85d80e2f68f0dc7b440e1fbbbda47f09744531ed43d6b0ed6766c893f36852da06707e0eecaea1c1eb57502d77d2b508aac0834ecb,35.0,-381.97888,128.2527,0.4901202321052551,-1.4373771,-497.60016,-246.78183,61.435547,53.10725,0.6147910952568054,-1.0428308,24.586546,113.67933,-24.151646,20.379875,0.44788238406181335,2.1607628,-31.265524,-17.071438,13.991137,33.05385,1.427973985671997,1.1583576,-6.52916,32.139404,-14.16133,25.684889,-1.8742587566375732,2.9730878,-14.798877,1.3666922,1.670642,16.600794,-0.3006966710090637,0.41388488,-3.2599044,10.309617,-11.143487,14.645538,-1.2616180181503296,2.8952093,-18.16787,-4.7675085,-5.6763315,10.332523,-0.7337920665740967,1.8892384,-8.959223,-0.28719276,-12.641721,9.775546,-0.6004328727722168,-0.61907625,-18.665365,-4.33838,-7.9616747,11.491708,-0.04622257128357887,0.43782592,-12.287082,-1.7426844,-6.2837386,8.790837,-0.9580905437469482,1.2362704,-9.867886,-0.7218219,-4.2989545,7.221105,-0.4571881592273712,0.3641944,-9.320164,0.8826546,-9.719868,7.0426574,-0.7069504261016846,-0.24613357,-13.360564,-4.971402,2204.7287602043284,898.7433538602439,0.09555156612920855,-0.8496082571452663,1351.6030604992934,2697.75462064199,3993.114406779661,1409.9080575768007,-0.4236195368152423,-0.8189304939797717,2640.625,4986.328125,0.2191803495762712,0.12059203498176253,0.1426750088585762,-0.9030824599356673,0.103271484375,0.291259765625,1908.9161,1112.6095,0.1934756636619568,-1.151705,934.3666,2837.1758,0.03253523,0.05032844,1.9066365957260132,3.2166896,0.0006692597,0.054710772,0.0,0.10197110433217475,12.207291377906476,35.0
7dd157e8fdb35dfdd6dee7f04afa2cfd950ce679251b0f826d36785be93c235d6a0e82f986b3765187dd6564883475b6559f8d18fe7c9ee0bfb4ebddecb2d4d9,25.0,-261.90298,72.748634,-1.5961939096450806,3.9402194,-288.06146,-211.90628,97.97394,41.99666,-0.9882015585899353,0.7330191,81.8181,129.45601,17.377981,20.303198,0.5560647249221802,0.48755383,2.5607033,29.752089,35.078182,23.211428,0.03013664484024048,-0.085369825,20.841623,51.829124,16.391094,12.137552,-0.9674069285392761,2.0648928,8.876733,25.156239,0.17926042,18.415478,-0.4166596531867981,-0.19154716,-9.945252,15.156587,-4.2257614,13.956585,-0.43853136897087097,-0.02574873,-12.163955,5.474451,-2.0776877,15.711935,-0.8749467134475708,0.71491957,-11.252117,8.38476,4.7540517,10.7357,0.21197447180747986,-0.27640104,-2.5193193,10.8053665,-11.027998,12.271921,-0.10913018137216568,-0.94131184,-20.419605,-1.0939145,-9.561267,9.727205,-0.13736514747142792,-0.11239481,-16.518974,-2.688768,-5.14245,9.46279,-0.1546616554260254,-0.7212496,-12.585089,2.3672624,-5.0626106,8.839632,0.2890293002128601,0.6605234,-10.727697,-0.36051047,1508.221515142531,933.8043682060126,1.9271669370214088,3.540171201571961,882.523373333888,1694.4326390463752,3138.0349864130435,1749.1178743665719,0.7566771231680135,-0.580097052792635,1724.609375,4183.59375,0.09096361243206522,0.08110117912036435,2.0632565416092996,3.6756664229304494,0.041748046875,0.1002197265625,1070.509,1072.8132,1.2589764595031738,0.35588408,307.21686,1709.1324,0.066031896,0.035967346,-0.4695126712322235,-1.0947644,0.03468723,0.0950098,0.0,0.0921536270117877,14.045387173748553,25.0
7deddee48ff3a6feeb3f08e6f43a1d8bbe85378181f9c6598a42bdd4efab28d2f5422130d351f12025fc0e21ec7f2e1c7140fe126216068af6f13b51d0a57bc1,25.0,-374.11798,131.30154,-0.0703183263540268,-1.0105425,-484.21014,-283.60968,91.48468,61.808643,-0.20791487395763397,-0.24184608,47.546143,141.08891,31.02807,39.86033,0.46511390805244446,0.21322417,5.455535,52.084564,-15.344407,35.52983,0.000156457579578273,-0.3413062,-45.6773,8.311261,-15.128452,24.317728,-0.6491714119911194,-0.16938925,-31.344156,2.1710238,-8.633648,25.385918,-0.16358408331871033,0.85044765,-21.978241,4.122871,-12.403108,16.908134,-1.020675778388977,1.3557639,-21.67087,-0.58101916,-8.59189,13.190966,-0.7261812090873718,0.9761517,-16.443623,-0.74833345,-8.858047,12.870292,-0.49484914541244507,0.3834803,-14.292571,0.07043499,-15.119625,13.635185,0.283740371465683,1.6219053,-23.145561,-8.597972,-5.7773023,10.346884,0.4431656002998352,0.8348491,-12.685126,0.54967713,-7.673248,11.300809,0.043261606246232986,0.95908976,-13.289953,-1.8011606,-13.630598,11.255518,-0.5918064713478088,-0.22835803,-21.002136,-4.8551564,1885.320592185924,1209.6620409250124,1.4158188867804395,1.2975008355367708,1026.3116997177228,2276.8305483681092,3539.344394329897,2156.970282209376,0.23094783943098926,-1.2699052947556018,1265.625,5302.734375,0.16403481394974226,0.12637402915891247,1.4683593980451388,1.4902112739718456,0.0712890625,0.215087890625,1154.6252,1035.7942,1.364126205444336,0.73828053,421.04218,1429.4861,0.039517216,0.042453732,1.2944148778915405,1.2744203,0.0028301363,0.0616638,0.0,0.08555955278185325,14.292613989619204,25.0
7f29ce6531f159f514ccb46caa1535f1687740b13a60c3f3ac15d8462984c71b2c5747d5f67692081b7e7de330d1ded32b09bc1693c0a26c8189132bf2c48888,15.0,-560.6067,93.512375,0.07581388205289841,-1.1361064,-655.82355,-488.78925,89.99776,49.55543,-0.11206136643886566,-0.19070792,56.49535,114.08592,7.1878085,24.921452,-0.22579549625515938,0.2556491,-10.924999,20.43204,39.496063,31.31303,0.7559091448783875,-0.18889183,12.918165,60.224556,2.467113,19.271713,-0.7933203727006912,0.32370317,-8.760618,14.411106,-6.734048,18.484156,-0.14812032133340836,-1.0342165,-20.049862,10.280468,-0.5477791,18.68666,-0.3454494774341583,-0.65912247,-14.575114,14.6022625,8.089222,14.636169,-0.4083133153617382,-0.31101847,-0.99564904,20.347666,7.8416357,12.970815,-0.5948954820632935,-0.20692587,-1.0047181,17.297636,1.8458133,11.039211,-0.19910446926951408,-0.518952,-6.282384,10.036345,-2.7997804,9.931592,0.021405071020126343,-0.24386406,-10.068345,4.020378,2.1653347,10.85717,0.015206976793706417,0.2967745,-3.6189358,8.732712,-6.707866,10.659127,-0.17487794160842896,-0.72693825,-15.552465,2.041214,1597.1188035689277,812.1167678760388,0.866764018790043,0.15091941875858517,1060.111583731923,2047.2274616643112,3134.3013512341395,1474.948247232173,0.3292734009151444,-0.09642834362257324,2100.5859375,3940.4296875,0.11065944880365286,0.08250248892190443,1.3005324073424216,1.1933018154819106,0.05322265625,0.14599609375,1527.5918,1159.2949,0.46901237964630127,-1.1414807,456.6218,2457.103,0.00461038,0.005057623,1.0832993984222412,0.006476164,0.0004822343,0.007834181,0.0,0.11665115499094904,12.235459197456294,15.0
81319fdf8405ae08135540074d8e41d553ab721ed2c160fc85c064c9c46e416371fcf2e70b3f402fed0fa79c27f1caa8acbb0940c145bece4060ee3825d9cd30,75.0,-303.7334,85.1499,0.12054455280303955,-1.0883949,-376.581,-229.39423,114.24611,45.465424,0.07272666692733765,0.4444065,83.16315,143.15,15.824727,22.23159,0.2903294265270233,0.99077344,5.0716496,27.393053,32.976368,34.91527,0.6629637032747269,-0.5348182,2.3776255,60.6322,2.84662,16.50846,-0.8299432098865509,0.22539306,-5.0769787,14.237509,-1.4170557,18.255287,-0.5964972749352455,-0.5506896,-14.271199,13.004637,1.7812299,11.717323,-0.5949558615684509,1.5772611,-4.008469,8.116312,-10.474347,16.317389,-0.8483122885227203,0.37072265,-19.338364,2.1902723,-2.645536,13.120252,-0.506431333720684,-0.8087734,-12.921208,8.210627,2.5787466,11.850324,-1.0107972621917725,0.61202264,-2.6675282,10.712505,-2.3127656,10.99511,-0.4527725838124752,-0.5338173,-10.817379,6.3178988,7.674162,8.024313,-0.38547781109809875,0.22163308,2.4123838,12.822078,7.3120775,7.4968505,-0.09651084244251251,1.2624872,3.066148,11.428661,1325.3786858869098,641.2763995879079,1.0251775088551889,1.5547621678737777,818.6153790178689,1692.6452594627458,2802.9681625939847,1469.4630637039552,-0.09866726355610686,-0.8761201866715079,1551.7578125,4113.28125,0.07138248208411654,0.05827999580938885,3.077060661277177,10.961422916190376,0.042724609375,0.06982421875,1204.3599,1163.9921,1.0615580081939697,-0.32097745,361.48566,1829.31,0.07042517,0.07878474,1.4791584610939026,2.0496635,0.007686148,0.10642655,0.0,0.1742962709459951,8.495952317971915,75.0
8178873aab67e3e288c7d3f5fcd151cf31a3ef91c839f95f1d109cab38cd7b43c4688681b471e726ca6c3a50f8de243af4007ec58edbe49b1ea0bd621af7f328,35.0,-650.21735,164.37946,1.5733963251113892,0.9704075,-749.75726,-644.3645,37.967445,60.904495,1.5930800437927246,1.9478188,5.076458,41.85528,2.9170463,27.425222,0.1487167626619339,4.8060822,-0.004992306,9.625037,4.797883,18.126637,1.9365332126617432,5.2218885,-4.516382,7.702982,-11.110978,24.489937,-2.0191993713378906,4.5127525,-17.92804,2.176136,-6.384935,14.020441,-0.6659480929374695,0.5414605,-14.003957,1.0780406,-10.965622,15.620666,-0.9649596214294434,0.6952703,-18.39667,-0.83944243,-3.063873,12.933216,-1.1132729053497314,1.9388943,-2.5549183,1.4591533,0.12662657,9.241016,-0.41702163219451904,1.1791115,-3.9187167,4.5423346,-3.0886555,14.060628,-0.40760567784309387,0.20372033,-8.076557,3.215767,-1.1550635,9.961525,0.27011358737945557,-0.12684011,-6.301296,5.262592,-0.11508616,8.871521,-0.909966230392456,1.5388546,-2.9834952,5.765849,-4.4762278,5.737558,-0.8761270046234131,1.1082358,-6.161049,-1.3208358,2015.6296818843957,773.3339421645529,-0.10147836267861285,-0.1565216497742683,1396.243410684884,2514.091599333908,3875.3980891719743,1507.9554072864958,-0.902926104047566,-0.4207951355097377,2593.75,5039.0625,0.1689142117834395,0.07439260157470026,0.07910302372664939,-0.8686802783369529,0.099609375,0.2236328125,1575.5969,1013.3707,0.6119319796562195,-0.5029545,701.6338,2189.0303,0.005349478,0.01126236,2.1234073638916016,3.1648588,3.0619685e-05,0.0012472221,0.0,0.17655806841338575,7.263212933505531,35.0
81f1bc5abc17b276a7bace52b69991066c77bd292de7026e274c858d7caffce44926f6d55e15490fb04766cf2f4213ec04d546bdbb0b234cb8f45ba1fb966507,25.0,-500.4838,135.84409,0.02252793125808239,-1.242908,-624.61456,-387.6367,88.781136,74.60976,-0.2449961155653,-0.58104444,43.461678,163.49582,24.613556,36.95293,-0.2200896143913269,-0.1807468,3.0660906,49.039185,37.638355,18.774023,0.5055162310600281,-0.2769642,23.781143,50.53669,-10.961318,30.925516,-0.41345250606536865,-1.1113235,-36.04208,16.024382,12.181969,17.266651,-0.06919445842504501,0.39126134,0.0,22.269154,6.6866207,13.562949,-0.8142873048782349,1.6036792,0.8832457,14.688406,-12.995712,21.721508,-0.3336908519268036,-1.2154382,-32.661835,5.7688656,3.7773395,12.812935,0.3421974182128906,0.95047045,-3.4022279,10.718315,-1.9535556,13.430404,-0.25618427991867065,0.865422,-9.625561,4.901725,-5.8989472,10.985468,-0.5384188294410706,0.9187491,-11.130685,0.69422424,1.4703212,10.136843,0.2856025695800781,1.1171894,-3.6327982,6.1026998,-15.226842,11.542741,-0.2835080027580261,-0.6769438,-23.819614,-6.3076534,1898.5204712988261,1113.134039009503,0.6882774050695873,-0.2829081185237996,840.6724601713287,2638.7726044223,3782.9375,1999.386523099023,-0.25440247988697523,-1.4008155262310529,1812.5,5539.0625,0.14113671875,0.11368668785035813,1.2095973380227671,1.1357691999945168,0.04931640625,0.21630859375,1384.5854,1291.667,0.7832392454147339,-0.972137,320.3394,2522.6418,0.009348709,0.0088535715,0.5748083591461182,-0.7948301,0.0007057079,0.014655976,0.0,0.15666132475717012,5.201319066935386,25.0
823f51e847941224fda2e755623f1e072109d47a9ba963f6d702a2d71bbf7522343e0ca3eb4aa8083c0dc543ae1edb3a2431ca7db87cb31260fc6b7b732d4c60,55.0,-492.26764,162.82837,0.5742207765579224,-1.1324823,-638.73535,-347.62183,24.478743,73.136055,0.05295904946979135,-0.25479615,-14.570536,88.103615,-31.362099,47.83863,-0.9094986915588379,-0.078185916,-64.81368,1.2920991,9.590422,27.48587,0.7306847274303436,2.140774,-0.5496619,18.917942,-24.562557,37.627716,-1.2045009434223175,0.8461572,-46.741047,-0.0040605143,-6.4009714,30.007895,-0.05330566689372063,0.6230155,-25.831533,5.076859,-10.196651,25.965626,-0.7277833819389343,1.1417276,-23.559826,0.67644095,-15.439699,25.184048,-0.7296082377433777,-0.46280754,-33.37661,2.4137542,-15.964045,21.013977,-0.5199695229530334,0.011108875,-28.856781,0.0,6.0079446,13.976257,0.09849677234888077,0.44202852,-3.0333033,14.383619,-6.573603,16.178322,-0.6025700271129608,0.40757477,-15.505502,1.4241962,7.360771,13.333272,0.7444705665111542,0.42391968,0.0,14.7839775,-3.9938345,12.576968,-0.3221258595585823,0.45033252,-10.78367,2.3130949,2986.765372209342,1300.736745327727,-0.1477712189587131,-1.5295952979920648,1654.5969965063666,4145.550061600283,4354.532102898622,1433.6222647371205,-0.4588615813707552,-0.9207558802825195,3151.3671875,5619.140625,0.352938798518885,0.17156044743127424,-0.15800007984820535,-1.398023702068373,0.1856689453125,0.5091552734375,2195.7925,1139.2206,-0.12901648879051208,-1.2894361,1187.0868,3226.77,0.0165238,0.025232196,2.0513221621513367,4.256928,0.00021365524,0.02453144,0.0,0.17842703169552104,6.765875159180487,55.0
8283a190e7609620253a7b96047b505154c535b86442790ff47d2e6253a5eda5402ade1f7584a03a6a190393fe9739ccf34f601ca72ef8517c894219a3cc29da,25.0,-362.0781,130.4032,0.06285656243562698,-1.6437893,-499.33203,-236.39725,101.423836,56.28309,-0.14050278067588806,0.3635671,71.686005,144.05956,-46.70486,38.226673,-0.8291243314743042,0.5541947,-68.53885,-26.301975,24.753819,49.217583,0.9802674651145935,-0.3077531,-7.5734158,55.318825,-13.52495,27.196405,-0.43353432416915894,0.27360344,-32.09017,3.3823895,-10.051484,20.923998,-0.4817386269569397,1.6985025,-16.918219,-0.8007909,-12.81669,17.577528,-0.6224680542945862,-0.5281296,-26.989998,-0.32950068,-8.790276,15.644618,0.4662500321865082,0.8639262,-18.400797,-1.9790797,-6.5696783,14.375595,-0.028461046516895294,0.4965999,-12.600541,0.4048472,-1.0985464,13.62645,-0.11899164319038391,0.4655633,-7.047945,7.549451,-9.439832,13.261865,-0.5498314499855042,0.11347604,-18.087894,-0.8024442,-1.8958268,9.9171715,-0.5047941207885742,0.98176265,-6.021877,3.176869,-0.8902039,8.055225,0.22429844737052917,1.0515633,-4.7303996,3.115833,1723.660067170187,617.6375862004955,1.95742469969868,6.499996582405936,1400.7686262899506,1898.0166958504358,2937.106918238994,1006.0784388872884,0.13086444062453123,0.44906285940071555,2277.34375,3460.9375,0.16268057193396226,0.07508791618125252,2.5205949595718318,9.484402677508697,0.128662109375,0.181884765625,1634.7695,972.73114,0.359433114528656,-0.85793734,780.4115,2370.046,0.034599293,0.039760463,1.1425702571868896,0.83957267,0.00073182234,0.05634648,0.0,0.19094265034067448,5.006105637474983,25.0
82d9adc2bf406741155a5c4ea7f986839052ca71303e331b51efcee66a991c0ab16d70f99ecc2ea12ae7f0ea93ab6d54de06742647e375ce27971eeecf726f2c,55.0,-359.34088,201.01245,-0.43143516778945923,-1.4621499,-612.86224,-194.12901,60.124,67.44891,0.16267562471330166,-0.72216237,6.2692523,115.482635,-10.370167,32.22136,-0.5028760805726051,0.98931825,-29.416046,6.0267467,32.789055,32.291824,0.8966564238071442,0.105190516,4.696148,50.48713,-8.525501,23.17308,-0.18522588908672333,0.25728703,-23.867352,4.4275436,-3.0918357,16.822569,-0.4761916846036911,0.75462496,-11.094209,5.760606,-9.17996,14.1996,-0.2672724612057209,-0.52009165,-19.719461,1.1761358,-3.9797897,13.30778,-0.09686826914548874,-0.08486271,-13.842136,3.2991335,-5.2349977,11.066885,-0.127969391644001,0.57838655,-12.389929,1.4414277,-0.012904942,11.706247,-0.03750085615320131,0.28261614,-6.8276315,6.837818,-8.255252,11.400437,-0.28478316962718964,0.23338127,-15.581366,0.061091304,0.43064085,8.968777,-0.24151121079921722,0.40276182,-4.1053963,6.413905,-7.0057034,9.149476,-0.3494701236486435,1.0968459,-13.583294,-0.29995885,2272.331889607257,1044.2751224776732,0.3372526765352595,-0.46494582990279176,1392.9282859493542,2963.7105677729924,4142.4337763951735,1682.466410211628,-0.3399120672028144,-0.9988778784370247,2785.15625,5593.75,0.22264915820329828,0.1295923193744367,0.5324875403589493,-0.22490715713732423,0.110107421875,0.3045654296875,1927.1254,1128.1301,0.09853542596101761,-1.2290747,877.51,2879.7427,0.033194784,0.03074171,0.6501050293445587,-0.33192623,0.0003836564,0.05436282,0.0,0.08550461855940703,7.96487281628933,55.0
83135382f313bd186fa2d880d259f98af63862e5399794b2ec5dbaebc224b7dc2e831dfffe831e545ff0f559a81e7a21f6171bc52eb0e7aa25c9018913e58809,35.0,-478.87372,217.98836,0.09428398311138153,-1.7451385,-714.1861,-266.30682,70.645874,66.30257,0.457369327545166,-1.1164503,18.2144,138.02988,-10.851465,31.248394,-0.6787331700325012,0.080965996,-32.885597,13.036865,27.26323,23.477564,1.141046166419983,1.2873459,10.494003,40.77731,-12.026032,25.241507,-0.8464661836624146,-0.54486156,-27.446667,7.897541,5.8684735,12.065076,-0.21286922693252563,1.2843137,0.31328976,12.185457,-1.9593638,12.488457,-0.3505455553531647,0.31029272,-9.400757,4.921278,-2.931854,12.44018,-1.0131555795669556,0.13086772,-9.799235,5.385463,-5.5725136,10.014619,-0.46550098061561584,-0.6163912,-13.976675,2.4985428,-0.72793865,11.49152,-0.5234196186065674,0.37801456,-4.4877367,5.6232862,1.2646317,10.367535,-0.36952999234199524,1.455708,-2.2996378,6.7592506,-2.9649198,10.153438,-0.7069690823554993,0.31935763,-9.129663,3.2657485,-6.8368783,7.231673,-0.44225063920021057,-0.3241608,-11.393532,-1.598071,2185.1780921387744,855.3760793221354,-0.269751361695368,-1.4518453985466695,1265.907013008723,2999.4573603582057,4189.142117834395,1620.1556684646982,-0.3429764340681098,-1.2116551003743925,2632.8125,5960.9375,0.21865358777866242,0.10000008807042438,-0.08444645342732698,-1.2339680966813906,0.125,0.30810546875,1703.6124,1093.8033,0.3639678359031677,-1.0665102,715.78534,2553.911,0.016125958,0.019917738,0.9484125375747681,-0.40762138,6.8752226e-05,0.031986903,0.0,0.16838900984046934,6.200472232374556,35.0
83954d65b0b851975052e3cf421abfe04a2c0cabdcd7f0dc5a4999d60ff4505bc48d154912a6a1090b7de6995a212a7520b08ee1e492138082c1d6ec62944ad7,15.0,-389.4912,154.04626,-0.1982848048210144,-1.04764,-533.68744,-273.49066,76.67244,79.55592,-0.06534679979085922,-0.8121588,11.607551,135.52884,8.62545,43.28488,0.8656561970710754,1.4559422,-14.892014,26.480537,37.081146,38.494984,0.28163060545921326,-0.441077,6.576848,66.53296,-7.7712626,30.90446,-0.4410949945449829,0.49557185,-24.537727,6.384519,2.1560593,29.498375,-0.5840447545051575,0.18928933,-12.38685,22.349926,-18.890453,29.401674,-0.9944598078727722,1.1541014,-37.20781,1.4000139,5.404878,25.661823,0.1049029752612114,0.16543198,-6.997904,22.024323,-5.2656217,18.091585,0.16678349673748016,0.37391734,-17.64003,4.130585,4.188729,20.869272,-0.039386358112096786,-0.06096244,-9.010316,17.340157,1.5070753,17.29072,0.5653764009475708,0.13189983,-9.516098,10.808798,0.37066913,12.899989,0.1268921196460724,0.32639122,-7.6841974,7.610012,-8.473889,12.320598,-0.6579557657241821,0.45191073,-14.743502,-0.3503219,1898.541443341732,1147.1898132197023,1.1046113653165643,0.7107668318497229,971.5196879682452,2544.656769377805,3479.514688940092,1650.5294262663162,-0.021760179992032544,-1.2916432642254032,1937.5,4968.75,0.16177860383064516,0.12190414516257722,1.5221326177803258,2.3631941086648967,0.068359375,0.21923828125,1584.5583,1131.5334,0.4882430136203766,-1.0586218,550.592,2525.5686,0.03220692,0.028440084,0.602200984954834,-0.5819893,0.001513301,0.051810633,0.0,0.1279355622815054,9.29606110513456,15.0
853a6ba0a64683f81e39f4cdcbb2b34949a5f441073414c9ea453b14b532e071c7061e8c50652969ed543c8116b49839b2521e76bc09048cc9239423de5cb8ac,25.0,-398.09662,176.24548,0.03139132261276245,-1.7036097,-587.3496,-235.77213,76.04798,53.23272,0.08767995983362198,-0.8118007,36.0448,123.54216,-11.8733,33.046383,-0.566795825958252,0.45573568,-31.638939,9.045589,35.61998,41.95229,0.8121852874755859,-0.47412324,0.79912865,69.80081,-6.08153,19.534298,-0.8532353043556213,0.16296649,-19.649311,7.953205,-0.1476348,15.9445505,-0.5518052577972412,0.14674258,-10.097786,9.800135,-14.251972,17.434076,-0.6869604587554932,-0.61596036,-27.684969,-1.4241337,-6.2210126,13.574398,0.42597833275794983,2.607913,-11.9401,-0.5538744,-3.9587204,14.500385,-1.51227605342865,5.2409077,-9.7541485,4.257762,-14.306573,21.779999,-0.7769199013710022,-0.5564761,-31.31078,3.1529675,-1.8305231,11.168119,-0.4728367030620575,2.0713806,-6.20178,3.697728,-2.504398,7.9830136,-0.8336264491081238,0.5260482,-6.7467413,2.5125449,-8.690531,14.632892,-0.6311799883842468,-0.45842695,-18.760899,3.4791892,1926.4105281124612,701.8539621683329,1.2327275368465003,2.736922574051442,1412.9598412636235,2196.953115751309,3963.832171314741,1176.1844465258707,-0.17204313123150813,-0.9738460766812223,2796.875,4792.96875,0.15967964081175298,0.08426841169562549,1.280548475848654,2.5390861987002156,0.090576171875,0.18994140625,1476.898,1014.7072,0.7215300798416138,-0.39812064,606.9771,2084.5881,0.02942463,0.033842366,1.061874508857727,0.47346115,0.00025283257,0.048234634,0.0,0.12203715911293621,8.791355833695018,25.0
8731ded738b2313284954c90253a9ba8903f60dc88d5174d812f16b460fea0d2ae8fbc1d39e78581ec8b733a5efc0815808f06201093ac62d97d99fd778c5f8e,35.0,-296.52795,144.84862,-0.12049468606710434,-1.2454947,-416.98547,-174.58406,110.743866,46.152138,0.10403280705213547,-0.27477038,77.70477,141.46394,-6.659434,37.509224,-0.2453674771822989,-0.38451898,-40.263733,20.525013,31.437496,34.744522,0.6200627088546753,-0.48213756,4.9645653,55.317093,-14.36491,26.086182,-0.5589879602193832,-0.38918173,-33.25113,6.9742703,4.8123426,17.865683,-0.04302366077899933,-0.32858217,-7.9810343,15.354626,-10.805647,21.363508,-0.12683101370930672,-0.80628407,-28.582544,4.374317,-12.177546,21.482376,-0.006588205695152283,-0.8499192,-28.875793,5.333378,5.6395464,12.875799,-0.19470125250518322,0.034967184,-1.5010035,14.49844,8.5910015,11.791456,0.13423559814691544,-0.06280875,-0.23048401,16.221142,-3.902136,10.797842,0.4087017998099327,0.48902428,-10.749488,2.69176,0.9830559,10.237781,-0.14262287318706512,0.292755,-5.3850636,6.9808474,2.6192927,10.534395,-0.31008946895599365,-0.080837965,-4.277941,9.861437,1504.274169746194,671.6003305240419,2.410275741607184,8.78402215018248,1120.6385055290752,1729.8952601311682,3014.5433772849865,1232.5688575365039,0.5595607065672279,0.6516647306805066,2316.40625,3624.0234375,0.11232557516809635,0.07234600544870379,2.394983559420142,6.528889444743246,0.0718994140625,0.1236572265625,1204.2285,977.18274,1.0946129858493805,0.40522385,433.7283,1870.0675,0.058851253,0.057122942,0.7253594398498535,-0.6932268,0.0059730606,0.1049898,0.0,0.13130576551604403,7.864176917780932,35.0
87c37ac8f79802cd859b6edf1fe035bbf2d13750e27266dd30d46e58cacde54fc7bd99f472e4da9d1c5cfe017eff41c80ac8eaa1233544671eef5d86787de04f,65.0,-254.55096,143.23929,-0.6716040223836899,-0.62960863,-352.64938,-143.60059,52.132523,67.582596,-0.22119253873825073,0.58397126,5.3038573,101.256615,-26.141167,41.3015,0.07622196525335312,-0.49809802,-57.39491,0.425942,32.268684,39.262764,0.5823610723018646,0.3685968,4.6757545,51.95838,-10.067801,26.7364,0.40691088885068893,-0.20486653,-30.85392,3.1167727,-2.2087283,17.62356,0.0385708212852478,0.12355161,-12.776356,7.4226537,-29.665688,24.356659,-0.05254910886287689,-0.79546034,-49.99427,-8.164896,-8.845963,16.075699,-0.663642019033432,0.4372661,-17.810041,1.4346972,-5.1585426,17.923874,0.27072907984256744,-0.22242224,-18.590656,7.044895,-2.3292952,11.663064,-0.13812289759516716,0.54560435,-8.422921,5.2317457,-26.40469,16.380146,0.11013537272810936,-0.6692432,-37.978233,-15.370625,-0.85225314,12.694373,0.21404071152210236,-0.32116115,-10.371259,6.966399,-5.84246,12.444536,0.028712153434753418,0.12221408,-14.93737,1.9043163,1953.6028320472633,921.3642272472013,0.6977468170234842,0.10822816573997329,1334.6665940873277,2363.0385942603975,3283.425071022727,1437.125640391864,0.23152236353573646,-0.5516119140243014,2275.390625,4124.0234375,0.1844967928799716,0.10549760398259575,0.7907515215086847,0.324470566992316,0.100830078125,0.241943359375,1878.1704,1077.5966,0.1348140947520733,-1.097969,965.1384,2850.2495,0.08099334,0.070976794,1.216298520565033,1.3632133,0.028688317,0.111289084,0.0,0.1362193080126085,8.57642662688789,65.0
880c32bacea5abc0fc2842d15e1cfd76bc58e5f227a570480efc26cfb484521a8776924de831267b160a888bf17b874382fc2c9d3775f41e199513fd46d459a0,35.0,-350.8732,138.271,1.2273551225662231,-0.16626239,-442.19934,-271.0085,92.14229,28.04683,0.6127808094024658,1.0022926,76.554054,101.10202,24.89685,25.8565,-1.4609686136245728,1.1243768,17.158966,42.247704,22.851788,21.823029,1.027312159538269,2.355791,16.260073,27.909113,6.621329,23.513515,-1.9062535762786865,3.3129716,3.4072237,19.38818,15.128039,13.020143,-1.3637875318527222,1.0841632,10.775473,23.967508,8.046652,24.949087,-1.4702072143554688,0.7448547,6.666871,24.411034,14.901971,12.273889,-1.7221553325653076,3.2380676,11.205112,21.518423,12.609014,6.529884,-1.0036983489990234,2.0538578,9.583015,16.229519,7.810937,12.351549,-1.0627813339233398,1.0885081,6.155807,14.12751,12.49818,8.854952,1.3163775205612183,1.8730845,6.9113226,15.696097,10.729776,4.201078,-0.22985465824604034,-0.2602303,7.9174438,13.701355,4.606095,9.654813,-1.0704283714294434,0.61789393,0.9902114,11.262625,1001.2772860913303,462.79585797877024,1.6719963630006074,3.6878870389126535,704.2281414364506,1221.9432795427977,2064.9909420289855,1178.2521927205325,0.6813516102882056,-0.43196588785165657,1281.25,2632.8125,0.035439311594202896,0.03469326620313268,1.628583493349678,2.5298881574583483,0.01025390625,0.05810546875,905.13434,736.9427,2.0689175128936768,4.7103863,468.9546,1085.8416,0.057697225,0.08884432,1.937408685684204,2.2798529,0.012361131,0.030745544,0.0,0.18688948792261303,7.1261155149008015,35.0
884d0bd6385bcd340c6a0d587f56e32df5dad3cee7afbe38d6ddb7d051d982538277baa56cd2d4785cdd821f66a2512c5e6affbf1d050246eac4849e317b9974,35.0,-544.8567,148.20401,0.3736021816730499,-1.1887219,-701.88354,-411.51913,46.376347,60.9176,0.4989430606365204,-0.9748492,0.3053822,103.99681,3.327155,43.727535,-0.4441998302936554,0.28908277,-9.542255,27.509169,36.01607,42.4148,0.8824818134307861,-0.5506842,0.6790626,66.06627,-19.673128,32.6519,-1.0754923820495605,0.316823,-44.04063,0.8153,-17.603882,20.730625,-0.5607755184173584,-0.7869842,-33.901855,0.102774076,-6.53164,17.100382,-0.9589600563049316,0.37617135,-16.850578,1.4158959,-4.7276006,13.792772,-0.13790830969810486,1.2861996,-12.292719,0.17911448,-6.171154,15.213666,-0.4328721761703491,0.9761872,-15.8904915,0.0,-10.883324,12.55045,-0.7398800849914551,0.005354166,-20.04776,-0.4051249,-15.127254,15.373937,-0.2950386703014374,-0.44371963,-27.592188,-0.7704556,-9.453512,12.966205,-0.3951268792152405,-0.8015559,-21.030706,-0.11959484,-3.4338653,9.462897,0.10799968242645264,0.37269425,-8.560956,0.0,2305.663667665094,1175.0521737280717,0.9503321698973063,0.9837414600148273,1384.24433115055,2802.42497635321,4345.372267759562,1761.97756299496,-0.4067094459678236,-0.9749933796903503,3027.34375,5828.125,0.24801752476092895,0.15954301749188182,0.8945230160491259,0.9169163060100192,0.104736328125,0.34619140625,1547.9933,1085.9352,0.42767685651779175,-1.0767561,525.156,2447.0088,0.009211108,0.011740406,1.375949501991272,1.3081603,1.9393126e-05,0.0155570675,0.0,0.09872676837871765,13.88412669041714,35.0
88f62b8c6170cb7276f9ae3c4f5ea0cef202f3894cddb796eb5f8d1bc50ed7ccb33934d602ec02fbfabbb2a96ee24c31ed4d8b96c2455943d0dc028cf40fb66b,25.0,-416.77396,101.29236,-0.20597027242183685,-0.8196168,-492.62372,-334.73187,102.61055,54.44694,0.15802481770515442,-1.0380725,54.69632,147.9653,14.376714,29.826864,-0.03668222948908806,0.5567703,-3.657817,27.315903,32.133503,27.00558,0.26853400468826294,-0.35690713,14.495113,53.789787,5.927477,18.10957,-0.7480365633964539,0.71637654,-2.1174417,16.408386,2.854369,20.738241,-0.11094307899475098,-0.5955045,-12.687391,18.354897,-13.28996,18.632698,-0.3829127848148346,-0.5640216,-27.127357,3.2517786,2.9011743,13.211817,-0.2494194060564041,0.34984684,-5.3065033,11.242096,-7.5041947,13.358206,-0.7198539972305298,-0.4901445,-18.499485,1.9825685,-2.2755718,12.844966,-0.6659889221191406,-0.39699483,-9.65657,7.651073,-1.2087247,11.528106,-0.3455137312412262,-0.07995129,-8.413,6.410021,3.520089,7.689025,-0.22146892547607422,-0.07718897,-1.6447253,9.103308,-0.9370508,8.6749735,-0.24798554182052612,-0.0470047,-6.7267637,4.9946556,1461.7858876878981,766.4067624813738,1.1446334502712505,0.7332049257555919,844.5242322497293,1963.8157792586187,3089.0049846625766,1680.1836493438768,0.26247527278616395,-1.4024057366367253,1593.75,4847.65625,0.07334403757668712,0.05260636488825846,1.651867857756746,2.6835542141198117,0.039306640625,0.08740234375,727.3209,644.6787,2.0292584896087646,4.782573,311.42203,884.5486,0.01453383,0.010855436,1.1057953834533691,2.1754527,0.0058014453,0.02126002,0.0,0.1202907326791967,10.015203006781864,25.0
893ae5d9e5e15c81b42f5eda92255336f798faf597b15c07f8c34826d881d92e59b1d31adcae9fbdf9a58874a91843cfb7a55c95343c7c16e9b391d922b3ccfb,25.0,-465.60602,132.67784,-0.9112324118614197,-0.28797722,-506.8234,-373.5578,72.69338,84.034584,-0.43217357993125916,-0.87480974,20.548277,148.88367,-6.5982466,32.92554,-0.035760700702667236,-0.30072832,-32.481964,15.670138,57.35475,37.3576,0.3394154906272888,-1.0180491,24.939434,82.562706,-0.49969602,26.910126,-0.2620634436607361,-0.42369318,-20.143188,16.57252,-5.604252,18.131315,-0.23159052431583405,-0.771224,-22.140347,8.643541,-24.352,19.898758,0.2749083638191223,-0.77285695,-38.562912,-10.656413,-10.159718,16.466837,-0.9132569432258606,0.30993652,-16.77821,0.5319226,-4.3775954,11.026101,-0.25383931398391724,0.21460581,-10.654114,1.7150035,1.3962077,13.7227745,-0.8572449684143066,0.3719554,-3.8566985,11.62366,-6.216747,11.595626,-0.4054749310016632,0.513468,-13.47705,1.1605372,-11.61101,9.293369,-0.23362243175506592,-0.69010353,-17.82351,-3.359128,-5.9472804,10.428097,-1.560227632522583,3.957284,-12.520848,0.37065935,2061.539064078673,1256.6324658823855,0.6002753554863028,-0.9817900404541411,977.4185547947952,3083.274542756083,3663.7228260869565,1738.6121956286725,0.18733094559501168,-1.5783822112070993,2167.96875,5484.375,0.20754076086956522,0.15258323044927646,0.7815518608199828,-0.3465201276224459,0.06982421875,0.3134765625,1914.305,1211.344,0.08851318061351776,-1.370778,680.15125,2993.917,0.0126528535,0.012592203,1.2739973068237305,1.2054873,0.0026127207,0.017558163,0.0,0.08958839776132976,10.81058066815648,25.0
8b6e2fecba452d4f4a3b4918435932ff2cb515bea319f60d99f2c02ff1f430eccbfa73e2e4f69005a7db91c9cf10f35891910fccbae70f3091547842b29ea551,15.0,-273.19653,145.83191,-0.638204425573349,-0.8515669,-380.55145,-159.65796,63.182537,68.46677,-0.19403716549277306,-0.5409914,3.2256317,113.6567,-15.004742,58.46276,-0.30567944049835205,-0.43138993,-55.335793,23.204205,26.222887,44.5813,0.09976183995604515,-0.5059465,-6.2066135,57.592674,-57.064148,39.090027,-0.1341252492275089,-0.6795995,-85.10365,-24.301569,-20.71661,24.366852,-0.4632774591445923,-0.24700904,-36.85918,-2.501659,-21.72248,26.370861,-0.3224192410707474,-0.627754,-41.154137,-1.6861701,-3.763578,19.625338,-0.007073953747749329,0.32999027,-15.130102,6.4581394,-33.764175,23.511082,0.0754338763654232,-0.74729645,-50.607056,-15.970039,3.7728877,14.163241,0.4541964828968048,0.2918868,-5.379903,12.121418,0.96682894,12.990956,0.6861500889062881,0.748384,-7.1088305,7.408466,-7.9537983,14.346546,0.07103703171014786,0.100733995,-18.044395,1.0445095,-10.736059,14.816627,-0.16324371844530106,-0.5215863,-20.982866,0.43988666,2029.0675152418114,1127.845068373228,0.9947600066986702,0.6966219135655911,1223.6025020459278,2545.8381206408853,3401.898626188335,1621.7022411054566,0.006575214874134275,-0.9685105755227754,2331.0546875,4898.4375,0.184894139654794,0.13436237402474005,1.4792113966672182,1.9825585049194008,0.08795166015625,0.2388916015625,1676.4686,1124.4661,0.27317390963435173,-1.2528691,610.4215,2668.9272,0.09814517,0.076116025,0.3544962704181671,-0.7420752,0.02646924,0.1572368,0.0,0.10611296414758287,9.586511267135284,15.0
8b9a61e60433a73da64630510b929606aa587f1c627824f92d72b96f3f92af8fc89f7e0454521483b8f7685a95bdb441566389d7f9f822f4bcafc3e0a7c5a3c5,15.0,-462.8745,104.427475,0.8098356947302818,0.12953985,-545.4844,-403.57,54.541496,35.757866,0.045212745666503906,1.5464776,35.45201,74.106735,3.5725799,20.930975,0.32314483076334,1.2768741,-9.878299,16.59418,18.056368,26.193377,1.5665793716907501,3.4457788,3.5304298,29.176064,2.902228,10.840858,0.830519288778305,2.2144904,-3.4281168,7.2028937,-6.5045004,12.267714,-1.2865295112133026,2.0195284,-10.671896,0.9269745,-10.188085,12.27053,0.7092740833759308,1.134493,-18.722725,-3.6610248,-10.651047,9.161945,-0.07214796915650368,0.44020283,-16.398617,-5.07028,-17.816174,10.061428,-1.0608988404273987,1.515945,-23.814327,-10.445,-8.755415,7.724128,-0.9423784911632538,2.083913,-12.598513,-3.670572,-16.90307,8.73931,-1.1285059452056885,1.2591302,-21.742233,-10.646008,-9.093168,6.7346463,-0.15788358822464943,0.55242145,-13.096388,-5.197687,-10.932112,5.3685017,-0.04555343836545944,0.70852447,-14.313469,-7.823557,2392.3439337587556,805.3457028874034,0.17051280901241267,1.0344977178913464,1775.3889691517447,2927.407473785651,4722.707333715887,1388.187075388787,-0.9873221035382306,0.3780474636891663,3857.421875,5812.5,0.22291895975423703,0.10708465789429189,0.9615995597041076,3.0475683069903345,0.1441650390625,0.287109375,1769.1782,1084.7351,0.2912225127220154,-1.0578609,800.4194,2638.957,0.009786346,0.014099918,2.0908008813858032,5.2860126,0.0004974727,0.013518941,0.0,0.10145532377786441,8.604644338594923,15.0
8c95472e14e0b5b5186e951bb2a3e4945d14fc395dbce34625c58882ee479705b8d16ee105bcac0199e900cdbaac4300d26d449b65c8d8f1232ecdc2a76c57e7,35.0,-397.4212,161.60062,-0.14043457806110382,-1.5540982,-588.74536,-249.53024,102.08753,70.36096,0.02524419315159321,-1.452656,34.32864,164.75337,-6.2065134,39.575504,-0.47573354840278625,-0.03545499,-33.85767,18.451408,46.90659,41.002953,0.8819581866264343,-0.30726862,13.89043,72.47902,3.340864,20.471561,-0.5003410577774048,0.78714633,-6.639686,16.502571,-1.9278419,19.88092,-0.42394983768463135,-0.2918768,-14.895362,11.796301,6.563012,16.006817,0.5800561904907227,0.8999753,-3.1565738,12.403101,-10.93496,19.018742,-0.766667366027832,-0.4535265,-24.619902,5.271538,-3.3372974,13.267887,-0.4167490303516388,-0.15227342,-12.026005,4.8932395,3.850655,12.972089,0.12108820676803589,0.044275522,-3.618435,10.892005,-7.716352,14.852595,-0.6856316328048706,-0.33426142,-19.715315,3.8565402,1.2746078,7.4694586,-0.37012743949890137,0.9807081,-1.7645168,4.7200613,-3.257661,11.088742,-0.7258267402648926,0.46378326,-10.756648,3.4593813,1352.7017261238154,592.3415172873737,0.6373717158185497,-0.5818618743404809,886.9434065522835,1752.6737703695392,3059.2384708737864,1410.0516743388496,0.13598425224948524,-1.2130742228313987,1824.21875,4390.625,0.08386586013349515,0.05057683190259018,2.154705736312884,6.3143577778411455,0.0504150390625,0.1019287109375,1105.4062,988.12823,1.2547739744186401,0.58674264,354.97894,1589.834,0.03948916,0.04178826,0.7898685932159424,-0.49958825,0.0005349874,0.0702347,0.0,0.08729813937442114,11.65796400837331,35.0
8ccdac13e1f4288fe2d9bce96d203d2faeaf395ab689e0235bdb71aff11dbefea8c618ffba935bc6afc875b5683396f02edfe9d47836d383fe837ea97eb650b2,25.0,-344.9121,171.22719,-0.39329075813293457,-1.367561,-518.6996,-195.16908,60.265415,72.95915,-0.09801734983921051,-0.9774835,0.0,119.04647,-8.231252,30.626438,0.015128551982343197,0.15846324,-27.792372,6.9963875,3.445233,25.419123,-0.07331868261098862,0.14392447,-11.317928,18.97898,-0.12543537,15.863323,0.3842138648033142,-0.04616046,-12.129801,8.116131,-9.86048,17.2417,0.11207891255617142,-0.24924159,-22.103848,0.0,-22.019855,18.819494,0.06552089005708694,-0.9419663,-38.970665,-3.7578518,-0.14014517,12.178491,-0.29721367359161377,0.5167384,-7.39587,7.9499083,-2.8511086,16.279173,0.26747405529022217,0.58095145,-14.119948,4.7348228,-18.178814,14.443724,0.01939740777015686,-1.0050067,-30.65152,-3.2347658,-9.627203,10.52863,-0.3045770525932312,-0.75018287,-17.997746,0.0,-4.388529,10.88708,-0.5009300112724304,1.5952692,-10.275463,0.64429694,2.4285893,10.082616,-0.11639610677957535,0.85490346,-1.2181864,8.264274,2183.3168504119776,1512.204205226754,1.0513026571219768,0.30133000832039913,992.3792710946648,3156.193007390135,3648.660714285714,2140.307047321951,0.27178483884835697,-1.3105510738923984,1804.6875,5658.203125,0.21836111886160714,0.17918082267073165,1.0106993220339495,0.20342790951676415,0.0732421875,0.335693359375,1654.7721,1083.7504,0.4671211242675781,-0.8418629,650.1341,2352.0303,0.04038962,0.0395267,0.7253626585006714,-0.67820406,0.0017240195,0.0718801,0.0,0.08293296564436921,11.591790644370093,25.0
8cfc422d49e3e199ab65e611eebf4a4bddfe466412217458a2e7c3710626557523dd9d32e405dd2ccef10ac92bd73dc329422cdd1c80237404ac809285be0461,35.0,-291.91916,142.60214,-0.3007068932056427,-1.2499845,-444.30057,-175.67772,65.898094,52.02509,-1.0150424242019653,0.5442798,43.890762,99.62131,4.5265427,44.513958,-0.5742172598838806,-0.5101783,-28.671606,36.13486,43.59746,35.46207,0.8805848956108093,0.11948371,16.52186,62.645676,11.492747,23.357216,-1.0524890422821045,1.6346273,-0.02017901,26.604464,-2.253575,21.171461,-0.236139714717865,-1.0969262,-19.095425,16.978695,-0.85045487,16.936842,0.22553002834320068,0.27377796,-12.0289955,8.258847,-22.25075,20.734528,-0.12339971214532852,-1.056872,-38.182495,-4.718174,2.8870852,11.980274,-0.2861899733543396,-0.5278075,-4.224439,10.35538,-3.9533474,12.803499,-0.04284536466002464,0.10724139,-10.560969,3.8713064,-8.45437,10.4339485,-0.30699753761291504,-0.45029283,-14.793829,-0.089734465,3.8483834,11.344073,0.4679125249385834,-0.06846213,-4.0467896,9.748638,-5.8034644,7.786782,-0.6290491223335266,1.0907588,-10.870539,-0.5944592,2106.4202233393344,972.64687359093,1.0745537124398592,0.26214065505848483,1446.8065492357923,2541.39336525362,3940.2204241071427,1555.575725292897,0.5300503587695836,-1.0141573876210355,2816.40625,5427.734375,0.17367117745535715,0.12156275644961267,1.1763304229197986,0.49121347014319117,0.0885009765625,0.2373046875,1866.3794,1262.2384,0.07155200839042664,-1.4844966,486.39273,3068.2659,0.04570027,0.046025753,1.3055332899093628,1.6739945,0.003726335,0.07058708,0.0,0.11169836692549448,9.1472471587586,35.0
8d1e3bad7a0d94254550489eb82c748fa76786f8231ff92b5dbbbdbdfdbc42ea8baeea14e93e966ca5d3a41cd2fd13f4c4f55b24a2db28c970df6b1098538bf3,55.0,-303.2351,169.10117,-0.2610253393650055,-1.2498593,-472.86823,-167.61139,32.42375,56.785873,0.3146541714668274,-0.3406595,-1.6573544,67.65456,-1.7410917,44.97455,-0.528839185833931,0.33994806,-22.864223,30.814579,26.247595,30.221489,0.2711506113409996,-0.44784248,1.2875617,46.19272,-7.7578373,21.925663,0.020595096051692963,-0.11665583,-24.688305,5.311451,-4.7593093,21.362072,-0.008916299790143967,-0.21990669,-20.295496,5.164186,-12.103729,15.504516,-0.4969000220298767,-0.3451997,-23.423876,0.92039883,-8.397324,17.225267,-0.1540788970887661,0.36962938,-18.8802,1.5206451,-19.558273,16.420115,-0.2072242321446538,-0.9123561,-32.309494,-3.1377378,-0.99079156,10.925489,-0.11248722765594721,0.24480844,-7.1248474,4.883705,-14.3891,12.310366,-0.3254380375146866,-0.5047864,-23.788063,-2.6211216,-8.26783,10.380337,-0.47013622522354126,-0.4626317,-15.247094,-0.4517479,-11.255064,10.058597,-0.2973800525069237,-0.41482878,-18.360611,-2.786838,2679.185975009298,1251.0742950343647,0.7210416934339529,-0.2721046373442766,1742.5006916686534,3582.6659064783535,4519.886022999783,1523.0690519627806,-0.16943112691929163,-0.6583242266968781,3230.46875,5738.28125,0.26443034492860257,0.1573916499080356,0.8912840114350011,0.5178579088655744,0.154296875,0.3419189453125,1921.6372,1124.451,0.05611043330281973,-1.2131653,886.96594,2864.877,0.061047245,0.06774233,1.1824001967906952,0.6113535,0.0031192866,0.105428435,0.0,0.13646674452955165,6.973182587985642,55.0
8d9f6e03d2d139107dfb7076743fdc4b1418c046856dd778c82d7c19e1564e02c396c914de913c5efc6435b3510b45840ea6413affef848d014a46bc90c003ab,35.0,-256.22028,135.81105,-0.4170633852481842,-1.2826658,-378.4881,-138.12222,72.30329,68.71745,-0.1292702555656433,-0.29620242,28.364964,130.95207,11.820718,43.87623,0.14843319356441498,-0.11647558,-12.799269,42.26003,22.141098,33.30147,0.8075635433197021,0.01759553,0.8132643,38.397545,18.40165,25.565878,-0.5914973020553589,0.46212006,9.629093,33.137405,-0.20472194,18.605705,0.10863927751779556,0.57135725,-13.3312,10.222202,-14.466689,18.918943,-0.20473434031009674,-0.6246557,-27.412903,2.1571963,-9.771933,16.108585,-0.31006765365600586,-0.26050115,-20.827753,1.7048247,-2.1019714,14.589765,0.729363739490509,1.576643,-9.921605,3.1492562,-19.67319,17.995607,-0.18829604983329773,-0.56044674,-31.783474,-3.8926396,-11.277144,13.122172,-0.5244069695472717,-0.4023583,-19.765268,-0.5538006,5.7536297,10.359305,0.8480392098426819,0.9966028,-0.65608305,10.558087,-14.728202,13.03663,-0.3475685119628906,-0.52735233,-23.465172,-4.168572,2142.650514893099,1212.798365307201,0.7762783076107848,-0.38071397510991645,1133.121791524741,3092.855782294281,3992.44576446281,2074.539077498374,0.11137140759021931,-1.2717246406801286,2091.796875,6000.0,0.16990371577995866,0.12762187599075422,1.2110648499948538,1.0868505301649254,0.0679931640625,0.242919921875,1535.9767,1090.3358,0.6133962869644165,-0.6961489,521.1968,2185.3232,0.09671445,0.0806664,0.2645982503890991,-1.1126006,0.0064310236,0.15770844,0.0,0.15008882194501125,7.770478272665166,35.0
8db78f74367df60399a62326468bd366454c76d7fe2d960c9c33cbee33b7341a53f9145fecffab09906762a2162b445b87639dc3f6a994aadffd7acfd4a7b321,55.0,-516.4924,155.41507,-0.05637073330581188,-1.5728174,-691.85095,-383.18106,65.72322,68.19363,0.17762483656406403,-1.2923193,5.471259,133.68646,-9.349995,31.555027,-0.3983510583639145,1.0841811,-25.40709,4.637389,30.741936,36.478317,0.6863962113857269,0.12809837,0.8138341,55.54131,-4.198269,22.251987,-0.8725232481956482,1.7665257,-12.649008,6.516718,-2.2807755,20.698578,-0.5670730173587799,1.6726012,-10.698959,8.103606,-3.690794,17.120373,-0.2013539527542889,0.05560088,-14.512005,5.8928566,-8.930795,14.485058,-0.3512747883796692,0.10567427,-17.520884,0.45777842,-8.552191,14.499424,-0.4460741803050041,0.28049767,-17.050484,-0.3738191,-5.2120275,12.65164,-0.1034068763256073,0.26548016,-12.225497,2.1127121,-7.2558613,10.600996,-0.5629863142967224,0.6291059,-13.060825,-0.23242372,-9.016063,11.091637,-0.5657106935977936,0.36036706,-16.492472,-0.9257368,-8.556274,9.940694,-0.423424668610096,0.30013382,-14.648086,-1.5571572,2101.7293544915096,1096.3876950691028,0.06935835777808054,-1.4297981551887529,987.1297679507525,3075.1270591106536,3735.8425564236113,1807.0843446681963,-0.12665352038296931,-1.3913162633419471,1941.40625,5530.2734375,0.21012307626229745,0.13298405818306736,0.033524660807760356,-1.4430921448344558,0.076416015625,0.33453369140625,1983.7139,1141.0703,0.05277702584862709,-1.2270461,981.0325,2972.3765,0.011793142,0.012604215,0.7389691472053528,-0.6447358,0.00010868125,0.020695686,0.0,0.11354986056374103,11.551366478336385,55.0
8dd03b11824478b105c9519072f335a9723a5b441e15db3d9f3a8ce4c7bacc789900a1fad4bf710e55a474a021546a4e73ab428fd7694e797441c343c9817b3f,25.0,-343.89734,200.17593,-0.5210237950086594,-1.4671959,-608.4491,-179.26184,52.58013,48.90744,-0.21732725203037262,0.42051613,22.169682,86.644104,10.679317,39.804714,-0.2008562609553337,0.22244036,-14.666626,32.870216,49.87822,37.501656,0.3202793300151825,-0.84519553,21.010326,83.23709,5.2314315,25.337637,-0.950918659567833,1.2142767,-6.704815,22.518105,5.3943906,12.335143,0.24718967452645302,0.4279498,-1.4955325,13.434834,-20.05109,22.46392,-0.1817859709262848,-1.0203956,-37.3852,0.61363757,-8.485821,14.632614,-1.053116887807846,0.6979562,-17.628368,1.891761,-8.045017,14.186041,0.14587149024009705,-0.03404939,-19.148308,1.1146488,-0.4948433,14.249268,-0.6334250867366791,0.38476944,-6.2729645,9.355978,-1.7856513,11.266603,0.010108877439051867,0.75083196,-7.696639,2.8985946,1.4634517,7.903845,0.48121652007102966,0.14162958,-3.4369571,6.277526,-8.553282,9.197714,-0.5014615952968597,-0.6637447,-15.592647,-1.6225151,2252.490352531679,1073.7709776490533,1.4723801439674713,2.062397167530929,1547.6626752736242,2526.9461642336537,4402.990564123376,1400.8900570867793,-0.08391417105781887,-0.590730272673653,3409.1796875,5398.4375,0.17281985592532467,0.11946768843519635,1.734387315558827,3.1994086226181038,0.09320068359375,0.20843505859375,1603.138,1139.7019,0.31971362233161926,-1.1473376,459.18445,2491.484,0.044793542,0.039521508,0.4046652689576149,-0.9367078,0.0007313384,0.0720598,0.0,0.10732393792653935,8.604029421548844,25.0
8e9ffcd58e5bd0bc19b1c82887903f78797093da81259ab4b31aa501d058a9babc408a94871f8257470f0d935631e27186c0e5e01099df6ef415e13c64ac0457,85.0,-250.54034,94.68092,0.0400347039103508,-0.7288867,-315.09363,-178.33948,132.71269,38.067593,0.37150584161281586,-0.54505026,102.27695,162.50275,1.7982558,30.385006,-0.6534156650304794,0.015963197,-17.668093,24.718468,24.393772,38.186516,0.7561831176280975,-0.56708324,-7.388669,52.62797,0.17575252,16.789309,-0.04409851133823395,0.6389159,-9.653132,9.644592,-1.3016992,20.62236,-0.5331048965454102,-0.20842397,-15.364757,12.909585,0.81896615,16.68908,-0.4412439614534378,-0.7676331,-11.653318,13.495263,-6.520057,17.26011,-0.5005991011857986,-0.15625691,-18.546185,6.3013964,-8.877903,13.92247,-0.6162502765655518,0.28041697,-17.224598,1.7586312,-4.0673695,13.881485,0.028759494423866272,0.2440424,-12.448493,5.1764693,6.299838,13.771696,0.18394231796264648,-0.13942885,-2.5476108,15.780262,9.781442,10.96138,-0.2690369412302971,0.83856547,3.3811657,16.612806,4.7902555,12.41852,-0.39513973891735077,-0.51225984,-3.9795651,13.845207,1100.7028170083881,373.4886716408489,0.7077428007578409,1.5002637011177549,845.4987288284202,1304.5026444085272,2120.83796674534,900.0034811988645,0.3366277263057579,-0.2540072161379723,1411.1328125,2779.296875,0.07891115189324185,0.03998767418385278,1.2050337373711315,1.791333858645384,0.0506591796875,0.09881591796875,941.1267,806.86194,1.6038827300071716,2.347436,392.78677,1311.8385,0.10632385,0.10635865,1.1006981134414673,0.2594,0.021418381,0.17127424,0.0,0.17253728217498376,8.731081519787816,85.0
8ed16a511be1d587d2fa8c3586b88cdb4a21a8f78e1dd88864b307fca2279e0d3af2fe1a4a2481034ab829a67bd53bc840e0b23b059a49db554c535ceb7b9e6d,25.0,-270.2539,126.20069,0.01044758316129446,-1.412927,-397.44052,-149.4408,106.74348,64.23513,-0.3755379915237427,-0.22683954,81.42511,161.24936,6.5589833,39.337955,-0.7115061283111572,0.22261167,-14.318998,34.785988,36.68076,30.54805,1.617663025856018,3.0350327,18.692913,43.328766,12.5677595,24.376787,-0.8164849877357483,0.91053843,2.4661806,28.056293,-4.5883355,21.19763,-0.6076919436454773,-0.5924907,-20.172558,11.732095,2.4616404,16.687683,-0.5235756039619446,0.21174169,-5.4408846,13.817642,0.057628553,16.317184,-0.4916006326675415,0.56755996,-6.970702,10.616646,-5.2414455,12.190249,-0.4306764006614685,-0.48274446,-14.896783,3.167007,1.1831053,10.606063,-0.5261319279670715,-0.16183615,-5.5996647,8.241062,1.5961108,10.719178,-1.115271806716919,2.0897908,-2.8493311,8.02544,-3.9255757,10.543246,-0.6150970458984375,0.45133638,-9.289599,2.8382893,1.2419806,7.0264993,0.22472180426120758,-0.0035290718,-2.967205,6.071363,1635.6191028505418,1136.2587924172003,1.36686539064064,0.8303876932360281,856.9792143301709,1924.2609158399966,3141.1099137931033,1954.567187520579,0.6424386609977775,-0.7114379550254983,1632.8125,4523.4375,0.11569234913793103,0.10908149041593293,1.8249387804136865,2.8284483676916894,0.05126953125,0.1376953125,1245.6628,1094.5638,1.006629467010498,-0.19108248,375.80072,1953.1802,0.07461179,0.067612186,0.5869064331054688,-1.0197676,0.009865866,0.13234484,0.0,0.09261799860742104,9.350153904455873,25.0
8ee4ba6ba0ebba7b7c80a826f8f9f5bd93db93abee5126a65d2e2b575a33a8cd404ce25f007b79df3e5f29dab84b2064173c822aab80a42e18d451469ffcc317,15.0,-475.64413,159.81735,-0.8732149600982666,-0.69227374,-597.95703,-359.13522,89.06125,72.711624,-0.16819721832871437,-1.2189531,25.864414,153.32007,-26.961597,34.021225,-0.49327103793621063,-0.12682605,-51.18422,-0.0397439,32.308243,33.213024,0.7580763399600983,0.15554416,3.998933,52.97976,-17.688454,20.591965,-0.28361744433641434,-0.3959105,-30.658783,-1.563148,8.071364,19.200909,-0.2632642984390259,-0.0986135,-2.7938118,20.964472,-24.996113,22.849075,-0.2268378734588623,-1.0475419,-43.3629,-3.4014425,1.3692079,16.74178,0.40470173954963684,-0.052894473,-9.851748,10.85139,-15.716642,16.595924,0.08017050102353096,-0.643188,-28.640728,-2.0421782,5.384656,17.380112,0.44499337300658226,1.0842537,-4.6317625,15.032981,-7.612172,14.800375,-0.09622623957693577,0.015347719,-17.731512,2.038835,-2.0670776,10.975382,-0.3721993528306484,0.48800945,-8.736565,4.4498353,-2.109204,8.885346,-0.06883369199931622,-0.05841601,-8.47801,3.6592908,2056.3458761774727,1075.6890183831938,0.47373984214554044,-1.0724815457434644,1113.1224284523134,2988.192379181191,3579.46509225276,1685.6850996054986,0.008523822552635257,-1.5402956165694648,2083.984375,5337.890625,0.2217208499372297,0.1480993150267932,0.6162982833032056,-0.8754656393720817,0.0928955078125,0.34130859375,1764.1672,1128.1719,0.36430899798870087,-1.0832491,730.2988,2675.9211,0.00821987,0.0066890446,0.6015510857105255,-0.01305294,0.0011614478,0.0126284575,0.0,0.12961021235025694,7.361578057294462,15.0
8ee6f0d55bfac6a83ac5e862a0af845886052fd3dc0e4a0653c10674e44b2d75ab2e071caff3e9e2c9e3c4f8e6dabbce502d0ab5936bcfbc7b61797dbe3ff189,35.0,-378.09787,157.91342,-0.23413844406604767,-1.4791986,-556.27844,-236.66618,76.09431,79.45451,-0.2434968799352646,-0.6897006,9.1825695,144.80072,-9.364326,47.808735,0.1807609647512436,-0.17341375,-44.31608,12.173476,50.63904,40.262028,0.8333410620689392,0.5430386,13.73271,74.295494,0.22080106,23.145144,0.17030934989452362,0.49313378,-16.42278,12.728903,-13.132403,24.643227,-0.06263469904661179,0.12372565,-30.836874,3.8079114,-17.846472,22.410183,0.12944048643112183,-0.4174621,-35.63479,0.72811913,-3.6203592,18.235508,0.10447962582111359,0.0631752,-14.402992,4.361434,-7.5216613,12.870219,-0.6886881589889526,0.29213595,-14.729502,0.24670047,-11.002572,14.528174,-0.4113326668739319,1.2304358,-20.311506,-2.4625878,-5.6851506,11.963944,-0.45295923948287964,1.2753029,-11.832306,0.8160631,-11.754633,10.988519,-0.38710829615592957,0.23522878,-18.02811,-4.678221,-5.614832,8.886654,-0.23927530646324158,0.2953639,-11.252298,-0.63522947,1891.4899929376304,1062.4426275526928,0.9936161473096231,0.5890044123553411,1076.2980839701038,2489.4666528013604,3444.722222222222,1541.1890197878085,0.07611865312977638,-1.2215765078407965,2187.5,5046.875,0.1661284722222222,0.11284018044435556,1.624751953336428,2.9048717190985913,0.083984375,0.20654296875,1478.3602,1088.2556,0.5219833254814148,-0.8844826,447.1778,2288.022,0.033783842,0.032703627,0.8373216390609741,-0.1302669,0.0030391074,0.055158246,0.0,0.13307744024495421,8.902208654604141,35.0
8f2e121f476a5cf52c2a5b298af48df164f7b15b97e2841f13aedfd5f6e1b1d170abe9851ba7dafabc55213cdb557c1ba3ef49a2da2b3da79357b468a74e4f44,75.0,-365.92444,120.18145,0.16130873403744772,-1.4391868,-484.2057,-250.91595,129.92563,57.573685,0.28757990524172783,-1.1634716,78.97978,183.95105,34.012848,29.111153,-0.33116598427295685,-0.061239243,13.855391,53.92745,-10.198408,28.510376,-0.43142083287239075,-0.25157726,-28.942976,10.53042,-14.6141205,25.036337,-0.9223323166370392,0.046350956,-27.977795,4.625394,23.687511,16.00942,0.492087721824646,-0.63228726,11.295372,36.624565,10.133318,14.029888,0.04918168485164642,0.16280186,0.9035983,19.660076,-5.912925,18.215815,-0.7013946175575256,-0.6224245,-19.159359,9.228157,8.837414,12.03003,0.3858442008495331,0.016446114,1.0252808,16.622742,-7.853897,13.26461,-0.32449351716786623,-0.27106524,-18.242813,1.3260108,-0.5761831,8.830537,-0.4569329023361206,1.14807,-5.9944987,4.793402,4.7238636,8.541548,0.12330849468708038,0.027931929,-0.71504223,10.305836,-2.102915,9.825227,-0.20425177738070488,-0.702456,-9.313485,6.581214,1161.8450182980928,701.8343410353557,1.9812836886231198,3.76655483786523,730.1823351444502,1279.0662571222551,2312.916843875657,1888.0722625084795,1.2878480460144779,0.6651638790272043,996.09375,3083.0078125,0.07157258429912233,0.050341925816261776,1.654165306535812,3.4644772048545613,0.03564453125,0.094482421875,754.1733,683.9791,2.884076714515686,9.5672865,342.6341,889.3761,0.06349837,0.073525235,1.0204812586307526,0.023300767,0.0034908084,0.11816913,0.0,0.15425106661475835,10.678136154647,75.0
912d7bdaa82bb2dcf098ac27c2a3fcea457e77cc6eece2757086653334de9fb038f05f6cda23bcab85e026354005e50433b10910c605fa8599e690e58a7444f0,35.0,-331.97073,166.33946,-0.3930148482322693,-1.3385099,-557.41797,-205.21542,94.0121,72.00782,-0.23567695915699005,-1.2929611,14.031573,160.38498,-5.1458855,30.841173,0.2119680643081665,-0.22535706,-28.220695,11.241206,22.539186,31.70993,0.8986217975616455,-0.20510173,0.16602722,42.191982,1.1648529,15.560385,0.43059420585632324,0.8050587,-7.465971,8.457823,-6.1495323,14.237085,-0.07549723982810974,0.017483711,-16.250784,2.1408448,-9.389043,15.498443,0.08490961045026779,-0.5387447,-21.873451,0.907174,-15.887273,15.534365,-0.5828877091407776,-0.71806693,-26.700434,-1.7729411,-9.697514,11.625703,-0.24538905918598175,-0.35070157,-19.27937,-0.7959429,-4.2551756,12.983159,-0.06235554814338684,-0.054989576,-12.193998,4.742175,-9.902199,11.476853,-0.31652018427848816,-0.1504333,-15.970326,-2.1229749,-6.1990514,9.988368,0.1550271064043045,1.115819,-12.985726,-0.020489028,-7.8819165,11.012278,-0.22089169919490814,-0.0959301,-14.770175,-0.37469482,1776.291679561911,1060.8128048227513,0.6887989789087876,-0.5252842708600478,874.7849490495366,2642.4881610687003,3554.8086240310076,2051.1812339486005,0.18983136357729768,-1.5608852288161554,1656.25,5585.9375,0.17394924903100775,0.11639059260868334,0.6055830865505533,-0.1801447372812004,0.06494140625,0.259765625,1562.1083,1084.5397,0.5322956442832947,-0.8867192,570.33777,2400.479,0.061264735,0.056897685,0.5853127241134644,-0.61859703,0.0005507114,0.10457475,0.0,0.13707449550059783,11.398813732451002,35.0
914bf9a37b59465d2b95d7e56d1499e0b157462b87f8410ed01c71a32d3f2a04b2f304f6e517d3b588e47327bc0f5fa6d4bfcb112d2f8d58edc03f2a76003840,15.0,-637.10345,192.77118,0.9720844030380249,-0.7279465,-772.00653,-431.25928,62.293583,50.84972,0.8152670860290527,-0.35819578,34.147095,104.855156,-18.906784,37.168404,-1.1951812505722046,0.08121443,-43.150482,7.6499257,10.194057,17.329277,1.5688903331756592,1.7120185,0.0,15.457367,-2.504889,18.245132,-1.590253472328186,1.7623768,-5.492819,7.915724,1.3875862,7.793036,0.5097483396530151,2.2760682,-1.7380447,4.4188333,-11.075133,14.670605,-0.7999979257583618,-0.36720252,-20.948858,-1.4644091,-1.800461,11.007001,1.4669371843338013,4.623036,-5.669043,0.0,-0.97468656,7.430198,-0.564385712146759,1.5303965,-4.1143813,2.4957197,1.8985904,9.009702,1.1574451923370361,1.2562284,-3.699974,3.5479002,-6.635805,10.607919,-1.4050894975662231,1.2001171,-11.050118,0.15263145,0.3309583,4.9099073,0.23488196730613708,1.1235585,-2.221242,2.8045392,-3.6874576,7.995317,-1.2586841583251953,1.8783631,-5.9716988,0.6314845,2382.5687498760676,861.8065574897275,0.036520666094236355,0.688846773784566,1610.0964246892836,2822.185244469055,4574.026639344263,1724.3708774943077,-0.7527691613708344,-0.8546284344583048,2851.5625,5796.875,0.22364882172131148,0.09355451567699397,-0.2242151297352485,0.10953133145175498,0.136474609375,0.2796630859375,1800.7709,1062.5493,0.3223448097705841,-0.9864249,885.7452,2619.268,0.004975195,0.0094192205,2.3120222091674805,5.209484,3.575645e-05,0.007742981,0.0,0.08547126389454084,12.656703933619486,15.0
91a3aa6601aa270d0ce547926d8831cb6038dd3f2e75174f6e2001027dae31c89fb3ba05ae365cd2bfa0a66caf5c954111f1e15b2c9670b15428f2db4ceb5370,25.0,-396.43903,196.60434,-0.0178877804428339,-1.700346,-621.08124,-218.55885,36.48974,59.05758,0.0019604996778070927,0.16278172,0.0,79.67392,-6.790824,32.159286,-0.5449694991111755,0.08830595,-29.97,8.857246,8.988777,28.13385,0.6437039971351624,0.99162793,-6.0789638,23.23442,-7.0024676,19.442722,-0.7232150435447693,0.96820736,-17.762089,3.069459,2.6954374,15.171528,-0.1427541971206665,0.48148727,-3.370555,11.807648,-8.38896,16.452007,-0.15937204658985138,0.2718594,-21.529015,0.5605631,-14.290562,19.695152,-0.9470643997192383,0.4660251,-25.77433,0.0,-4.7463956,15.1895,-0.36885595321655273,-0.0420146,-14.60564,4.0593395,-8.991714,14.952641,-1.085211157798767,0.4376886,-15.248054,0.0010313909,-1.481426,8.311093,-0.2980017066001892,2.5172205,-4.9863987,1.7057829,-0.6285946,10.350335,-0.17457589507102966,0.40558958,-5.9484477,3.6145399,-6.888426,9.045111,-0.8896422982215881,-0.10335684,-12.477466,-0.05975526,2797.8350574802416,1072.7978559329163,0.623380935056639,-0.18555397976258092,1996.546599162218,3209.073391936226,4934.336260330579,1489.398774430583,-0.5666077845006121,-0.5010143968734044,3875.0,5992.1875,0.2796318117252066,0.12314338260169766,0.17041540553376103,-0.5637744894743228,0.16845703125,0.35546875,1939.1783,1161.3933,0.16535717248916626,-1.2527107,906.7823,2971.041,0.023312232,0.03415375,2.3424668312072754,6.0809774,0.00019589695,0.03466801,0.0,0.14916682646777882,4.5902393846707845,25.0
92a72445998c178c05683a6763af896f8216793a736a7524836ed5d3873768fdff93036a6773c1456ebd84ef4d264c94df1138df0a1948ee9e57e5f146a86558,65.0,-311.7965,153.80632,0.14438553526997566,-1.4212692,-484.47205,-187.47652,57.95518,78.59935,-0.11124287545681,-0.57958925,0.266729,128.2159,1.4137414,42.43907,0.38629868254065514,1.0263946,-15.697537,16.080164,7.809576,29.384716,0.9828216433525085,1.7105043,-5.625366,18.411064,-10.6975155,21.934162,-1.112097442150116,1.6921747,-21.989014,0.8228872,-1.088215,19.966942,-0.4805561639368534,2.8096251,-6.245161,4.35067,-6.391866,14.9460945,-0.33928464353084564,0.623008,-14.93364,0.89618945,-5.982538,13.734874,-0.9595818817615509,0.91081834,-13.140764,0.89028615,-5.344037,16.48857,0.05539177265018225,0.8663138,-16.523722,0.8609824,-1.1062171,10.950165,-0.1025906354188919,1.2356081,-5.158257,2.1835926,-18.141853,16.549816,-0.522719219326973,-0.4643461,-30.819761,-1.7404933,-9.889819,12.955243,-0.7502869218587875,0.52033365,-16.486822,-0.19334906,-7.745695,11.056164,-0.6607941091060638,-0.109078765,-14.891504,0.002595963,1990.3097417233093,1221.4421097364907,1.0755509182431011,0.8243509784173317,1036.681384438645,2544.4126787289833,3649.782066489016,1915.4045004399518,-0.10288607272631968,-1.3493702460353023,1878.90625,5254.8828125,0.17755483976656944,0.1357263318651248,1.8530840097471737,4.101770907648343,0.07623291015625,0.2191162109375,1582.4006,1064.2698,0.56663578748703,-0.7859404,689.5724,2380.647,0.09198053,0.098095074,1.094046413898468,0.9884565,0.0006039161,0.14663292,0.0,0.10017268691411169,11.422217942965847,65.0
92cbd9242eeb18fa768bf5d49076f49171a8d40cd6dd15c8352a91f0c8a45eb0d0bd5e7f4fe70dc2aed40810a1b914c5e005ac0f51fc2c5d3a53df35b24a4198,85.0,-360.22437,156.56229,0.38918551802635193,-1.2102385,-518.609,-219.80283,23.948605,64.92432,0.007014364004135132,1.028634,0.0,63.128536,15.702154,38.17341,1.0649652481079102,0.91402507,-1.1720495,28.113373,23.044998,35.14743,1.0686425566673279,0.6194403,0.0,42.93037,-2.7135005,16.215473,-0.36652424931526184,1.4356952,-10.0147505,2.5418565,-5.333109,16.189966,-0.9523357897996902,1.2688091,-14.121755,1.7484238,-13.068539,16.494907,-0.8414888679981232,-0.2708429,-25.121218,0.0,-11.783062,13.854275,-0.979460597038269,0.44347727,-20.764942,0.0,-8.509852,13.7171955,-0.8190077096223831,0.23667419,-17.275547,0.0,-7.194217,10.047899,-0.7142748683691025,-0.33888233,-14.37005,0.0,-14.982576,15.221876,-0.5136230401694775,-0.78944796,-27.74442,0.0,-3.9130018,10.545066,-0.5472776964306831,0.8540007,-10.116265,2.3797343,-8.379311,10.803318,-1.07820525765419,0.700752,-14.766514,0.0,2646.848363151202,1253.4881577820886,0.26286338281079547,-0.3910578755214742,1655.6502921001193,3362.9493369323563,4691.635384908537,1823.7863915681323,-0.925055782453528,0.02742285886377238,3681.640625,6027.34375,0.26198466337516335,0.15546360757698557,0.3602524009602331,-0.45605988354850746,0.1279296875,0.376708984375,1882.4358,1154.3613,0.16255881637334824,-1.2401607,822.82043,2891.0107,0.056072704,0.07235521,1.36589515209198,1.5465177,0.00023411313,0.08943555,0.0,0.10225066435422536,9.611426651536423,85.0
932e6f2ed1e9f51eaf466a25432081443e7983fedc532fa9a9034a8b4deaf52c7fca3021d422c0147fcb06eba64e079e5cb250822bf6fb76b2cffda290027195,35.0,-270.7236,170.66289,-0.6953698396682739,-0.9987967,-429.85446,-141.60043,91.91497,62.41849,-0.212532639503479,-0.9432845,38.371376,140.19814,-13.490355,26.299488,-0.1694759875535965,-0.5599396,-32.374245,5.6154547,11.535367,26.488728,0.6714600324630737,0.24726105,-5.798847,24.256557,-6.0439773,20.214685,0.004776730667799711,-0.10916948,-19.72849,6.4213853,1.4474479,12.736355,-0.09114539623260498,0.084784746,-7.005229,9.505531,-11.016355,16.398712,-0.5063537955284119,-0.6156838,-23.636318,1.25843,-1.7140136,11.021092,-0.4838921129703522,0.05740142,-7.2948895,4.329564,-0.85993433,11.47467,-0.13669909536838531,-0.63327765,-9.462866,5.849906,-2.0285954,12.833644,-0.5269836187362671,0.6754017,-8.260459,5.955022,-3.796323,8.80524,-0.43040841817855835,-0.20555115,-9.046233,2.7664204,4.203852,9.010852,0.634436845779419,0.28840017,-2.024567,9.421064,-13.778327,13.084029,-0.24696873128414154,-0.96076727,-22.920788,-1.336871,1655.324756189743,847.6109620392981,1.7082616380321023,2.8237025621169787,1054.869649370381,1908.3057002719722,3112.0535714285716,1453.881682855913,0.5370687977437543,-0.6940558306102877,1812.5,4242.1875,0.13995535714285715,0.09983052031723155,1.9883106663374124,4.031248636774855,0.076171875,0.164306640625,1303.0823,988.7671,1.0991767644882202,0.37127328,537.75903,1764.5576,0.06435561,0.067552984,1.1329784393310547,0.44420934,0.0072142654,0.11089876,0.0,0.13535571305143596,7.135526396599124,35.0
94f4761739cf0734f50961e843232ea89c8fc8bdbd4833b54f3ccc5fcb30ddbf7ab765f533acdd80ebac64f4c8c869dafc666a7ea85ef4e249bbf31f3f1b8d02,15.0,-326.92203,203.73212,0.06039607152342796,-1.7542672,-545.5033,-134.77663,61.313118,51.064777,-0.16388154029846191,-0.8269541,37.40341,109.91605,13.467301,26.332066,-0.30426347255706787,-0.10039353,-2.1982532,25.969275,23.056177,26.548529,0.8707400560379028,0.50331736,8.278957,36.76847,5.031798,17.711,-1.9618182182312012,6.0470304,-1.1640961,14.159913,-0.28088212,17.47835,-0.5883537530899048,-0.23231697,-12.50539,11.654701,-0.5768653,12.331056,-0.7482823729515076,-0.39433956,-8.45022,8.724558,-4.491512,18.160458,-0.7825441956520081,-0.44609785,-16.219584,8.797679,2.6592882,12.631087,-0.39341267943382263,-0.035408497,-5.437968,9.744686,2.0560553,12.928997,-0.12859758734703064,0.6477423,-3.6048665,8.989595,-6.4973207,14.431119,-0.8140707015991211,0.06087756,-16.243921,3.5053568,4.474819,9.159419,-0.6968615651130676,1.1988273,1.3188248,9.670561,-2.9708292,12.324442,-1.4142324924468994,3.1069937,-10.748162,5.119049,2173.4795250160214,1081.679767671039,1.6068918726446948,1.7233039289226202,1483.1539009372407,2291.050817044778,4424.321338383838,1455.2582087288724,-0.04232538022989982,-1.0345281093356467,3265.625,5453.125,0.12684461805555555,0.09704674742600702,1.61373864798574,1.959191152021348,0.0673828125,0.1640625,1503.7303,1133.0767,0.5512503981590271,-0.9243021,447.4067,2379.0713,0.062491965,0.07340845,0.8037590980529785,-0.770952,0.0017071161,0.12862116,0.0,0.12410324171856328,9.350127437005728,15.0
9589554d8179c222ae4f6cc46af845e5da0a007dc685557b1c2148ae386a476e9a9a4cb12f5790a1efddb03509b905aff5c2fcf5b6a580ca26d98d626c261f6c,55.0,-326.22174,94.17377,-0.8103555142879486,1.0190015,-390.96185,-245.44437,93.6503,60.63299,-0.37842950224876404,-0.25718868,64.77535,132.358,22.244522,25.478077,0.18215474300086498,0.57846355,10.484062,33.90551,33.284126,20.675972,0.4211871549487114,1.3328809,21.514046,44.867737,16.042664,14.031413,-0.11938435025513172,0.30598462,7.5048065,22.93312,5.720311,20.089506,-0.25974882673472166,-0.65459025,-9.104742,24.020695,4.2232456,12.998863,-0.7539679408073425,-0.26493955,-4.4525156,14.3465605,14.097934,12.294247,-0.15205835551023483,-0.18806171,6.412468,21.864803,-3.101713,11.62034,-0.22762835025787354,-0.081397176,-10.461681,5.235669,2.687771,10.576475,-0.8897745013237,0.93790996,-2.7560408,9.50697,-1.5795333,7.5977335,-0.21625958010554314,0.1452043,-6.467213,3.4645247,0.15407068,8.077538,-0.405708372592926,-0.13784754,-4.4868393,6.139783,-3.5154414,7.7351274,-0.5375264286994934,0.3159709,-6.9674525,1.0658071,1742.3381344816316,1172.4750239457742,1.3036599749076725,0.6354427632773372,922.9176823859651,2115.817377559655,3430.6162021396394,1891.0885032842557,0.3568699727150619,-1.1654258584224229,1976.5625,5251.953125,0.11666356542088964,0.11794229592187602,1.7089004701763013,2.177133954860959,0.0396728515625,0.14630126953125,1285.9314,1181.79,0.7793437540531158,-0.77142036,301.88226,1983.5798,0.02827844,0.019976143,0.5473261004663073,-0.5442934,0.009016895,0.044644214,0.0,0.12961438845043002,8.47302721717611,55.0
95a983d19d27cdb2319e766e23032998ae4fdcea60e1868cb1cbeb47788879f14adc453016da93d4466fd03a3691207ab5ed772350ff3a1cc2561756eb342ec2,15.0,-564.21277,125.89102,-0.23717543482780457,-1.4554745,-711.85455,-450.21857,87.184494,62.201088,-0.09620054811239243,-1.2974603,35.82022,141.7907,10.950963,32.367672,0.07349088042974472,0.5461006,-11.1508465,23.13523,37.82776,31.98182,0.7626375555992126,-0.73615813,12.685455,63.381348,8.926669,14.579517,-1.3547908067703247,2.7328916,6.3649487,16.318243,-5.697889,18.98582,-0.6231415271759033,-0.5424299,-19.209398,9.718297,3.6405644,15.367058,-0.3813602924346924,0.63727117,-5.8718443,12.131119,6.132131,15.988113,-0.5226272940635681,0.5766864,-1.0646405,14.640797,-9.692082,13.882577,-0.1613447070121765,-1.0277,-20.963829,2.401739,-9.248428,17.809637,-0.5027044415473938,-1.0524683,-21.193695,6.7613993,-12.358042,13.94612,-0.03368108719587326,-1.1279316,-24.03349,1.510644,2.3792546,7.781795,-0.6181022524833679,1.5265365,-1.1447774,6.4765043,-7.124232,12.296633,-0.3126513361930847,-0.6935675,-16.484337,2.5631816,2049.4751856433536,1258.030240274646,0.5819917962135849,-0.7970091724433477,961.3139483661794,2983.3188438217408,3972.9352678571427,2103.664177610815,-0.09126415672709173,-1.7088300591797827,2113.28125,6113.28125,0.18098667689732142,0.1593667291794043,1.4092675829164336,1.4029225346713528,0.054443359375,0.2490234375,1312.3718,1115.6953,0.8811938762664795,-0.453413,375.68607,2104.003,0.0046370267,0.0047332617,0.8087285161018372,-0.34370255,0.00016248136,0.008177642,0.0,0.12107004259792015,9.138128195641224,15.0
9647812ed6df5aeda1748926a0488b96b8c877d4bdca86f26b1477b2dc21276612877f975bbb7900369b48396205c39aaadae470baa17744e401fe7e8428b841,35.0,-346.39905,172.78162,0.04640951752662659,-1.4687405,-529.90735,-179.51906,69.38082,71.62526,0.3256024718284607,-0.8778604,9.175579,131.90901,-14.977148,37.13498,-0.3929234743118286,0.083298326,-41.602585,6.0370173,15.3878565,35.630882,0.9539133310317993,0.49394047,-7.208007,30.135624,-3.1042252,22.327257,0.48798591643571854,3.4954488,-10.813728,2.641962,-13.703043,23.578346,-0.19598522037267685,1.6017675,-28.62636,-1.4136927,-13.771551,15.606905,-0.8364057838916779,0.111848116,-24.73836,-2.0377018,-19.295036,21.309261,-0.9472954869270325,0.34556448,-31.118374,-2.3008595,-6.474492,13.278579,0.16766056418418884,1.6964245,-12.192047,-1.3347881,-5.7315326,12.302492,0.2488621026277542,0.7051772,-12.200913,-0.37552136,-10.423502,9.962753,-0.42278146371245384,0.663574,-15.713349,-4.319902,-6.053369,9.6105175,-0.17631995677947998,1.2909627,-10.5871315,-1.0152724,-3.501683,8.418427,-0.12315806746482849,0.7220136,-8.543983,1.0916897,1950.469415068303,1034.6478478449767,1.688603037924496,2.3274309986806707,1386.2842775014094,1897.643731699911,3496.178060763228,1559.0702228014775,0.7481652807543273,0.016901686816979566,2677.734375,3882.8125,0.1699500529358584,0.10314100798174514,1.9608822615217774,3.562347797061084,0.11627197265625,0.175048828125,1360.4271,891.8434,0.7789971232414246,0.030950308,598.86633,1881.6062,0.053869486,0.0670383,1.1704853177070618,0.40837204,0.00066715677,0.08941175,0.0,0.14541333683598445,6.476866382867884,35.0
966409e2b901274ed09f46990c45d634ab8361b666c16502b7edbe97f8b5e80bdc213a49d5de3d6fb3d376a6eb985871a21f97621a1e1c60e103889d73a5b8e0,55.0,-306.13303,109.80505,-0.34559011459350586,-0.41154432,-386.73236,-227.79741,70.35981,69.58197,-0.16310414671897888,-1.3566775,4.8517647,132.16779,-25.52654,26.174627,-0.3908330202102661,-0.34978294,-41.596245,-3.89101,34.468655,31.76717,0.6701646447181702,-0.19387007,11.604598,52.715355,-6.434305,17.354279,-0.8126736879348755,0.6553533,-14.566648,4.2386465,20.79731,15.297008,0.09979696571826935,-0.590724,10.865373,31.935078,5.9200983,14.066527,0.1539304554462433,-0.24278498,-3.086636,13.724675,1.7954317,9.399122,-0.3236362934112549,0.008900881,-2.687831,7.570016,-13.219128,11.263992,-0.13749371469020844,-0.5708988,-20.867537,-4.3552275,11.113584,13.960743,-0.23878152668476105,-0.4958415,2.508964,21.808243,-6.6310906,11.443317,0.49693867564201355,-0.48783326,-15.266359,0.29087737,0.26033595,7.9776473,-0.429185152053833,-0.08924699,-5.3443384,6.8800297,-8.627272,8.225801,0.0549047514796257,0.23043656,-13.674824,-3.0862784,2126.4940686033674,1049.6903328744334,0.35317432529588677,-1.4543696736073584,1287.7736835335704,3201.740235620883,3827.709441489362,1565.7559854565375,0.006095929188861187,-1.5212844474360852,2468.75,5402.34375,0.20346783577127658,0.15375937566373987,0.45618941052713075,-1.379923550567958,0.0634765625,0.353271484375,2013.2452,1134.4202,0.011528409086167812,-1.2345334,1050.9531,2983.8823,0.035221316,0.034338728,0.6123455762863159,-1.1155788,0.0032311557,0.06783363,0.0,0.15351615959113382,8.829566472621233,55.0
9741bedd55c00cfd9d6a3249d49c1c7004598ce26b0bcc0197e0e91b26e294a4407e3c9838476fe9fac7015143939f01ee18706194799a699e1b891db71d143e,65.0,-381.61212,119.82907,-0.05383769050240517,-0.95877194,-483.4812,-282.94495,54.30568,72.41728,-0.015305859269574285,-0.94718796,0.5623361,115.52995,48.63289,35.401424,0.35030242055654526,0.34189546,21.070011,69.40282,28.28423,35.91456,0.1488853394985199,-0.30827868,1.5942228,53.51548,-15.3159275,22.80243,-0.46470536291599274,0.13447452,-30.986559,0.600271,8.761397,24.1495,-0.018107324838638306,-0.61945736,-9.547407,27.93187,-14.112946,22.61082,-0.009873680770397186,0.42755795,-27.716536,-1.948598,3.968986,23.506224,0.14878076128661633,0.20466757,-9.966782,18.911139,-10.681644,17.956299,0.017412617802619934,-0.2965212,-22.922485,-0.1437118,2.4546745,18.599224,0.2841678224503994,-0.092351794,-8.602986,13.961971,-16.817478,15.296071,-0.3616134375333786,-0.22582066,-27.064848,-4.843241,2.5131235,14.107229,0.18047282099723816,-0.19492698,-6.856948,11.793553,-4.235231,13.463232,-0.08484838902950287,0.1520989,-13.696407,3.9445472,2212.2159452599335,1565.0973429785338,0.6286892409753364,-1.0118396364520414,888.1747241436748,3623.8289468656103,3669.747780747824,2139.3423854008997,-0.1969342872190755,-1.4122354010093872,1567.3828125,5597.65625,0.19140210197967233,0.16709859823368955,0.9832281291598506,-0.052905002668643064,0.05133056640625,0.2984619140625,1429.5854,1315.4785,0.740239679813385,-1.1280584,393.6138,2728.5352,0.04936721,0.041983817,0.6987786777317524,0.44586796,0.0077112606,0.07769003,0.0,0.14922446291371227,12.038703627793142,65.0
9895a3c5541149e1a90b4356e2dff912ca0e30c3e0bc241f29df6a08a8085e6645a83320a6ae93ec81e116ecbee2c5acce912d894b96a6740c0ba06507c9f49e,25.0,-263.92322,113.820435,-0.004266426898539066,-0.9154303,-384.37885,-178.4003,62.01935,55.900288,-0.6753946542739868,0.7655828,43.774902,99.4635,-3.289958,29.634396,0.060305625200271606,0.26739883,-20.115303,9.240557,33.30468,31.879158,0.33964234590530396,-0.0011949539,12.609276,53.606506,-9.1511,21.646175,-1.1461012363433838,0.5667379,-22.60508,6.586402,6.5130033,14.052396,0.06677686423063278,0.14566565,-4.0430117,14.936583,-4.2531776,14.499478,-1.1265406608581543,1.8667946,-9.831678,5.4558043,6.64446,11.262752,-0.16477172076702118,0.23963809,-0.15791892,14.18257,-0.74439937,9.889422,-0.05479104816913605,-0.087215185,-6.548477,4.6545873,3.471703,9.837808,-1.4455629587173462,3.8744364,-0.98987097,9.781094,-9.015406,10.341224,-0.2447889894247055,-0.6914618,-15.764419,-1.4683355,1.5331069,10.554826,-0.18511833250522614,-0.11732578,-5.5220704,8.57552,-0.029041542,6.9238935,-0.3053026497364044,-0.04552865,-4.3164654,4.5561666,2175.2415626686525,928.2175693921636,1.1834144959547108,1.7144392992094595,1456.048337449769,2487.583389892288,4128.562843406594,1360.0997534556004,-0.39473132294662805,-0.620586614726157,3027.34375,5146.484375,0.1680921617445055,0.11367590552621577,1.9585151136543544,4.747650666144322,0.09130859375,0.1949462890625,1705.8514,1145.0619,0.3626461625099182,-1.1347066,660.19,2666.2585,0.04982548,0.049692627,1.1032676696777344,0.48696232,0.005751981,0.07517861,0.0,0.09786583626232562,8.508681205640606,25.0
994ad36f3dabbec8fd69b4e48d2200e0a410c3db2c2c57b2c0e15aa65421ece29c04468578bda1d894823cd97a95d845d1d21188edd6c91a2d62ce6632638dab,15.0,-500.42593,137.45337,0.39432090520858765,-1.3946583,-634.76807,-373.91895,81.83337,77.893196,0.6381958723068237,-1.178671,15.044117,158.20917,13.878708,35.99493,0.10259641706943512,0.37783742,-3.503089,28.107346,11.6354265,22.722145,1.2194911241531372,4.023115,0.6288329,17.762234,13.681316,19.099081,0.20739543437957764,0.94176865,5.9200897,22.035563,5.4777136,18.749647,-0.2284175008535385,2.648273,-0.16257535,12.833289,-2.176604,18.49153,-1.0991650819778442,1.0751677,-9.7898445,7.9040494,1.3284607,12.497771,-0.42018023133277893,0.77361894,-4.4218216,8.271288,-3.325472,14.325187,-0.8500746488571167,0.38160968,-9.511745,4.879632,-8.4220495,13.788979,-0.4687041640281677,-0.28857875,-19.075163,0.80354595,-9.303333,12.472955,0.07218772172927856,0.8740139,-17.954006,-0.66185987,-9.049822,9.716273,-0.9890379309654236,0.60366607,-14.178272,-2.11025,-5.4723897,9.843835,-1.0810205936431885,1.7737184,-8.231485,0.107832424,1743.5729100248057,1039.1431768754612,0.6236338598694916,0.3457984353499959,697.4681781229041,2290.511805138658,3614.388368983957,2077.7240641512262,-0.16920209053350485,-1.3118280386657293,1488.28125,5191.40625,0.13121448863636365,0.0854885414536361,0.823239887453034,0.8488245999868891,0.051513671875,0.17041015625,1172.4354,947.1838,0.986204206943512,0.15862274,367.788,1721.0735,0.023811687,0.030870711,0.9542820453643799,-0.55303144,0.0001368226,0.048112296,0.0,0.12341714724842653,13.308357889136378,15.0
99675ca9d5d92277163ef9f6529c21605bd10fa97f3be72bcdbe2214ccc5eb08f7a10b0f5dd42d73262400aa22ff71bbe4adb3e1c680a17b4da0c405a5e85176,15.0,-359.35672,136.96321,-0.22426751255989075,-1.107312,-494.21643,-251.01678,136.52649,63.77099,-0.4948858320713043,-0.9801738,69.473206,186.582,31.88933,41.32057,-0.0313112773001194,-0.08379674,4.5090837,60.493725,-28.225664,41.822937,-0.4560324251651764,-0.637769,-62.302284,1.6998327,-5.3144746,26.364145,-0.6090771555900574,1.1835923,-19.816746,12.336471,-28.477957,27.151356,-0.5641025900840759,-0.5298362,-47.258816,-8.29517,-7.6359663,18.739138,0.01529732160270214,0.14514947,-19.832886,1.3039107,6.8401732,17.757046,0.18173973262310028,0.73672986,-3.0188613,17.098152,-23.637426,18.757599,-0.3323265314102173,-0.75982857,-37.35703,-6.8720527,-11.27257,15.447954,-0.22169309854507446,0.8495598,-19.866798,-2.2522588,-12.569182,12.273785,-0.04333795607089996,-0.020369053,-20.418627,-4.9686027,-2.8041387,10.689352,-0.0705811157822609,0.5620189,-9.896746,4.2368994,-18.420843,9.535421,-0.43673163652420044,-0.015479088,-24.551933,-11.01684,1298.2145659691264,898.9139496799032,2.2654400180647016,6.062894334826495,733.1614675078561,1615.988477657772,2328.7760416666665,1931.444187420543,1.0257740070392523,-0.273077234665704,875.0,3919.921875,0.09303607362689394,0.0514633116294134,1.3391814419660149,2.131776777377751,0.0537109375,0.122314453125,802.6245,620.55023,2.4305779933929443,7.790964,405.08383,958.1615,0.061378933,0.048945434,0.36890098452568054,-0.56324434,0.0072530517,0.093483955,0.0,0.08530857805524472,13.237960686821117,15.0
999d8d4719ca0f0ce1500e98cfe817009e78ceeac27006a815d81b8fcdf937f866d737e9d6444a2b7d32207db82e4db790a49888c739fd8233d0de0026aebd26,15.0,-306.57553,149.02295,-0.15231060981750488,-1.4437071,-428.2848,-180.50302,84.0716,50.913425,-0.24798715114593506,-0.11140704,44.88212,124.5202,10.437493,28.30701,-0.22033099830150604,-0.094287634,-11.933172,26.785372,22.141153,27.583582,0.6269258856773376,0.7132323,6.730321,29.89337,-3.2720494,22.804253,-0.5739767551422119,-0.67058134,-19.845325,15.258047,8.8092165,17.826132,-0.5808516144752502,1.0046906,-3.4267766,19.387897,12.951695,15.0051985,-0.23794184625148773,0.8465948,6.8303623,19.733887,-2.5340745,19.982502,-0.564785897731781,-0.71137786,-15.676595,14.562708,-5.934677,15.200046,-0.5895784497261047,-0.61717343,-18.31825,8.191652,3.86387,14.859816,-1.564168095588684,2.8584013,-0.29833058,12.128784,-6.1649585,13.783219,-0.7189575433731079,-0.66316485,-16.170956,4.6733155,10.423087,10.71716,1.5106440782546997,3.0454602,4.5706797,12.63759,-17.00412,19.64718,-0.8337972164154053,0.049197674,-32.43167,0.017029982,1825.2795919257405,798.5264418703402,1.2843203719541207,1.3728736022958188,1260.7799700540568,2375.173781051263,3909.5284598214284,1516.0986948425802,-0.18834440631654356,-1.064322766368257,2718.75,5394.53125,0.09595598493303571,0.07491262040765143,2.5165010024134875,6.637129388949523,0.049560546875,0.106201171875,1298.7394,1149.7083,1.0520641803741455,-0.28539062,408.39355,2121.1106,0.05604401,0.051167026,0.24160292744636536,-1.5616691,0.0036279415,0.1052412,0.0,0.08222120926315175,11.408910470260233,15.0
9a2186af232bbc862686f9b1b67ceb08377a02d8cf37327e11d4955256e82427dd135d421f1c8bf2194e7fb0df3ab33a8952daad5af232d4441f24eca9225133,65.0,-510.08316,143.40015,0.5450654961168766,-0.93868023,-649.1057,-385.44513,73.811356,80.48743,0.5553450845181942,-0.9485707,0.074109696,133.27786,12.458473,31.338943,1.3583168387413025,2.287406,-1.1004714,20.64751,17.482193,31.44751,1.9482768177986145,4.110799,0.0,25.84895,1.215486,19.883057,-0.5012206397950649,1.7461339,-2.0191357,9.423308,5.3093286,17.077734,0.2908761650323868,2.634166,0.0,13.592855,-3.5956614,18.582247,-0.7603228688240051,1.8122511,-8.872055,4.15571,-16.086027,25.758537,-0.7455369979143143,-0.102633834,-25.464111,0.0,-4.161302,12.814695,-0.6754651367664337,1.3921669,-9.481748,3.6130395,5.878652,16.90476,0.14287253469228745,1.5585338,-1.4637309,16.932545,-4.111771,10.35237,-0.9493478238582611,1.005454,-7.0274906,0.6635761,0.08657536,9.500291,-0.36551213450729847,2.0255315,-2.3501058,3.71038,-0.21050657,8.553795,-0.35630860552191734,2.3604603,-3.0694988,3.2451365,1357.437247284224,1233.070223767012,0.9555966244681042,-0.1524753920272479,497.0437600421845,1934.2505743577503,2645.5511044433097,2309.3364630563597,0.4981803617313281,-1.205097657053999,776.3671875,4834.9609375,0.08974048275504341,0.09752974085156685,1.4319370754508882,1.4522054615872497,0.015869140625,0.135009765625,1307.0754,1137.5564,0.9984395205974579,-0.20595205,402.90915,1969.8435,0.023279851,0.02993453,1.2003421485424042,0.35701346,3.317767e-05,0.03618245,0.0,0.13503378328804205,11.532605153895275,65.0
9a6bde1dbe66f7ad3b860396dbd5990629cb8c2999cf078994bd1eca068a8ba1e42992c060e88b9c94d249fa59b13bb99ff25170cd696b9c7dc6f4c3ff189af3,55.0,-433.8966,128.31107,0.18580855429172516,-1.3591352,-579.53894,-324.42175,88.18741,87.98457,0.26594772236421704,-1.4281099,1.1165391,167.54233,27.56013,35.16323,0.3407747149467468,-0.79577565,0.54789305,57.372658,16.179264,29.754364,0.7574931085109711,0.5467824,0.17262644,36.288635,-8.231798,19.97508,-1.0575160086154938,0.9705961,-14.0101385,2.1315596,-3.9636426,13.550821,-0.041099295020103455,0.507949,-12.036697,3.7352018,-12.487444,16.579048,-0.9936042726039886,0.48298013,-23.818043,0.14051776,-8.706918,10.327183,-0.7674578130245209,-0.6097311,-17.704786,0.010225698,-13.805234,12.788063,-0.44382840394973755,-0.99413115,-24.077013,-0.33429995,-9.223351,13.604978,-0.6163095533847809,-0.10862303,-18.289589,-0.29508752,-5.977646,9.087199,-0.5631245970726013,0.08776975,-11.819669,-0.119503334,-3.8953855,6.053145,-0.4545999029651284,0.4930277,-7.2769833,-0.18248671,-8.288091,7.2310457,-0.4372914209961891,-0.90536374,-13.578984,-1.731379,1563.4204026136194,1091.309504404138,0.5656739497126244,-0.731313048209869,549.3878285750422,2489.736111839509,2949.4555203419814,2200.3997423813016,0.06736183416143583,-1.7539264996133854,713.8671875,5255.859375,0.1313590571565448,0.09334047636574126,1.3705371811558655,1.9370526964803163,0.0589599609375,0.16961669921875,1361.669,1093.2773,0.828792005777359,-0.57751155,441.13428,2157.434,0.03911405,0.05305215,1.5850911140441895,1.9122607,0.0001313551,0.054825548,0.0,0.11927711459657075,11.30592287667011,55.0
9b03c2618565b778a76778f9bbc6fa779b47d53aa7b92964786856dd497aee63350e9e3c8be926cf4a0e713efb8280bb70698e8732ae5c8d113f460c1845c4b7,25.0,-314.20795,167.50047,-0.48969733715057373,-1.5629237,-535.28406,-169.80054,108.029564,68.62529,-0.36161375045776367,-1.5458895,30.439825,165.53445,-30.13213,44.9736,-0.6499035954475403,-0.58567405,-59.696827,8.881996,10.87981,23.125097,0.8241572380065918,1.0302935,-2.5008094,21.13512,-25.933077,25.806335,-0.5106309652328491,-0.87195325,-45.0186,-0.2825907,-10.020279,15.381189,-0.3908049166202545,-1.0277797,-23.59016,2.9894772,1.2390488,12.962882,-0.19996759295463562,0.58240867,-4.0523005,7.1749363,-15.993791,17.237469,-0.582491934299469,-0.5228915,-29.139803,0.10226357,3.0485814,11.897908,0.5229169726371765,0.44858432,-3.0738983,9.77305,-4.8758173,10.348973,-0.292410284280777,-0.030540228,-12.314194,0.96030444,-7.3753724,11.494577,-0.7195544242858887,-0.079196215,-13.956711,0.5219207,5.3494883,10.3316345,0.46051716804504395,-0.12820244,-1.3122592,11.139134,-10.111096,9.058915,-0.20807930827140808,-1.3397685,-18.298111,-1.877522,1486.5561425081733,625.0083160796099,1.3510190308850993,2.7417784127804516,993.5879733076572,1982.3002473106474,2928.5793439716313,1506.8984482682113,0.406125022020158,-1.1414783830413138,1554.6875,4507.8125,0.11124847628546099,0.06036744487964759,2.397137087130407,8.284504004383054,0.072265625,0.14111328125,1071.1353,737.93646,1.4076638221740723,2.1750708,539.029,1410.6298,0.08140396,0.0823274,0.7289947271347046,-0.5153351,0.00038398406,0.13285168,0.0,0.08345331417307043,13.841504223614631,25.0
9c3a238f027fb71a5e8f8a0c41cffd52630de15952d967f512acd90c54ef8483db3e33afa21674b786bedf1b92b7d5778122a98b4524cffe1be151bcd725fbff,65.0,-441.50055,88.92339,0.10581065155565739,-1.030442,-528.2932,-375.5808,114.47338,67.53088,-0.3536318689584732,-0.648926,62.975018,174.4873,38.07316,29.636723,0.1150854118168354,-0.45972455,17.927137,59.93076,7.2521534,23.747574,-0.45626866817474365,0.09247625,-5.646694,22.83984,-1.9773705,19.65252,-0.4138843044638634,0.84517753,-11.326715,9.036839,6.60007,18.41954,0.2329220250248909,0.2001642,-4.097523,16.516977,-1.392555,14.125366,-0.17305433750152588,-0.3610041,-10.80071,8.328892,3.4376898,12.566833,0.6550259292125702,0.80483913,-4.6307592,9.75132,-3.563184,10.985008,0.5245474129915237,0.27574372,-11.447692,2.8536937,-11.077484,10.514202,-0.02247461397200823,-0.0107905865,-17.887035,-4.200657,-9.429846,11.446792,-0.12079942040145397,-0.65248704,-17.370232,-0.5498749,-3.3103337,9.651863,0.1634831801056862,-0.5582427,-10.939623,3.2723763,2.7681098,10.144175,0.8210391998291016,0.80139077,-4.852824,8.087517,1293.9810946264938,1055.769449858283,1.6676717607795246,2.399693232694679,532.720845686986,1696.8010344983213,2452.633877335769,1974.2074109383216,0.726266508350786,-0.7762696986141673,737.3046875,4075.1953125,0.0971169180076458,0.10193366493358777,1.873112764054853,3.321486117006802,0.027587890625,0.12744140625,1008.9812,1058.7292,1.7399630546569824,1.7330475,347.00122,1033.7218,0.02614892,0.027167287,1.1713394820690155,1.0098814,0.0013760052,0.042040482,0.0,0.10887889466051187,15.149494622038393,65.0
9c6565b3bf75dcc1260cf3faa4f747ff772c778c21ad713095ff2444369cc566182cbb2b064e4d27fe32d900bc2c6d240b6f46e074ea0584455ebbd89c4e6bb4,55.0,-318.23328,180.7877,-0.44395655393600464,-1.3463278,-572.0615,-163.73735,57.450207,53.74305,0.4055148959159851,-1.0758222,5.862345,105.48465,-14.95026,43.27691,-0.5192671418190002,-0.2567339,-40.59085,6.599469,34.874084,34.2188,0.4526314437389374,-1.2463642,3.7784767,68.00984,-39.011208,34.70113,-0.08290034532546997,-1.3227543,-67.21292,1.5680468,-18.619122,20.940449,-0.1687031388282776,-1.2889243,-36.567642,1.981096,-19.892681,18.958776,-0.22907739877700806,-1.1081462,-34.13938,1.0619931,0.97084934,13.635867,-0.5639606714248657,0.6655922,-5.644319,8.981546,-5.5894117,16.415722,-0.28403881192207336,-0.21815014,-17.879667,2.5220346,-12.294183,15.094627,-0.11062876135110855,-0.0682106,-22.390842,0.14070684,-9.897758,11.771977,-0.6760834455490112,-0.6146269,-17.754454,-0.22475919,-3.9703188,12.036527,-0.1906062811613083,-0.060394287,-13.107944,2.2672715,-5.507783,10.708049,-0.43615278601646423,-0.2809639,-12.724316,0.48941106,1953.2642820350939,697.3495438318718,0.5062750470779666,0.5381068579310906,1398.1753341727253,2330.6811492049887,3857.4960443037976,1392.6772892972672,-0.3331912268629252,-0.8237716291826453,2994.140625,5089.84375,0.14541201048259494,0.06983116548482954,0.6252762943600331,0.4318117791848861,0.09619140625,0.1824951171875,1516.5492,1065.0951,0.5486799478530884,-0.9295955,579.8515,2349.2856,0.07515431,0.07019158,0.5004245638847351,-0.94170666,0.00018309504,0.1278555,0.0,0.09264133401902686,13.418720001525827,55.0
9c88e78829b51a41f767143a9a9d8cafadae008c10fc4cb8f883c361ec82290c74695e6a356b7e706c3472d1c0e1d8851b9ce9fe81d1e72c34d9443b1ed36b68,35.0,-477.22998,178.54202,-0.3759024441242218,-1.4596757,-719.2468,-322.41086,90.072464,61.131123,0.29814252257347107,-0.8796363,22.58611,120.5399,0.8064526,27.316679,-1.3790351152420044,2.533845,-3.718382,14.087458,24.036919,36.92669,0.6138694286346436,-0.4919169,0.5007252,52.114746,-1.7430564,18.040764,-1.0311965942382812,1.8108416,-9.90067,8.038231,-15.989235,16.55133,-1.1247146129608154,1.8489022,-27.094494,-2.3361082,-7.9201984,16.122677,-0.812004029750824,0.12833405,-15.625423,2.510546,-4.0760555,18.683348,-0.8082310557365417,-0.20845628,-14.370412,7.9699364,-13.845743,14.874988,-0.23439544439315796,-0.9725311,-25.38749,-0.55775154,-8.774502,12.434712,-0.20732426643371582,-0.41108823,-16.34277,-0.2857891,-10.735578,10.740792,-0.31416064500808716,-1.2308775,-19.8247,-0.76368034,-3.4409704,9.929862,-0.12161725014448166,-0.14301777,-10.2707,2.983254,-13.314249,10.256536,-0.03180547431111336,-1.0321755,-20.818533,-4.2491703,1832.8039407011347,924.644644440881,0.5084449881510036,-1.1616523582483107,1088.1220320106595,3005.883635403333,3582.7579941860463,1734.328914111055,0.18595065655888582,-1.3482878051010745,2365.234375,5568.359375,0.18376408066860464,0.10078068573521903,0.4421861183182644,-1.290611001846,0.099853515625,0.295654296875,1744.135,1129.8038,0.2934569716453552,-1.1743177,679.821,2641.934,0.013142508,0.012370952,0.5678672194480896,-0.9982493,0.00030610405,0.022888891,0.0,0.14264891476443256,8.438391905332097,35.0
9d3e2a6ae787ab0c7795f18eeeed4f86767fc635b97ef9ab6dda59d2803cd3354aa4a04a9cbd37bcd4f2703967a1438e29c65d4c0e49afcb8f37a46f88e4e422,25.0,-449.12552,162.84775,0.5276559591293335,-0.21738249,-573.0608,-371.7349,50.42208,58.61364,0.5148596614599228,-0.7183293,0.0,75.90513,-8.084883,27.290249,-1.5354975461959839,2.534644,-10.0311575,4.4528184,11.416407,23.658049,1.3583731055259705,0.89316165,-0.42002186,17.087362,-10.907051,18.584005,-1.183787226676941,2.5748992,-14.821717,0.0,-7.8905015,13.083152,-1.365633100271225,1.6330603,-11.300491,0.0,-5.07753,13.298695,-0.6524253748357296,0.046223283,-11.594976,1.8340242,-11.3671665,11.846261,-0.8351694792509079,-0.25868773,-20.00812,0.0,-2.5946414,8.10481,-0.19334428757429123,2.3371031,-6.660839,0.0,0.49869192,7.7821083,0.9818875826895237,3.8478918,-2.5650623,3.1613064,-10.577442,10.8833685,-0.9030180722475052,-0.08375323,-17.896267,-1.1459131,2.1094656,7.353084,1.0437613725662231,4.3958654,-0.001485466,4.9629664,-1.566508,5.00147,-1.4484672546386719,5.772559,-3.3459558,0.0,1297.2864975140833,1326.2579939679329,1.199431432163336,0.5786974625005257,498.8860542204665,1731.32823502792,2409.498036515708,2255.2386997784133,0.7318328766952935,-0.49222303944697954,740.234375,3368.1640625,0.10197515343705375,0.13947039605741962,2.20767823966569,4.584500036846586,0.02801513671875,0.12860107421875,1668.3379,1094.2095,0.4269162267446518,-1.0263457,669.0049,2617.4756,0.025173556,0.034078635,2.088606357574463,4.5594625,0.002081999,0.03188808,0.0,0.11105355014037864,8.797346185375359,25.0
9db305175f78cb274af0ef15daca8a06b22761b491428b42bd622ab8aee7d08f3a5afa767113b6c1db63ff9ffd6ca0248a08e4b79f89020361bf591611d6c98a,55.0,-323.41364,142.71982,-0.43233446776866913,-1.1479244,-464.39465,-211.86835,71.07632,67.68925,-0.03971581161022186,-0.8006865,21.834097,125.770134,11.677732,44.53069,0.4625120908021927,0.5621196,-12.205355,30.420135,16.736422,39.532967,0.8662272393703461,0.68104565,-3.740264,33.5265,4.1011896,22.884747,-1.0525074303150177,1.7681978,-3.894657,17.098999,-2.828795,23.379492,-0.7091081738471985,0.4642061,-17.963076,10.473532,-10.257082,21.9544,-0.3964235186576843,-0.3880117,-28.50016,4.9086056,-5.043827,15.479629,-0.7908048927783966,0.6626184,-13.308182,3.7697525,-15.207886,15.886524,-0.3013560548424721,0.080065966,-27.10366,-3.1329918,-9.762201,14.578611,-0.856420025229454,0.99136627,-16.291557,-0.69944566,-4.756486,9.006727,0.2246648147702217,0.44078863,-10.533485,0.18537337,-5.3045735,10.454135,-0.2507045716047287,0.44962358,-10.852963,0.871348,-9.656098,10.512091,-0.8615150153636932,0.6344769,-15.18539,-2.3890336,2119.2475981252965,1199.8493774635208,1.158122624447266,0.9492767583939934,1190.6766268805875,2503.9076776840043,3782.24386567051,1851.1198772180428,0.018183089546343775,-1.2415254035758987,2272.4609375,5234.375,0.1899021778291869,0.12064389344060289,1.5863481892780524,3.0443726631756864,0.1041259765625,0.2314453125,1418.0713,966.4235,0.6798426806926727,-0.43907094,574.6545,2098.1052,0.05238557,0.049158853,0.929566353559494,0.72830296,0.0015590505,0.08186002,0.0,0.1665082548905784,6.51615413300024,55.0
9de1b8e0243f4fa83f329bc2a1122dbe273ec3876c49beb3bcc896ca97bd60d89f4cf698be2e1ea016cf749675bb29185249542e666378ba61dfafc64903d84c,35.0,-402.19672,107.40676,-0.9624201059341431,0.5420488,-455.69904,-324.7187,72.82331,57.39524,-0.5619686394929886,0.12218535,43.863728,118.51376,-7.1365786,22.88543,-0.5134388506412506,0.43202305,-21.564507,7.541604,8.818972,22.863853,0.1767071932554245,0.16960442,-3.4710984,22.04461,-10.667305,18.415035,-0.2611687034368515,-0.31966043,-24.024632,0.5882571,4.7440777,13.453628,0.3335265964269638,-0.1960237,-5.017755,13.428446,-13.956998,13.416684,-0.6588540971279144,0.09769535,-22.2927,-3.6288526,-11.459162,12.420923,0.18463493883609772,0.097256064,-19.625038,-3.0462182,-19.890366,11.815533,-0.15327772870659828,-0.58488476,-28.422552,-11.313662,-15.078636,10.234654,-0.2238081255927682,-0.4490229,-21.934248,-7.886837,-11.138878,8.965618,0.3367450060322881,0.39449275,-16.970428,-5.916589,-15.798943,8.8532715,-0.1320277638733387,-0.20273829,-21.422386,-9.402704,-14.107613,7.923888,0.013493802398443222,-0.06551099,-19.537273,-8.608327,2020.689439416934,1007.8987502171665,0.6344100598219962,-0.35125675265753165,1087.5029131481424,2659.4641391040504,3727.4598267180095,1680.6152835190483,-0.24245466100943383,-1.4089278615524725,2157.2265625,5315.4296875,0.17748523585604264,0.11957393060420356,0.976877483523215,0.5759490688437572,0.0712890625,0.2393798828125,1637.396,1122.974,0.5586903095245361,-0.8569298,658.02795,2455.7317,0.013575926,0.011057231,0.6414825618267059,0.37146246,0.004385211,0.021420706,0.0,0.1352184635374739,10.081832750977512,35.0
9e06b0915da2d9767291320d6d728a2dcb03262a1920371193fbe40d44f870f17bdb85719428e5bca1bbd99fc76b569e94d1428538446e603db21f4a3a077143,35.0,-330.60785,149.1459,-0.3092764765024185,-1.1944718,-467.6861,-192.87222,97.7174,48.39698,-0.36483708024024963,0.17423213,71.56799,128.78377,5.6470404,25.678024,-0.18363763391971588,0.70654166,-9.892418,22.10453,23.23291,21.085197,0.6504642218351364,1.0093998,11.18496,32.561707,10.694014,16.81651,-1.235704928636551,2.75857,4.574033,22.046015,7.062068,17.40968,-0.620875895023346,0.3558042,-3.8678339,18.041697,-5.144381,18.679373,-0.09005263447761536,-0.5531074,-18.932743,7.398034,3.3725333,12.606751,-0.7257780879735947,1.0043411,-3.58093,11.086521,-11.52787,15.5097275,-0.21007175743579865,-0.91951454,-24.373466,1.4681752,1.8524661,10.794804,-0.42395573016256094,-0.068178535,-3.8925853,8.7110405,-3.302056,11.320679,-0.38702353835105896,-0.5735816,-11.312401,5.1380486,1.624742,8.803394,-0.26449939608573914,0.12825549,-4.1176233,7.1015196,2.6916256,8.638443,-0.031143151223659515,0.9264152,-2.1942983,7.6497993,1654.0510052555737,893.5485533674083,1.6126729226630578,2.685010695496341,1062.405640688341,1827.2448147967984,3387.188036327231,1595.9361706831392,0.2766247160362251,-0.5294831855914526,2052.734375,4362.3046875,0.11046449848934498,0.10468671095379939,1.9293597127090716,3.4800798797102717,0.044921875,0.1329345703125,1267.3506,986.4781,0.9060494601726532,-0.05430579,436.72974,1911.8309,0.04334715,0.036955304,0.4916170760989189,-0.7009005,0.007760385,0.07302513,0.0,0.11073677614876806,8.481576688839283,35.0
9e8febacbf49ded384e700e4e36b75a6cd29721f40bde85dee1bdfd8417527117de07a131d900faab33035842475a930c95ed938d2047a441adc68d29f885b75,25.0,-583.61786,121.78964,-0.39413025975227356,-1.2475679,-724.55396,-482.284,80.31229,73.471115,-0.1066305860877037,-0.8011886,23.231876,144.67902,13.339488,26.203749,-0.12984362989664078,0.30404615,-1.2449226,29.047962,35.231674,34.60167,0.9478978514671326,0.3370719,9.143161,54.40429,2.6952558,18.816263,-0.4511342793703079,0.6395848,-6.972661,14.220917,5.559363,15.309717,-0.4307173788547516,0.76406777,-1.8214393,14.880825,0.2408859,13.655617,0.12333417683839798,0.14154994,-8.325132,7.6486397,-4.461377,12.082361,-0.4686792343854904,-0.0010489225,-12.085913,3.3417292,-7.246147,13.186108,-0.42233721911907196,-0.62943125,-17.750841,3.3603761,-6.422764,14.98935,-0.13472779840230942,-0.21868479,-16.480978,4.022503,-3.6756623,10.630348,-0.3288964182138443,-0.84223485,-12.6215,5.1025715,-2.8042083,11.022623,-0.4228161945939064,0.13891423,-9.722985,4.294769,1.3522699,8.19193,-0.19761917740106583,0.13323307,-3.7358913,6.2165456,1818.7363746503106,1244.370089152797,0.5051548467167573,-0.732985272251241,624.2794754287307,2736.992227268765,3378.9605524173708,2245.1680116631387,-0.05097557704214435,-1.6133133478926913,1094.7265625,5682.6171875,0.17703575197474986,0.13912192881597113,0.7373323723924222,0.26654308447594754,0.0374755859375,0.25836181640625,1641.4424,1178.0039,0.4670681953430176,-1.120274,549.55054,2656.2834,0.006956551,0.0066930884,0.4583410173654556,-1.1964104,0.00033812717,0.012852162,0.0,0.07024204276861037,17.775702913241012,25.0
9ea8a6a192d17ddb4bf01a9174a183798648b49a76483044c8c66493a2c7816c98cc212d5ecf728cb9d001ce53869453412d45dda7c254a273cd51df6bd604b4,65.0,-344.23523,107.8882,-0.2889810763299465,-0.5063697,-433.34537,-256.73306,98.53183,45.22787,-0.24852608144283295,-0.3362236,66.85217,132.46739,6.4841533,26.935596,-0.44685856625437737,0.57748735,-6.8253,24.209808,47.706482,25.613327,0.4965668320655823,-0.52492154,26.129238,64.774704,4.0167675,18.430668,-0.6860935688018799,-0.36983562,-8.072488,17.22842,9.558849,14.0750675,-0.3452875316143036,-0.49042797,-0.29037285,19.074917,-0.51128745,13.202295,-0.2921224795281887,-0.16599822,-10.230976,9.746683,-3.2799566,13.495684,-0.5849839448928833,-0.15819252,-13.53193,5.658736,-7.2852626,10.505317,-0.023393571376800537,-0.043642163,-14.418072,-1.1949756,-4.782421,12.528578,-0.4399121478199959,-0.31076908,-12.454674,3.431602,-0.68658125,10.248101,-0.07930132746696472,1.1625264,-6.5958705,4.9147987,-5.7350454,7.999159,-0.04978436417877674,-0.5013732,-11.701395,-0.26118946,-11.857792,10.821184,-0.36174119263887405,-0.5994612,-18.592976,-3.2744792,1421.5193161307486,744.5986157965822,0.9108556394887808,1.171953210456459,812.3631436265717,1909.8082511990374,3019.9382668029875,1581.6955795714618,0.2652375536739388,-0.5973014948369318,1775.390625,4176.7578125,0.09528699199302099,0.06400604368561218,1.2734330868208168,2.6975822522047626,0.046142578125,0.13031005859375,1147.7228,1074.8256,1.097533792257309,0.076333165,300.5957,1779.4846,0.050887883,0.043140598,0.3266557902097702,-1.0139217,0.0049412306,0.08830915,0.0,0.11234012416437021,13.120242085269345,65.0
9ed52773b7e55705a87d089cab543effa5e3359941cf3d89dadc15e21b7cac4b6e673eff6b36fabea44b1eef7d7625b088ed2f8e16dcec729b957b9f72abc512,15.0,-370.437,135.00867,-0.27354808896780014,-1.3346301,-519.78577,-261.05774,59.25673,46.564888,0.3042565584182739,-0.720104,26.103893,94.85103,-17.041183,38.706528,-0.8250280022621155,0.1638583,-37.939163,14.708551,24.38573,32.075493,-0.591384083032608,-0.08002019,6.049116,44.563705,-1.7453674,36.259163,-0.32324349135160446,-0.94840735,-27.730633,33.69977,7.4698777,12.547606,0.5427227467298508,0.3783574,0.9665158,13.635554,-10.132427,13.286472,-0.6369204819202423,0.17855048,-16.24683,-2.494803,2.2007086,21.697758,-0.282483484596014,-0.8612388,-12.744396,23.928127,7.6260777,12.455171,0.3802942931652069,0.2591349,0.21711278,14.792507,-12.395427,10.564139,-0.028418391942977905,0.22435021,-19.886038,-4.5525966,-9.101664,12.2369,-0.3075232319533825,0.33892798,-15.567078,-0.76013064,1.1143341,12.3496,-0.10512317158281803,-0.06343281,-7.2707157,8.57242,-9.947776,9.1284275,0.12817281857132912,-0.20172715,-16.293749,-4.3185043,2109.4324069129448,917.0958163485916,0.37162192774357816,-0.38852399465421605,1379.0689694071775,2803.249957939347,3918.158989448052,1717.656591729952,-0.05738471911663097,-0.8261993666755294,2608.3984375,5476.5625,0.17998090776411088,0.09567829940918168,0.5918320513052554,-0.1310427235895002,0.11676025390625,0.244140625,1604.6526,1053.1414,0.5185520797967911,-0.61970985,687.40967,2183.1792,0.03368561,0.034316897,0.959535539150238,-0.063055396,0.0047216364,0.054216303,0.0,0.1062017916398248,11.603745438416198,15.0
a0ff72d3a991e81fde26defdb41306c327eb93bf90ddd2229e328a8a7a4d2cf99e83fc3e866106c9d1fa9254c1ae3479cd3acaa0136252cc0053646dde7b9b2c,15.0,-593.87524,215.23091,-0.10422689281404018,-1.5868962,-856.45447,-391.7749,58.924564,62.532043,0.2601842060685158,-1.282531,0.0,115.16262,-25.841413,32.08764,-0.5770650207996368,-0.6905174,-50.791153,0.0,40.77218,40.591427,0.7557674646377563,-0.33152092,0.0,65.001976,-11.883829,24.948307,-1.1192070543766022,1.8160944,-23.800129,0.27934182,-0.16013002,16.58704,-0.07267361879348755,0.58098936,-10.371277,8.0781765,-8.200767,17.550903,-0.8352436125278473,0.16680801,-14.659829,1.6855689,-1.4741066,16.022951,-0.11103550344705582,1.2346647,-7.630401,3.924897,-8.737958,13.105957,-0.6216661930084229,-0.2593422,-17.821316,0.0,2.0683901,10.528231,-0.15843358635902405,1.7713912,-0.98069936,6.3154073,-9.687249,12.2332325,-0.6667754501104355,-0.4398638,-18.09328,0.0,1.508989,9.107394,0.5848637670278549,0.49988687,-2.8420625,6.8596907,-8.8438835,12.123716,-1.3821473121643066,1.5593373,-14.875469,0.0,1822.1401653001662,1171.6224208917813,0.16584019536075736,-0.7058209070817518,707.1025690446414,2611.069632900002,3218.157608695652,1938.6464613762605,-0.07941506020909286,-0.7507244611908159,1339.84375,4410.15625,0.18910011888586958,0.15176579273224933,0.6953027737597135,-0.41455607284102003,0.058837890625,0.2689208984375,1939.2747,1093.9768,0.017971170833334327,-1.1621689,934.181,2790.8716,0.004374393,0.0051922053,1.019619345664978,-0.1943084,8.135634e-06,0.007734211,0.0,0.16203848664880316,7.971175511960894,15.0
a13c1a30d419546853aa4b0b9a451c7a7a6535c446304c78ce1ddb6b2cd91697de9776e1ef95ce87f486b74f0ac0fa40f3336edcd49c0d233da73bd02695e108,15.0,-275.26944,108.299965,-0.2508092522621155,-1.3820084,-404.1598,-185.18704,79.82793,70.17822,-1.3659930229187012,0.73489285,73.790215,125.43519,-1.8650925,29.172773,-0.07757484912872314,-0.050163507,-21.246687,16.92085,46.971096,19.404861,0.42834779620170593,-0.73240113,30.230362,62.27542,4.6296873,16.64227,-0.7040892243385315,-0.08494139,-3.985502,15.526992,14.691563,14.940749,0.7393934726715088,-0.3553524,3.5256743,24.622858,-4.6160593,14.112458,-0.47106629610061646,0.4132142,-11.370117,3.8375707,-14.54012,10.864905,-0.32533761858940125,-0.5350647,-21.30417,-5.933756,-9.628375,14.758967,-0.16294707357883453,-0.38059902,-21.097988,0.9044105,-4.708345,11.233778,-0.28464585542678833,0.047136307,-11.527188,1.3599398,-3.4884744,10.282613,0.5205351114273071,2.6818376,-9.11116,1.2271363,-8.414029,8.657951,0.25562188029289246,0.74175453,-13.283964,-3.8131301,-4.354728,9.9860525,0.4268818795681,-0.7269614,-12.35107,2.964931,1708.4483883036141,1078.1820999813149,1.3616688080102983,0.4542566010505964,1026.6903130911678,1851.7817840194089,3196.812913907285,1368.5604551486058,0.7151026211737115,-0.400850526513747,2257.8125,4187.5,0.1289806239652318,0.13733852659313142,1.5290445712475391,0.9617624172381172,0.0439453125,0.173828125,1794.7277,1387.6471,0.09932294487953186,-1.6904949,323.3752,3149.1514,0.063581124,0.053602714,0.8475818634033203,0.1836946,0.008740861,0.09215159,0.0,0.14548120847833448,8.812476486895708,15.0
a27053a209c66ee12ee0cc0f7f10817358c08944dfdf6e153465d1a1388215e4085980cda56e58e4d08e50390e69fd5c9d2cd2141eecd28a7d10da41aac5594a,55.0,-348.9369,133.17209,-0.28896088898181915,-1.3707275,-509.76596,-230.31133,59.270267,74.77373,-0.24077334254980087,-0.5691811,7.045392,110.97482,19.520441,34.735977,0.03039730340242386,0.4884175,0.73605764,40.272972,33.799133,35.939316,0.9483818709850311,0.29705238,6.96267,52.866154,13.521525,23.212355,-0.7572475373744965,1.6063379,3.6826735,27.941628,0.3744967,20.509565,-0.4953620731830597,-0.07119882,-12.22974,14.106729,-21.057861,22.342648,-0.4421372562646866,-0.8401147,-38.53261,-1.7652105,-14.033581,17.742447,-0.6490122675895691,-0.11935377,-26.30851,0.21058369,-8.991188,11.35945,-0.7047682106494904,0.36892688,-15.882056,-1.354834,-11.533682,13.40575,-0.20181546360254288,0.29584217,-20.243523,-3.680007,-11.582204,12.708305,-0.5543869435787201,0.12373853,-19.36723,-2.463948,0.9122166,11.248336,0.540582463145256,0.4409684,-6.67328,7.2239666,-9.027464,9.026265,-0.35500863194465637,0.608585,-14.156799,-3.2502432,2287.125044549518,1363.5828746314635,0.7461505274213697,-0.6450541727838588,1195.8576949677954,3124.6782418041594,4174.199948365661,1941.7882599015038,-0.20405546111050754,-1.2703539406908813,2575.1953125,5895.5078125,0.1988055788237473,0.1429204463216472,1.0512130540098399,0.19736505326195886,0.08953857421875,0.26983642578125,1520.4866,1184.7405,0.6582610905170441,-0.8763963,454.69748,2278.1611,0.035719372,0.03415695,1.0108599960803986,0.9584062,0.002305049,0.05555349,0.0,0.16403977672265835,6.0017834596745825,55.0
a2a13cbafe262539830d76fcad154ff01f65b562632627228abcd69821e9af6674a386209338b362258d681769fd13a19afa97e18c319e2bce68d9af26fa4935,55.0,-281.6533,119.28254,0.001818932592868805,-1.4610784,-411.29495,-175.41144,55.56777,42.850533,-0.2659168839454651,0.37532508,37.791985,84.183716,23.738731,22.928816,-0.2506394386291504,0.59464073,10.464876,36.4964,25.301691,31.382053,1.0524347126483917,0.48000443,5.2056456,44.496204,-4.9031286,26.559368,-1.0488670468330383,0.25395942,-20.037262,16.100391,10.422768,15.894562,0.5250362604856491,0.10904312,1.0757183,18.374626,2.0557306,12.103348,-0.26632074266672134,1.2172515,-5.5491743,9.211451,-2.7200036,14.37108,-0.7846553921699524,0.033260345,-12.723243,7.5029745,7.5215,12.584366,0.9943171143531799,1.112286,-0.82841647,14.8330555,9.168608,10.574438,0.3344956859946251,0.5968604,3.278111,14.8963995,-1.7341313,9.579382,-0.5414881706237793,0.42934418,-7.371113,4.823615,1.631348,9.4178295,-0.5530520677566528,0.014959812,-4.608105,8.945773,-1.30633,7.985222,-0.7728913128376007,0.8730055,-5.0860276,3.791141,2568.6761890263756,941.3398645963445,0.3686738596219556,-0.26768869495055814,1722.3614229512823,3149.338859898325,5140.232399652339,1493.6495025975948,-0.2795552483026539,-1.4791936995240675,3706.0546875,6592.7734375,0.2143611208678196,0.11867732410898936,1.0628979997246284,1.6195769979001482,0.11346435546875,0.2830810546875,1467.2156,1200.2393,0.6927382946014404,-0.96309793,450.71936,2524.3667,0.04016985,0.04242722,1.1804842352867126,0.91249025,0.0028351094,0.062173232,0.0,0.1499039152022149,6.648167246828125,55.0
a3b58402aad871ea73a5e7fbee643d9e1fbafa0c08811ef108001ee12264a8af6539a261574c248556abcd842e990e316c433c792b552ecf7f4bc521a5ed882c,55.0,-542.87836,165.94182,0.027413971722126007,-1.3230762,-714.298,-406.1193,26.322401,86.89811,-0.4105131924152374,-0.38652873,-9.08333,103.08452,24.569324,44.431007,-0.11333493143320084,0.22882032,2.2135634,50.122253,20.408293,49.509434,-0.01625974103808403,-0.49250484,-8.041493,54.663177,-8.622728,24.760576,-0.2310473769903183,-0.41481447,-26.871809,5.975344,0.3790327,23.07259,-0.3084966242313385,-0.27131295,-16.501968,15.914207,-11.003166,17.081612,-0.8276863098144531,-0.06396699,-21.344017,1.8740284,-5.960188,13.881721,-1.0409644842147827,0.9740257,-14.497824,2.7664952,-15.594885,23.40218,-0.2323780208826065,-0.58190036,-33.09626,0.34410435,-0.49178836,14.554791,0.00913004856556654,-0.09008527,-9.644703,9.337296,-11.085788,11.619725,0.059084489941596985,-0.38167048,-18.513487,-2.3019927,-4.923414,12.186473,0.13889136910438538,0.3319347,-11.727156,0.7667316,-6.414096,9.466873,-0.06617375463247299,-0.2443409,-12.678081,-0.9495933,2787.0950837056557,1430.7536246207717,0.34966783872258744,-1.2272580774699353,1524.152650228133,4036.796192492788,4702.021059782609,1892.4002896471331,-0.43408095803436514,-1.0147107608074875,2818.359375,6525.390625,0.2632897418478261,0.1585639254968664,0.6105324989815997,-0.6171655632719824,0.1273193359375,0.3753662109375,1710.148,1240.8657,0.45308199524879456,-1.2654281,583.5293,2897.4514,0.0077172667,0.008313828,0.7867408990859985,-0.80689454,0.00019500536,0.012741137,0.0,0.1732359747805171,4.864369722523241,55.0
a454a961eca0c97689a8073a9bc66cf25c6d54a8e465676e7fd868774a3389ddcb4eb7a7eefdd25fabd69e5db6ffe06f86276a40fcf2db2b243c39323f2eaafa,25.0,-286.89526,159.69461,-0.6748902797698975,-0.9847095,-422.58453,-166.1167,59.029713,58.953857,-0.01565111055970192,0.042697668,26.353004,95.57065,21.721142,39.69135,-0.18110579252243042,-0.09396696,4.1490245,44.281456,38.065582,30.757746,0.49465861916542053,-0.48970675,16.195667,57.62047,13.139191,18.852203,-0.20503045618534088,0.5601177,2.747075,24.161917,-17.248297,20.671461,-0.052527591586112976,-1.1676493,-34.627357,3.3026416,-23.963291,21.115166,0.01615029014647007,-0.9800978,-38.780853,-6.4585376,3.99231,14.771209,0.27612534165382385,0.20184827,-3.9206872,10.905325,-17.280811,17.625864,-0.43190330266952515,-0.76053977,-32.712914,-2.298473,1.8009756,10.71705,0.31934282183647156,-0.16149569,-5.250188,8.812989,-13.360327,11.881251,0.027517106384038925,0.48979235,-22.08387,-6.142188,-7.943851,8.884714,-0.256904661655426,0.26529598,-12.450205,-2.0744817,0.036679585,10.080605,0.6221381425857544,-0.1751864,-6.766431,7.0491567,2002.8066568405227,1214.7774753968463,1.643573356928236,2.060522780291212,1265.1730198835908,2022.7036269009764,3917.5,1744.5806340039621,0.09734297206154076,-0.7603573216061044,2646.484375,4906.25,0.16927083333333334,0.15606677353768517,1.6869306507206105,2.282662845088071,0.0728759765625,0.2166748046875,1395.3557,1142.0688,0.6270929574966431,-0.94830537,389.73358,2235.594,0.078208596,0.06675513,0.6369614601135254,-0.40573835,0.019595996,0.12586808,0.0,0.09204771576933432,11.364581868693724,25.0
a4a9e5457806b324fc71baca631111ccd6fd5e93604e7416e73b8ac0926c00ab0950e9c86bf1d39a26212af6c438359c005372be1700b567edf3f6fd07bbc120,55.0,-365.66083,138.90334,0.17615969479084015,-1.5411416,-498.44412,-230.33679,104.30487,44.457897,-0.7806548476219177,2.1961746,91.91977,120.27391,9.759712,26.785374,0.9112780094146729,3.0330482,0.19964239,18.762474,24.554716,43.844547,1.2290085554122925,0.42261076,-4.4296074,50.97503,2.8048975,23.042326,-1.8729798793792725,4.3276463,-8.014555,15.86334,11.355209,14.852876,0.3975731134414673,-0.12908459,-0.2532752,20.005829,-12.91806,17.164087,-1.0112237930297852,0.9670601,-22.497131,-1.1830531,-6.477481,13.20957,-0.09587642550468445,0.6771643,-15.001034,2.6392758,-6.8774095,12.935864,-0.38764768838882446,0.21443033,-14.728254,1.1663308,-1.9664128,16.619835,-0.3459302484989166,-0.2907312,-9.953402,7.9585905,6.7679887,11.814735,0.6244421601295471,0.0718441,-1.9726365,13.945972,-3.7974517,7.343174,-0.44983822107315063,0.20338798,-8.443336,1.2660763,-2.5049937,6.7018285,-0.5692634582519531,1.333075,-6.6069613,1.8256544,1416.7365567204504,832.804247683352,2.3979763861136125,6.817734992479606,943.649743014245,1478.6112020052437,2808.1740702479337,1531.21045287957,0.9424169408483833,-0.09529415395230822,1750.0,3531.25,0.10964537060950413,0.08653212794724627,2.611538061198796,7.909615047848773,0.06396484375,0.1142578125,951.4906,792.9468,2.0070438385009766,4.4314513,412.67218,1256.255,0.038666975,0.045204088,0.7014297246932983,-1.0421132,0.0014708962,0.08357734,0.0,0.1390932987491776,8.966346849959505,55.0
a4bb2f1cb15b46d7887fdb220af6865980f3dac45550775bf473d5086a24c95a5e36e8afe6fd39d49996b53ac0befcc9609d5ff6193676fef1529dbb883b6685,35.0,-276.86273,95.698456,-0.26502639055252075,-0.1005522,-367.72522,-198.34402,109.46707,41.982834,-1.1716662049293518,2.0683155,98.91086,133.79274,-23.801014,27.641712,0.20635250583291054,0.63351,-34.317204,-13.337694,11.032991,19.035898,1.3966069221496582,2.2169132,-0.48209655,18.687368,-11.906607,16.965117,-0.9843347370624542,3.1447227,-18.463299,-3.4182086,-20.622097,12.917779,-0.42853115499019623,0.1055392,-28.250378,-12.540587,-24.94772,10.51868,0.12359610199928284,0.8561467,-31.104338,-19.604729,-23.7416,13.413313,-0.4373404234647751,0.021838903,-32.163773,-15.475751,-15.572805,8.37889,-0.1734613999724388,0.7156259,-20.508572,-10.946223,-8.652819,10.005636,0.41941314935684204,0.71019924,-14.131689,-3.0417297,-14.260567,8.254285,0.3271153178066015,0.4577421,-18.849167,-10.505948,-15.185459,8.538242,0.8962231278419495,1.0676899,-20.363314,-11.290231,-5.7584257,7.9232645,0.6227025091648102,0.076351166,-11.625479,-0.6663718,1546.8837480642105,737.468033526254,2.441765165039005,7.300643176475452,1164.7699164690416,1530.2980656429272,2849.2107729418185,1340.375232685467,1.607519960507762,3.6918178172844343,2202.1484375,3071.2890625,0.12720164767641842,0.08194993676127801,2.4340077021944073,7.543440634054948,0.08197021484375,0.14239501953125,1152.6038,826.5552,1.0973601937294006,0.8422235,490.3774,1594.0226,0.04185053,0.042007536,1.257504642009735,1.5001287,0.0050059315,0.06901656,0.0,0.13085117095247573,7.48015673144672,35.0
a784bad651064990f037d24599b99acbb6146378b40be75cd9dcca4a1d5e19956e3640573ccae016dd09201067c361f23e13c5380c65d8a096e3f5d6ced8733c,65.0,-346.1417,147.03854,-0.2860806807875633,-1.4352458,-511.6942,-226.17004,85.42078,60.43676,0.036467261612415314,-1.3698831,25.000742,139.59161,22.096397,32.42852,0.2796352729201317,0.16315019,2.36549,41.411903,28.63527,27.646742,0.3595615103840828,-0.45221853,9.498194,47.285717,17.037271,20.810097,-0.44815726578235626,1.0528964,7.1746707,30.425465,6.3567057,15.606619,-0.3248790018260479,0.7914324,-1.8821464,15.61831,8.435102,12.560933,-0.2033352181315422,0.51250553,1.0844496,17.480356,8.452171,13.7130785,-0.28147316351532936,0.45792818,1.637134,17.521317,0.6645094,12.658035,-0.8376749157905579,0.8600066,-5.116212,8.76028,5.965438,10.875097,-0.4918629825115204,0.469759,0.08780551,12.969682,0.413969,9.982819,-0.2919692099094391,0.29918706,-6.699295,6.8505177,1.8153437,9.829675,-0.7332786321640015,0.20757174,-3.1399653,7.900756,5.2919316,7.120204,0.15607549995183945,0.94366646,1.1825362,9.027674,1420.9955307967066,919.2708073449162,1.593994837098922,2.4341395552266203,794.048470664125,1742.0831318632518,3037.519904458599,1895.4255181629603,0.5169294003733867,-0.8316740468228434,1462.890625,4519.53125,0.07642165982911653,0.06045429554368199,2.2436081608516396,5.619375911223653,0.0400390625,0.0894775390625,941.8833,907.82434,1.505548119544983,1.4161093,301.29797,1210.3033,0.062092476,0.06148685,0.8623375594615936,0.1507436,0.0025853885,0.10429706,0.0,0.12519109410172802,10.70394103861818,65.0
a7ba6c0a46e796b8e8641c5ec767bebe2ac61551e58a4734f4d28b2afd84b194e4ee7861fd79ae55d207c22adb8d9f2ef75e25aa3520981f6ed168f826a834e6,75.0,-403.24982,149.5973,0.2691652700304985,-1.065187,-559.2184,-287.92218,78.78877,78.02085,0.09568826667964458,-0.78316426,22.784618,143.28023,14.986757,41.070892,0.04707559943199158,0.08904874,-7.3684874,36.604588,9.006172,35.642933,0.4789803922176361,0.7080262,-13.512741,24.80281,-14.222719,28.65446,-0.7564310133457184,0.408404,-32.820362,6.575531,-3.3383765,22.990755,-0.10451238229870796,0.21163297,-18.792767,8.487965,-7.6836615,21.44743,0.1160527691245079,0.075644255,-20.78215,6.0783267,-1.8506396,20.374157,-0.3115704208612442,0.12528896,-13.313555,11.51936,-5.9029,15.392302,0.39341142773628235,1.0418186,-16.647064,3.29004,-5.9442463,17.696655,-0.22673600912094116,0.4508276,-18.326614,5.247514,-14.564569,11.7402935,-0.5380541086196899,0.13299,-21.234375,-6.5349884,-1.5277765,11.855614,-0.11779817938804626,0.7037804,-8.839107,6.7709727,-13.118391,11.063038,-0.34366441518068314,-0.16625917,-20.039621,-5.966524,2045.5148066558413,1387.0466340150583,0.9157076357844465,-0.23869873928215246,977.9008069687457,2855.6091015872867,3541.250890947969,2126.8594862376217,0.19734294719518286,-1.3666886275997678,1593.75,5724.609375,0.20071225953685556,0.1690350662016616,1.24015010307163,0.5582728269866237,0.0760498046875,0.269287109375,1330.4369,1073.1318,0.9877515733242035,-0.07786667,477.73486,2018.7502,0.033067808,0.036817417,0.9634085595607758,-0.11542213,0.0013903383,0.05779721,0.0,0.15450544432195512,9.11215904672979,75.0
a9835abc8fd0cf44476982568f59c8b12445472dc6637c6da1dfac0694d15862d42ec94dbc13ccdb04b15b85917e91cff50536f48c0c1bcc9086b5281fa3a99d,35.0,-345.19214,189.35379,0.1891721971333027,-1.5879558,-536.52734,-164.64157,48.938362,51.74157,0.5729334652423859,-0.47465575,8.862988,81.447945,8.385389,38.370564,-0.022647187113761902,0.5711595,-4.5062714,27.084553,21.211285,33.36621,1.0562390387058258,0.7917191,0.97710717,38.396202,-18.27044,34.14176,-0.7471779882907867,-0.18771172,-43.93795,4.150536,4.314555,14.062217,0.48091861605644226,1.2952591,-2.8021905,10.5235,-14.051022,17.891134,-0.6626971364021301,-0.54879344,-26.022078,0.16040447,-6.8491497,12.061365,-0.1652386486530304,1.9140301,-15.922157,-0.62856925,-6.774246,10.980033,-0.6718388348817825,1.1621449,-11.883779,-0.43545005,-6.502038,8.011742,-0.25545237585902214,0.26823294,-11.110597,-1.9224467,-12.798213,11.3743105,-1.0275716036558151,1.0633416,-18.187525,-4.1378403,-6.19343,9.428621,-0.29922857880592346,0.65322256,-11.21751,-0.7073875,-6.332105,8.033819,-0.211736261844635,0.54686654,-11.172657,-1.5926929,2146.834138777377,1006.7643100768619,0.8009285571633847,0.9857759258745664,1536.7727557681628,2501.7142726439524,4074.1379805923475,1539.8313350550225,-0.5946353046609003,0.5016024162133363,3560.546875,4883.7890625,0.19444358213760116,0.1273549003605098,1.5542613453226004,1.8728285523510135,0.10986328125,0.2359619140625,1577.825,1142.4623,0.6304325759410858,-0.9006114,601.11365,2498.776,0.058047228,0.06916599,0.9532985687255859,-0.30932736,0.00060000434,0.10641976,0.0,0.09011621646369358,10.125173573482266,35.0
a9a7c709c47116270644e620fd700e24ff799a4a5c8bf623c0c81ef37fd046a61e2df7d46e75bc4584fa41efa82f2e61fd3c5f0fd746767e89b4615435e4fed3,25.0,-220.39421,92.12001,-0.24144147336483002,-1.0319489,-298.05026,-145.13248,49.382713,32.241375,-0.03624853864312172,-0.06076908,31.017542,70.63869,13.817031,26.36445,-0.3886585533618927,0.577924,1.7647258,27.67436,44.548004,25.377583,0.5591557621955872,-0.45201468,25.290554,60.962746,-21.13588,14.871201,0.031191518530249596,-0.5336251,-31.396265,-10.358371,-14.318728,20.196571,-0.6611725687980652,-0.49547887,-31.545105,0.7852773,-10.318857,20.554567,0.013711940497159958,-1.0128279,-28.444511,4.8918824,-12.467588,14.824906,-0.32683658599853516,0.51096463,-21.036484,-3.1439652,-13.197267,14.010528,-0.14842870831489563,-0.7667742,-24.279696,-3.136251,-3.6878016,18.355713,0.12331248819828033,-1.0170114,-18.697002,10.531193,-7.84615,15.629748,0.37991440296173096,-0.50224304,-19.099274,2.2263708,-7.136226,11.306826,-0.474273681640625,-0.4496081,-14.815813,2.5010676,-7.429531,10.691703,-0.3239571154117584,-0.33996654,-14.880527,0.07478559,2402.7994286508633,900.8857779480088,0.6739115428234206,0.43528566198922247,1722.476410190569,2872.402923237824,4482.175925925926,1304.658790384615,0.036039908547436855,-0.18494476707593588,3714.84375,5425.78125,0.2214156539351852,0.12774598785317393,0.3120341436996675,-0.9991736843799544,0.11279296875,0.33154296875,1723.1178,1250.0345,0.14242638647556305,-1.5931683,455.31598,2915.3535,0.09332367,0.08603897,0.8884970545768738,-0.26713514,0.016299307,0.13041127,0.0,0.10662190605861094,10.31471623868558,25.0
aa16a8a00137d9bce16caaf6d101696fefaf098e73d67e8999f3114b43b1cba9d247a60f92775bfefe9b53f5f20b5814a20a8574653862b1978abe3dbacef13b,15.0,-407.87256,172.32358,-0.5724365711212158,-1.1457025,-582.0615,-261.89542,75.46221,50.04197,-0.379999041557312,0.07314718,41.372757,114.89282,-3.7475162,39.035393,-0.3009505942463875,-0.5720165,-31.85083,23.05,35.993183,38.44159,0.9460456669330597,0.20993209,10.396017,55.101887,-35.93132,28.709118,-0.4913463592529297,-0.28364098,-53.430183,-12.598803,14.954457,16.83205,0.3766743242740631,-0.6575351,2.518615,28.63488,-24.186884,16.272596,-0.1773972362279892,-0.91339976,-35.416042,-10.28994,-9.403887,12.040137,-0.07987242937088013,0.21088183,-17.22942,-1.1285728,-5.38949,10.213467,-0.18538034707307816,-0.61652696,-12.91036,2.1348393,-7.8905478,12.339236,-0.442209392786026,-0.27659476,-16.006014,0.68756163,4.5345516,11.51441,0.4078314006328583,-0.41106415,-3.6208827,11.726434,-8.475824,10.432734,-0.42833319306373596,-0.21179926,-14.555502,-0.9952859,0.18059736,9.193293,0.1353098712861538,-0.16247678,-6.091129,5.7401996,2235.592531467123,849.3505950488802,0.6246788900994514,-0.3283858764048986,1554.1109946964227,2851.448517910293,4337.663651825031,1150.2353679419539,-0.12076651065547611,-0.504157751758376,3565.4296875,5412.109375,0.2010847947055181,0.10381284472028633,0.6138956401114453,-0.28146786932542556,0.11248779296875,0.27496337890625,1716.0085,1214.8367,0.4845123440027237,-1.1568705,627.9492,2818.9265,0.015851723,0.0130525315,0.3380458652973175,-1.0574358,0.0017592481,0.02519165,0.0,0.10080744676603574,9.647894709052899,15.0
ab26f653cf43d85acc3f3bfb324a3e641602acb462c6ffd919beb57bae1d25a857840a588d125d37a22b674db9f4356c25b3b78d6b1971b06360fb98a3d41ee3,55.0,-305.53207,156.96217,-0.2067020982503891,-1.5029638,-487.18317,-171.44739,46.467804,60.07642,-0.45773860812187195,0.10262036,22.606121,84.93278,38.26019,36.046295,0.4026429057121277,-0.2290659,19.012669,63.25287,-4.347584,31.394787,-0.33487650752067566,-0.31967115,-29.04767,15.169176,1.6398424,20.427044,-0.672235369682312,0.92759967,-11.460251,15.09892,11.82505,17.135136,-0.17303556203842163,0.5040927,4.3563385,20.569447,-8.661737,17.395683,-0.37496376037597656,-0.36384344,-21.094852,7.0231423,3.4311929,16.767317,-0.7595914006233215,0.37093568,-4.087371,14.376524,-7.2030435,13.572771,-0.7421459555625916,0.1389234,-15.538395,3.5853107,4.976012,11.273713,0.11350420862436295,0.16226745,-1.207061,10.714445,-4.262513,11.301686,0.24821563065052032,-0.30122542,-13.293707,2.6103673,-2.4534469,10.108132,-0.13345292210578918,-0.59165645,-8.944881,5.0390997,12.075249,10.4975195,0.19449327886104584,-0.41796923,4.7230477,19.20747,2629.5560238288326,1482.4981556225068,0.6988731682294146,-0.5838189386706056,1497.8773223975275,3396.8453123766394,4812.068634969325,1905.5372602753976,-0.8348245697139267,-0.4081948554367343,3664.0625,6226.5625,0.21139882093558282,0.19367121906497164,1.1541941022259297,0.2622384507767368,0.075927734375,0.3046875,1291.0743,1081.3558,0.996678352355957,-0.2351861,436.85657,1824.8652,0.07252524,0.07173346,0.6436303853988647,-0.8253498,0.0045350334,0.13540682,0.0,0.1128143147316458,8.87440764683478,55.0
accdd75d1097cead0f8d6b00986bb4d4bb77ce836178b264011006732c25858a69e00d7e19c987533dd2e50ba61c8ba8c7c4b0092bc6ba5b7f702262ec9f0e75,35.0,-307.4632,171.8811,-0.6454919427633286,-1.0410231,-475.89056,-169.73808,98.3719,58.469784,-0.20257719792425632,-0.50986195,47.90128,141.94363,-3.5409248,40.389336,-0.229093536734581,-0.62979376,-36.458084,29.417913,43.906883,34.334354,0.8364269435405731,0.5650344,21.677671,60.55601,-8.731072,26.158457,-0.459854856133461,-0.57206225,-26.117416,14.696052,6.3967085,17.7124,-0.3833923116326332,-0.14890587,-5.2451553,17.745743,-3.671114,17.056213,-0.2679986506700516,-1.0604527,-18.832071,12.3612795,-0.8380406,14.0989685,-0.41203209944069386,-0.51160336,-10.674392,10.950379,6.7008805,11.893737,-0.34024486877024174,0.5321325,-0.34800696,14.005076,1.6849627,14.902912,-0.671554908156395,0.0691669,-5.862911,11.681738,5.1873302,10.047531,0.2485792189836502,0.41796398,-1.3714595,11.9018135,-3.7608128,12.8497925,-0.2144073136150837,-0.7395687,-13.312924,6.5290694,2.5033238,10.469083,-0.29841531068086624,-0.48847687,-5.0858893,9.705789,1514.5306003183107,841.7903367993811,2.150360741604635,5.746783184563148,1015.3393749323719,1731.2310915965213,3161.2628202041606,1517.7982074811011,0.685444537481211,0.025744842497736453,2138.671875,4009.765625,0.08614343957651194,0.0845200338801522,2.6800966325957516,9.548018409952245,0.04052734375,0.1015625,1257.343,999.9398,0.9744992256164551,0.109169066,430.3944,1985.5583,0.06359916,0.051263932,0.36607149988412857,-0.9470302,0.010555655,0.10437599,0.0,0.10612769512459533,9.004999691957357,35.0
ad2e88b8d90fe98704ea8070113a0ae06c8fc4ced1fe877e1d0fc8b88e186f63dd3775e981a4fcd2786eab3bf674d1c5d582418a503710cd2ea184ff46dc1ce7,25.0,-480.34503,135.54463,-0.407709538936615,-1.3226058,-631.74805,-362.90186,106.587006,70.26106,0.14175669848918915,-1.4258215,37.18372,174.4123,-0.059096735,33.753418,-0.5758088231086731,-0.2891369,-21.94097,21.836231,22.604816,33.02473,1.3369300365447998,1.920032,4.2848797,35.07439,-1.9962994,24.328962,-0.6921669244766235,0.3007176,-14.915817,12.26478,7.0099044,13.906223,-0.8057861328125,0.6809342,1.4417909,15.900332,-4.0085535,15.422678,-0.3311786949634552,-0.79102707,-15.587823,8.149864,-11.694139,19.82818,-0.3284580707550049,-0.81880164,-27.714523,5.5427504,-5.2697825,10.83063,-0.5457151532173157,-0.0075399876,-11.861241,2.7188094,-5.045511,11.741695,-0.7081025838851929,0.028633356,-12.414846,4.4465027,-2.03252,9.528774,-0.12545204162597656,0.23979878,-8.601509,4.53111,4.6025405,10.803987,0.07024542987346649,0.2673185,-1.8647009,10.485162,-4.11784,11.971223,-0.7124452590942383,-0.22065878,-11.751102,4.3416705,1738.4385958008531,1037.6592750474497,0.5155159298066603,-1.2909417456247638,829.5359270330916,2837.9642272197675,3365.234375,2056.4749323525325,0.2020531134377093,-1.646685755430405,1328.125,5677.734375,0.1575994318181818,0.10529487075944738,0.8008978715293528,-0.07063427118124643,0.06982421875,0.23583984375,1437.6895,1101.4323,0.7773526906967163,-0.61802125,500.818,2198.3376,0.013038722,0.012841699,0.6763354539871216,-0.7411828,0.00029522,0.022464044,0.0,0.11174346178823469,11.696804137198948,25.0
ad6ee5dfc2c0964ece116f29c0ab2886331e3e79a47bfba910a9c5d1805b9adfb75e3e406be994fd3986d6c7618aefaa81550663fbe99679780e02ba4053a388,85.0,-237.71915,102.023575,0.4211598187685013,-1.0476859,-329.87756,-155.39828,94.2336,60.136337,0.2860635742545128,-1.546623,36.25773,151.54413,12.021752,22.399345,-0.7301138117909431,1.5161756,5.597166,25.328209,20.086674,23.288742,1.0476068258285522,1.5716102,9.30923,27.908426,-0.98584414,16.202925,-0.7404550313949585,0.97392905,-5.7795634,6.822854,0.59161127,12.217625,-0.6874663233757019,0.21430075,-6.455467,8.499438,-8.096762,13.540176,-0.9313252866268158,0.3065729,-16.2347,1.4860817,-11.795064,16.6651,-0.6174711883068085,-0.765092,-25.26681,2.6468334,-10.4562435,14.082518,-0.8687846660614014,0.2325648,-18.693195,0.5776324,-1.4042532,11.967367,-0.3870404362678528,-0.48246968,-9.838717,7.1789203,-3.638227,9.7143345,-0.5216617733240128,0.15669692,-9.034687,2.8845668,2.03044,8.53862,-0.24449556320905685,0.42859125,-2.5691063,7.2569413,-4.555643,7.40133,-0.596891351044178,0.34563923,-8.949417,1.1046493,1925.9673799247594,1076.2003529861588,0.039853234433462226,-1.841874940906099,831.1985746880214,3041.694079257027,3733.4102923900273,2218.858061696437,-0.10046839990693929,-1.831140617987653,1419.921875,5988.28125,0.17767215276134807,0.1161706840528144,0.14717572043682714,-1.694998534683446,0.0596923828125,0.29730224609375,1625.859,1136.6377,0.5155597478151321,-0.9724175,596.9757,2529.4878,0.11542168,0.13992667,1.190877079963684,0.4826659,0.0040034195,0.17832288,0.0,0.10974185955089236,8.078248435055087,85.0
ad95e92260ba9aeb54daba0b5fd2ec97075e7951901073085e7ff049061f2561773e7050e9e575e4df5b9ba7822bd0b18dfdfaeecafaf413df9743219f6dda0f,15.0,-297.6482,160.86613,-0.587644636631012,-1.1572053,-450.2459,-171.18588,72.29915,60.208733,0.20779943466186523,-1.3024087,18.449234,128.27988,22.69485,25.222435,0.024475306272506714,0.54666233,7.6916637,40.30903,37.112267,27.137257,0.7699508965015411,-0.006251812,16.24631,50.831627,-6.0038757,23.46405,-1.120615005493164,1.4751664,-17.351511,10.83393,3.880113,16.790613,-0.5612140595912933,0.15524733,-5.13344,15.50177,-18.46275,19.160004,0.08058145828545094,-0.99357396,-32.784496,1.1854721,7.8573136,10.57724,-0.05045941472053528,0.59006226,2.3190813,14.672871,-13.127184,14.782351,-0.3350873291492462,-0.46903998,-24.24971,-0.084073424,5.1403756,11.149085,0.20409605372697115,0.5710012,-1.4178113,10.699728,-4.5402985,12.04636,-0.21094392240047455,-0.85742563,-15.013294,4.5967183,2.376221,9.472019,-0.30976855009794235,0.2366935,-2.369256,8.386161,-1.2772963,8.974621,-0.17717406153678894,0.096073866,-6.8417063,4.893132,1932.830545224848,1089.3032628617834,0.8320850950618484,-0.43782220454012033,1060.4891577943467,2566.697124304568,3754.594902044074,1765.4972916854247,-0.13761734362825698,-1.1385643140812396,2356.4453125,5393.5546875,0.16080104422095431,0.11766513985584645,0.93226730919634,0.04643007655783116,0.064697265625,0.232177734375,1557.5154,1275.1929,0.5113991051912308,-1.2404118,405.32608,2713.9146,0.0641942,0.057306185,0.6618937402963638,-0.14754748,0.0054998747,0.09909888,0.0,0.1301128557656257,9.368164290212544,15.0
adb614a509fab4c46879303cfed01fb5531299a1bff375ca6bddce69a144d87c5bb0fed320c25e0e2ca3d09520a864c964cfe4cff44ded231f3580e6415ab890,25.0,-373.7237,218.43976,0.02065817266702652,-1.6177557,-617.4197,-171.83572,27.740932,62.89884,-0.7388011515140533,1.2079126,0.0,76.41151,-13.231117,36.18154,-0.420051671564579,1.4244181,-28.999706,0.0,16.555313,30.381401,1.2829465866088867,1.3635855,0.0,30.34827,-20.860027,27.060352,-1.0554200410842896,0.6150094,-38.201836,0.0,-2.8499675,15.433039,0.2798570543527603,0.98469317,-11.459414,5.1600475,-16.113308,19.016441,-0.5812443643808365,-0.31881225,-28.860363,0.0,-5.984444,16.516788,-0.32362839579582214,3.6195176,-13.879794,0.0,-10.922945,15.316048,-0.6077806055545807,-0.19732296,-23.38187,0.0,-3.6144686,13.770845,-0.44409845769405365,1.1089306,-9.578609,0.80658966,-7.7610955,12.048306,-0.9493080675601959,0.118341684,-14.959387,0.0,-1.0642549,7.8464527,0.16998397465795279,1.3906875,-3.6646013,1.426465,-7.1735725,8.686325,-0.6974913477897644,0.12558615,-12.49386,0.0,2020.7366898351625,1477.290386951282,0.3907714075412507,-0.36689332995240065,860.8590083420455,2903.557351187665,3469.6522066885964,2219.3536929564707,-0.2710142594439171,-0.8534940853225864,1653.3203125,5525.390625,0.17626747532894738,0.15596500528235285,0.8555384524393717,0.4398870409911342,0.060302734375,0.2545166015625,1851.3529,1153.1868,0.2299494445323944,-1.2125772,773.9026,2783.7036,0.047223464,0.056513797,1.12015700340271,0.23194098,0.00015413886,0.083134234,0.0,0.13788288098361984,4.796167828795603,25.0
ae2eb030c7235c0219851226210f5a95e6cd895c7cb67cfa60d086ff2be6202b1bff06504dcb46473f416947d11a2dd7ede97b354958439a057abe61dcd162f4,65.0,-362.0133,151.84854,0.027532219886779785,-1.4776051,-542.483,-221.97977,41.276062,74.98088,0.2960515469312668,-0.62011635,0.0,106.31613,12.006556,36.440163,0.37401988729834557,0.52941966,-7.2021313,33.876972,15.740327,36.084343,0.6489162147045135,0.43599606,-6.6773033,32.036674,0.6857779,22.999023,0.18974700570106506,1.3427094,-8.168319,8.936315,-9.224979,20.217312,-0.8419089019298553,0.67154396,-20.6052,0.57916963,-12.828585,19.444847,-0.7684682905673981,0.7484282,-25.051004,0.0,-8.980204,16.53938,-0.8040632605552673,0.57830155,-17.404629,0.06827683,-9.712925,14.214383,-0.46766646206378937,-0.51315284,-21.080778,0.0,-5.980429,12.429344,-0.24676114320755005,0.07720852,-14.454743,0.0,-7.1985965,11.020962,-0.419755682349205,0.13521719,-14.956156,0.17084694,-0.7072736,8.836185,0.2493981048464775,0.9234129,-5.8442316,2.775178,-6.64194,9.132204,-0.6791591346263885,0.20710671,-13.180027,0.0,2182.927198791809,1293.2496910126952,0.8942085626930506,0.25511071392300755,1090.4316853217936,2769.971804979371,3959.2445076075405,1905.6872354740074,-0.19398559393721126,-1.0793734376736352,2080.078125,5372.0703125,0.19722683317557127,0.14752160631797057,1.3363148462559127,1.7789857915247334,0.0914306640625,0.25689697265625,1554.7024,1083.8577,0.6122564077377319,-0.74903023,593.6404,2318.0454,0.047066838,0.056321785,1.4927935004234314,2.1837733,0.00036611204,0.07982767,0.0,0.13656901672953298,9.19604061682426,65.0
ae9c478086baccf8171cf9aaee06956145b19b4c07cafc10c77738e51d9071dc040810601be3493bcf063cb17c2d3400397549901a8258033239dc02ca67339f,65.0,-395.16986,151.1676,-0.1092156395316124,-1.4715427,-558.9193,-268.33398,85.22049,66.60942,0.06681637465953827,-1.2865441,21.006796,140.58588,-13.544512,29.79678,-0.650068610906601,0.2545972,-33.24885,4.415497,34.183132,34.293533,0.6979949474334717,-0.30651295,6.340728,56.692005,-7.077901,22.255018,-0.9962138831615448,1.1170468,-19.182617,6.3690977,-7.5537267,12.772262,-0.42954643070697784,0.18645573,-15.903059,1.0941911,-10.638142,14.448063,-0.2872301023453474,-0.20080304,-20.299767,0.00010798313,-16.581654,16.116066,-0.44047319889068604,-0.6326947,-27.232765,-1.2446884,-5.4661508,10.660767,-0.594581201672554,0.7257688,-11.483538,0.40911275,-8.72565,13.595165,-1.1192489862442017,1.0501562,-14.998009,0.07258096,-9.621672,11.86127,-0.1588206784799695,-0.36568892,-18.414825,0.0,-6.7394934,9.147157,-0.4818650968372822,0.86883557,-11.97964,-0.2242891,-7.730582,9.774887,-0.674864798784256,0.21395588,-13.487524,-0.36205846,1371.7114520465589,639.9567780215104,1.123510367297406,1.2137246971122306,916.979980306184,1708.415387134377,2803.8863349206667,1445.724468944856,0.6901819695920185,-0.04337733533865573,1734.375,3525.390625,0.10528208545802795,0.06127234009672643,1.4429202250359565,2.3318313473517907,0.0615234375,0.1387939453125,1311.4534,992.11005,0.7758579850196838,-0.46130943,462.45554,1985.9801,0.034911264,0.04453899,1.644338071346283,2.5288665,0.0005317893,0.05062852,0.0,0.11703001444650585,11.318050927281966,65.0
aea9cc9807641b6fbddfa72ca3f89807b95787e8d49e66d35c619a7fb8fb3286462c9b129cdcf482c127f3a7bed781121feef3cbdbceaf740f93df0cfa6e3a0b,15.0,-467.46838,128.07196,-0.4090854823589325,-1.0098525,-574.0973,-362.22742,87.46113,79.94382,-0.45201820135116577,-0.6702106,15.426516,153.1123,-6.843746,40.06101,-0.3326694667339325,-0.09937215,-32.085167,19.478607,31.712328,34.58962,0.8987991213798523,0.5322294,6.6457615,51.461864,18.657562,20.824757,0.20154482126235962,-0.03987384,4.8334193,31.951603,18.091536,24.825233,0.2258443534374237,-0.30158806,2.0401525,34.483334,-2.2629387,22.088148,-0.2501865327358246,0.5730376,-15.704351,8.621298,-5.220416,18.94541,-0.5036116242408752,0.79964924,-15.191832,5.32986,-0.67718595,16.021236,-0.0827537328004837,-0.024482489,-10.217314,8.965744,-4.035927,12.266191,0.08461914211511612,0.38999343,-12.605704,2.8173661,-19.186586,12.791514,-0.26513001322746277,-0.49781036,-27.16269,-10.404445,-13.214974,13.15646,0.1223352774977684,-0.24303603,-22.931282,-3.4232798,1.1920233,10.24379,0.6337002515792847,0.5523374,-5.4682894,7.2115226,1717.9476122824708,1204.9431593937375,0.8431658872132282,-0.07967303359402989,707.7227164073921,2620.8757393332307,3025.7464574898786,1971.0576944288844,0.33774776037952847,-1.1937321182886278,1515.625,5160.15625,0.16677868800607287,0.13742674186787965,1.0828698252612243,0.9569071467291774,0.04931640625,0.228515625,1731.5923,1068.7618,0.26559996604919434,-1.0212791,826.9246,2649.6934,0.016519263,0.014229194,0.8857406973838806,0.74662375,0.0033034268,0.024808094,0.0,0.12545834247724963,11.762081119141683,15.0
af35c0dc3f3cf534a6dd350146bd7b5c306fb8f0bcfcf5fa11153462359ae083c02e0be10759293e9866dfba58e85387159e28bab5c8e465863fe64bfbbf0184,55.0,-162.07727,130.12776,0.12678678333759308,-0.90184784,-258.25186,-31.088272,68.195465,48.364532,-1.153745412826538,2.2559566,61.7326,90.320496,-0.4448799,29.340326,-0.5783578157424927,0.055918217,-15.631056,17.093948,22.80318,18.086405,-0.10047588497400284,0.5290208,14.43001,31.884714,8.676495,15.231367,-0.03171049803495407,0.7297299,2.2642543,15.226236,6.562351,12.372007,-0.49251416325569153,0.8159332,-0.019117914,13.812845,-7.672745,13.009344,-1.0286343097686768,1.919241,-14.023076,0.38655713,4.2108564,11.803419,-0.4589865207672119,0.8583312,-1.9003072,10.974569,2.0032244,9.215416,0.9365906715393066,1.6883607,-3.8083117,6.927365,1.5813274,10.681896,1.1829496622085571,1.8816533,-5.4034777,5.8063793,-7.0693336,8.903818,-0.7843454480171204,0.24710083,-11.304885,-1.1295813,2.6744769,7.3223057,-0.5348671674728394,0.13048816,-2.6219814,7.7129602,-10.659531,9.441682,-0.698168933391571,1.0015683,-15.322411,-4.4048605,2169.7012199633577,879.0673070317306,1.0113945330290763,1.1382684206312588,1576.9685979862786,2335.084118558434,4271.733710106383,1509.5925436693262,-0.3336224913412828,-0.7724974229022665,2835.9375,5134.765625,0.17722531582446807,0.10527764154628079,1.4745133610920316,2.8551087377579414,0.111328125,0.204833984375,1478.7538,1051.9701,0.724091649055481,-0.4893005,572.38245,2093.038,0.14590684,0.16204585,0.7044640779495239,-1.0812821,0.011340827,0.30456632,0.0,0.13239916275177013,6.313816874000902,55.0
b1389a94c85e15b0b2bbb607f7b661a932a925faa999ff8efabe4c898bb023bcfedfffc1af623899b4f8f9c3d35af5d57c71044bf93b051c94e94b085304c4e5,25.0,-465.78098,178.40631,0.6983790397644043,-1.2639604,-612.6492,-240.92122,83.49657,34.172928,0.9054391980171204,0.36215615,63.515472,107.271034,7.0029387,34.580776,-0.6264376044273376,-0.16958737,-15.86639,26.500141,26.07801,25.380396,0.8510389924049377,0.15477395,9.536171,42.920708,4.8300195,20.149536,-1.692189335823059,2.8737917,-0.8336841,15.855249,1.2202678,14.845965,-0.8991350531578064,-0.41868424,-12.471279,10.912181,7.4903784,10.639595,0.6434406042098999,1.2912011,0.46357548,12.807615,-8.051824,16.866077,-0.5105380415916443,-0.52459455,-21.128136,3.3698194,-1.3213143,11.859546,-1.1717963218688965,1.6751289,-5.1253333,5.839397,3.9554188,9.625608,-1.0891579389572144,3.3983169,-0.15416503,9.610949,-7.285845,13.5394535,-0.7477710843086243,-0.112668276,-19.265388,2.838478,6.2042136,10.216412,1.6510729789733887,2.9871192,0.18346566,8.539732,1.2980393,9.948405,-1.1451735496520996,0.9497938,-2.0594425,7.7775545,1587.3045446659469,356.35738698728335,-0.18333664975981467,1.812699945329407,1494.2289206329815,1709.0416602894084,3525.752314814815,920.8939875723369,-0.11962417441048201,2.136238455362406,3093.75,3882.8125,0.09643253279320987,0.0407281450836934,0.3719056232538794,-0.1911723559406413,0.0751953125,0.12158203125,1332.3115,1055.607,0.751426637172699,-0.77854323,439.0631,2071.5325,0.015308621,0.022452118,1.3846499919891357,0.61009693,0.00036410056,0.0280076,0.0,0.144027508986672,6.473217461945443,25.0
b1fbe23531ac54299dae19020e93f7c4f87cb379bd48bfb74dbeb298b0f3e8cd22953ec25fefeb8161a7296b0b6c6e5b707b0d12aa4dd2331654ce76a0f0d168,35.0,-302.7221,142.12654,-0.3325725197792053,-1.3482963,-453.57745,-177.4873,118.29289,66.1595,-0.7430026531219482,-0.018296003,80.00954,177.25027,-7.8617115,42.62096,-0.10330172628164291,-0.6416118,-40.406185,28.945827,25.254202,20.369139,0.521503210067749,0.3515756,12.869729,36.936375,2.1796715,24.678164,-0.378200888633728,0.35997915,-11.724674,18.702934,7.899567,16.2993,0.28308820724487305,-0.36205816,-3.3371391,17.336897,7.543728,21.428947,0.4098799526691437,0.11030197,-10.187232,20.472462,-3.4018185,21.589966,-0.29364636540412903,-0.69079757,-18.32636,12.692081,4.6352644,14.480141,0.14943833649158478,-0.86084914,-6.7935815,16.2944,-9.00078,15.927688,0.04911775514483452,-0.73994064,-20.197083,3.3174086,-0.9621494,11.496751,-0.7229143381118774,0.30967593,-7.1944857,7.091442,-2.7823718,8.987991,-0.06313354521989822,-0.82725215,-10.560943,4.4191966,-8.496172,10.245613,0.23570801317691803,-0.4748633,-16.0667,-1.1179235,1392.7381190382123,983.2292056529683,1.4502149972697516,1.6520777718836994,783.7073211081696,1739.0440516574963,2590.0135869565215,1808.9772467704113,0.6776798850840907,-0.7054312933564342,1273.4375,3968.75,0.11670771059782609,0.09596475783357568,1.345838262898732,1.15516483904754,0.046875,0.154541015625,1539.9546,1119.6494,0.6405776739120483,-0.78048134,554.6059,2342.391,0.05315191,0.051689785,1.792412281036377,3.1410031,0.017242312,0.06756869,0.0,0.0901322618286487,8.032588380444654,35.0
b33c4d002e0471033dd19db1782521f326b5afb7932185816069f6d6ba91526c8967e8177811502a2ad5b3a4542cd314685bec1bc751f15e06b2287f1b71e082,15.0,-402.4768,97.22443,-0.08260896056890488,-0.70796704,-470.16055,-336.67468,117.36512,53.874077,-0.5073155760765076,-0.43017304,86.48506,162.44621,2.485161,32.05944,-0.2940034829080105,-0.17992604,-20.574116,22.697653,24.000847,26.242905,0.5628067329525948,0.9839684,5.8862696,40.660324,-11.506711,23.586487,-0.295564629137516,-0.41305768,-27.487045,6.246856,-7.770571,21.592295,-0.05099361203610897,-0.18421566,-21.358978,4.2999644,-25.977528,20.358288,-0.2106170579791069,-0.7155973,-42.084957,-8.326577,-3.8662143,15.621805,0.12169170938432217,-0.09311783,-13.008525,4.9301186,-20.803577,13.765374,-0.24235313618555665,0.3325169,-29.846361,-9.449827,-7.9794016,11.980692,-0.3160809986293316,1.3408992,-14.0261965,-1.3549709,-10.157988,11.265083,0.26573462784290314,0.7261424,-17.605965,-3.9262648,-5.028502,9.566914,0.1973918378353119,0.6862472,-10.959461,0.39088023,-6.704308,10.103217,0.5559256821870804,2.1320205,-13.057657,-1.019325,1465.2401120209875,972.6423806056521,1.76716350784058,2.6467480080317074,825.1207944424152,1697.6440057256525,2681.2024771549372,1520.3827899971116,0.6050604663547673,-0.757346717816161,1416.9921875,3725.5859375,0.13969975631222722,0.11947333454040227,2.119407473777497,4.665464106731348,0.0631103515625,0.1695556640625,1044.2158,904.70056,1.52106112241745,2.024026,393.88,1440.6443,0.021795398,0.01914771,1.1148043870925903,1.30497,0.006646284,0.03131215,0.0,0.14202382898690918,10.432440352572822,15.0
b3fc2af7300f0739a9214c163a5bcccafdda92f111b1960f8855187f46185965d222b3cdf41c77db541de7f0cb5de1f587a5a43de092358d670f1639aa25557e,55.0,-318.1941,144.61923,-0.5214595198631287,-1.0727892,-420.91187,-208.66837,83.031815,78.223335,-0.35527461767196655,-0.4100654,0.10459274,146.14423,26.730917,32.737785,0.824004054069519,-0.20259666,0.0,45.7368,20.283005,28.770283,0.23327310383319855,-0.57814693,0.0,40.63738,-36.723877,30.242922,-0.5094876885414124,-0.6313367,-54.66121,-9.603337,-17.928658,17.065153,-0.05889714136719704,-1.0044147,-32.848972,0.0,-25.489145,21.035069,-0.2791447341442108,-1.1432451,-42.348072,-4.8917394,5.6956325,11.909344,0.5182201862335205,0.0073854923,-0.8769886,13.64653,-21.060394,16.308235,-0.00733049213886261,-0.948848,-35.603714,-2.021412,2.513603,9.932516,0.05471700429916382,0.7187073,-1.7980988,7.837214,-8.973539,11.536159,-0.5982951521873474,-0.35411358,-16.85606,0.0,-0.12043948,9.310879,-0.21627579629421234,0.058201075,-4.386741,5.554821,2.3004417,8.032593,0.5843182802200317,0.40732288,-1.4254344,6.232213,1926.2321666253092,1263.4884779166564,0.7895723564300342,-0.5317076370902929,874.2020780597792,3112.063573600562,3356.788429054054,2063.0238837436495,-0.014914546322028504,-1.6327707132338691,966.796875,5718.75,0.20104320629222974,0.14980073659944204,0.7299738917490678,-0.5814005021337914,0.0673828125,0.327880859375,1708.5548,1177.3434,0.36087021231651306,-1.2647458,607.64606,2738.5518,0.08201193,0.07095003,0.6146275401115417,-0.40994692,0.016655259,0.13232729,0.0,0.10781813787211966,13.09792069922879,55.0
b4b26fbfc9f858c46eeed33fc8ca9eb6e1c8827d640714068f325a07bfa7a273304bdf5329439762c5418d71c310780f8dc6829517a41fe4572eb30528fbc6a2,15.0,-357.68585,152.83815,0.000837668776512146,-1.2947786,-531.5449,-226.86865,27.95137,50.941322,-0.1740351766347885,1.3174671,-0.6894015,61.52958,-7.5771065,37.85892,-0.41438345331698656,1.2140385,-27.557266,11.461078,3.3380306,26.291489,0.016985883004963398,0.53845024,-8.559457,18.289139,-18.435326,24.818565,-0.6308756470680237,-0.029346585,-35.278927,0.0,-11.916294,20.270071,-0.42783476412296295,0.03176284,-24.848816,0.47466704,-20.983019,20.885931,-0.3182859420776367,-0.9115982,-37.538994,-0.2391824,-6.670884,14.958332,-0.3969480097293854,0.39859772,-14.811791,0.72549415,-9.576689,15.104378,-0.2761902925558388,-0.3223362,-20.696133,0.0,-3.7415938,11.307404,-0.030495338141918182,0.49101198,-10.606222,1.1818877,-7.0828524,12.25543,-0.08188126236200333,0.42233503,-14.955017,0.0,-4.218836,10.732729,-0.39122650027275085,0.21777809,-10.926487,1.837703,-8.361847,12.418728,0.07635726779699326,0.6709274,-17.134615,0.0,2671.197839206011,1228.3568706218334,0.17863373712093988,-0.5633804607345458,1743.3032686952151,3526.0575229785427,4747.13134765625,1880.3898929366483,-0.6642088186534074,-0.23150478215411663,3418.9453125,6366.2109375,0.2678356170654297,0.17761172164612396,0.5726630116746225,-0.6816829085806997,0.117919921875,0.39874267578125,1925.8605,1133.6987,0.11108364909887314,-1.2441833,845.55566,2898.0732,0.055308446,0.061491854,1.6762894690036774,3.4156928,0.0016929484,0.0913343,0.0,0.08356956333388195,12.639564374902996,15.0
b4d0270c1c394954d3be16c0f1c2d4f1cf724efd3e9ea9a0e37d3124c882c94a5d79ae21630ea88d3157c68273b19c39d1b4cc820325b47909c526863b5f6a20,25.0,-295.0346,159.88416,-0.6032730937004089,-1.0436344,-419.57,-168.7101,70.898926,64.01463,0.14990805089473724,-0.45965743,20.586792,118.41365,17.06284,42.15178,0.15162067115306854,-0.42667747,-9.69912,46.474625,5.888595,37.048767,0.4906257390975952,0.23040915,-20.361797,22.290028,-0.24770682,21.971184,-0.5036553740501404,0.12204385,-13.99891,13.1122,-10.827413,22.773668,-0.18230213224887848,-0.54268575,-27.600769,5.8211617,-11.14593,19.223759,-0.11900496482849121,-0.49491644,-23.890713,2.661953,-3.5801973,14.460879,-0.1078496128320694,-0.3129115,-14.7376995,5.9629335,-5.1750727,18.29734,0.04067554324865341,-0.43768954,-18.495687,7.1905565,-7.9540863,14.275577,-0.48783060908317566,-0.08441663,-17.615227,2.0167282,-8.296934,14.067589,-0.03262710943818092,0.2105205,-18.435472,1.3914487,-6.161991,12.308249,-0.6559500098228455,0.6631906,-12.8124275,2.2043262,-2.265098,9.601285,0.18280373513698578,0.1250515,-7.9653707,3.2686753,2395.2949337900322,1425.248025962196,0.8395258960416877,-0.2878917446671969,1241.508098013102,3049.479097871545,4302.209341397849,2065.368053142214,-0.11593939483547717,-1.4587520494496748,2298.828125,5951.171875,0.22684864331317203,0.15630803465535975,0.6358834263948768,-0.45691340683805404,0.0802001953125,0.3341064453125,1601.8605,1110.1439,0.5419414043426514,-0.9171524,619.2385,2457.9575,0.06654804,0.052951243,0.39958932995796204,-0.527421,0.0061683767,0.09936313,0.0,0.09099538553686642,10.851448982190044,25.0
b5100bd14202023e9f3d142eba260df92a1d40f7c741a9dbd854f85017e07b4ade42e6943e808650ed90ca89ce88fd8428eeafefd9cc58de75e46425cd62695e,25.0,-340.37183,138.7598,-0.4222623407840729,-1.2903785,-479.3834,-221.59279,50.950413,69.28425,-0.28743091225624084,-0.7280531,2.5214825,111.93178,30.144413,39.045948,-0.1483980417251587,-0.549422,7.256867,60.626194,25.438658,28.036604,1.2436083555221558,1.1518569,7.5426397,36.676384,9.846459,16.779922,-0.2980629503726959,-0.14976549,-0.4301939,21.536179,15.622355,15.82959,-0.5798007845878601,0.19366765,7.6756954,26.007332,-8.281048,20.450485,-0.3920941650867462,-0.8288231,-23.079763,9.58522,-11.53988,20.537691,-0.13674317300319672,-0.9403243,-29.835577,3.3218083,-6.991029,10.922527,0.27352556586265564,0.95267916,-12.84203,-0.7341834,-5.0767465,14.926869,-1.0458842515945435,0.53111625,-14.470916,5.7006845,5.273049,9.058359,-0.4028991758823395,0.427804,0.43199605,11.017903,-8.040847,10.279697,-0.33024290204048157,-0.59631944,-15.297602,0.18967059,-6.507627,8.426591,-0.29128938913345337,-0.1818304,-12.086996,-1.0426635,2455.093952066189,1463.9248283898999,0.5410215907203821,-1.254519894820187,1194.0747135872107,3918.719589821574,4437.0777027027025,2050.40609847235,-0.31421069930716217,-1.3368495623799022,2410.15625,6433.59375,0.18635627815315314,0.14778321474795816,1.1311319387851297,0.5674126646703783,0.067138671875,0.275390625,1591.0573,1348.3916,0.5276893973350525,-1.2989084,363.76752,2888.6768,0.04218754,0.039860692,0.7487633228302002,-0.30732703,0.0033503035,0.06928067,0.0,0.10960543348940528,9.005815503621994,25.0
b74ab1c0d457168bab7f97306989829f30cd8f4774df2e775d2690cb4ad09e481aeb436e3bd807efff38d45e1d9c26de15f3567a0a41aeba824675b5a18519e6,35.0,-356.66556,112.24938,0.011689066886901855,-1.4105097,-474.5733,-258.18658,61.012314,47.59742,-0.3647586703300476,0.57560825,39.390884,93.28726,-1.0217856,32.676308,0.6027030944824219,1.3135729,-14.358389,9.417371,53.795216,29.857508,0.41442522406578064,0.9340284,37.62907,65.02683,0.55244786,23.111841,-0.3588567078113556,0.9007528,-8.076149,10.30311,6.388335,21.197578,-0.50580894947052,-0.83222556,-10.014832,25.472435,5.122348,18.554226,-0.781140923500061,-0.39597416,-8.000744,20.014143,-16.612267,19.071627,-0.5404394865036011,-0.833539,-32.414955,-1.3989491,-6.7766595,11.363566,-0.606821596622467,-0.040388823,-13.252598,2.0243685,2.2643108,12.428425,-0.44800254702568054,0.34381175,-4.8776884,10.250925,-8.768841,10.698643,0.28517723083496094,0.0018570423,-14.392393,-3.358972,-0.24384703,10.324508,-0.37875044345855713,0.8434112,-4.663744,5.6877375,-4.2942047,9.404886,-0.4081583023071289,0.6302271,-8.965728,1.5183406,2256.3721400741338,1031.8961939820558,1.7125308330834268,3.2897080544743336,1606.3992829128078,2406.0241235232174,4076.605902777778,1273.3105509023442,0.6287580235829101,0.3640873889208094,3224.609375,4408.203125,0.1970192238136574,0.13314200851728106,2.4456344554763887,6.921709125364094,0.1160888671875,0.2237548828125,1884.0781,1210.3796,-0.10570603609085083,-1.534682,540.25977,3006.2283,0.022978583,0.02184696,0.5571122169494629,-0.95265627,0.0016230845,0.040539693,0.0,0.1748342623196297,6.47394586458791,35.0
b7e528081b9445d2ac2648e548b2d40e5354e67dd72c1ca4b0eae3fce9a64a271325926ee7261ebd4ff91a7d747e64b9b58406ca0555fee51908541fc0f77fbe,75.0,-304.71973,167.8574,-0.19504669681191444,-1.2024708,-458.46515,-165.22134,48.40401,84.54842,-0.4055712968111038,0.06548607,7.798417,115.75606,15.651747,39.885708,0.11797799542546272,-0.019456148,-3.5788698,40.397964,18.334873,37.40004,0.7964299321174622,0.95038855,-2.5211585,37.874195,-18.860157,32.141808,-0.6764560341835022,0.2849046,-38.778145,2.2946599,-5.275323,21.305199,-0.5089269429445267,1.0552018,-16.645094,5.7998004,-19.345066,22.911842,-0.5071903765201569,0.08421171,-34.604298,-2.4949217,-6.465428,16.224606,-0.07019387185573578,0.9820254,-17.157372,2.2820323,-22.383,17.745148,-0.37278639525175095,-0.7823665,-35.574608,-6.9098587,-5.0360355,14.691301,-0.3909544497728348,0.4004177,-12.847393,4.9081135,-12.464148,14.7654,-0.5637173503637314,-0.23456371,-22.035313,-1.5520934,2.7809596,11.401369,0.6405172348022461,0.9671992,-3.6673374,8.476632,-8.181725,9.921815,-0.3780263364315033,0.10003352,-14.636023,-1.5222509,2238.973376984245,1337.779721778112,1.0117115728555706,-0.0964198328231094,1299.083818422841,2768.7831278317467,3975.9792751736113,1792.8511371003374,-0.11460923838870757,-0.9375869521023559,2630.859375,5464.84375,0.21142521610966436,0.15377632132012037,1.2140323025910367,0.6056505060129411,0.10211181640625,0.280517578125,1518.9092,1128.0017,0.6272988170385361,-0.89891887,515.3948,2444.5164,0.06914653,0.065906316,0.8721184730529785,-0.06426811,0.009111076,0.10907139,0.0,0.1764687696234699,5.532327445927434,75.0
b835db39bd1c209687467f26459a7de79fe0b39b1ee33eb2069e32b81ed6617c8dcc903fba74fe5c4dda61a2e339c8c1539002910aefb35e08339ef1df68adc0,15.0,-394.22064,124.43171,0.09720992669463158,-0.51548004,-482.9016,-309.4948,119.0136,76.65642,-0.37099333107471466,-1.1894196,52.3704,182.49985,27.479958,35.395935,0.0679420568048954,-0.8814522,-0.8221923,56.412647,-3.9206812,30.798542,-0.13939078524708748,-0.4555608,-26.79334,15.998983,-16.735182,25.956955,-0.13388389348983765,-0.76138854,-37.052864,3.1957526,-7.5869617,17.70954,0.12228328734636307,0.63564646,-19.038536,3.0482385,-2.0806513,15.829489,-0.2201794758439064,-0.14675272,-11.643475,8.615025,-9.285459,14.895118,-0.15439196676015854,-0.48293877,-20.937279,2.1095245,-28.827518,19.481056,0.4017651081085205,-0.7089672,-41.899357,-18.233711,-19.31638,14.808443,-0.25998973101377487,-0.52678216,-30.108627,-6.896201,-22.468884,14.166367,-0.0007558334618806839,-0.65482664,-33.29159,-12.971291,-2.5038679,12.011507,-0.42076725512742996,1.2584682,-9.369173,3.9421701,-2.2034237,8.209921,0.026694700121879578,0.5904404,-7.2834673,2.9069605,1281.9066558260065,1090.949352172314,1.3682782022841853,0.7868566195296054,526.8903532077334,1856.3542978120176,2188.7263868912232,2036.3456297718171,1.0126547257212606,-0.4448767812445863,644.53125,3679.6875,0.13865131217909588,0.12258832056520966,1.3358866111150447,0.9052533969541716,0.04656982421875,0.20599365234375,1287.0541,1036.1687,0.9885130226612091,-0.04752946,440.8199,1861.4807,0.058923244,0.047118522,0.6309887170791626,-0.0002888441,0.015077469,0.092605375,0.0,0.12026047057430024,14.708242895379376,15.0
b8db99c70803985ee9901932c204190880f3bfc41899b9748518b055a8cb31c0922e1d05fe155cc418b87e934e64ca15b450fb130fae834a400eb88e2399cd1d,35.0,-354.06848,151.9113,-0.18449576199054718,-1.4318737,-533.86487,-223.01584,70.94609,66.025444,0.1894795149564743,-1.2194377,10.98221,128.85916,11.847383,24.8557,-0.22480210661888123,0.40162015,-2.0495715,26.837559,24.773998,36.971672,0.7085695266723633,-0.03840685,3.8999443,48.56563,2.4495554,23.551146,-0.2009512484073639,0.4148748,-10.91144,15.596999,3.1474867,16.56772,-0.06028253212571144,0.1853447,-7.9616375,12.490971,-6.1608844,17.699368,-0.05235695093870163,0.04475808,-19.332676,5.211768,-3.9233458,13.120081,-0.22333568334579468,-0.0777297,-12.833969,5.0843744,-15.436447,15.728415,-0.028668763116002083,-0.98536325,-27.409046,1.1482425,-2.0487363,10.95258,-0.02320481464266777,-0.07904935,-8.8331375,5.022712,-5.898465,10.755554,-0.7128731608390808,0.2897699,-12.098431,1.3080628,6.870715,10.273917,0.697566032409668,0.22758436,-0.2058047,12.127711,-5.435665,9.3985,-0.7092323303222656,1.0051355,-11.677906,0.32988095,1937.9610238216871,1343.731921446656,1.4362570726563555,1.3586264342305494,1001.909827674752,2417.6616668260963,3518.535539215686,1863.6098077005486,0.28512222538971205,-0.963493159523336,1880.859375,4822.265625,0.16642491957720587,0.15025752928798464,1.4261737567970556,0.9279834639688738,0.05908203125,0.2027587890625,1262.2257,1118.2283,1.0469130277633667,-0.22655344,392.8451,1833.0068,0.045765772,0.052463736,1.053235411643982,-0.016349316,0.0023655298,0.07462256,0.0,0.15077395012387407,9.096029549060036,35.0
baeaaddcba816300be679ec39cc891d745fbdb24f1ea642c7a9a157a96f78fc06ac5202d2d936b48789e0a2452b097659be251eeaf7f3c010d2e09729327f7d4,25.0,-308.39175,156.62526,-0.4958811104297638,-1.1537542,-450.34662,-188.17075,48.998013,72.16616,-0.13214290142059326,-0.53722954,0.0,108.45649,-1.3744867,41.13179,0.047769904136657715,0.12569332,-23.369207,19.537617,42.14007,48.268497,0.4513644576072693,-0.51383257,0.0,75.76012,-11.100559,22.564154,-0.5325642228126526,-0.13227248,-25.967178,0.8141154,14.286909,20.034702,0.7400517463684082,0.17434812,0.0,25.944859,-37.230072,27.481644,0.12137492746114731,-1.1900797,-59.93818,-5.791463,-2.2791948,15.444842,0.2542405128479004,0.2712903,-13.947317,4.884293,-10.566777,15.90909,-0.3715303838253021,0.084750414,-22.0578,0.0,-5.0096903,14.647852,-0.0783577710390091,0.17580438,-13.901604,0.1788224,-7.9561086,12.989175,-0.19221924245357513,-0.5641606,-17.682774,0.0,-0.5462686,8.997892,0.07115323841571808,0.45958686,-5.90438,4.2961683,-8.906224,11.229316,-0.6987082958221436,-0.16005921,-16.250505,0.0,2115.033567449846,1332.0122769288223,0.26052115353421745,-0.8872220901774788,1182.2844636504542,3217.7229915479893,3602.9894406392696,1899.6367858656522,-0.5430641417906772,-0.9179932746208506,1984.375,5269.53125,0.19474618293378995,0.1553031464842361,0.9955835287769857,0.357463605724583,0.088623046875,0.2783203125,1751.5369,1283.6869,0.41950324177742004,-1.2999555,542.9584,3100.1372,0.07319688,0.06475576,0.6368446946144104,-0.6186266,0.012412563,0.11234218,0.0,0.13905970556983313,9.066387271745453,25.0
baf18f49afa25da956edff78f73a098e3bb53d62be3dfc12756cbaa322641034c45fe02d3add4f87d33a6cfad788e12fe38128955fd24c5fcf2c5859cf9d9c61,35.0,-341.01416,167.42395,-0.1456882655620575,-1.6317443,-544.9432,-192.68047,84.551056,84.734146,0.19232740998268127,-1.6011424,0.8733387,171.0008,2.7724392,37.36481,-0.35351404547691345,-0.113838434,-4.7171082,24.484621,5.2854276,20.707172,-0.055751025676727295,0.24853897,0.08907062,16.4803,-4.5961356,30.083496,-0.973151445388794,0.8245475,-19.435654,11.848534,2.8613677,14.708582,0.06271535158157349,0.36986232,-2.1705456,10.683367,-4.594259,20.8057,-0.7429616451263428,0.37173414,-14.070569,4.2343144,-7.6441097,13.413859,-1.0098963975906372,1.0890784,-14.382854,0.34427524,-11.544163,13.927256,-0.8320556282997131,-0.36994267,-21.378119,0.10667434,-2.562823,12.881438,0.6757212281227112,1.6479259,-10.705567,0.44723552,-7.1089807,9.727018,-0.5980855226516724,0.21719074,-12.601318,-0.009171009,-11.037043,10.282866,-0.3049603998661041,-0.95946455,-19.883272,-0.21926446,-5.9848275,9.00046,-1.510732889175415,2.1439338,-8.591963,-0.008441344,1567.3994207354078,926.3542788495432,1.0761025408609726,1.08636788770412,785.3147392272931,2093.987096169907,2978.2582364341083,1772.809481088328,0.22727465833896807,-1.3551182956290329,1289.0625,4546.875,0.1354507328003876,0.08954551616620246,1.2076065165768528,1.4621490479274533,0.05712890625,0.1748046875,1307.8579,876.46155,0.8248540163040161,0.22781134,540.1842,1833.9719,0.063116506,0.06831853,1.1085147857666016,0.81615114,0.00014992648,0.10332397,0.0,0.12745924789761115,9.623385782878941,35.0
bb13c0921674c788e0ca6b952b6bea32b7e99602f9f47ac126eff37faba2c439c1b0c3dde4d17101db20c6011925b2c0dd8849b614ae7957f7cff449b1af1fdd,75.0,-466.45877,133.8638,-0.0277157723903656,-1.1218557,-593.71533,-362.616,78.74426,76.05939,-0.5385935753583908,0.22987652,22.151716,137.29742,27.287613,35.791496,0.4274380952119827,-0.31151676,0.27526048,52.874573,19.204578,44.351013,0.2624555267393589,-0.48137534,-10.554569,54.085648,-12.019092,25.0268,-0.623034879565239,0.0930357,-27.918055,3.5197248,-20.477356,32.11016,-0.7612290978431702,0.7980182,-38.94468,1.5544442,-9.965435,19.620375,-0.3951012194156647,-0.59507704,-25.386625,4.29471,11.145249,16.677187,1.1392081081867218,1.2551392,-0.28011084,20.164066,-22.377441,19.31282,-0.5948763489723206,-0.51977956,-35.781055,-5.257165,-8.129446,11.368729,-0.4714305102825165,0.2657975,-14.564686,-1.7400647,-9.943319,12.451415,-0.590637743473053,1.1839206,-18.098272,-1.6563021,-13.0440235,15.641944,-0.5925413966178894,-0.49948382,-24.621336,0.14753115,-11.038167,14.865459,-0.5461624711751938,-0.12944269,-19.930748,0.40897918,1763.975344804883,1141.114722760034,1.0110740710752122,0.2596048501694328,848.6655277780548,2366.8941161597813,3321.895641201396,2032.8342720176702,0.10890138841579526,-1.363005968270349,1535.15625,5075.1953125,0.14556534863183884,0.12033668626470853,1.4184897881291967,1.8007701498717261,0.05169677734375,0.20098876953125,1137.6094,904.79333,1.310535728931427,1.3578737,448.38345,1598.2205,0.02769271,0.024260674,0.5788706764578819,-0.52447885,0.0043269214,0.0426071,0.0,0.09109280801777486,13.521015677550075,75.0
bbbcdae5adebbd384d8eeb3bb7d56790fdfbcc7a7b0eeaa557bfb7629995ad2e0b895a44093f70b8964c09965421f56c5003b3d19da654fef869b6718fa1b221,55.0,-435.63092,150.09528,-0.13244949653744698,-1.4526027,-620.4034,-302.24615,73.594284,79.283165,0.33163948357105255,-1.2254157,0.57873064,145.11847,15.908512,50.393166,0.4096411019563675,0.085366964,-2.561677,45.76888,4.6173596,43.059223,0.4610379785299301,-0.08946204,-18.301832,24.135902,-4.704407,29.329868,-0.8559457361698151,1.1429327,-16.457237,9.670661,-15.702992,26.637703,-0.7033360600471497,-0.18980992,-34.739986,1.0384188,-21.416035,24.041851,-0.5325714647769928,-0.82279897,-40.606754,0.3799323,-0.75705177,18.948145,-0.3530634194612503,0.79423106,-6.66113,7.410459,-4.8982625,18.291817,-0.2069916781038046,1.6044714,-12.117695,4.7301507,3.8751926,13.745857,0.23705392982810736,0.26310027,-3.1330142,11.832674,-7.314536,13.434914,-0.4597669690847397,-0.37343705,-17.031464,0.7449082,-5.0728054,11.943005,-0.6100132912397385,1.116336,-13.362883,1.568466,1.3002132,9.456274,0.003460794687271118,1.1258241,-3.1935587,6.5323358,2233.373454259612,1349.7084124966948,0.5845033867297271,-0.17025340568446268,947.9870397933887,3092.471689726698,3921.513310185185,2175.2630455896106,-0.20489540164592257,-1.5253386736393724,1663.0859375,5648.4375,0.2249608519216063,0.1458610448387116,0.36857169641687154,-0.9225290956006084,0.083984375,0.35968017578125,1775.0481,1131.3357,0.3206826448440552,-1.1190507,730.504,2697.6938,0.030951729,0.032559842,1.1364228427410126,1.4295684,0.00025793878,0.053698882,0.0,0.10048718976033304,12.546305770992074,55.0
bc1c6e60ba7ab1525fe8bc9ad64444655b5683bdcedb457bb727625ceb88780e15235d468c46e578187f1b631baddb9bcdeddf30d22dca2c430d012c3be3f1cf,65.0,-336.9248,131.10321,-0.45508259534835815,-0.80396855,-442.40875,-226.35849,78.379425,58.44371,-0.34296379471197724,-0.85221475,32.722893,124.454155,-29.903255,34.33945,-0.6098174899816513,-0.22068942,-50.277634,-8.006624,26.727066,31.387291,0.18338510394096375,-0.8186935,2.0751889,50.229218,-30.08511,21.723133,0.16499540396034718,-0.94579744,-48.80008,-13.169866,-5.1119885,17.020515,0.43544457852840424,-0.2660582,-18.645653,5.1779547,-33.534203,20.188967,-0.3058909736573696,-0.7755954,-50.466827,-18.922443,-6.061026,15.563206,-0.39497993886470795,-0.35200608,-17.238953,5.813411,-24.247665,16.212116,-0.1121944822371006,-0.3889563,-35.537483,-11.800212,1.8891072,11.2762375,-0.16386022698134184,-0.19517994,-5.2837663,9.207721,-10.218746,11.580166,-0.28694580495357513,-0.25907493,-18.713276,-2.5873165,-8.238829,10.774443,-0.13978513330221176,-0.3203087,-14.877373,-0.5598092,-2.7570117,11.012203,0.4363720715045929,1.4008279,-10.059177,2.996131,1930.5576745464784,968.0252202437657,0.842435787536975,-0.2541807188893055,1168.9568065302692,2538.4639424022607,3413.973029811098,1426.501856128616,0.2597274308566501,-1.2562047071349527,2250.0,4871.09375,0.18808510159939493,0.12471521123912482,0.9829096892644116,0.4051884338370595,0.09027099609375,0.26922607421875,1619.367,1080.8275,0.5103101879358292,-0.91290694,639.41455,2483.9348,0.03746088,0.03367753,0.5719289183616638,-0.75486916,0.005083026,0.060440246,0.0,0.14942675959510945,9.428999808321446,65.0
bcf8f2dc2718a9b62619722dc9f7c1f017eb48ac0afb23c86f9054c794331655959ef2f60f97c657bfbdfc0c6894777442676a1a176134749792b960850ec165,15.0,-276.49988,124.69486,-0.6426860094070435,-0.43444705,-355.24313,-178.31352,56.079983,51.92457,-0.3598311245441437,-1.0076123,1.2538996,100.25273,-4.126043,27.346792,0.8736956119537354,0.5679269,-22.768148,5.6399455,14.755741,35.1873,1.0916132926940918,0.2504964,-7.042589,26.824957,-13.995145,17.114151,-0.6628238558769226,0.21287918,-25.165558,0.0,-5.2424655,20.408653,-0.9661349058151245,1.5002112,-11.295942,3.07964,-21.3286,22.737907,-0.6845211982727051,-0.8461454,-44.060097,-2.486797,-0.84044844,14.994518,1.5364603996276855,4.455704,-7.710354,4.0193324,-17.22066,13.688778,-0.4891657531261444,-0.75923705,-26.310108,-6.390812,-1.8418599,8.058522,0.4728664755821228,1.4531536,-6.5477095,1.3732005,-10.984591,14.623965,0.9729639291763306,1.0731554,-22.04241,-1.6493342,-1.7636094,9.853978,0.12807226181030273,0.16397977,-8.239227,5.060116,-7.8327174,8.969965,0.0018835935043171048,-0.05301261,-16.158625,-0.73382324,2183.626222245002,1324.614370288989,0.7062768756294655,0.10089006463430517,1406.2389704139682,2899.2021434587336,3928.360849056604,1888.164548222619,-0.34670446784606135,-0.5945861988348664,2648.4375,5746.09375,0.1984218381485849,0.1629953605516135,1.2565030692692163,1.1530509373199882,0.0965576171875,0.270751953125,1576.0122,1024.8622,0.6129904389381409,-0.6536138,717.0851,2244.5886,0.072494045,0.09584746,1.1818747520446777,-0.13353205,0.004485307,0.11792151,0.0,0.07789203127055896,11.281303830200224,15.0
bd49de12a043ba648f6ff5899f02a087cffb3179a12301e77a0e53054f9bf97d55016c17a7e424d7de44c569f804603555bd496e9d2d9dd8c6db3c291d64b674,25.0,-505.11368,159.09804,1.1319056749343872,-0.31315136,-614.4778,-439.35724,76.08462,30.012234,1.1606950759887695,1.5263643,58.37319,85.08499,21.161644,31.150661,-1.348817229270935,0.96455574,16.736742,41.64,38.492832,27.202698,1.69052255153656,3.2049708,24.038475,40.95552,19.56313,19.624952,-1.7907042503356934,2.480147,17.530212,31.377836,16.350897,17.9651,-1.50068998336792,1.3992796,13.745907,27.082363,18.22535,10.224202,-1.5767289400100708,4.2014947,15.494257,23.90218,15.014666,11.581211,-0.9279059767723083,0.34204245,9.474743,22.304432,11.259217,7.0007224,0.937405526638031,4.251022,7.9763393,14.013651,8.043922,9.735371,-1.5204179286956787,2.3864536,4.844713,14.303394,4.669057,12.523138,-0.9007580280303955,-0.43512726,-5.4838133,13.4144335,11.10721,9.316853,-0.26558491587638855,3.877092,8.262299,13.930609,1.5155442,12.121663,-1.797350525856018,2.303773,2.2616305,8.12736,1021.1351769416481,623.2796998442811,1.0408659492847203,2.288829730487893,531.8541480748255,1385.2492015966243,2238.200431034483,1674.1907396247561,0.12593580129893142,-0.935123858433982,328.125,3437.5,0.03409886853448276,0.038917515056352985,1.0621953938848856,0.1290920581154631,0.00244140625,0.0625,1156.4951,1005.9811,1.0959604978561401,0.2021308,328.91266,1844.296,0.019330235,0.018701345,0.9931519031524658,-0.2832749,0.0039339187,0.030518875,0.0,0.16049877341527582,5.086205915394007,25.0
be1958a03a6bc08c57fb7a324f6ff4a5322927b1bc1a244c24d80bb0537b8f777b043e0411158fc0b493c8dbfe7150c167d37e9112605fdb1ed21ca02cc8e8c3,75.0,-317.54797,110.331314,-0.021769903600215912,-1.3625051,-423.56982,-218.62592,106.43029,55.760487,-0.34193195402622223,-0.0050703287,73.416695,149.90198,15.556208,24.252724,0.06369099020957947,0.28511214,0.6987257,28.620161,18.44029,20.62415,0.26970660826191306,0.63260245,8.932446,28.544048,-21.305946,23.41138,-0.8919220864772797,0.39104652,-38.51408,-1.6775718,-14.399897,18.987917,-0.4377984255552292,-0.9575213,-30.574661,1.959508,-11.380526,18.325607,-0.7912399470806122,0.037211537,-23.816021,2.671337,5.903016,10.879891,0.058955080807209015,0.14146197,-1.1769146,11.574451,2.652007,11.708927,-0.24245406687259674,-0.224612,-3.569995,9.627094,12.881048,11.133831,0.8979009985923767,1.1423001,5.525295,18.379707,-4.6940813,11.895706,-0.8051803410053253,-0.245417,-12.650808,4.236829,2.522033,9.76034,-0.18885469436645508,1.3304077,-1.6034209,7.7613688,1.5340278,7.7115245,-0.5357882529497147,1.412514,-1.5278568,5.5030284,1556.1022121762537,812.9079524639858,1.502887596510173,2.239261945788755,918.8511376107426,1825.5046383169265,3013.6188208364556,1645.920576815926,0.23540697301271662,-0.9430828836841255,1401.3671875,4077.1484375,0.12137207854504262,0.0848076588927349,2.0949885640038115,3.783425707506162,0.071533203125,0.12847900390625,1178.3909,1014.47595,1.1736593842506409,0.07791209,461.70694,1690.1743,0.053589508,0.061864592,1.2517709136009216,0.83159935,0.0025394154,0.08616497,0.0,0.21041244958164024,6.3650411268313,75.0
be349663882400f4bc7a15148239610783b92069946153359aeafc06ff5f9af1dff68a1ddaf5f717461d6190f3f59691cae4a7af12732b460fdb818eab59f89b,55.0,-406.31168,185.53429,-0.37456828355789185,-1.5656502,-635.9727,-249.61224,67.38243,69.693565,0.05409849854186177,-1.2046558,11.757373,141.70552,5.0450773,28.41743,-0.6331911683082581,0.32108366,-9.278217,21.487148,14.8128605,25.186264,1.0912766456604004,0.49672854,-1.6857363,28.315847,-9.79504,24.087624,-1.1000688970088959,0.83052194,-17.612755,3.9281292,-5.0612817,14.217585,-0.327517980709672,0.23505902,-14.462142,5.0476785,-3.7060146,14.417929,-0.2211082987487316,0.16579032,-11.777979,3.6612353,-11.582209,13.220987,-0.5825744271278381,-0.25512314,-21.74474,-0.61330366,-6.0273175,10.4944725,-0.3032132461667061,0.8430604,-12.582455,0.32759494,-11.839905,11.800066,-0.42357511818408966,-0.42590904,-19.727924,-1.7564332,-4.097249,11.84907,-0.14981797337532043,1.2846481,-9.315561,1.4261949,-5.1866193,6.682085,-0.029159749392420053,-0.0034409761,-10.088877,-1.0893703,-5.41693,8.958536,-0.25630174204707146,-0.08534646,-11.54847,0.7183113,2146.4943887462678,1227.5002476780933,0.8051371244108709,-0.32479592024294557,1045.588946912336,2887.2929513999334,3861.4559905807428,2021.367320387567,-0.05519193516332874,-1.3843850302285428,1890.625,5804.6875,0.18303944835831032,0.12383283353522648,1.008369771807942,0.481574555980921,0.08056640625,0.2625732421875,1476.896,1124.6243,0.7422274947166443,-0.6967066,512.32086,2305.8096,0.026950099,0.02638438,0.7103733122348785,-0.44669676,0.00023117536,0.046372123,0.0,0.09126551869771676,10.555276332767878,55.0
be7a04a785da3118ca10c64514d6909f709ce32460898b8e50dcf1393d37fb4585f5293c8bc9e5ecc6a83fc7a1913810346ad66cdd5d81e1daf98075b86209ec,15.0,-400.4145,130.99043,0.7682698369026184,-0.56382346,-513.03064,-296.87988,91.56821,31.930187,-0.42766156792640686,1.7310028,80.27132,102.33518,15.892108,32.856033,-1.0290337800979614,0.43460512,-5.811083,42.271645,40.95487,12.686412,0.40540778636932373,0.804096,33.11325,45.432556,-2.8396273,29.368538,-0.69499272108078,-0.94609404,-26.287952,22.02361,15.309792,12.101223,-0.9681468605995178,-0.031107664,7.856158,23.755121,12.267177,7.8821783,-0.048088569194078445,-0.10206342,7.157316,16.455732,4.260997,14.837812,-0.9182763695716858,-0.4211445,-6.6256666,16.195879,6.053634,10.141082,-0.9205367565155029,0.32808638,0.107460305,13.527546,9.508425,8.408298,-0.7286863327026367,1.0366416,5.1740203,14.844474,8.369145,7.6291595,0.17768053710460663,0.049535275,3.588248,11.894597,14.59159,9.734262,0.5735636949539185,0.97089577,9.401169,18.464615,6.573267,6.2119837,-0.5730080604553223,0.47125936,2.9427032,10.440987,1220.3886799133932,697.4822410115595,1.7283551933627574,2.527028090828871,753.2591912102539,1391.4074452164143,2477.4517276422766,1212.7824520882984,0.5675898593923396,0.05151412827559909,1523.4375,3320.3125,0.06371871824186992,0.08512708028730095,2.041937446916003,3.6798672779752195,0.010498046875,0.0791015625,2059.323,1280.3604,-0.12941648066043854,-1.5852467,656.85504,3225.5576,0.024448123,0.023764608,1.811502456665039,2.62579,0.010181207,0.03215178,0.0,0.13066155372169241,8.365084771988952,15.0
befad7802768602b65a025d961a9a23552a2d32cc5faa038dbb889fd42feea99d8bf17daefd88b6d5a005b71b855ea63eddc80df5c07aa92258ef6c3b035ffa5,55.0,-164.4091,52.380302,-0.052529796957969666,0.24641871,-210.84048,-128.45935,75.0506,35.3077,-0.4612038880586624,0.19644594,57.52792,101.10753,-1.28616,19.100578,-0.4839973449707031,2.5427442,-13.183935,8.819496,18.113815,15.866518,0.20216985046863556,0.9373175,10.755997,26.716084,7.770029,11.842949,-1.0566112101078033,0.9109211,0.9301548,16.354162,9.321091,18.202747,-0.5705132484436035,0.473894,-1.8768103,21.276165,-10.771098,12.603174,-0.649480789899826,0.04470241,-17.857616,-0.6795284,7.2711163,10.70926,-0.06485726684331894,-0.29605973,-0.81544554,14.079206,-1.8840005,10.826793,-0.7542734742164612,0.552456,-9.220238,6.7630205,11.325634,8.482558,-0.5456836521625519,0.45280802,6.2909813,17.656525,4.044349,7.2812557,0.361244298517704,0.4792068,-0.3273759,8.005112,2.7063239,6.5669537,-0.5466358661651611,0.43380558,-0.92480946,6.9589643,-0.7022438,6.2874765,0.8793894350528717,1.7260044,-4.7939386,2.1290665,1978.4444673420458,762.5394469502414,1.0277372392082023,0.8439074662641901,1368.6865516021392,2302.29718222921,3911.798776174307,1268.4677271111973,-0.20894891528192905,-1.1145902671798202,2726.5625,4845.703125,0.14939471915676286,0.09296864901498418,1.738146146615394,3.95637999192389,0.0758056640625,0.185791015625,1235.248,952.84827,1.1497294008731842,0.82109463,476.65005,1732.6954,0.083932355,0.066197395,0.9199282675981522,0.2877574,0.023645144,0.12328388,0.0,0.17480170033431322,7.6332436736274145,55.0
bf3fe4855d8c6cf6b837da90ebcc357a37b106d22c49ab694db4a0ec2b744885f5f63c96e48ba8207ec606013fea887b57ab5514c97f18e71185f1f8cf92fd14,35.0,-384.3359,122.8079,-0.6802964210510254,-0.2081263,-484.1219,-281.7968,98.65953,44.71352,-0.6717759370803833,0.5610976,84.67697,131.93698,-2.5044825,23.70302,0.36944836378097534,0.5384848,-14.793624,6.2867274,3.9911695,19.893482,1.533982515335083,3.3060918,-7.647726,11.296673,-30.169058,20.727549,-1.109209656715393,0.7210088,-41.137714,-15.293716,-9.057751,8.710731,0.03309730067849159,-0.7040086,-16.17075,-1.5355376,-32.368797,14.229632,-0.14888659119606018,0.15940142,-43.245106,-24.205479,-9.031943,11.325558,-0.3835048973560333,1.8086882,-14.748154,-4.3943977,-1.5110027,11.531821,0.9309832453727722,0.39190555,-9.759329,4.8506713,-13.257378,12.841117,-0.537209153175354,1.0410309,-19.197191,-6.217477,-9.737557,11.921088,0.44478559494018555,-0.30472183,-18.27615,-1.3626441,-8.720865,7.3968854,-0.10017497837543488,-0.035412073,-12.617928,-4.1246014,-9.033188,8.288156,-0.5089104175567627,0.31457853,-12.512285,-3.732081,1705.336626618617,848.6658955282215,2.009712901024176,4.465709625078713,1127.2007730390014,1828.754257363907,3363.7648809523807,1434.7949946511098,0.09022483894900983,-0.5966159186127302,2132.8125,4257.8125,0.1268368675595238,0.09653929039633816,2.4411576546883964,6.1904029566898675,0.0771484375,0.12109375,1020.6337,848.10693,1.7263332605361938,2.7507424,446.12918,1344.4535,0.017521644,0.015774269,0.46033528447151184,-1.0047777,0.0014501803,0.03051671,0.0,0.12663369734222632,9.121796375190522,35.0
bf56c578505fbca0e8fea6d7b37d26ead2a21a614484df4687724a342ac3bde205255a9498909006e64ce5b1791313e1925769c2ac701f5d0d111c1b8e05005e,75.0,-378.63562,145.90303,0.14912686496973038,-1.5345709,-536.9799,-234.50545,57.867775,72.98288,0.08520686626434326,-0.8963241,0.10579392,127.556046,2.724302,26.995579,0.46795980632305145,0.6463455,-10.914351,14.226502,1.3842206,29.055946,0.6777625232934952,1.0726107,-16.53117,14.74143,-1.7262447,24.705921,-0.5914880931377411,1.4807589,-10.55147,9.995845,-3.1340952,15.562466,-0.9247556626796722,2.1921513,-10.101772,5.8119817,-12.409641,17.715317,-0.8618628680706024,0.62582815,-23.232313,0.12926422,-6.823479,11.964601,-1.0573308169841766,1.7106044,-13.309923,0.17157279,-3.992168,14.628093,-0.6367446482181549,0.45086777,-11.380081,3.5399127,1.385989,10.639797,-0.4314640089869499,0.6527221,-3.063892,8.668805,-2.9655147,12.441411,-0.19349128287285566,0.93584216,-10.49879,3.426038,-4.9972196,9.310801,-0.6358443200588226,0.57945776,-9.556608,1.3655671,-6.6800203,9.599426,-0.29866787046194077,-0.15311646,-13.477484,0.5117793,2154.6548383095064,1156.6772042015793,0.3659049229448354,-0.8285139620717529,1021.6906134640226,3038.745308723882,3782.245218832345,1961.0192562717648,-0.2086681714968426,-1.319614336280306,1723.6328125,5431.640625,0.21894229692903905,0.14294037955469663,0.599666850849758,-0.3461847863928915,0.0933837890625,0.318359375,1722.5552,1148.0569,0.40474873781204224,-1.0723932,679.02295,2671.1865,0.045472853,0.05820902,1.4659647345542908,1.7368996,0.0006430287,0.07704975,0.0,0.11967708047934218,10.76328407394313,75.0
c022499031bb632250ba16728d5378cc051b0d9f41a0f03684211ddef2a3a3116f2d12a7a0dabe1cb2ce1a93e61c0cd009073eee6e8119b75142e6fc1231abc3,75.0,-661.31604,178.98853,0.3036712408065796,-1.0944617,-851.4358,-528.87585,49.0193,59.626205,0.1815763209015131,-0.8287642,0.045744434,97.81353,-5.4545155,30.209442,-0.621368333697319,0.6539209,-16.027012,9.234121,10.350536,26.853334,0.4397781379520893,0.13266921,-0.11263492,24.674599,-9.9002285,18.516502,-0.7796115577220917,-0.02997768,-22.994812,0.32144672,-4.731257,15.698063,-0.5446434766054153,0.5685978,-11.817439,1.193275,-5.810954,13.59141,-0.8762214779853821,0.46148956,-14.031917,1.1857009,-3.3127232,11.375906,-0.8649844080209732,1.1021614,-9.710536,2.2851784,-6.801285,11.046423,-0.9351243376731873,0.21195185,-12.320254,0.0,-2.7944508,8.614786,-0.8578269183635712,1.488347,-5.701475,0.70809925,-9.095904,10.984463,-0.6561412215232849,-0.45588112,-16.72332,0.0,-2.4654832,8.718267,-0.4390033632516861,0.47898042,-6.9652996,1.6591319,-3.66429,6.3868465,-1.146094799041748,1.4615376,-6.9249744,0.0,1730.18604700379,1354.0580857071213,0.6622549630751426,-0.21389966522996073,598.4704938645564,2650.3555111179985,3089.052216583241,2221.141420073736,0.12971541938958714,-1.1208809982451304,952.1484375,5132.8125,0.11162447478535178,0.12278210324931173,1.5623230546799047,2.192596009398439,0.02154541015625,0.1414794921875,1707.6968,1134.6699,0.39037245512008667,-1.1173762,674.91156,2655.8384,0.0036312044,0.006246385,1.4857898950576782,1.2755233,8.082202e-06,0.0022841447,0.0,0.09030037864072468,10.456929586951741,75.0
c17441254c5d71266652b2c84cbdbec1f69f60c661c9f01be26537f6122a86ab07a1aa10c152e84c2892b18e9f1bbdd518ee681a2f5f35652044d18d39023064,35.0,-421.39008,162.41283,0.13941343128681183,-1.4431382,-585.89215,-272.98846,82.58352,44.384426,0.4300152361392975,-0.8953781,49.566708,124.39391,12.872288,34.645794,-0.4656065106391907,0.3097825,-5.992674,26.848557,43.63615,40.195984,1.140100359916687,0.010069609,15.936921,65.86589,1.13156,21.594116,-1.32877779006958,1.3490324,-12.940798,16.847252,2.2193038,14.643998,-0.48855793476104736,-0.27197123,-8.054459,13.724839,-5.4694567,20.50714,-0.8036187887191772,-0.7010119,-21.900227,9.313144,3.471993,13.20858,0.3899976909160614,0.0500288,-5.7934017,10.455723,-6.8809867,14.154626,-0.6672844290733337,-0.5255842,-18.320637,3.2882228,4.1728454,9.582304,0.3278825581073761,1.0812721,-0.53225785,8.320181,-1.2110616,10.389538,-0.8500880002975464,0.23108935,-7.008445,5.1020966,-0.9202642,8.486091,-0.23364490270614624,-0.009381771,-5.8295736,4.529669,-11.716456,16.018467,-0.4956374168395996,-1.0035183,-24.313555,2.1649134,1869.5761014608213,871.3344432645482,0.42299490586226574,-0.4505470881948592,1177.2498384045036,2487.0872913933026,3870.879120879121,1789.323725117794,-0.19962830271605303,-1.3486598548618922,2332.03125,5570.3125,0.11741286057692307,0.06263263201716264,0.4159671583975636,-0.6845070000255933,0.059814453125,0.16259765625,1170.9773,1009.7606,0.9510874152183533,-0.2340486,330.48438,2000.1956,0.024215767,0.02701952,0.8192178010940552,-0.6123915,0.00049276394,0.04131951,0.0,0.17640423647779466,7.921167288624723,35.0
c184db00920edd1673bb95432820bffd90f09938e07424ab6c88f5e5d3725fd1a727c6de4c5851bdfebe094023f7e44cc12bc0b09f3354aa8287e5f09004d5b0,25.0,-324.63858,182.45149,-0.40933576226234436,-1.3245327,-551.9875,-176.39813,62.663746,68.29106,-0.16664069890975952,-0.2652471,14.608282,117.75581,-8.501824,34.09149,-0.24751166999340057,0.31742454,-27.906857,11.129766,32.606857,31.327263,0.30827435851097107,-0.55513716,6.6909094,54.25264,-2.4148304,19.975464,-0.7970946431159973,1.1783485,-15.332524,9.168657,-6.3747883,17.065582,-0.6812399625778198,0.35420537,-16.93253,4.403569,-12.755372,16.314945,-0.4554385542869568,-0.48848724,-24.306988,1.107585,-9.178467,13.878637,-0.24933981895446777,-0.60954785,-20.25951,1.1987064,-5.1406174,16.014904,-0.5049761533737183,-0.34503746,-16.071327,5.0596237,-2.3589149,12.595929,-0.17771513760089874,0.021790028,-10.016896,5.858367,-7.7134438,9.161352,-0.6549458503723145,-0.33168435,-13.598917,0.0,0.7434456,8.176163,-0.014850219711661339,0.6949818,-3.5532932,5.0704694,-6.7007365,10.996949,-0.5475017428398132,0.7757549,-13.708916,-0.013935925,2000.8969096242365,1037.931538400163,0.7601563138268822,0.01957880145929991,1226.1898237704709,2518.2970644786437,3737.9877167630057,1660.781531322614,0.0846741409109639,-0.7888760926145291,2484.375,5054.6875,0.17648968117774566,0.11725966644799789,0.5269758914661552,-0.47637284187892037,0.0693359375,0.24755859375,1738.2897,1098.3357,0.30069226026535034,-1.0647688,699.902,2620.9666,0.053877175,0.05161773,0.8401226997375488,0.26857257,0.0008442812,0.08465665,0.0,0.08017946931575018,11.516401250540325,25.0
c278fbbe5dc1013ecb31b0eaa82ba8d9bebd62905cb26bd27b6d2f45405b76840c129ff576726267840b2f761f13f09017e41d4922a63f55e76988f62c6bba47,35.0,-379.98154,147.96077,0.42857813835144043,-1.2950511,-506.95673,-241.82793,77.529106,53.290737,0.06909032166004181,-0.81267023,38.034027,134.66066,13.526398,27.216864,-0.37244534492492676,3.1863265,8.299025,23.9449,19.899958,20.220407,1.69669508934021,5.236351,11.575711,23.256882,2.6493502,25.589066,-1.5200178623199463,1.6178288,-1.4910386,17.037533,23.200449,11.431048,0.9053691625595093,0.7070277,15.621707,27.914488,14.487213,13.77661,-0.1603248417377472,0.5865617,4.7591567,20.616508,-6.023972,15.673512,-0.770924985408783,-0.44642973,-17.716667,6.739815,-0.009966403,7.81222,-0.8945069313049316,0.26491833,-3.73037,6.2420173,-4.6046033,16.388327,-1.0633265972137451,0.14048958,-9.730793,5.9995503,2.580422,11.861366,0.3680024743080139,0.13074374,-2.2628999,8.133458,0.63936085,10.291534,-0.6201105713844299,0.13815498,-4.5512013,6.983833,-6.9022193,14.44345,-1.4647431373596191,1.475697,-13.515665,2.304131,2031.3162178184216,940.3681278753257,0.2008152105044714,-0.4248421018830246,1189.132387112907,2737.144908281777,4358.245481927711,1970.6204855236026,-0.6016862577836116,-1.2068086316158828,2636.71875,6003.90625,0.13257130082831325,0.0805365538280326,1.0392296038714672,1.6063270615115108,0.07666015625,0.18603515625,1108.9766,1053.0685,1.4362136125564575,0.93291354,355.794,1317.2806,0.039597917,0.045078784,0.6022782921791077,-1.2019819,0.0010846113,0.08196294,0.0,0.10630615909777426,10.961419366838822,35.0
c3b6f6a4952e0f64a9f8871b9e2a52b96397cf2d8980834d35dec18df7a1144f2496fdb531bfe3460d642c87dd9c05d31d6aa0f0a026bc0e19bc3bf95b58eb73,55.0,-402.43613,125.39587,-0.45567402243614197,-1.21719,-530.12805,-305.5393,77.51432,57.248753,-0.5516711473464966,-0.26098132,47.879982,131.07724,5.8938627,25.897387,0.5084193348884583,0.46155667,-12.951937,16.373016,19.251556,19.901356,1.2874265909194946,2.125517,4.080867,29.72153,-27.029814,24.206074,-1.0624405145645142,0.9922786,-38.586956,-6.9487133,-16.906376,14.596902,-0.42202651500701904,0.09491634,-25.49908,-5.2561755,-15.364901,15.933942,-0.3290274441242218,-0.7946937,-26.588985,-2.2928739,-26.804976,17.245958,-0.02413647063076496,-1.0078946,-40.3377,-9.692812,-12.827757,10.834442,-0.45531365275382996,1.1853533,-19.371883,-5.382223,-13.421408,8.382805,-0.16676831245422363,-0.36478353,-19.372448,-8.091787,-14.759411,8.207431,0.34086766839027405,0.029403448,-20.891922,-9.006388,-8.444636,7.3437753,-0.012527487240731716,-0.05275774,-13.278315,-4.203565,-13.490083,8.22336,-1.2098991870880127,2.9082193,-17.42215,-8.523169,2020.8895761641938,1048.228555650598,0.8594782220464905,0.05832605349462083,1110.0644783174753,2656.520153093394,3965.0785519125684,1732.7996680057784,-0.07837422396110487,-1.3266657196503242,2472.65625,5660.15625,0.1704955387636612,0.11573215446429379,1.4123678353492797,1.7712076157820649,0.075439453125,0.212646484375,1500.2946,1173.4778,0.6866198778152466,-0.9405992,494.83524,2469.5667,0.017835394,0.018435698,1.1175719499588013,0.61928654,0.00070389395,0.0281691,0.0,0.1408563533039815,8.799965002909504,55.0
c41ec05bd3d10e42285b884b75f460d474f25d80fa75bc601a918463f7049d9b1cd099de8354e31bfd4facdc19f86e8e097eb896dc63371dbe8816348a854275,35.0,-336.81204,129.59302,-0.3124605417251587,-1.0640755,-461.56696,-236.12337,69.2014,60.294346,-0.3337651267647743,-0.11627889,32.755207,117.18143,7.720126,42.91102,0.2826467975974083,0.4210893,-19.565994,27.797604,25.455803,38.849792,0.6523478925228119,-0.28227818,-3.3372943,48.8417,7.292428,26.026506,-0.21293650567531586,0.6514368,-4.988427,24.02931,12.772436,18.126148,0.01701013743877411,-0.099974394,2.5104911,25.635681,-23.697964,24.867817,-0.025164393708109856,-1.1353254,-43.126602,2.058568,-0.8782427,17.642406,-0.21782946214079857,0.7666931,-10.527267,8.995346,-8.316525,15.354883,-0.06835438590496778,0.024331331,-19.785294,-0.19594854,-24.360664,16.990788,-0.35241808742284775,-0.8527876,-36.098137,-8.950865,-15.598076,12.616436,-0.3202929049730301,-0.20108306,-24.592192,-6.402226,-5.259223,9.035054,0.4345551375299692,0.82066774,-10.988234,-0.20940813,-1.813936,8.655157,0.4571087509393692,0.20176756,-7.5570884,2.8780985,1890.140029856443,1217.1950155856243,1.6885269082321672,2.725245094957664,1103.0388858871434,2080.94522278577,3585.280787856106,1854.1226940439324,0.26700677495319214,-0.7100559655888887,1945.3125,4765.625,0.1580915465470574,0.14220103636904927,1.7679514370098788,2.800632269272255,0.05810546875,0.19384765625,1209.8396,929.93646,1.07332044839859,0.6503614,418.85376,1743.6283,0.054347128,0.044461932,0.5024972967803478,-0.16345042,0.0095508965,0.08540981,0.0,0.11182770404278111,12.479103738185028,35.0
c423d971656bde32574c470a81898ae5ecb10a31e22de1a8ea576a8b37383ae295bc244cd8e8c955e1a0c8c56f9fe01fdb470c34ea4021a6b4512fd96b82bb95,65.0,-408.76544,116.44731,-0.11568470345810056,-1.3457842,-557.7969,-317.66486,87.5408,75.3448,-0.10307016188744456,-1.4227947,3.4937181,156.784,43.335594,44.10858,0.32195068895816803,-1.115998,2.6176057,81.07769,36.32963,37.315147,0.4842611849308014,-0.51239395,2.215236,61.37734,-4.6861854,16.631866,-0.3983133127912879,1.4821734,-11.335146,3.9718885,-15.350146,20.64124,-0.5829253196716309,-0.17078006,-30.259521,0.8881209,-9.861105,16.336967,-0.6101419925689697,-0.5571915,-22.481989,1.5250254,-4.695013,14.628517,-0.6867045015096664,0.79093385,-13.395414,2.58873,-3.1752694,17.581125,-0.1164688766002655,0.56099725,-11.022582,5.2045918,-5.890097,13.294893,-0.6990402042865753,0.19904435,-12.397297,0.4765646,-14.569501,14.656672,-0.515582799911499,-0.8038627,-25.892847,-0.9346277,-8.16,13.1702385,-0.47560322284698486,-0.12688875,-17.124218,-0.46192795,-4.803998,9.813679,-0.2896070312708616,0.20393205,-11.580829,9.933114e-05,1261.3675938856977,1150.0358859760108,1.737079757032487,2.110531175619691,515.9181729122222,1295.5583702775943,2332.1613493332934,2200.3094437943905,1.1860777378995622,0.09780863881325952,598.6328125,2866.2109375,0.09961991491456888,0.11209939069158609,2.1346992254676502,4.149439256182291,0.03485107421875,0.092041015625,820.95825,793.66406,2.3257957696914673,5.357783,334.6202,949.65857,0.053632922,0.052342854,0.895341083407402,0.59100735,0.00022020566,0.090835944,0.0,0.14474221898390505,12.091802935547637,65.0
c4a8ba37753c20ff61d47f9330c165fe1d02fdc4f991d3ad94e15d6f21730676657559b9eb4b5416884265052b5f08c25b3f6ca2b4eb12fd859e757068edcf34,35.0,-326.36713,161.92296,-0.04358639940619469,-1.5270097,-518.0827,-184.17438,34.297016,69.596466,-0.2631211006664671,0.11514938,0.0,88.86005,5.7383657,39.95385,0.2179985363036394,0.4852277,-12.694433,25.595367,37.853104,37.257942,0.6729815602302551,-0.38535476,0.95710504,61.28198,0.38204265,21.11085,0.09960116446018219,0.69832456,-11.907991,13.2386265,-14.547662,23.915382,-0.7365351021289825,0.34029818,-30.555367,0.048692685,-32.88755,31.754097,-0.17009246547240764,-1.3197279,-61.64778,0.0,-11.479638,16.697393,-0.6555299311876297,0.14564836,-22.837639,0.013784962,-10.023972,14.5641575,-1.14596289396286,0.8560902,-17.856169,0.0,-10.7432575,13.055796,-0.7541020214557648,0.12013745,-19.58317,0.0,-0.56914973,10.872574,-0.25740281492471695,2.035756,-4.062619,3.3777523,-6.8305073,10.291267,-0.5473705381155014,-0.3414786,-14.575184,0.0,-0.6032073,9.171946,-0.09932644665241241,0.91191196,-5.1559486,3.6947925,2412.9924406793857,1214.7324499303056,0.6218656461067626,-0.4237380419388499,1355.1109791414808,2886.333277449823,4425.630589118711,1759.7166056345445,-0.2253203747828839,-1.0642620575333892,2972.65625,5593.75,0.22688466262895507,0.1350909273427704,0.9928702361881053,0.9912326303736052,0.11895751953125,0.28680419921875,1698.1267,1103.541,0.3661208152770996,-0.98633,636.30945,2535.3643,0.07103423,0.08199309,1.1420862674713135,0.4379319,0.0005631617,0.11718051,0.0,0.14652941547970516,8.442239738280705,35.0
c4fed11ea25f318b2d51503eff343d2045b6d5912286b8724cf980d439e9817d69c51204a5ee49dfe5c04015620d3171d77d7f0173a7a8e3392f7ae9b025e181,25.0,-419.91867,184.31055,0.23420408368110657,-1.6617573,-604.12256,-227.87122,54.409447,59.18729,0.3766455352306366,-0.7835474,13.24795,107.83531,-3.8223996,46.44481,-0.17675304412841797,-0.91039944,-48.48619,24.554916,38.241207,34.15737,1.0650303363800049,-0.050533056,11.7285795,65.26407,1.5785884,25.505701,-1.471863031387329,1.6317759,-3.8334587,18.745373,1.0480874,18.3873,-0.8821688294410706,0.15757012,-11.586516,13.239233,-9.329833,21.507093,-0.3538933992385864,-1.1741503,-26.585876,11.186737,-2.7213824,20.689789,-0.45205894112586975,-1.3245318,-24.906519,13.275839,-3.1732595,15.578343,-0.41582396626472473,-0.3250637,-11.616709,7.8418474,1.9341043,10.54926,-0.8341209292411804,1.8548827,-3.0948682,7.637749,-0.7901013,11.467519,0.2224479466676712,0.49747324,-7.4545536,6.3525243,6.338311,9.195851,-0.7190937995910645,0.5119443,2.3525085,12.983328,-4.933089,11.5200205,0.2078126221895218,-0.6754811,-14.774321,4.8195252,2172.012034909444,1043.8039386169016,1.295790054338651,0.8212917484809426,1361.570034703344,2498.2738574658592,4319.322183098591,1448.4889851048433,-0.08842513398251739,-1.5182521643520188,2785.15625,5636.71875,0.12503438600352113,0.11192305182681044,2.624608586585004,6.965184175755283,0.056884765625,0.13427734375,1571.1031,1137.4777,0.4278918504714966,-1.0479045,483.42487,2488.95,0.027519662,0.03461667,0.9065191149711609,-0.75309587,0.0009978977,0.061572224,0.0,0.11612334687665019,8.42138235252575,25.0
c55da57520681a7ee1c9748d025344474b81eec348c65f550bb8ba12e9397ddf933e7ca91da06f68f97add0455b0f8a2b892edb4ff1458d33a11cc405f2ec6b6,15.0,-302.42896,156.9433,-0.9401721060276031,-0.40581167,-376.81577,-192.3848,82.01778,63.991135,-0.3255132585763931,-0.67359555,34.83452,132.40701,11.7589855,32.60506,-0.027407793328166008,-0.26894176,-11.351033,32.407867,31.757488,23.834156,0.5118072330951691,-0.06479812,15.342411,46.286472,-5.3929477,28.479904,-0.7965229451656342,0.2961309,-21.164726,15.286688,7.4712396,15.423837,-0.19007232040166855,-0.351771,-3.6537597,18.163857,-2.8141794,14.121917,-0.13104149652644992,-0.5416273,-14.435293,8.278217,-3.0043197,16.090446,-0.2839556634426117,-0.23144186,-13.261883,8.6924095,-3.3037949,11.807255,-0.16624391777440906,0.38437104,-10.281435,4.957742,1.6932573,12.977144,-0.1004184540361166,0.67384624,-6.01668,9.449883,-2.2801971,11.606403,-0.18861544877290726,-0.17832482,-10.534983,5.444463,-3.987451,10.533447,-0.45176708698272705,0.24899876,-10.690121,2.889109,4.16992,9.33639,0.34348969906568527,1.2871234,-1.5737532,9.220835,2004.4225594268678,1109.1552149398185,0.9001806903516402,-0.16451174065025742,1160.609083926041,2672.5137681131837,3845.4654720279723,1793.4061748502056,0.05400924332784733,-1.1092980985786545,2535.15625,5234.375,0.1406316014714452,0.10573480293878079,1.2369402990040999,0.8592834517228012,0.061767578125,0.2139892578125,1574.6565,1171.9192,0.494143009185791,-1.0879207,483.9295,2578.1377,0.038676865,0.031544086,1.2256692945957184,2.4477916,0.014838731,0.053313404,0.0,0.11579072985581436,9.34198712809191,15.0
c5687d995e67b0f4d55529ce9d21945de9d039e09e261790fb035c0902f01d03d235e9fd6fc72c6e5e8a1190635613e65a1d34d4ad07c62cfd982df59113dd61,55.0,-303.97717,154.55533,-0.11734278500080109,-1.3339891,-467.88544,-171.46808,50.452698,62.921646,-0.26190485060214996,-0.49973345,14.096541,105.89963,16.497694,28.977667,-0.17200401052832603,0.46190906,0.19970632,32.277233,10.266713,22.030378,0.5724139362573624,0.4303279,-5.8388615,20.903252,20.18134,22.928394,-0.5778309404850006,1.2936234,7.0739,36.469906,5.457924,13.402403,-0.032159432768821716,1.0207152,-2.0289936,12.523568,-11.160705,18.787186,-0.7139048874378204,-0.1219877,-22.734455,4.50797,-3.320375,12.946185,-0.4378244951367378,-0.010641575,-12.147573,6.147809,-2.509402,13.212442,-0.4652458280324936,0.04300666,-11.036253,5.7533054,5.553442,10.866625,-0.1813586987555027,0.24863613,-0.21281499,13.049833,-18.048384,14.983019,-0.25413691997528076,-0.48131752,-29.185982,-6.8984,-0.14872462,8.64342,0.022432463709264994,-0.11426592,-6.3791814,5.147167,1.8498253,8.487539,-0.03264402598142624,0.40511,-3.1776083,7.069559,2423.856914235419,1492.8080919311342,1.041327028083425,-0.0013042339011435367,1379.869064711842,3101.6791978815145,4429.189987562189,2032.2038735099973,-0.08250778652683241,-1.0790311269030828,2818.359375,6447.265625,0.19991895058451095,0.20085488165555576,1.4933357015267608,1.296355228026752,0.0643310546875,0.2813720703125,1370.9043,1030.1982,0.7089790403842926,-0.44033527,430.0821,1898.5896,0.057457015,0.058663964,1.3871850371360779,2.545914,0.002555581,0.08852722,0.0,0.13377333831004673,8.212617210448126,55.0
c6b4a6b7b0130cc5fbb330fa59c7c87b68f7e6d312be15724d4e100282d4ee20e9b65d2bdd2273354fa58210c937bb7ccdf218c1220b4f42769b4d24982795fe,55.0,-266.31934,67.10661,-1.352432519197464,5.7877207,-313.7939,-220.62277,109.81946,42.54889,-0.49569982290267944,0.40399194,88.06497,137.68495,9.562975,25.787066,-0.0570099763572216,0.7221041,-4.7538404,24.480207,25.715189,22.309542,0.22400226444005966,-0.08926022,11.7046385,38.811428,-4.557787,18.335564,-0.7808654308319092,0.31435192,-15.347101,9.169038,14.590209,18.142298,-0.5306584611535072,0.06734407,3.0384445,26.68936,1.5226731,12.919302,-0.1494840681552887,2.4412386,-4.8502083,9.519172,3.5111885,13.885654,-0.5734157860279083,0.123657465,-2.597709,12.425582,-2.3070266,9.390127,0.12028990313410759,-0.082371354,-8.647887,4.481547,2.049994,12.0520735,-0.010558217763900757,1.2710683,-3.978929,8.732049,-2.225617,8.852904,-0.39926107227802277,0.48077786,-7.072589,3.4587579,3.653293,7.515812,-0.0432487903162837,-0.6119833,-1.3557601,9.155657,0.557441,6.180069,0.411515437066555,0.6527587,-3.3214002,4.1073513,1506.6296401382951,781.794478492367,1.95688192195857,4.005851635066584,984.687229224244,1689.2883382740479,3155.5694559800663,1520.0951611144778,0.5673258360992857,-0.23997198990495194,1775.390625,4025.390625,0.09684842841569767,0.07242238166029408,2.2685492202006823,5.7555581981667086,0.0579833984375,0.1055908203125,952.9236,889.59534,1.7513702511787415,2.7205114,324.31915,1238.8129,0.042794667,0.0318716,0.9566852450370789,1.0081266,0.012631675,0.062778115,0.0,0.12815536716187137,10.248159104917688,55.0
c72f9e351f9a7f818eaaccd28cc11ee13ef3812acfa939e4dde76d287787aed35da38b4a2237dca1963fd736cb46153774d24f6ad72cbe9ef4c0d6551b9ab1a5,35.0,-334.76477,167.03334,-0.08334379643201828,-1.6178312,-532.54114,-187.10007,38.611393,58.23136,-0.3567146062850952,0.043893576,7.0489626,87.37669,-7.0479712,34.033005,-0.6233114004135132,0.2515943,-26.869888,9.738163,45.68038,46.99524,1.2448142766952515,1.2105179,6.5656714,74.15852,-16.863396,25.759592,-0.5996001958847046,-0.97583103,-36.984108,3.6640978,10.603051,17.843792,-0.48855575919151306,2.0675635,1.7313197,20.408375,-13.61205,23.820465,-1.0734022855758667,0.28701234,-29.645016,1.0974967,-13.271647,16.5888,-0.679691731929779,-0.38203025,-26.388992,-0.3339805,-9.22567,17.666271,-0.20862208306789398,0.22404003,-17.908241,-0.71494913,-5.5004096,18.05296,-0.770068347454071,2.1809359,-12.748962,0.75949746,-3.2260985,11.067509,0.6474208831787109,1.084631,-7.5941687,-0.3188463,-12.817211,10.014551,-0.9461977481842041,0.05426979,-17.762632,-4.2891335,-10.271989,10.092863,-1.043333649635315,0.9459419,-15.340317,-3.7350693,2158.9343029195134,879.3986764749176,1.1065590031500598,0.13840310973216186,1538.413986474547,2543.121019651868,3924.501050420168,937.3146685853825,0.5080580414443753,-0.13015729735104298,3378.90625,4597.65625,0.17242482930672268,0.10650132258146752,0.8812695256898259,-0.31978748931703915,0.086181640625,0.232666015625,1627.4543,1173.2173,0.4696623980998993,-1.1437757,552.944,2601.8533,0.06427074,0.07459376,0.9991140961647034,-0.19465923,0.00025263685,0.105754,0.0,0.10278570992705342,8.788102384458803,35.0
c83057d0a4434dce720551e271d73fcec018099b865ce0835b2993490e598c8586ca373d73ef1ee5aed99b4c385458895b9992a9503f7451a415cbd4b7878923,35.0,-381.30557,139.28949,-0.7031242251396179,-0.8290689,-484.09512,-273.07794,93.795074,73.28742,-0.23497578501701355,-0.9732833,25.574821,150.72424,-1.1703035,32.75731,-0.1426929384469986,0.85379314,-20.763416,19.215153,28.692356,34.92102,-0.15427787601947784,-0.39156866,5.82743,58.6361,6.3412485,23.204668,-0.19190704822540283,0.14063597,-6.0741415,20.873941,-16.079575,20.676874,-0.37956956028938293,-0.6952722,-31.10411,2.6057792,0.962659,23.080791,0.6617047786712646,0.5098667,-18.012604,12.753098,-15.624412,15.377503,-0.43105316162109375,-0.25722265,-25.411016,-1.9381461,-7.122202,15.925434,0.2907920181751251,0.07835221,-18.88729,1.2478919,-5.5306516,15.598408,-0.028419867157936096,-0.15288949,-15.786326,2.6359277,-12.881286,12.100566,0.06389565765857697,-0.589658,-22.025078,-2.7650857,-7.01368,7.717518,-0.18718542158603668,-0.056701183,-12.584845,-1.8394264,3.2190554,8.788471,0.232413187623024,0.423563,-2.245626,7.8638864,1659.0917518771087,1102.9252434275165,1.3204797768418797,1.804373355211636,849.6585595372869,2233.5416848441782,3099.9636627906975,1895.188146226896,0.5059741772208516,-0.8022940461072019,1726.5625,4812.5,0.1415538699127907,0.12473349860458126,2.2044192468457675,6.832649893884845,0.04931640625,0.194091796875,1406.6082,1021.426,0.5265486240386963,-0.9594157,463.49414,2189.4412,0.02885814,0.024030289,0.5660390853881836,-0.3797028,0.0046159867,0.045821395,0.0,0.09536184234605043,11.556314989368678,35.0
c86634a9364d349ce83da80aa52ae3c8d288071a2c801ab725518d0afff0aac8c5a2f1b3c63aad80795e0766ed731718d5e09f9f3dd725889525e0172098260b,65.0,-426.81314,138.64795,1.3031405806541443,0.37610316,-520.7002,-350.24078,67.36264,45.188522,1.266882836818695,0.60953665,40.786568,84.12488,17.752853,30.273132,-1.6298058032989502,1.9882447,9.646971,35.7879,18.327803,19.81548,2.111588478088379,8.58207,10.0539665,20.67633,11.472749,14.82521,-1.424488604068756,2.062307,6.4530478,20.010387,8.654118,12.343737,-1.521930754184723,2.3793569,2.6442547,16.337912,4.3199263,12.465521,-1.3018582463264465,0.88842285,0.31245756,12.383984,3.0149474,13.148397,-1.5500513911247253,2.3867543,-0.76393294,10.599703,4.5918245,11.564171,0.10743407905101776,1.6891677,-1.2642448,10.642321,5.446049,10.268183,-1.580564260482788,6.0567555,2.9010003,10.627739,5.7418795,9.818286,-0.591538816690445,1.1044914,2.1811275,10.606289,3.411288,7.350213,0.3584546111524105,2.506397,0.14894941,6.3253965,1.7723457,10.041583,-1.8209543824195862,3.7353325,-0.72392035,7.5373874,2269.159965040176,806.4483346644877,0.0334670533158443,-0.692229080478329,1648.92874027903,2826.607212538842,5060.425168871376,1724.066543658704,-1.036788484615226,-0.0705361859903727,3919.921875,6210.9375,0.14400090894798412,0.08202952479138069,1.8582861181742265,4.900097672215762,0.08795166015625,0.17083740234375,1008.20905,950.68005,1.5145968198776245,1.5176203,342.25592,1411.5623,0.023839772,0.04507459,2.2020998001098633,4.1733913,0.0012106376,0.024998263,0.0,0.18198107694577997,5.754072567119168,65.0
c891b3370620fe609c295123b25ef838bb0a735d3ca17c7a736e0ccd02951477f0a7d0d3615f9ef71d84fdc93baea83982eb3d731beb20402117c70a25ec66a5,65.0,-288.53476,116.1637,-0.0009987838566303253,-1.37925,-408.83582,-189.68944,99.729965,45.36416,-0.8002683520317078,1.6465257,81.22802,124.03439,7.6166325,21.686596,0.5696098953485489,0.9686359,-6.9718704,20.989891,15.699129,31.00782,0.6756854206323624,-0.4945711,-9.605604,37.195183,1.8007671,21.901321,-0.8889852464199066,1.2894224,-8.335413,14.753286,11.028409,18.848997,-0.03361016884446144,0.30200326,0.7920447,20.216213,-3.7772264,15.9755535,-0.5124889016151428,0.830438,-13.149225,5.515384,6.4549284,18.153397,0.24124357104301453,0.59940994,-3.131903,16.554619,-4.4806523,15.750893,-0.9503407776355743,0.8516321,-12.254381,7.0202365,8.46316,13.274559,0.2101137861609459,0.8520582,1.3738245,14.784743,-6.589084,11.346418,-0.601484626531601,0.8631762,-12.932201,0.8947003,-2.176886,12.772595,0.45244162529706955,-0.4105506,-11.523752,7.5400996,-12.244963,11.262226,0.10654208064079285,0.5173813,-18.50557,-5.922451,1488.4452395518238,798.867391963025,1.431234284288301,1.9203321868477126,996.7650375446564,1721.5690077631753,2867.8297697058047,1565.0572998140951,0.6396519825186825,-0.3011198241353352,1836.9140625,3732.421875,0.10586240095792762,0.08694406429235918,1.9720871980506829,4.144060987057683,0.052001953125,0.1290283203125,1292.2115,1052.5452,1.0526012778282166,0.1330322,460.00412,1820.0625,0.07410425,0.08191415,0.9801011979579926,-0.36498213,0.008407154,0.12227153,0.0,0.15779127114751987,9.00892887878923,65.0
c914cc65463dfb34a68f0dad7a6ff913afef85d1904bdbb89fc943ab8bbc49b95abf78273c8a59d7576466039d232a209196e058f450e513a78b691270fd41a3,15.0,-397.8373,164.82089,0.2651238813996315,-1.5921297,-549.2901,-226.88719,52.57575,40.88121,0.4855276942253113,-0.22455144,26.278893,83.49381,5.1419425,27.375513,-0.701238214969635,1.1743823,-9.58094,19.70764,13.147911,22.493397,0.6720320787280798,0.8863554,0.04834467,21.364803,-8.933765,16.768257,-0.99817955493927,0.14247835,-17.935585,2.4727044,-6.226589,12.901185,-0.8411043584346771,0.4615383,-14.144382,2.3965323,-10.410185,13.780515,-1.0296494364738464,0.7310047,-17.948154,-0.78322875,-11.183474,11.33995,-0.7697635889053345,-0.19642317,-19.618923,-2.3041816,-14.055136,11.85051,-0.5780784636735916,-0.13868618,-21.400852,-4.710328,-10.052868,11.435876,-0.6036579608917236,-0.17904305,-16.900444,-1.6485884,-13.714361,9.1371155,-0.5384263545274734,-0.6134846,-19.189337,-7.08928,-7.72907,8.575483,-1.0520457029342651,2.1770642,-11.421105,-2.5520442,-6.392593,7.044393,0.017886368092149496,1.1320882,-9.941591,-3.4821877,2459.3332113465685,1013.212303482117,0.17233521393141352,-0.3185062115982733,1462.8816054272368,3089.2443140126134,4707.297585227273,1763.280752459943,-0.6336413683926774,-0.8983929781200465,3066.40625,6057.6171875,0.21944938218298038,0.12292466804136165,0.405790251126221,-0.11552476235079512,0.099609375,0.28985595703125,1689.7294,1150.2969,0.40321604907512665,-1.1450824,632.0927,2694.62,0.03289023,0.039468743,0.8708584904670715,-0.58308613,0.0005271111,0.06747919,0.0,0.09025845436002593,10.989768192510002,15.0
c93fbed7027cc11647b3ac291efba05a49fb24335e229dbf0bab5f9b587133d213d3497bbf5d19803a4b2ee91245d0e56b39a9ccf9fedf97ac69eb279afc2621,55.0,-264.24048,97.83174,-0.44946685433387756,-0.86459255,-344.79712,-189.4526,51.233677,50.953983,-1.3301926851272583,2.1394148,38.36377,74.99725,21.211308,24.436455,0.045168012380599976,0.384825,8.037518,34.455338,61.48627,41.194046,0.7247633337974548,-0.24462247,26.254177,87.87161,-5.248499,22.13288,-0.7072738409042358,1.4210482,-18.360775,8.575901,12.623328,12.769069,0.06820718944072723,-0.0843153,3.918613,20.799412,-1.2911013,14.708267,-0.23934055864810944,-0.43870926,-11.640988,9.090786,-5.8624215,13.547159,-0.2684062421321869,0.82291365,-12.971427,2.3667886,-11.1219845,14.823975,0.5019494891166687,0.23456764,-19.53702,-2.4687138,-5.032205,13.660374,-0.5868328213691711,-0.25695515,-12.102767,5.449399,-18.441233,12.568648,-0.5637421607971191,0.18906999,-23.745502,-9.545324,6.808653,16.359457,0.21564489603042603,-0.775234,-8.009112,18.20678,-3.5357156,13.906626,1.23262619972229,1.4162383,-13.10446,2.5709188,2321.0586430172766,1052.951691810723,1.229840678808301,0.9293352891062816,1642.7941834482913,2631.129223355568,4374.569389763779,1293.3405535102136,-0.014478703392599048,-0.437299046022507,3644.53125,5160.15625,0.17893777682086615,0.14252778953462716,1.5379956471634657,1.603409983758958,0.078857421875,0.221435546875,1948.2429,1369.3967,-0.08140899986028671,-1.6340721,370.85367,3311.6953,0.0650749,0.055138536,0.7688637971878052,-0.16964078,0.011749633,0.09384615,0.0,0.15377626934366276,8.026523646161323,55.0
c97e312c06a9bb89ed78b35fcaf6e0439f83f89b6d8c34398309a245d87e6c29cd40d82225d2bc9783a652d51c5a6a9741b5772eba900ab6e9e5e577189d7743,25.0,-292.33432,176.89326,-0.5758121013641357,-1.2393873,-511.59866,-149.75793,80.15127,76.12676,-0.042291607707738876,-1.2308825,0.0,146.21495,-13.050637,37.776302,-0.44290855526924133,0.5510037,-36.672466,3.759654,20.663155,30.997608,1.051025152206421,0.51984406,0.0,39.819183,-9.999501,22.908737,-0.3136577904224396,-0.06602001,-23.975248,0.118323974,-15.887819,15.703041,-0.5740021467208862,0.06293392,-25.701723,0.0,-13.5090275,16.873537,-0.09373760968446732,-0.53388,-26.062288,0.0,-11.790413,13.173472,-0.5628502368927002,-0.4159584,-20.982128,0.0,-11.399304,14.600805,-0.05219058319926262,-0.40625525,-21.580793,0.0,-14.070569,13.973742,-0.39095044136047363,-1.0318259,-26.011074,0.0,-14.131448,16.323938,-0.03521254286170006,-0.87673855,-26.601639,0.0,0.94475263,9.744615,0.23626601696014404,0.47630048,-4.449567,7.0638466,-16.661707,13.620446,-0.47095271944999695,-0.14116383,-25.164068,-1.523664,2093.7872554935857,1223.7952902798677,0.6619962555636241,-0.7193782148654075,1045.6809802313792,3249.0027039172364,3706.3390031645567,2003.925407612478,0.09427022144427467,-1.580001688905808,1974.609375,5779.296875,0.22027974189082278,0.15336096543573707,0.8223870324019511,-0.18410893939844009,0.0850830078125,0.331787109375,1699.4978,1119.3326,0.4070727825164795,-1.0304968,664.83826,2528.6558,0.076072246,0.06341856,0.30823931097984314,-0.9553139,0.0012547431,0.11971563,0.0,0.13093886103796595,7.990624737787901,25.0
ca2675b7283d5ab8db2609f77707591a20442c6db2164721c4d5ed661ef762c852fb0105a77e3bdfb85cbe292208485e1f7abf34ce6694e9c983d43696f0d5d0,75.0,-427.87354,159.67438,0.3775000721216202,-1.1901066,-589.11816,-275.09326,64.626564,70.40616,-0.012996330857276917,0.3141818,31.90823,111.29309,27.92537,29.312706,0.46014417707920074,1.2410395,12.866978,37.703117,11.501806,21.68697,0.1138114333152771,1.0999974,1.975357,20.59414,-2.6218998,16.98378,-1.102013885974884,1.3261278,-11.426574,8.071886,-3.0684774,19.16892,-1.1066939979791641,2.194609,-7.0297,6.819105,3.6610193,15.614021,0.8406456708908081,1.3812392,-3.7676773,8.808845,-1.7592541,11.702982,-0.562754362821579,1.3418783,-8.802956,4.8148565,1.3242854,9.349116,0.10091888159513474,0.86308086,-3.6845744,5.6573987,0.085970044,12.562789,0.49241964519023895,1.1171515,-7.0919447,4.3646393,-13.649093,13.779442,-0.6015608906745911,-0.5152178,-24.449549,-2.5436308,-2.9791505,8.105463,-0.3115326464176178,1.7081492,-6.7768025,0.8795826,-1.3910825,8.761246,0.4050462245941162,0.92929745,-5.9430904,2.8007388,2262.0920375403884,1213.1132194215825,0.6499421051135366,0.010736265457075955,1398.6988508474458,2722.2952250527246,4441.193363347166,1989.8854106038639,-0.742710126101054,-0.6020499394858752,2868.1640625,5617.1875,0.17615263414757737,0.13911542838322227,1.5453794598932449,2.0548428966501966,0.09136962890625,0.21453857421875,1366.935,1213.4414,0.9234250783920288,-0.58570665,420.65475,2200.0657,0.023782734,0.03330884,1.3071810007095337,0.6951165,0.00043023273,0.042327754,0.0,0.139546885275888,4.806321879621068,75.0
ca4d4da2a8deab111c266ee13cc49978cc283e77b0ff4ba968e8f0eea2a7fa5a7374db2c6dfbd9c95ebfee66ca54ca719ac2fe9319f11d21afab2474720570d9,15.0,-307.74835,177.98926,-0.5053351819515228,-1.4157273,-551.4301,-157.66772,84.26666,72.79451,0.04530961811542511,-1.4877181,2.4873543,152.67273,-11.351524,37.15651,0.3519935254007578,0.6526226,-37.959026,1.9258068,19.541317,24.66101,0.812543585896492,1.2374673,0.34450164,33.450066,-11.310369,21.44656,-1.013360172510147,1.2561967,-21.443764,0.014973192,9.936056,17.62023,0.5848701894283295,0.30094135,-1.9439639,20.985397,-9.10684,14.84184,-0.4715213030576706,0.38332176,-18.390095,0.0,-11.5671215,14.607458,-0.3719227835536003,0.24983668,-20.110207,0.1619066,-3.1500273,10.576408,-0.1780519187450409,0.23074818,-9.026139,1.6637836,-5.367362,11.123096,-0.5976430773735046,0.7839956,-11.088146,0.0338313,-11.680174,11.557362,-0.5641795843839645,-0.25943053,-19.234905,-0.93706316,-13.577783,10.923437,-0.06551718339323997,-1.1754305,-22.733967,-1.0858405,-5.9165325,7.882681,-0.3501512072980404,-0.317209,-11.404457,0.58269244,1789.1577862125487,910.8244924197252,0.8411598221816469,0.7389720600340031,1040.6759874933105,2395.5489461768484,3408.209804634063,1595.6480366448227,-0.044843721761680055,-1.206539693995111,1902.34375,4894.53125,0.14546866984439125,0.08843393496791171,0.8197575579499897,0.21944630599417314,0.0711669921875,0.19683837890625,1542.581,1028.7534,0.5415714830160141,-0.76433754,648.30505,2369.0486,0.064776495,0.0557759,0.2521648332476616,-1.1797862,0.000447818,0.11162658,0.0,0.1189215983467442,7.239792452343403,15.0
ca983745f55d2a6671ae5653873d785dd5f7b1faec5231c0259701ce3de942671da521bc21f795a784afe29c94a10d0b62ff8429b86bbb40494231a0ec237e64,25.0,-292.13736,153.14166,-0.145768940448761,-1.0681543,-462.9718,-178.30301,49.351562,67.59525,-0.031210286542773247,-0.8098731,11.983762,107.02065,14.245586,47.999886,0.01074964925646782,-0.3633597,-13.492306,48.225113,6.4335685,32.726494,1.5258156061172485,4.760009,-10.168266,17.973995,-22.695635,31.328423,-0.754955530166626,0.04055667,-44.047337,1.7123498,-6.4789085,21.94383,-0.4733085632324219,-0.32574058,-21.769192,8.138906,-17.8689,22.108109,0.08981061726808548,0.54926324,-31.081203,-4.949963,-19.367046,21.206757,-0.8586731553077698,0.636008,-31.487337,-4.3355293,-17.624922,13.1877365,-0.7174065113067627,0.688663,-24.638771,-7.9413643,-10.197113,14.493094,0.35975679755210876,0.11019969,-18.008331,-2.4238496,-5.93938,17.23078,0.6825872659683228,1.1072927,-14.596479,-0.20939699,-5.944785,8.958415,-0.0726824700832367,1.6725965,-10.571749,-1.3951031,-15.5093155,10.129111,-0.4908032715320587,-0.014333487,-21.837513,-8.1242285,2603.2882902343813,1396.9824797239714,0.7352520618621878,-0.39372208010433685,1430.1032379545572,3278.0878952352123,4303.8525763358775,1801.56319100456,-0.30193469150376956,-0.7609909889775079,3105.46875,5714.84375,0.2540367068225191,0.16276363757628187,0.848775210486715,0.355725191608558,0.120361328125,0.361328125,1744.6381,1214.558,0.3963657021522522,-1.2355337,600.24854,2715.2173,0.0732713,0.072077505,0.6581986546516418,-0.8810196,0.0032993134,0.13850605,0.0,0.13322359960189567,6.99175365335836,25.0
cae0baf6ec33ca038a3732ed01542749f6ec147c0415c7b281cee0a622dd1cf53103acf294f403e92cc32b149903ba8b0fe4e0f0dc9d92631c1f9d529638301b,55.0,-395.21527,133.64374,0.014631673693656921,-1.5614101,-535.74023,-268.85944,81.01084,61.991554,-0.5048513859510422,0.54688966,64.12551,112.88367,11.706427,28.997494,-0.14928936958312988,1.1170415,-0.8625221,25.428616,36.183956,37.98088,0.7201761901378632,-0.39310777,8.8846655,62.669724,0.041039944,23.021614,-0.06593921780586243,0.18835747,-15.631891,15.178367,-15.202106,20.595606,-0.33044052869081497,0.28165781,-27.519989,-3.8418252,-7.054117,17.500967,-0.325777605175972,0.08591342,-18.21587,3.6002088,2.0615325,13.948198,0.19108136743307114,0.1384288,-7.2195177,10.899404,-15.341632,10.875788,-0.6979461703449488,1.3695534,-20.556019,-8.85537,-1.7114711,13.614035,0.6877630650997162,0.51830196,-11.626223,6.9464903,-12.668848,9.413723,-0.5692501664161682,0.34894395,-16.532139,-6.852784,-7.890955,8.7691965,0.13893290609121323,0.15008521,-12.928051,-3.0113256,-6.4235835,7.9873104,0.05918004736304283,0.37287843,-11.974709,-1.3561299,1761.326708738918,904.5607488679534,1.156570446127759,0.8227570125505457,1124.5914313991811,2190.029802993742,3370.004822086596,1368.2251806847212,0.24487247278204877,-0.5421535285689701,2440.4296875,4463.8671875,0.13093042430763474,0.0971600728371833,1.658513939559266,2.5400847718252533,0.072998046875,0.1510009765625,1235.0149,1035.0868,0.8824340999126434,-0.35418713,418.45215,1956.7656,0.028063186,0.029937305,0.960590124130249,0.18794703,0.00093671086,0.047433645,0.0,0.15531934937411107,7.656034116190462,55.0
cb94efd5d1e50a8cbe5b609df72871c84a602b52e30baf20255177cf5d098cd2835859e0d41e993643a497552fca06e3f3e19f5a70c69223c65dc5ee1dde6c5a,35.0,-378.75525,175.39377,0.5087353885173798,-1.2235966,-529.94617,-205.03778,37.576645,57.76725,0.49646565318107605,0.46587253,3.2825942,68.014175,23.996372,37.300377,1.3372359871864319,1.0905309,1.5765537,38.810776,-0.4569378,26.61586,1.1236692368984222,1.3284738,-16.84412,8.9770565,-14.984482,18.448484,-0.7845417559146881,0.7848518,-27.480083,-3.5526402,-14.97673,14.912833,-0.8662850558757782,-0.06810248,-24.76962,-3.7395473,-13.116108,15.578311,-0.616928368806839,-0.35775203,-26.80429,-1.1965191,-6.60192,11.726702,-0.28901782631874084,0.62906563,-12.757456,0.10234925,-9.996314,13.6805,-0.9732609689235687,0.70426357,-16.283987,-1.224171,-2.6303158,13.085608,0.11900820583105087,0.45979118,-11.065126,4.437492,-6.870076,8.68313,-0.777848869562149,-0.2034893,-12.668152,-0.31767255,1.2582431,8.402379,0.5720042958855629,1.2111282,-3.6288857,4.788985,-6.9129515,8.299089,-0.963271826505661,0.997697,-11.228918,-1.1469765,2624.626507879636,1286.9473544472628,1.0645607508289403,1.0256673432990777,1886.321013897164,3174.510982156169,4699.965584731795,1609.896352023758,-0.7102725128371667,0.1488389156354073,3987.3046875,5787.109375,0.23750928422095072,0.14895848237976023,1.780060050262341,3.7368616853317254,0.1502685546875,0.27996826171875,1524.8682,1130.8345,0.7480781376361847,-0.7159027,584.1588,2330.5728,0.050166845,0.07195437,1.3137797117233276,0.5377879,0.000829072,0.079403415,0.0,0.1596516298914125,5.187391007831286,35.0
cbbf0b4896d532ed8bfad4d3a82e356c699d62cc1f88faaaae8cfeca06bb2376e81af1802e342dfedc6673c08b59d030e0892299d0d516938fc4b40c0b9396fe,25.0,-343.1795,136.4707,-0.8518010973930359,-0.39123273,-400.17776,-247.84094,72.15863,68.86447,-0.3084775134921074,-0.94666034,13.940715,131.31319,3.689183,29.661879,-0.051619112491607666,-0.2529639,-17.775257,21.226463,38.169563,29.265081,0.807828426361084,0.4475739,17.374506,53.426937,-16.49809,24.857407,-1.1525922417640686,0.96885264,-28.783081,1.6522057,-12.703658,19.041908,-0.4115368127822876,-0.56893814,-26.915583,0.8253765,-16.394358,17.194315,-0.21987783908843994,-0.5770488,-29.167446,-0.43667117,-18.791634,17.802818,-0.16755227744579315,-0.689389,-31.916992,-2.9848576,-3.866704,11.03367,-0.14827974140644073,0.023911834,-11.979508,3.5539293,-7.594593,11.2417145,-0.3991994559764862,-0.05108905,-14.569282,-0.15583429,-9.893032,9.350711,-0.15997003018856049,-0.110557556,-17.27679,-1.8892452,-7.8571253,9.359051,-0.2761642271652818,-0.1639831,-14.741077,-0.030509926,0.20187634,8.326084,-0.2606072649359703,0.040691257,-5.2796564,6.0732603,1985.4946362609153,1249.2086585078819,0.8971586382350634,-0.03607313739054474,1026.1754899503821,2769.8250602837334,3571.346329275381,1939.0977077982016,0.14560949394153577,-0.9868894987637669,2200.1953125,5100.5859375,0.16573326447865538,0.14039804562981625,1.41717866531618,1.7003273490449842,0.0574951171875,0.2296142578125,1735.3108,1221.854,0.3199974074959755,-1.3100151,531.69366,2816.0256,0.03760725,0.03211099,0.911407470703125,0.49706304,0.011446186,0.055357058,0.0,0.11848364027605715,9.834351430172287,25.0
cd02f2b1353f281baec31594ceb3d5396daf1a00ac9feca1ed4fcff9328853ab8860ef0c9fe142a5ea84382e271ffcc3c9ea617aa83173200bd12e383624dc4e,55.0,-588.23016,85.01611,0.08194202184677124,-0.96953434,-668.1326,-515.91644,116.87541,51.06588,0.1862332448363304,-0.78224075,75.95994,161.1107,18.274872,20.947712,0.139071486890316,0.57920206,6.1285977,31.417543,19.662546,31.018547,0.47443754971027374,0.2447648,5.3454986,32.535553,-8.484833,22.814884,-1.140652596950531,0.70319426,-16.542421,5.62725,-5.435788,15.802559,-0.5058893263339996,0.04279208,-16.980007,5.264724,-2.7784672,14.755867,-0.7838433384895325,0.089546084,-11.757284,7.284434,9.161436,11.007574,-0.2791236639022827,1.2643414,3.2630234,14.79799,-5.6797466,12.267184,-0.5444679260253906,-0.53495574,-14.185198,3.998526,1.7223439,11.441695,-0.7755257785320282,0.7832546,-2.8673127,8.778429,5.887514,11.743829,1.0190996825695038,1.4296651,-1.3574758,11.242361,-2.7530012,7.18235,-0.3795885741710663,0.018320799,-7.056277,2.2123094,-7.540021,9.662162,-0.6815226972103119,0.61492836,-13.877507,-1.0003927,1435.8409193609532,756.9989692310514,0.7839894731211744,0.5885893967145248,783.1296083539373,2014.7603213874931,2958.2111393427053,1768.9738724126246,0.047150786340679984,-1.5854661379675208,1220.703125,4751.953125,0.09977801012775456,0.06269193600515133,1.9033463529375783,6.327736941513955,0.06170654296875,0.11700439453125,803.8694,712.81006,2.115145206451416,4.497586,358.27536,910.86975,0.003906256,0.0039116004,0.7334540486335754,-0.5956998,0.00021154917,0.006796679,0.0,0.11528630047810601,13.2469868047855,55.0
ce69200d7c20c033d86e397cd92d3f8a4b5414d32fd89ce2ed3eca38e0c69adee9f9ca93a40c24b1412ac474f5196282182067406c0c62bcb39b97bc997d4db6,25.0,-452.00668,79.04752,-0.9181879162788391,1.6003928,-490.68872,-393.50223,64.67216,49.309082,-0.4723781645298004,-0.42271852,28.942898,105.80752,16.490623,24.091148,-0.005336086731404066,-0.2844131,-0.45002145,33.217148,9.959411,22.508842,0.4000003933906555,0.29485393,-4.4651537,23.786158,2.8760853,18.328753,-0.08884014934301376,-0.5120859,-10.451485,17.043612,1.8664987,13.668711,-0.2565079927444458,-0.30625176,-6.110015,11.409042,-17.699284,11.322051,-0.4881300628185272,0.5893016,-25.055029,-10.137497,-6.386312,11.122818,0.25501197576522827,0.040844917,-14.287051,0.0,-19.062138,11.035187,-0.8438841700553894,0.81817675,-24.525875,-11.978477,-14.916107,8.208058,0.07650940120220184,-0.20729136,-20.798725,-9.727873,-15.285627,8.45407,-0.18905723094940186,-0.13979053,-21.283304,-9.5191345,-8.581318,6.7161064,0.042554013431072235,0.033275127,-13.272808,-4.200493,-20.308733,6.9836,-0.31695759296417236,-0.15293264,-24.1874,-15.083293,2210.025105770152,1250.598777497417,1.04420606522118,0.33219717584577335,1205.5952989338714,2972.706938390102,4198.928766375546,1860.5042697573554,-0.1293426217615668,-1.0864372722927678,2406.25,5804.6875,0.19232737445414846,0.16845434909036222,1.1727617955340832,0.8738332457411886,0.044921875,0.28466796875,1711.9574,1197.1881,0.3809504508972168,-1.188415,563.6793,2755.1123,0.006715312,0.0050577936,0.820780873298645,0.40424538,0.0028373965,0.008945121,0.0,0.06585067592946203,11.028022984647293,25.0
cf20a39943b7a02ce78fa98e38f53f403423f97d40d7b465465b15a257533af24c21e875191ac05776be14cba71c2b58c4a4d35c7dc388634f02c6ca69a1ec6c,15.0,-258.07,123.91788,0.1306930109858513,-1.39847,-375.54047,-137.36153,91.81691,45.713486,0.36973540484905243,-1.2460241,52.574238,136.48053,-13.97448,33.271828,-0.6108395457267761,0.36925054,-28.2334,5.2109175,39.415173,35.903076,0.8003497421741486,-0.3157302,10.0382805,67.383995,18.708351,19.379948,-0.9353072643280029,1.7376802,11.242782,30.38794,-5.497081,19.832808,-0.7909075617790222,-0.013032198,-18.46713,7.267166,8.663047,13.105663,0.8170265555381775,1.3614798,0.5280317,15.564424,0.4500772,18.94966,-0.6387445777654648,-0.7342971,-13.301355,16.013912,2.238022,11.9432955,-0.6441993117332458,-0.17665875,-4.8513136,10.90593,3.2352555,10.785221,0.5069714188575745,0.304168,-3.3304007,9.340214,-3.9694428,9.732959,0.23702687956392765,0.8931478,-10.128488,2.3567016,10.131375,7.2559624,0.229475237429142,1.3092198,6.2145348,13.772775,5.711922,8.161477,-0.3135965168476105,0.7260797,1.4862676,10.739935,1708.625397107376,678.5018842641058,0.36171806230431225,0.015401538583023067,1133.0103655537232,2192.8901721433767,3574.2422740178645,1452.0733049850674,0.045976489452643717,-0.7644388396822264,2529.296875,4666.9921875,0.1183327170777423,0.06883070121160917,0.32964081876507023,-0.6876560965108686,0.04998779296875,0.17657470703125,1378.7058,857.67175,0.4894707500934601,-0.37115383,603.1135,1962.1448,0.11847766,0.1256628,0.6966386139392853,-0.76790684,0.0036425334,0.22322506,0.0,0.13024641075453927,12.13681640571199,15.0
d0cc51e3a9b71b2fb3e5a7f8bb0b2d5ed44779a2949bc4c3e55eee6d106e30e269bdfe654c4c76d3ecd65eed060d4a5de2b90cb097c41010b9e1e9a7965136bf,35.0,-452.02682,174.79076,0.04120985046029091,-1.6031262,-649.42114,-286.62503,53.218605,63.32218,0.52577805519104,-0.7302873,9.094759,109.0515,11.722961,39.923233,-0.27782362699508667,0.95378876,-0.6254121,29.185844,-13.519983,32.877983,-0.8253875374794006,-0.51428485,-39.533905,9.223902,15.783743,18.17663,-0.19167958199977875,0.95747924,6.1691713,25.502426,-25.518435,25.911707,-0.014674950391054153,-1.3942958,-46.93712,0.5626528,-2.6262617,14.206987,-0.507871687412262,0.08662462,-12.16547,5.960363,-7.8021817,15.993456,-1.3087184429168701,1.5158033,-16.452568,3.7218623,-2.115376,13.060036,-0.9096130728721619,0.9490216,-9.943869,5.453349,-5.74881,9.711418,-0.5293809771537781,-0.24704576,-11.902537,1.3481467,2.1651974,9.037223,0.4187352955341339,0.6483927,-2.8930771,5.9462857,-6.1793976,11.970073,-0.5238209366798401,-0.66934586,-16.38101,1.4044981,5.0188804,8.268606,0.5880795121192932,0.8704419,0.0,9.487422,2845.8658551736617,1546.7219542343976,0.42027834376295986,0.0940820989065001,1697.8127277454532,3541.3657004856154,5342.306385869565,2460.861727112621,-1.019474572281092,-0.519504437622393,2787.109375,7236.328125,0.26914380944293476,0.20470454196073815,0.8750383255762879,0.1670595609746881,0.0986328125,0.3936767578125,1472.497,1011.41003,0.6416679620742798,-0.57866335,585.0995,2187.6433,0.020504711,0.02375465,1.0359874963760376,0.3078463,9.785946e-05,0.03741908,0.0,0.09109903861943158,10.95970191280118,35.0
d1440ed1c599253141bce5f16c819e91b2ffabdd11ea6168b82ff6413c10e57a5d0289aa529f0a6a2799803640c0edd69306dbad572548099960ab83a2ecce24,75.0,-527.32275,153.75322,0.916194885969162,-0.63893366,-640.92944,-445.4999,60.90588,40.427902,0.181146502494812,2.0544891,43.204567,74.279495,14.472132,23.212357,-0.7689660787582397,3.6301193,11.071858,21.938847,22.922455,25.781076,1.3656915426254272,1.6789025,8.19524,31.786848,3.175971,13.552734,-0.86133973300457,2.5617862,-0.27459025,8.598534,-2.242118,13.165279,-1.146373450756073,2.3023672,-7.1911316,5.3239927,1.8736684,10.456395,-0.04028567671775818,3.0987968,-2.4122617,5.7439184,-4.433898,12.550213,-1.1240316033363342,1.2171772,-9.889436,3.0429757,1.9897485,8.810099,0.38806258141994476,0.91737866,-2.4684343,6.0436993,-3.5739155,9.731771,-1.0111929774284363,2.285476,-9.061073,2.082917,-3.9116256,7.356697,-0.1272526979446411,0.88571703,-7.9631567,0.85419774,-3.3791442,7.985465,-0.5526768565177917,1.5786905,-6.631613,0.43410683,-11.513118,14.912179,-0.998725414276123,0.13727367,-17.314772,-1.5575321,2342.316339816666,883.3272275810534,-0.05131274783263341,0.4897682211144585,1830.3637647439389,2748.098884367759,4849.136812507109,1642.2027727185582,-1.03183518453202,0.28277903546889127,4242.1875,5757.8125,0.19512462474938858,0.09395999867817056,-0.015838985873693284,0.4769565398045956,0.130126953125,0.24560546875,1558.073,1105.1936,0.6088418960571289,-0.84002197,608.88025,2403.167,0.012372928,0.018524326,1.2904725074768066,0.3175918,0.00017101421,0.015407618,0.0,0.12883413384237236,11.38887834117676,75.0
d1c0e01c747ca79c6126cd0ca038525997868a4daea7eac6fdbc2fe83a114e16adf8fccd64c674599cce49591d63925828cbd95a0ffb70dc9090ad3022341adb,55.0,-391.9442,124.32638,-0.30438709259033203,-1.0512893,-507.80167,-288.08688,78.9554,65.07851,-0.2977856695652008,-0.22407174,39.93344,125.16141,5.8862534,34.66467,0.2461894452571869,-0.2364459,-19.13566,29.368721,10.752729,34.653683,0.37824299931526184,-0.683373,-15.143435,34.99787,6.242655,20.089819,-0.4375622272491455,-0.046117783,-6.007718,18.540485,-8.007501,19.2673,-0.36648672819137573,-0.3216586,-21.238188,6.087947,-11.979534,17.78128,-0.4614240527153015,-0.36992717,-21.98265,0.9712025,-2.997946,13.658063,-0.671746551990509,0.8723788,-8.780479,4.6703224,-10.27141,15.967215,-0.6904504895210266,0.187675,-19.77669,1.7869279,-2.46327,11.387316,0.03164025768637657,0.83867073,-9.561433,4.084583,-18.830273,12.901365,0.23179620504379272,-0.6414273,-27.861698,-9.095078,1.1060461,11.620163,-0.434041827917099,0.8973367,-5.3411493,7.8257365,6.555049,12.003502,0.4888206422328949,0.4187193,-0.36603355,12.952175,2035.5596321224252,1456.1088990592316,1.321091752232576,0.8901598443242844,990.5408606867694,2419.0651424993066,3558.1487341772154,2081.432443108954,0.34039682083971423,-1.1957907053149264,1804.6875,5171.875,0.17960302940400844,0.16586575204194845,1.668874732283276,2.4511504444835355,0.0625,0.22509765625,1490.5342,1025.9939,0.6104548573493958,-0.67204046,577.18646,2165.0386,0.027490534,0.022053534,0.3506753742694855,-0.8591883,0.003402124,0.04385517,0.0,0.11509575081303303,12.163017842217371,55.0
d21cf645e7b201a03efa3f7bdd6841e8452d565d08e4365a54d8655b5d00a913fb163524bf67ee783dc6fb5011bdd46423a58db53fdf8e20cdd2e319938ad51f,25.0,-334.72012,160.60767,-0.5880314111709595,-1.0602041,-483.98758,-210.06874,56.378437,58.909298,-0.023767217993736267,-1.1041458,2.869532,105.78238,-43.917095,46.309437,-0.009050126187503338,-0.6645546,-81.863464,-3.5451617,22.922712,28.895302,0.43035727739334106,-0.06485844,0.46941674,41.485146,-20.850662,25.456125,-0.017147816717624664,-0.4519813,-40.533478,0.0,-22.959688,22.656057,-0.20883260667324066,-0.41863132,-37.62083,-1.4045527,-19.599045,22.480173,-0.0752885714173317,-0.7209146,-37.964073,-0.40750283,-9.830507,16.781733,-0.2759701609611511,-0.27089477,-19.961626,0.22401765,-9.350479,16.622019,-0.2949148714542389,0.107839346,-20.030712,0.14050987,-8.800959,10.202194,-0.08376280218362808,-0.28890014,-16.272514,-0.81752896,-10.467116,10.436574,-0.7359809875488281,1.9295712,-17.185349,-2.524618,-15.31195,10.268842,-0.26266440749168396,-0.5687995,-22.736034,-7.382493,-2.3630173,10.028332,0.0012924220645800233,0.03231001,-8.312809,3.0683916,2167.597028459594,852.8731376268624,1.3728149220097614,1.94879992901215,1585.6128421623293,2573.151985071324,3715.29980964467,1247.689382040623,0.8977811185062874,-0.05933563099000283,2789.0625,4531.25,0.22071799651015228,0.10589679031875072,1.0852419328884888,1.6105526721247738,0.14208984375,0.2802734375,1809.8921,1036.8074,0.16608288884162903,-1.0255318,848.5847,2639.4805,0.033616845,0.030625133,0.7402765154838562,0.16234875,0.00311328,0.053849347,0.0,0.10509820963618048,7.010129432817389,25.0
d2781ef07c7da34b33120691ecd42239c5b2b3791aadda63d1f6ab8ed691381e286b092d54c495661e97d68e6a5151e287cb99fa0149dea042e45f128915bca4,35.0,-344.6787,154.07326,-0.30740886926651,-1.2467825,-511.57047,-221.59908,59.446545,69.783295,-0.28357163071632385,-0.31987596,19.79874,101.31792,4.2950954,39.17924,-0.6835641264915466,-0.19677949,-15.850685,32.02464,18.287746,38.7348,1.1981914043426514,1.6069312,-3.3373604,25.037758,-22.38345,38.979725,-0.3559633493423462,-0.947567,-56.822952,10.525067,-21.434513,32.946934,-0.6905965805053711,0.03779888,-39.822163,1.8147668,-10.623973,23.855667,-0.9374605417251587,0.082901,-24.877285,6.231819,-9.558634,17.286469,-0.24909545481204987,1.1585078,-16.678925,-0.20589942,-26.173279,20.629593,-0.2613433301448822,-0.99797654,-43.392517,-7.0442963,1.6650275,12.620635,-0.6104100942611694,0.7083974,-4.3470197,10.185581,-9.688509,11.258919,-0.21036313474178314,-0.08561182,-14.723593,-3.2704296,-2.3014452,9.435042,0.32347342371940613,-0.30375266,-9.925816,5.5488844,-7.7313766,11.894245,0.13448099792003632,-0.9735482,-17.975426,0.032461762,2628.626766938129,1396.97971824367,0.6707444070949299,-0.7233640447023828,1653.9762335871374,3855.850221300898,4446.852992957746,1961.5884495733055,-0.21352523862110342,-1.1845283340664874,2843.75,6339.84375,0.2633624009683099,0.15385755030544995,0.831016886407832,-0.21443134631475802,0.14794921875,0.354248046875,1565.3752,1092.7755,0.4625338017940521,-1.1059862,569.21906,2495.0806,0.031496573,0.028503431,0.6925961375236511,-0.45639658,0.0016601724,0.04539582,0.0,0.15275791508061745,2.469676063887744,35.0
d2b689d7fee03c43cba64244183bf57fe1b4d31bea8e16584a6cde00c2f0737baf9179ea089c6860f7ffb17a04e9743f975059f65cf2a2b0ce833f1298b8568e,15.0,-311.3674,155.39922,-0.6779157370328903,-0.6883271,-423.4187,-192.87045,40.82376,78.6179,-0.5174427479505539,0.013172865,0.0,104.1649,5.9717784,36.421074,0.1192526575177908,0.087275505,-15.968383,26.853603,5.415514,36.032562,0.5933282822370529,0.6694919,-17.711132,28.931591,-8.749947,25.135712,-0.15050189942121506,0.8093915,-21.844738,3.0485554,6.7944746,18.932354,0.3274303525686264,0.33020306,-5.0047946,19.679756,-16.390314,19.88758,-0.4744521677494049,-0.014932513,-27.406837,-0.004089083,-12.048639,16.327059,-0.20701424404978752,0.14288414,-22.441841,-0.15951958,-12.872444,16.480177,-0.4880194067955017,0.04647827,-22.36499,-0.71438247,-6.2917724,16.55991,-0.17284607142210007,0.39104438,-16.111908,2.0375896,-12.905208,17.08394,0.1943746656179428,0.6952734,-22.409698,-0.5022066,-4.5755424,14.096796,0.01779550313949585,0.122633934,-13.844155,2.4769363,-12.89887,13.1635275,-0.7281790375709534,0.14794517,-21.649738,-1.5838697,2715.630273996392,1338.5451236701456,0.3780404703084836,-0.9220467300239422,1536.9614103688768,3784.146001970048,4683.810085274029,1784.025886021011,-0.6247225907286741,-0.6818025829556004,3201.171875,6085.9375,0.2647469817532608,0.1814690974877834,0.43782112509775784,-0.9213402545783675,0.094970703125,0.39141845703125,1948.9202,1204.9883,0.1388959288597107,-1.3492677,840.177,3066.461,0.05376914,0.046688825,0.777838945388794,0.1530025,0.012867296,0.079817384,0.0,0.11381922290027832,8.223928547747985,15.0
d4dfddbf6b24e39c56a8c5ba2caffad802f3cd73b763d93ecac06d8a891f68d9b2b7198daa3a064c92d6445df5437398cf39976f8396f784a8dedaa85e935e5a,15.0,-393.6679,149.0473,0.11116188857704401,-1.438801,-558.7305,-261.9997,50.986435,71.14813,-0.027904920279979706,-0.8047106,0.54469156,117.610695,21.196117,37.446198,0.5591638125479221,0.33766246,0.0,42.687843,20.946821,37.074738,0.539742961525917,-0.2847761,-0.7589438,46.299835,-29.810757,32.615967,-0.4209406226873398,-1.1221358,-58.034027,0.0,-14.123344,20.527416,-0.5384168922901154,-0.384066,-28.094193,0.8109911,-12.16284,16.571295,-0.7503149211406708,-0.35716784,-24.985779,-0.0008536475,-15.484562,21.741543,-0.6329498291015625,-0.45177925,-28.838467,0.0,-20.230093,18.945389,-0.36866748332977295,-0.9275665,-34.587395,-0.41607225,4.028597,12.523472,0.8345952332019806,1.00181,-1.9768827,10.325949,-13.840549,15.883106,-0.7489092797040939,-0.18249643,-24.31298,-0.48738828,-5.397708,10.229073,-0.6830522269010544,0.29032433,-10.543505,0.4789993,-8.210828,11.522675,-0.812731921672821,0.32637215,-15.278623,-0.073562615,2054.8548923131275,1263.4210947018246,1.0112834439422238,0.07953720232709682,1114.1831330347477,2797.131281352252,3661.8992461671396,1797.0417538421293,-0.1627883270332429,-0.9750692300228596,2120.1171875,5144.53125,0.18557567251611795,0.14442599775812864,1.4879118004163625,1.6993173667462598,0.08245849609375,0.237060546875,1325.7936,1085.2684,0.9715458154678345,-0.29814816,465.23615,2038.2241,0.055806357,0.060563985,0.6104460209608078,-1.114987,0.00041130977,0.11159177,0.0,0.098698492546067,11.619617382952356,15.0
d5a89e6d2f53dbef793b41e58ce65896ba1fa0263f6190afcc00c144a495b67ef2839c402ea2c34e49470dc7f2ea3bd1f659635430cce52f9eb1be80fda7d29d,35.0,-381.9088,193.26581,-0.22937342524528503,-1.4929973,-580.7114,-200.92123,68.25843,67.134384,0.4444736838340759,-0.99469775,14.05708,131.3348,-8.256618,33.633965,-0.31001479737460613,0.07445717,-30.840618,10.740866,38.40651,40.36942,0.7426295280456543,-0.10172248,3.5123823,64.28094,-17.692385,26.954063,-0.6190063804388046,-0.24973822,-34.740604,1.7497324,6.24115,16.773008,0.5132749527692795,-0.27648485,-5.608547,17.212492,-16.360868,19.089634,-0.2595992460846901,-0.9286435,-30.430458,0.12137801,-0.6734513,14.763384,0.1923586092889309,0.22728431,-9.206771,7.5031176,-9.212465,15.67001,-0.37399112060666084,-0.31446064,-20.561483,0.811774,3.9429963,14.613499,0.282973799854517,-0.30260408,-5.218201,13.295446,-7.127306,9.474919,-0.4694121479988098,-0.31072527,-14.557838,0.20443405,1.4794948,9.586821,-0.2086462751030922,0.7154901,-3.0140252,7.520841,-3.9878848,10.055232,0.1331874392926693,-0.37233877,-11.547068,2.720443,2237.9758081023783,1052.6849013375438,0.4255044627809273,-0.24568301568084827,1295.131232013734,2932.519638705088,3905.42378508007,1566.8273534693583,-0.3440348445601164,-0.9207597002736954,2596.6796875,5123.046875,0.23275197000232878,0.13815570539218114,0.5522815271265945,-0.24427562895754762,0.1175537109375,0.314208984375,1890.5562,1150.8359,0.1507733128964901,-1.240824,794.8236,2858.7014,0.03387383,0.035066277,0.7832460701465607,-0.4345237,0.0010124067,0.058788717,0.0,0.12203242614947951,9.313799218189722,35.0
d6b651212a1054c52239c53615fdd1da290d8ae7e219333727d0cd63837ba9d77de6975886743fbebf35c30bd844c021f12dfc1cfbf2761845c43f85963184f7,25.0,-310.40927,108.039696,-0.2793355882167816,-0.86672926,-431.30188,-237.05719,56.5139,51.43567,-0.6675455570220947,0.19714129,35.374485,97.197815,3.0426245,21.47799,-0.24645376950502396,0.12314892,-7.6357913,15.4661255,12.599866,28.608189,0.3065161034464836,0.12946391,-3.5551271,26.764793,0.42747188,18.315086,-0.5590067207813263,0.7352197,-7.741207,11.040245,-10.738981,17.898006,-0.4389370530843735,-0.6425786,-23.769089,4.2242208,-11.735804,16.075232,-0.5411971211433411,-0.133986,-23.098297,0.3781925,-4.5157065,10.62001,-0.5070940628647804,-0.010823488,-11.681082,3.6291885,-12.176481,11.476957,-0.24074426293373108,-0.59973323,-20.85879,-3.2695823,-2.575456,13.229879,0.11302836611866951,-0.045286536,-11.753684,4.5795274,-9.62969,9.329737,-0.11145895719528198,0.3016677,-14.984987,-3.9883265,-1.844386,7.726207,0.27319497615098953,-0.11371684,-6.6904783,2.7163002,-4.098299,7.455411,-0.2769763027317822,-0.058132768,-9.416162,0.9759999,2519.0844083408388,1093.1097402608716,0.9454343159021521,0.32316959448378735,1625.9725760317365,3062.827434390438,4556.36961722488,1701.70709854259,-0.14010697525164126,-1.3555743585443376,2935.546875,5968.75,0.23934635728169856,0.12615093611070266,1.0902460338126883,1.1416244349401266,0.1353759765625,0.29217529296875,1792.6614,1098.454,0.2684357017278671,-1.0824637,790.4579,2668.5415,0.022055984,0.020983424,1.4406839907169342,2.7793117,0.0018748634,0.02921666,0.0,0.16093859679213562,5.762353099300531,25.0
d7485d8940154b344c6ee583aa4f3e543abc30e94f5d7411c6d90831da59fab72333824845a973fde6661042dbd5f9b692a8bc3b7f2acd6ba8cf9f3de2043329,35.0,-260.01917,203.77754,-0.3912578821182251,-1.5938795,-483.2042,-80.8306,45.80572,69.415,-0.3306179344654083,-0.8973043,-0.8142137,102.00258,2.0710454,47.225395,0.3453684449195862,-0.50242186,-37.41558,28.38598,-2.0320454,30.023125,-0.08011507987976074,-0.08999443,-18.716787,16.235,-26.009663,31.155296,-1.1170177459716797,0.629673,-42.43164,-1.2286345,2.784174,16.367632,1.1902142763137817,0.9776013,-7.359933,8.766815,-24.834175,24.36421,-0.14387404918670654,-0.9238219,-43.884502,-2.5169325,-12.86146,20.855545,-0.15203915536403656,0.29412675,-23.1185,0.0,-2.3670042,14.3784485,-0.42571014165878296,0.26728535,-12.303337,9.928461,-5.667615,10.400869,-0.2706367075443268,-0.34518552,-12.724613,0.6112731,-1.5728544,16.72752,0.5253627300262451,-0.53424096,-14.741563,6.4517713,-7.648695,12.082921,-0.98223477602005,-0.32633042,-15.628744,0.5126336,-12.329583,15.53651,-0.9179031848907471,0.6661625,-20.855173,-0.076370515,2897.2981617634446,1632.178693902874,0.7150742415104667,-0.9370203038090872,1518.7210124942194,4382.100768991118,4810.7489224137935,1613.1284715060451,-0.11845707637611815,-1.3974262539841054,3513.671875,6369.140625,0.29541015625,0.2087263259207994,0.7987553924561142,-0.7890904982053857,0.1124267578125,0.4666748046875,1471.1246,1126.6426,0.8487085700035095,-0.5456903,551.7186,2201.7566,0.10941939,0.09582704,0.19647015631198883,-1.5035731,0.008963849,0.20018579,0.0,0.18275970668074754,6.872645428304163,35.0
d8d54edd0b467465c75d5b9612cf24ecaae5284557aa7081a28435ad43ef5afdd3cd509f446c67a6907a8abd2228c796f41fde3a5109f3072553cb0ca9849aff,35.0,-275.07803,117.459625,-0.4171123206615448,-1.0090802,-393.63776,-186.99261,89.55693,46.889942,-0.048233360052108765,0.34628725,66.94076,122.16933,24.365597,28.682499,0.12804624065756798,0.6042068,6.013391,38.080666,37.32598,28.934605,0.37387319654226303,-0.22980595,15.700993,58.370193,-5.099499,27.602837,-0.5480586439371109,-0.46699333,-21.430496,17.743935,-11.782835,20.840282,-0.344080314040184,-0.8846594,-28.697876,6.349703,-1.5754957,13.542034,-0.262940876185894,-0.011993885,-9.771928,8.09604,-7.040163,15.153084,-0.42655132710933685,-0.3473395,-18.246101,4.7843614,-4.024751,11.15645,-0.33138929307460785,-0.6002791,-13.143567,4.920151,-0.42788553,11.187761,-1.0248346030712128,2.5807662,-6.7734275,7.6421633,-6.594094,11.812937,-0.42785242199897766,0.27303088,-14.134429,2.5100327,6.5891333,8.816957,-0.12422095984220505,-0.43120158,0.45282888,13.457657,-0.578362,11.01372,-0.3290197029709816,-0.0067783594,-8.360857,8.203614,1620.8858305151205,877.1073287066683,1.992246066913581,4.3352843670350385,1148.490920717003,1715.314148532145,3336.257145006017,1541.708014410792,0.3832915085204932,0.12483707950451017,2471.6796875,3993.1640625,0.10495422583624775,0.08436205372597883,2.7077601418601427,8.695284437634035,0.0582275390625,0.10906982421875,1098.4403,1066.4081,1.16078519821167,-0.10576928,344.54868,1774.7794,0.07624394,0.0686869,0.7805007100105286,-0.3287481,0.011819382,0.12563637,0.0,0.12227016627010351,11.66070685547973,35.0
d974302322081571b02a93317e87ed1506e2238e316b1772a339069c09363e762965cba2f7078b0c4189ee853508dd4010af2828724ec88847ca1b188756fa10,65.0,-349.72552,179.0198,0.0015614628791809082,-1.4021771,-531.5679,-183.78957,38.308205,69.83308,0.009167253971099854,-0.18199635,0.40658364,97.57804,-5.5232673,30.870914,-0.596346989274025,0.5755693,-21.815578,9.150587,14.134124,32.432407,0.761958435177803,0.8044529,-5.130283,30.59002,-5.008131,27.033003,0.4434235021471977,0.81202734,-20.097729,5.449446,-1.0418036,20.543556,-0.6244765277951956,1.1749154,-8.681114,11.1824255,-23.415657,21.031937,-0.42392140068113804,-0.7322867,-37.800583,-6.420959,-5.2479153,13.916641,-0.6399487555027008,0.93950164,-12.02513,0.5655216,-12.199726,15.171213,-0.16901922225952148,-0.5419847,-25.025297,-0.31409764,-6.294761,15.459564,-1.1093550026416779,1.0662838,-12.381996,1.7091777,-12.354043,16.276936,-0.7590248137712479,-0.06687081,-20.585316,-0.65374005,-3.4239821,10.259334,-0.24785041064023972,-0.031230688,-10.409597,2.5604174,-16.17629,13.582955,-0.1143781989812851,-0.9783601,-27.776031,-4.0955896,2407.59122621143,1179.2802272686513,0.7924144692446204,0.021601415557741532,1510.8137609710004,2903.773292998273,4195.114671865416,1677.7373556055404,-0.4009631017087011,-1.0540261267772753,2684.5703125,5629.8828125,0.21993976039179555,0.12972650243805867,0.5696261137156238,-0.3746352561369861,0.10784912109375,0.27734375,1728.976,1152.6443,0.38978877663612366,-1.0992672,672.02014,2666.268,0.054473974,0.05706646,1.0973767042160034,0.82773817,0.0015668119,0.0825424,0.0,0.14598522913170361,7.332987633259265,65.0
d97a730e897af8ac62a4dc45c6d9fd45b6751c85efb9e1b89fa815760dd9e6bbe1f5bea4815612dd120617d2348425bbefc091092cb8feaa355eb3db5fc62da4,15.0,-349.2846,155.7717,-0.4325287342071533,-1.3130716,-567.4901,-223.3382,77.134476,68.85004,-0.09787067957222462,-1.4907262,2.5011644,142.53241,-13.507189,42.00704,-0.3594243824481964,-0.09936142,-40.169384,7.6704097,17.779022,26.856667,0.9882263541221619,0.6650884,0.5864072,33.175865,-15.167241,22.526733,-0.9389517605304718,0.19125831,-28.414604,0.31127936,-6.776499,18.321695,-0.4012110009789467,-0.029935837,-19.57473,3.7492144,-9.404426,15.128956,-0.08325174637138844,-0.4436412,-21.376656,1.1112041,-9.908554,15.65881,-0.3724244721233845,-0.53041565,-23.020298,1.1470542,-6.2326584,11.8874,-0.8323872089385986,0.30206263,-12.877615,1.5112882,-3.7035275,11.21292,-0.4475526511669159,0.4147476,-10.279831,2.6074266,-6.8044868,10.891113,-0.3654568940401077,-0.12584555,-13.519442,0.79990536,-3.1859155,9.522127,-0.6466552913188934,0.3651998,-8.723078,2.6118207,-8.654149,9.320219,-0.6418347954750061,-0.14034855,-15.2769985,0.10596096,1958.4304175352681,1019.0144965136627,0.880296726518355,-0.09670687596399508,1152.0062212169782,2626.8331646167367,3589.104507510524,1695.2961681849615,0.22239394142506574,-1.3713583036720796,2086.9140625,5248.046875,0.17399315116873565,0.12069203086386365,1.2206861209796651,1.3915453903223711,0.07562255859375,0.2540283203125,1563.395,1110.2612,0.6161209791898727,-0.7993653,602.37054,2410.5625,0.037854455,0.042606123,1.7027406692504883,3.5632124,0.00024949567,0.052936178,0.0,0.09892016340343725,11.603305454071103,15.0
d9dc51de5a176954fecae95424e1abf9d13e8e67a071c7198eb342424c239c13796839d101cd35bfffd17f65b6ae78ee61b4188b651ac1f7a80d7d8d890cfcbf,55.0,-393.11188,175.76491,-0.25256696715950966,-1.4341896,-591.13965,-241.22327,21.50898,63.075233,-0.3599586933851242,0.13423598,-6.957386,65.45026,24.67807,34.287834,0.16671905107796192,0.41596103,5.068942,48.250156,18.71275,32.29701,0.5452893823385239,0.012180209,-1.9670773,31.891909,-5.6960278,18.247873,-0.20165947079658508,0.040874243,-18.15775,5.3381343,-4.4995203,22.572647,-0.01043756864964962,-0.30528915,-19.572353,7.4913197,-9.290998,18.655666,-0.001705249771475792,-0.4719559,-24.245811,3.1879888,-18.09967,20.362625,0.2284012958407402,-0.6099943,-33.26824,1.4509277,-5.1826053,13.391011,-0.2565033659338951,0.4827608,-12.927991,2.4746926,-11.5343,13.960915,-0.40662650763988495,-0.660841,-22.060032,0.38761583,-11.811312,11.775239,-0.2515967935323715,-0.9329078,-21.650558,-0.9051035,-3.2108593,11.461403,-0.46393192559480667,1.3560349,-8.566983,2.1100237,-15.948178,12.414675,-0.24867226742208004,-0.86003095,-25.77545,-3.6419914,2831.642128659637,1238.0964637760624,0.5530980001472631,-0.7948162212313701,1924.8797252664754,3758.0326767795823,5297.433437178828,1493.418664546503,-0.8001306973647888,-0.47658188158014947,3900.390625,6413.0859375,0.2379685342128083,0.16410536566498574,0.8896982642830644,-0.4174859612738999,0.1112060546875,0.3555908203125,1847.7566,1451.8926,0.2537769228219986,-1.6541257,427.92664,3522.5117,0.025706682,0.025516756,1.0113885998725891,0.51154447,0.0009619888,0.04029862,0.0,0.14040119150348931,6.986615535509186,55.0
da0ca530808f4960e2b729c74eaa594477a98ff0bffb7713a2afd440bd7e69b4f44b3b757a0ce22c2de17fc4f95a8f5823cbe1edba83f987dd56807bfdbabbde,75.0,-572.6516,93.013374,0.36551178619265556,-1.1525035,-655.4227,-492.09564,105.02922,62.723866,0.31674653850495815,-1.2041597,52.220688,162.86258,25.188099,19.622551,0.2567832935601473,0.52813476,11.910988,38.19787,17.54424,25.68201,1.0055198669433594,0.24490106,-0.06381416,33.63621,-8.536791,16.98651,-0.4222637778148055,1.8004922,-14.871866,0.41620922,-12.713001,15.048315,-0.9334919303655624,1.839739,-20.407862,-3.6363978,-7.060285,10.868517,-0.6823472827672958,0.52266395,-12.884862,-0.15813327,-10.364601,9.969919,-0.7361821830272675,-0.0699054,-16.74028,-2.5680878,-10.421276,16.247877,-0.6509516835212708,-0.4911189,-23.14037,3.2339044,-6.444981,12.548065,-0.5569092482328415,-0.5255919,-15.513767,3.6542082,-5.96512,9.627386,-0.7524813711643219,0.5788264,-11.08268,0.27204156,-0.5215142,9.637795,-0.10316196084022522,0.98901176,-4.9000664,4.830244,4.202317,7.9257746,0.2124316245317459,0.47861397,-1.0128034,8.398298,1467.9217471501156,813.6114072175553,0.10709080255679967,-1.2406009084365661,611.3419125859857,2149.7573262893593,2861.030645287141,1910.058460549727,-0.09232814325455485,-1.5467576873775841,787.109375,4644.53125,0.12442411126884767,0.07319607550360283,0.7657820037929837,0.08226941929783771,0.0557861328125,0.166259765625,1245.0583,1037.3295,1.0390673875808716,-0.14325786,449.66434,1855.0338,0.008491491,0.01101196,1.2404477000236511,0.69939077,0.00014823912,0.013812048,0.0,0.10930190166088288,12.832300720661554,75.0
da13fdbd2cbb39e5384b23e6bd2378f520cb094bd50dcc76a4b279760cb1ccb6a804d153a2bde5ca2083d9ad3c720593604bb7a311321908c4877e847c9a8b4c,25.0,-299.5607,105.917145,-0.21507756412029266,-0.8940873,-380.00497,-215.61404,145.50461,61.3101,-0.46221232414245605,-0.56564856,101.12935,196.85764,-14.972313,51.680576,-0.0907813236117363,-0.94785047,-58.70913,28.85147,18.793432,37.2917,0.5984849333763123,0.8133085,-2.4019876,37.02149,-3.1397994,21.179672,-0.17126061022281647,-0.093603134,-16.88926,11.1496,-3.5963273,29.500265,0.5708500146865845,-0.66743946,-29.561628,17.16187,-19.894379,20.013401,0.02724025771021843,-0.63837934,-33.482857,-3.8600187,-6.9562044,19.979183,0.3664264678955078,-0.48156524,-21.693026,5.8067255,-2.4145296,15.771508,-0.11152336746454239,0.5579324,-11.914978,7.149812,0.80771405,13.517774,0.24689452350139618,-0.10960102,-8.888642,7.809794,-7.953169,13.8237915,-0.47036752104759216,0.7019534,-15.20125,0.8613868,3.5952299,11.972365,0.07605160772800446,-0.12579703,-3.9872696,10.644793,6.306424,9.308735,-0.3101915419101715,0.24321532,0.117753804,12.307131,1389.58296493596,902.1338802201941,2.154321660991101,3.9899586105514,860.2708732870286,1430.1007082859903,2543.349358974359,1405.3607728931274,0.9069952605994898,-0.6093388062142449,1523.4375,3515.625,0.1323367387820513,0.12251345282521436,2.540121574073485,5.967294066258589,0.069091796875,0.125,852.0991,739.63605,2.086928367614746,4.6789618,385.1622,1040.1924,0.06820906,0.062220637,0.8277015686035156,-0.44889784,0.01662904,0.11537208,0.0,0.20780673139631983,6.564756711849483,25.0
daa6528dff350c89f42daff51bd1e8f823463c13badd0fc4906c56a73e752b045c09a23c730099ce32c798bc5ebc9b94af2370de9828b786b03c04dde83e8feb,75.0,-463.44858,151.51453,0.6340074464678764,-0.988195,-599.0405,-326.62494,66.2635,75.49848,0.7160414233803749,-0.83768225,2.0039759,116.29782,8.165454,18.455427,0.7593580484390259,1.8028731,0.73030406,16.32909,17.392998,23.798706,1.3491792976856232,1.5279598,1.241511,33.389313,1.365442,13.670107,-0.6875609736889601,2.216268,0.122900955,6.209193,-3.1989992,12.0336895,-0.310260571539402,2.3873935,-9.004067,2.0902796,-4.558792,10.498247,-1.2257204353809357,1.1831377,-8.911497,1.4214656,-7.9702854,12.899742,-1.0641312301158905,0.48121,-15.094887,0.3572554,-1.7884429,9.605908,-0.8548292964696884,2.7248282,-5.2086544,2.1608496,-3.3903062,8.880878,0.1800474151968956,2.1189022,-8.61009,0.14057568,-8.031325,8.48201,-0.781289130449295,0.09966588,-14.125956,-0.50273454,-6.903535,8.7268,-0.8345501869916916,0.4318816,-12.949709,-0.23892294,-8.192364,8.366021,-1.020363062620163,0.7532258,-14.091497,-0.87385464,2421.4439989555353,1332.598729256718,-0.4180181144804352,-1.2711006720645157,1210.6707728112456,3628.085160078912,4433.519982265167,2404.2579889919816,-0.5555941636244135,-1.122835663532641,2590.8203125,6554.6875,0.2759250349727862,0.18316321360564236,-0.1225172136162069,-1.4070393959395642,0.104248046875,0.44549560546875,1794.5352,1177.2078,0.3082030564546585,-1.1940796,707.3433,2790.5693,0.035306197,0.048985235,1.5755142867565155,1.8221778,0.0001305453,0.05929801,0.0,0.11889245948009299,11.43633062994047,75.0
dc465a30a2deccc6763fe83f5bc492941c0a6870955db21e658a6071858637963000ab8c56e19aece9e80a8ba7274f99bf009b2855e470209adeb6244745d222,35.0,-330.40857,78.4424,-0.3531559109687805,-1.2626655,-418.3344,-267.47296,127.05367,62.95818,0.08982378244400024,-1.1793238,68.928024,180.90686,54.652134,27.358124,0.36838600039482117,-0.5496144,32.823193,73.98898,30.187151,23.382612,0.7806847095489502,1.1068473,16.416826,44.96062,17.18438,18.57168,0.0853080004453659,0.011036396,6.8128815,29.638226,12.421306,12.740705,-0.26414862275123596,0.17863202,5.455106,21.803288,-3.9407148,15.037667,-0.45370766520500183,-0.5319283,-15.111048,7.7568655,-3.0424893,12.139484,-0.6451982259750366,-0.09467697,-9.450651,5.786355,-15.091058,15.825347,-0.21233023703098297,-1.1094835,-27.398823,1.3414575,-10.105214,14.576521,0.009275653399527073,-1.0104339,-21.852287,3.7414358,1.8011949,9.080443,0.09962128847837448,1.0956903,-5.180668,7.1968036,6.1054745,7.971246,0.28373998403549194,0.44125485,1.7686663,9.903475,2.780361,7.7355466,4.439464464667253e-05,0.06640577,-2.0090983,7.4558506,1099.446814383921,819.6802381301243,1.1152068010433223,0.9792714598637056,412.11334030997284,1766.1414530467232,2374.3920233463036,2116.586922535073,0.4085972587989359,-1.5685136719019446,453.125,4726.5625,0.06265199416342412,0.05349755857851827,2.307749391025761,6.020978995645066,0.03125,0.0732421875,634.9827,804.1139,2.80102276802063,6.959029,263.73233,503.7204,0.105375946,0.09718849,0.7325074672698975,-0.109122515,0.006775472,0.17371966,0.0,0.13647014295099227,12.083429065330261,35.0
dc6932543acee1fd0b5bd78a86b37a12af67e6be0abdbfb350b5f6a83335f2fcba9fa6d21ee072ad6a11b12d5a2b0ef594b4e57eff88bbec2a81e05e0165dd7b,75.0,-657.19684,109.48288,-0.15941596031188965,-1.4668939,-777.6288,-565.96936,76.29746,51.700233,-0.23858961462974548,-0.033040524,45.40235,118.77047,13.473247,19.72157,0.21798460185527802,0.05060458,1.5935993,27.447094,21.631983,32.923813,0.8274405002593994,-0.10101342,-3.0070515,38.129982,-4.8845,14.975478,-0.15765012800693512,0.997756,-11.747454,1.755641,-21.926466,22.547556,-0.36511990427970886,-1.0631267,-40.1687,-0.4896265,-24.740604,20.783474,-0.06544127315282822,-1.2553327,-42.152275,-3.976118,-15.276218,13.532097,-0.2558479905128479,-0.782835,-24.195652,-3.6602554,-5.2488065,11.810761,0.3474225699901581,0.49681592,-14.170954,1.7944906,-1.0018718,13.349402,-0.30876871943473816,-0.75786066,-11.097618,9.129435,8.074989,7.7422676,0.4759429693222046,0.09269905,2.9082837,12.191372,5.3579717,8.908052,0.4069248139858246,1.5677853,0.5045692,9.411971,-0.92653996,10.438327,-0.4913652241230011,0.819396,-6.4870796,5.2140913,1983.2804200998326,1050.3414666729132,0.7631272761398357,-0.17094371812200793,1026.9918692208907,2652.3604154647355,3834.4594594594596,1945.5747966396211,-0.18725362273011448,-1.3467602242277414,1875.0,5570.3125,0.17674901463963963,0.11660926335738377,1.100106028963579,0.7037115426434557,0.075439453125,0.244140625,1593.296,1108.7001,0.5479139685630798,-0.93907976,574.4537,2477.8955,0.0018837234,0.0020727117,1.2338751554489136,1.0343437,8.940273e-05,0.0032317224,0.0,0.1709118910754877,9.250010033179446,75.0
dc6adb8fdf9768b70286e54e61515c3b8e71086e678fb7d0f1688749349706cf5db7a298e30992422d320cd0cece96b795c162e4148f259cf49f3a027ef11c61,15.0,-442.41318,132.42615,0.06043413281440735,-1.6234423,-581.91187,-316.1297,95.18969,59.26856,0.35626861453056335,-1.5390193,41.01113,154.45973,-0.8278558,25.366919,-0.2626878321170807,-0.14380956,-20.960297,11.464337,24.181873,28.376884,0.8304049372673035,1.240767,8.99377,34.279922,-7.5273685,15.113596,-1.2588272094726562,2.2830763,-18.389803,3.8802998,-8.623504,15.412603,-0.5068623423576355,-1.0478919,-23.395166,4.878004,-7.683387,13.636662,-0.7473041415214539,-0.23088884,-16.034575,2.4502978,-7.7282066,15.475674,-1.3345338106155396,1.397994,-14.636432,2.3730876,-2.2327754,8.050705,0.1764807105064392,0.89645314,-5.5997972,0.91783315,-3.2365723,9.314104,-0.8468810319900513,1.6241121,-7.859479,1.9336042,-5.76314,8.103906,-0.0878237709403038,0.014016151,-11.662756,0.13547082,-2.5113354,8.5418625,-0.3972815275192261,0.7400732,-6.9973516,2.2179053,-1.632933,8.064307,0.035530656576156616,0.23581457,-6.522319,1.9786274,1876.860364615741,1000.6378397665363,-0.05124763394082873,-1.8058827206583243,840.8236771926684,2904.5308355323295,3679.0978773584907,2079.0803398505977,-0.12757490450699832,-1.6984901720625312,1609.375,5833.984375,0.1696132443985849,0.1116084272811944,0.03371009327898103,-1.722315853450514,0.0498046875,0.290771484375,1827.3502,1114.3784,0.23889893293380737,-1.1566541,798.66565,2729.2583,0.020544127,0.02234471,0.6605702042579651,-0.7731521,0.0002815173,0.03950293,0.0,0.09053112148366617,14.672296639358528,15.0
ddef9d8ce66a56b53a9a8666b4919ab3c3545b4c8c00b78a8b265c1ca021017699120de6e8f073381ae039a2372f0169f646ff1859c1dc591f7ee906ac5728db,15.0,-409.10617,151.97731,-0.6160239577293396,-1.2782179,-604.4947,-290.07227,111.48098,73.07792,-0.2071007341146469,-1.0766308,38.42381,179.76791,18.9917,38.103912,0.08489850163459778,-0.4208901,-8.139786,38.28968,24.874426,24.88196,0.11696886271238327,0.58715224,11.485228,35.318153,13.1883745,27.710463,-0.9730913639068604,0.52635455,1.8296311,29.679695,1.1804886,21.337593,-0.8992452025413513,-0.16113186,-12.151291,17.708344,2.2495377,12.950853,-0.42498496174812317,-0.9489906,-7.629361,14.132845,1.4644729,13.237948,-0.4909673035144806,-0.9241183,-9.371656,12.588455,-18.86876,23.258621,0.11336895823478699,-1.32732,-38.12568,6.8686557,21.724634,12.466849,0.9961767196655273,0.38449788,12.298619,28.457457,-5.0118704,14.95566,-0.31839367747306824,-1.0295937,-16.555323,9.4802475,5.272507,9.932636,-0.07259408384561539,-0.6023967,-1.9484087,11.866154,2.8782077,8.65242,-0.14009201526641846,-0.12471795,-3.213581,9.050074,1385.8336386821443,1023.7208303754628,2.1066565447389505,3.9090217109914454,766.7100368931449,1360.2492379981445,2883.268704379562,1915.3495101492636,0.7206705773735376,-0.8272827435941896,1265.625,3828.125,0.09593479128649635,0.11486014246713025,2.3711312046967112,6.0280585873572825,0.03515625,0.07763671875,1053.7266,1015.7406,1.4356919527053833,0.8641336,362.81912,1359.815,0.025897492,0.02217262,0.5947650671005249,-0.5556953,0.0017784353,0.039217595,0.0,0.09407043976736434,10.805777181397103,15.0
de553037d558411c4113fc431951893ae7611602d7298c5dfba68ad461c22b1f24b5eda94e7fc1ba77e5658bce3839695579dc6e885ace54e5cb87e916be9c3c,35.0,-263.42902,198.94756,-0.5316441059112549,-1.331172,-547.53955,-96.11788,74.27341,76.43874,-0.007217111065983772,-1.0981017,5.2162504,138.82411,-8.743466,42.871086,0.06619857996702194,0.14215946,-39.22136,11.886908,21.719568,31.910076,1.3647207021713257,2.3027496,1.2344773,36.628178,-1.9378868,23.131409,-0.7490997910499573,1.5152397,-9.235152,6.35625,-10.967842,17.18181,-0.6488360166549683,-0.4095049,-21.090591,1.9262329,1.974668,17.396063,0.17546048760414124,0.694978,-6.7794137,9.494519,-6.6289425,16.865984,-0.14235977828502655,-0.47647786,-18.410946,2.775889,-7.5940056,12.761681,-0.2565898895263672,-0.44790864,-17.369278,0.8823756,1.8361357,14.043724,-0.5870722532272339,1.025547,-1.6678551,10.852135,-10.1425705,11.163985,-0.8035434484481812,-0.11692333,-17.408424,-0.8235542,-4.170079,11.241523,-0.08933516591787338,-0.46022606,-12.418613,0.83926105,-10.863857,10.546925,-0.3683334290981293,-0.6717162,-18.238003,-1.8135576,2040.863997772513,1118.182527107687,1.2817897688981337,1.0870492278238642,1287.1237898247025,2366.9159358357874,3930.889423076923,1703.308083794731,0.16165926943083125,-1.1816215619748411,2449.21875,5378.90625,0.18183915693681318,0.13163791221484145,1.761187371132528,2.3489898176364274,0.105712890625,0.18310546875,1355.9491,1002.5546,0.8583126068115234,-0.245116,500.80676,1984.7115,0.08344036,0.072983,0.4044188857078552,-1.1124554,0.0004771783,0.14761078,0.0,0.0816281447374967,6.747168346177726,35.0
de630f825d4571e2587a404b3510b318351bb78f5cb8abe7a7899448861bb88e0e3fc9fce13bca74ada2e56bc94f065234e3d2a5fd8b7ad6694a95e74d768061,65.0,-336.77765,128.18314,-0.46477486193180084,-1.020325,-445.08936,-232.01974,91.649704,67.24388,-0.1405842825770378,-0.8156315,35.902935,144.83298,29.148178,32.36915,0.38070471584796906,-0.7170857,4.5903034,54.220978,2.8788688,31.611809,0.1250925287604332,-0.093479395,-18.462708,24.205135,-34.36431,29.460243,-0.21706216782331467,-0.4764285,-52.915043,-12.12961,-10.506787,17.44278,0.0009257271885871887,0.0771662,-22.219269,0.46653914,-8.077685,20.874939,0.04680850240401924,-0.41359293,-23.11559,7.79681,0.33278465,13.755474,0.08765290677547455,0.57434976,-8.092551,6.942426,-14.105587,14.230719,-0.4566171318292618,0.36533356,-22.419174,-4.4315596,-12.463606,14.792687,-0.6357199251651764,-0.21654499,-22.077393,-0.5066989,-2.3894877,12.705433,0.6288881748914719,0.48137784,-10.998548,3.755585,-1.876512,9.742373,-0.2704656459391117,-0.2209425,-7.630542,5.0233316,-4.7897387,10.559757,-0.17417531460523605,0.09195483,-11.703686,2.4456367,1709.96526467924,1038.9073950326365,1.1140200681487566,0.5298691456796212,904.9374381573537,2186.6733206040035,3228.400487864744,1985.373600920752,0.2630016578086577,-1.2226621698842466,1321.2890625,4749.0234375,0.15058001672127708,0.11203890605544159,1.4188660959101118,1.7245838728828535,0.0643310546875,0.19610595703125,1394.2781,1104.6597,0.8813285529613495,-0.45648378,502.5299,2203.4229,0.050078798,0.043743387,0.6836806535720825,-0.2633599,0.008764025,0.079493,0.0,0.12003794357788342,11.195195819463827,65.0
dec652d2b260becc141f53403b8da8283c55ef02a0150d2db88396ae120f9454a11c69d4b3fa3f15984b1e725852b0306ab0f7f203bba6d61df698ef7d08e666,25.0,-319.27966,109.85809,-0.28152770549058914,-1.2717552,-429.63208,-225.84369,123.20879,55.415062,-0.4206232987344265,-0.21876025,75.81755,174.14096,-1.4016454,37.116074,-0.33337462320923805,-0.5083209,-26.856157,32.51225,9.328502,27.3409,0.2766011245548725,0.63950753,-8.776511,29.06339,15.493242,17.807308,-0.8042404055595398,0.67990196,6.038127,27.31325,19.406143,15.684135,-0.15300647914409637,0.7330692,11.979854,27.95557,8.717488,18.362774,-0.007914148271083832,-0.5428463,-4.398353,22.080048,3.3743567,14.101835,-0.3474158104509115,-0.3118317,-7.2486386,14.408241,0.599887,14.186266,-0.1630836995318532,-0.45797753,-9.506476,10.828625,-2.6349344,13.593773,-0.3458779454231262,-0.42001498,-12.160928,8.547863,-5.3422112,11.7142105,0.12169306725263596,-0.71081936,-14.804821,4.804496,2.4579782,9.759886,-0.16916316747665405,-0.4998641,-4.5588427,9.855137,10.916552,8.826813,0.28188467770814896,-0.1889435,4.7499375,16.40623,1139.322205077553,708.363602259034,2.776337090674205,9.310304692847165,791.334302258902,1241.9166202571105,2217.273430652936,1479.398484331081,1.2353194244318177,1.4701321843271915,1213.8671875,3103.515625,0.07091887170656222,0.07241728964008483,2.481874130520044,7.749647130240206,0.026611328125,0.086181640625,1018.4566,742.94885,1.5814785361289978,3.4018364,432.64853,1376.7108,0.05053378,0.038419917,1.4038172662258148,2.5851102,0.020646386,0.06881367,0.0,0.1402582500136096,9.739517422377684,25.0
e10c986fb7782f744aab2db6455e438ed00f57b0724a46f1c93035116e4a8402e7ba8abc441bd35c08978fa2913fa80c423a5851875d9021077d76880e2e3bcb,75.0,-414.9232,152.76198,-0.0490341242402792,-1.5590223,-598.6078,-279.2826,69.21335,68.79042,0.11666584573686123,-1.4143236,0.0,136.4367,8.027321,31.936247,0.6500433087348938,0.42747152,-5.00766,24.75732,17.168941,30.370243,0.47388631105422974,0.468112,0.0,36.43142,-5.1830378,16.920298,-0.20175439678132534,0.30929255,-15.249406,0.889619,-3.1703036,14.755451,-0.6765059903264046,0.8271282,-10.914278,3.6924691,-2.947001,13.077878,-0.08565731719136238,0.7677896,-8.505142,0.19941156,-15.3713455,15.816958,-0.7385292202234268,-0.117618084,-26.281675,-0.14371574,-12.557768,13.502106,-0.6162647306919098,-0.7010559,-22.703968,0.0,-12.455111,14.967218,-0.6177820712327957,0.1938572,-22.253227,0.0,-8.640978,10.928406,-0.5999392569065094,-0.41693956,-16.696007,0.0,-14.977998,14.071024,-0.41613684594631195,-1.007828,-25.243223,0.0,-10.399824,12.730834,-0.9896367788314819,0.8479806,-17.637121,0.0,1329.397525492398,1256.5760817189635,1.2468881337249202,1.167448771565633,330.74430914204896,1759.3388824914202,2433.2292769530545,2145.5568114504817,0.6785204117184042,-0.6451782047726509,414.0625,3701.171875,0.09859030017725604,0.11369236885882913,1.7757276626285619,3.460843040365365,0.0179443359375,0.1322021484375,1378.3009,1173.4263,0.8627019226551056,-0.5984551,400.80927,2263.1777,0.029619602,0.037050895,1.5100809931755066,1.8167276,5.9482303e-05,0.044813443,0.0,0.15338968381554102,9.076681173198725,75.0
e33c5f9a132bff73375fd2c469393d83f6afba56777ea9ff1c29e16115b7e904ff89e28b086d29d304a5ca6b1f6667d8328a4d97d69f0f42b679e592cdb032e0,75.0,-346.18768,155.40442,-0.5393621325492859,-1.0126894,-461.6806,-225.53278,86.95121,87.31186,-0.5439556688070297,-0.4604081,4.96626,155.07574,-12.183245,47.051003,0.11980987712740898,-0.45683908,-51.078053,16.14362,19.18469,38.126167,0.8818708062171936,0.37595916,-4.9263105,42.1061,-18.60942,22.930698,-0.011057242751121521,0.08013761,-34.204594,-2.6497512,-8.471815,22.503925,0.3280784301459789,-0.13300133,-25.736103,2.989246,-8.593273,18.2456,-0.40659961104393005,-0.11516917,-21.13528,3.129636,-12.517999,17.339333,-0.5315276756882668,0.42358315,-22.771652,0.0,-7.29522,13.763813,-0.253522589802742,-0.2538644,-16.892681,0.9453182,-16.12424,17.241886,-0.21493707038462162,-0.51116216,-29.209927,-1.7053787,-7.4454746,9.584466,-0.33208630234003067,-0.07334256,-13.443472,-0.25118962,-7.328289,10.034092,-0.4571026489138603,0.16144311,-13.518904,-0.08748727,-18.772877,13.111996,-0.20959245413541794,-0.8273487,-27.803013,-8.525611,1877.6431256450765,1235.1965902433672,1.0249739284811998,-0.12606505170886972,944.3077768722653,2683.630883804931,3291.730913847182,1948.1332198431296,0.4811825005493854,-1.045183449785367,1645.5078125,5219.7265625,0.1771920584298514,0.13779357149072058,1.2208867988638756,0.7656049846467645,0.0745849609375,0.2620849609375,1715.8236,1205.6228,0.43082934617996216,-1.2370834,628.2489,2825.1006,0.05477128,0.04386341,0.3821508139371872,-0.9285709,0.013196666,0.08905588,0.0,0.10134239248737262,12.064018687770613,75.0
e384c616a64cd21649b19b3db11e1a342611e3a8e7b89f19be850fca4a80d44f6148205ab0d34319ee32df8317987af435df968f7cc374dc2372f00b3553f4e3,35.0,-401.0961,117.83335,-0.019212232902646065,-1.3805829,-540.6991,-300.24957,92.187195,59.059467,-0.8504773378372192,0.78861094,69.7891,127.27992,15.283516,34.067696,1.074288249015808,0.3122754,-7.885457,35.047466,28.246855,26.169952,0.46846047043800354,-0.105590105,12.5198765,46.246464,9.415041,16.270113,-0.5130027532577515,0.16154933,-2.0322394,19.10508,10.8512535,17.52813,0.2354712039232254,0.7853658,-0.5655148,18.982815,-5.5495257,22.953218,-0.3028717339038849,-1.2072712,-25.911934,16.925331,14.849132,12.631245,-0.8859667181968689,0.42213392,9.058039,23.533052,3.027007,15.056917,-0.7911658883094788,0.34014344,-6.0807333,13.596279,-4.996346,10.857054,-0.32347655296325684,-0.64643073,-13.41405,3.7263396,-2.9549685,11.395357,0.07923579961061478,0.18498969,-11.424764,5.568517,-9.387787,9.403236,-0.06573636084794998,0.6573951,-15.539513,-3.0059366,5.1366587,8.959809,0.3368697464466095,0.37624788,-0.9045395,10.4783325,1689.550354414526,1093.9083148145664,1.712481205663284,2.3417463578213296,1105.5122716288995,1812.502860351925,3159.8647388059703,1529.8269297075929,0.717027735740681,-0.13216974432500583,2269.53125,4265.625,0.12379751632462686,0.12657552112953724,1.9441308423535046,3.655852515778716,0.0452880859375,0.155029296875,1522.0259,1237.0676,0.5615788102149963,-1.1553504,405.3846,2567.977,0.016664842,0.014772103,0.6731699109077454,-0.1195755,0.0017113744,0.028361827,0.0,0.14529843197595113,7.361874680094545,35.0
e41adff8a226c688d063faf047fc6c080f30e28d25fc930cd9714f12d57b990740d1fb89aeda428043c07cfdbdf6f36e8cd1b2139c2c48579e19bc3fe94acadb,55.0,-289.2249,146.92113,-0.4348733425140381,-0.9133992,-390.1601,-172.25542,84.91146,65.10599,-0.5906223654747009,0.046958685,41.58171,133.83945,-13.513436,37.70846,0.005927150137722492,-0.72318554,-44.69866,19.738205,39.187145,33.629555,1.0331859588623047,0.86127424,15.070024,54.779015,3.910401,26.748074,-0.24017460644245148,0.026895046,-14.757727,19.56879,-6.655234,20.179413,-0.16203312575817108,-0.251724,-21.488153,5.612147,-22.900726,21.733282,-0.04586675390601158,-0.9133527,-38.48947,-3.3811607,-0.6449655,14.623056,0.2837033271789551,-0.2194891,-10.856157,7.3456087,-21.064186,18.706547,-0.13526852428913116,-0.9154546,-36.0542,-3.459925,8.165937,15.975144,0.534591019153595,0.015772343,-2.2794724,19.586666,-21.31286,13.8961,-0.13426604866981506,-0.87465,-31.600407,-10.711975,-1.7953895,12.866149,0.07812143862247467,-0.41501784,-10.074318,7.491288,-8.229386,9.982998,-0.4189119338989258,0.019471169,-14.701427,-2.3373919,1626.3267272891926,1005.1715492796517,1.5065987675369685,1.6944176673530302,935.0103849387092,1825.613852642296,3016.503328402367,1551.58456907263,0.6420062838712756,-0.42023326815723294,1929.6875,3656.25,0.13862275795118342,0.12851390555116632,1.8357801851944862,3.0490356509186114,0.0546875,0.18505859375,1569.9514,1113.463,0.5180577635765076,-0.88171244,528.1286,2368.4297,0.07612381,0.060656857,0.4498608410358429,-0.5542109,0.01902139,0.11775008,0.0,0.08759736728137953,14.721089864297761,55.0
e4957fd7aa237278a9be723e0d2f7bd0eff97589cae7f4c879ce7a4b544e922fe54c45d072350000a0366f283391cd455ca7ec6a965c8d0212365195b5189cdb,25.0,-339.09735,131.56247,-0.3111501634120941,-0.9138024,-489.7256,-252.64557,104.03545,73.48738,0.28307053446769714,-1.2876397,44.135944,179.99937,-10.60673,34.890255,0.4288104474544525,0.535393,-27.683268,12.052931,22.410433,29.750223,0.9365503787994385,0.82662797,4.296458,38.966843,-4.354847,24.09354,-0.5999482274055481,0.5483892,-11.475649,7.575164,5.803681,14.171651,0.23179885745048523,0.12679577,-1.1590116,13.998837,-26.906645,18.067368,-0.6074793934822083,-0.2990532,-40.51364,-12.16963,-4.0222073,13.927168,-0.9449910521507263,2.6173544,-9.73807,2.1651878,-8.849531,13.508602,0.752848207950592,0.7835729,-17.68156,-0.2783254,-9.39055,12.2086525,-0.6332359910011292,-0.35098147,-17.422104,0.48607302,-7.920433,11.795075,-0.1782636046409607,-0.30610156,-16.365475,-0.4682658,-11.023973,11.03603,-0.24602891504764557,-0.33635712,-18.80454,-4.3257847,-11.418381,10.042617,-0.5885095596313477,-0.24692392,-18.431728,-4.363682,1820.7288203552237,962.1845772339846,0.38850206256532893,-0.7903832261381978,928.8447093672969,2575.028733458946,3436.0733695652175,1787.8443268858864,-0.16729395266966052,-1.4579250454184645,1492.1875,4968.75,0.16167204483695652,0.09415111972920663,0.24870045159385873,-1.2574997139863235,0.071044921875,0.248046875,1656.309,1080.8755,0.39159703254699707,-0.96194005,646.4106,2499.2908,0.034695983,0.031913925,0.6809402108192444,-0.39594555,0.0007272509,0.055397972,0.0,0.1413988663121041,8.208265168340713,25.0
e53e00cdc61a638bda21c062f05e66f2238579e077b5941145088aff017818ca5ff07fe6cad2353694e15e8338a513d142c8b31c4a390add85dcafed1ef32dc7,35.0,-385.54562,188.64458,0.34795406460762024,-1.5451546,-566.8985,-206.57608,47.755157,78.41777,0.3954339772462845,-0.51778185,4.7184687,100.647736,-7.006838,27.047113,-0.3214777186512947,0.1352179,-26.93541,8.02033,-13.874204,32.112434,-0.771295040845871,0.1866442,-33.92298,4.5558567,10.5271,20.811039,0.6354604363441467,0.7528995,-3.326078,24.672989,-16.240034,34.885525,-1.1902791857719421,1.237909,-24.915133,2.5160606,-18.886818,22.06419,-0.6888324469327927,-0.28663337,-34.579926,-2.1883824,-6.6978617,12.790745,-0.1910279616713524,0.6613338,-12.965223,-0.34148332,-6.5962124,13.378853,-0.514074195176363,0.7562399,-13.776424,0.9562806,-5.4443035,12.446784,0.23459628224372864,1.8936837,-10.85834,0.84142685,-4.2314086,11.007512,-1.0294052362442017,2.334885,-7.885806,0.7274406,-5.182323,11.435194,-0.13986873626708984,1.4004962,-11.090845,0.24126771,-4.0884495,9.940137,-0.7015909552574158,0.46170676,-9.895161,1.9501224,2327.7575128372164,1219.3011217082376,0.08054689256575766,-1.0100725131516104,1293.5147305552343,3298.325565976404,4358.236090365945,2280.120086374983,-0.48815251335977106,-1.1888225539748931,2175.78125,6160.15625,0.19594409307318894,0.12495567647401296,0.6698655597769779,-0.5554276818298305,0.09912109375,0.27685546875,1571.937,1043.9202,0.714045524597168,-0.36934924,694.4889,2156.2043,0.048885733,0.067961276,1.1343543529510498,-0.2741418,0.00024750378,0.08929491,0.0,0.18591575881944228,4.668540801640023,35.0
e7b10ec3b1eb5f7268fc1bd99daf8147379d8f53343f07e0a0196a52aabab9920c28114d97708c48e843d3a123b28de7ca280e7ebd93e2f20d6de970265fa66a,15.0,-419.70508,165.33194,0.01620105654001236,-1.4036894,-599.47534,-278.74774,92.82733,64.46715,-0.945155531167984,1.8623718,70.12622,135.25833,4.40722,38.11918,-0.4839574247598648,-0.28035986,-21.874207,31.917652,34.117718,29.999525,0.548807755112648,-0.384328,11.898308,55.22044,1.9448783,25.2858,-0.53145931661129,0.8101084,-9.889546,19.378807,2.764597,14.540494,-0.2073968193726614,0.06401694,-5.010377,11.680726,-0.08812207,17.664373,-0.26686014980077744,0.35147762,-10.541312,8.7124405,-7.1061645,15.411894,-0.5754816979169846,-0.29514349,-16.700958,4.4392943,-6.3434563,14.249981,-0.1629747748374939,0.5095171,-14.783598,1.7500286,3.0405784,13.437551,0.46158234775066376,-0.1411277,-5.3427305,13.184359,-10.503057,13.091829,-0.404915988445282,0.78440976,-19.858349,-1.1740813,0.1752333,9.921442,0.623501256108284,0.80215204,-5.7019677,4.415994,-6.5426626,10.165972,-0.6121989358216524,1.1849964,-12.135037,-0.49255472,1574.0492706988753,1004.2452553760512,2.002798799238051,4.016552916062043,1014.376030616017,1794.3394993570187,2973.2507144332735,1499.9080211500977,0.840646345502311,0.20232385441839074,2091.796875,3472.65625,0.11724388669992081,0.11381035775927686,2.4189861570151807,6.351650458324055,0.05029296875,0.131103515625,1428.1473,1142.9907,0.6993345320224762,-0.83041185,431.27155,2335.1763,0.022839785,0.023851875,1.0122869312763214,0.21539474,0.0010000227,0.038597997,0.0,0.09393260913252158,6.967918452120413,15.0
e808b88c77a7bcbff838e3bed2f7c3bf0df25f072605a728d71a48de0ef8cf0adce42d2c1d3cc3eeb0840e09e5d675f2667074da59794cd95f1ac062dc8a1c72,35.0,-506.9419,128.48412,-0.7820919156074524,-0.47520757,-561.4266,-409.42725,94.132385,66.9262,-0.4285440742969513,-0.30237508,34.868202,141.8997,-0.8522028,37.787094,-0.2766306400299072,1.9304113,-19.649818,16.694805,13.861529,41.34342,0.5634474158287048,-0.32715774,-16.05543,33.278126,1.7286311,27.106369,-0.2145838439464569,-0.4785018,-17.540657,22.673462,-1.0177398,23.254457,-0.1069442555308342,-0.3062656,-17.130573,14.203459,-6.616242,16.356884,-0.3189919888973236,-0.33435893,-16.975983,3.635386,-6.785834,14.426988,-0.6967299580574036,0.15428472,-14.57169,2.4779422,-12.876743,13.99266,-0.1032394990324974,-0.7301316,-23.73409,-1.9959852,4.3186646,12.257847,0.17019423842430115,-0.4423828,-4.636159,12.366642,-16.422577,14.788738,0.1682506501674652,-0.3727827,-26.26567,-6.6831007,6.1483088,9.660723,-0.24318689107894897,0.22579837,-0.7766619,12.779221,-6.8428583,10.229749,0.033768586814403534,-0.07481265,-13.619204,-0.1555078,1907.3511891592752,1163.0581149008283,0.9785649142733932,0.07930449499576486,1039.7071613078397,2900.369691184273,3383.0,1953.496080748564,0.3499491834872819,-1.3727663689204808,1734.375,5578.125,0.17924609375,0.11508145680003685,0.8801794110760262,0.024877813134571714,0.08203125,0.2578125,1620.093,1108.8641,0.5275684595108032,-0.9465995,634.005,2524.3752,0.0051782224,0.0039225193,0.5826159715652466,-0.56680274,0.0028936204,0.0076226564,0.0,0.17477161483643683,5.723792504398522,35.0
e82cf0ff500a9b2bae2e0e0b960e1be8cf22d88eeaa6b16f2d415ed873f3a9fb31758def8e53c840d0066ad696487a71964c827270066a571f60ea2784a0b569,35.0,-526.61145,153.11026,-0.12189517170190811,-1.1076254,-685.6578,-422.2953,90.464165,66.46588,-0.12972292304039001,-1.0156704,40.824158,140.40353,-1.6849955,36.721306,-0.807604968547821,2.0123677,-15.494865,14.977918,29.79654,29.870718,0.5634760856628418,-0.96559286,4.3678727,57.52277,-9.834775,24.364182,-1.0547688007354736,0.9361441,-23.905615,3.580831,-15.454778,17.091978,-0.3690755069255829,-0.7747009,-27.939272,-0.24263987,-18.200005,17.48539,-1.2920470237731934,2.4264069,-27.612364,-3.5459888,-13.434061,12.431266,-0.3624357581138611,-0.24549365,-20.276377,-2.6072257,-3.1999085,11.552138,0.6797667741775513,1.2540269,-9.19706,0.83252776,-17.000729,11.297155,0.030357901006937027,-0.9063902,-25.204973,-5.494522,-8.648747,8.302233,-0.780648410320282,1.4500594,-14.226772,-2.7432766,-5.210876,7.294783,-0.3367786109447479,0.51630807,-9.402861,-0.9016071,-6.984087,10.176574,-0.9453427791595459,2.2954473,-11.015188,-1.4853024,1635.7094453685254,917.6479778043383,0.5451639265118253,-0.79380806531847,813.2809872599307,2405.173136370037,3288.8063524590166,1934.7899472084212,0.2103401448651453,-1.30174942235116,1687.5,5216.796875,0.13762327100409835,0.09892523428252034,0.7127714832412355,-0.8553125378823676,0.0543212890625,0.19921875,1255.1901,1046.9269,1.0418453216552734,-0.015640974,426.57996,1867.3066,0.009533827,0.008681694,0.7141135931015015,-0.042387247,0.00025403412,0.014317106,0.0,0.10233434633448711,13.979582615530541,35.0
e836e30b98f9ae06ff37b956006be3a1fbbdbd278aa070184e535c33c51c505c5abe32ab4474e96a4dec8d903325ccea7012f7a6d1282c82fff9ba5d3223843c,55.0,-413.8542,165.75015,0.7237132471054792,-0.49546826,-562.80273,-329.78864,42.070126,71.03339,0.7542105689644814,0.5217756,0.24729344,73.18227,-2.6081448,26.1274,-0.9896867871284485,5.6231995,-11.269332,5.405038,16.747177,29.73524,1.624986082315445,3.5568264,0.033480138,24.387953,-9.622732,24.329863,-1.3377041816711426,2.2738066,-17.845142,1.2862961,6.106838,16.675373,1.1775523722171783,2.0796723,-1.4515991,11.232324,-18.542376,23.605085,-1.1233640015125275,1.1098635,-28.057146,0.29449672,0.96099675,11.010002,0.34329603984951973,2.5964224,-3.2690253,4.6877975,-7.068431,13.231305,-1.3511638045310974,2.745242,-11.36566,0.3284893,-2.3352451,12.957809,-0.8487869948148727,1.492756,-6.1781816,2.5180774,-6.586491,12.336771,-1.2815305888652802,1.8357679,-10.695014,0.30894202,-1.0979896,9.299934,-0.9209371209144592,3.382154,-3.5792978,2.6421757,-5.9678116,11.0296,-1.3638903498649597,3.0117035,-11.000298,0.33567902,2209.1383338607757,1023.4731836977747,0.3355747465846174,-0.6416470883336101,1423.5969156964306,2963.3839942256295,4089.9667209788486,1546.1637133803279,-0.744454000121573,-0.35111966257592486,3046.875,5359.375,0.20178572629459893,0.14129337312510845,0.8018457616007593,-0.20379024311301985,0.0828857421875,0.2921142578125,1844.0284,1144.2957,0.2284090295433998,-1.203967,765.7909,2832.6611,0.045246653,0.061932422,1.3231703341007233,0.8108425,0.00016042408,0.062355287,0.0,0.09936488127451898,12.874714681997744,55.0
e8da9bdeadbf00ee1120f749afc3b76f39992a5313c107d6d33e19505367ab51228efe67bb797dca6bb0985abfe039d40c5aacfbbfd8dc8f1895375ebbc90e3e,25.0,-470.88443,178.2352,-0.2061367779970169,-1.5714338,-692.2128,-320.46906,85.653046,88.10545,0.13837769627571106,-1.2057005,12.25643,172.93478,23.044413,47.4098,0.7996565103530884,0.9459183,2.54631,33.346134,20.290346,35.292545,1.1912336349487305,1.9464006,6.4266405,31.844196,2.7932189,29.751625,-1.0570857524871826,0.94007516,-9.063204,21.141327,13.4706335,17.619724,0.45246651768684387,0.4572897,5.0565767,21.776497,-7.395305,17.559519,-0.461429625749588,-0.71504927,-21.679054,6.4756317,5.520049,18.460869,0.1990777552127838,0.15604138,-2.2692926,14.248683,-6.525856,13.734949,-0.3822232186794281,-0.09854007,-16.391685,2.0215113,-10.502096,13.990223,-1.6535701751708984,3.4309673,-16.645546,-0.7605357,-8.047127,11.279149,-0.8796987533569336,0.46420383,-15.3644,-0.73042667,-14.2554035,13.188517,-0.6758175492286682,0.14218688,-22.234201,-2.2225595,-2.4995894,8.078908,-0.1007833406329155,0.37004304,-6.523123,1.9156789,1966.146137817148,1321.183000988987,1.0185346754320133,0.7871580978904316,808.7904506256411,2614.03312025533,3638.6185109289618,2157.6608965808996,-0.14702399798968785,-1.5670133527787047,1324.21875,5566.40625,0.1748473787568306,0.13450322144217275,1.330341334090699,1.959371423936779,0.05712890625,0.228271484375,1176.7743,921.16943,0.9867791533470154,0.3214259,369.40536,1708.6411,0.0203698,0.017886061,0.18453164398670197,-1.3108132,9.152126e-05,0.035190586,0.0,0.11203456025597969,6.918904848416671,25.0
e9360905e8c61061388d42a7d184160c2f38a47a607505060ebdaa04aa394571e4626dfc1fb37cc05d599bb462ae014c21d46cd6abf60e3ada1debfd44cf49f1,75.0,-362.05527,156.47,-0.04248037934303284,-1.5047204,-544.5779,-225.49141,101.059784,83.59828,-0.20599771663546562,-1.5128827,6.986745,174.04915,-12.422045,40.082222,0.020141107961535454,0.13692272,-42.790024,6.960511,12.932627,41.62582,0.6347261965274811,0.40523362,-4.082653,33.026016,-9.230425,31.625475,-0.604504419490695,0.90233433,-18.749397,3.0894263,-12.632181,22.823208,-0.7832955121994019,0.24021244,-25.669273,0.40233037,-14.496424,20.054142,-0.8186966478824615,0.3318107,-27.39031,0.015281254,-13.86195,15.939278,-0.9913090467453003,0.2626195,-21.684797,-0.6515414,-7.435586,13.159679,-0.6361570656299591,0.40247643,-15.21613,0.017213456,-10.732259,14.696175,-0.5583840012550354,0.43775094,-20.263767,-0.29761356,-14.588161,13.68454,-0.6054123044013977,-0.8087318,-25.073223,-2.315125,-3.5104976,7.1229305,-0.12832356709986925,0.0042790174,-8.318893,0.34127253,-5.814496,8.376977,-0.5088085830211639,0.41089404,-11.072311,-0.1884233,1360.3172224509804,677.240329993524,0.8559235408654688,0.28280833708934683,852.505043188531,1940.4847960838165,2482.620913084662,1321.2761726795763,0.4890147044056722,-0.9847466259117245,1430.6640625,3729.4921875,0.12299419157534731,0.06646625584727489,0.8708034836110259,0.8904775416272728,0.06549072265625,0.17059326171875,1359.0199,902.59784,0.6304871737957001,-0.49352634,574.4895,1985.5818,0.06922367,0.0715864,0.6602037847042084,-0.8616148,0.0013915484,0.13354261,0.0,0.1178445120016954,9.248057034607346,75.0
e9d8e7dfa83202481afbd10486ed96d394cfb91b50eb8a3ba069584300579d59140aa2e5d13ea3bd6353a8e79d7226d7e8d74d06828f8a7f723723cb37905d85,35.0,-344.1061,153.43106,-0.12933509051799774,-1.727019,-517.582,-204.9541,98.42989,68.52226,0.12432518601417542,-1.1535689,52.013687,173.45297,-14.143735,44.508877,-0.11534863710403442,0.3084376,-27.934156,2.0475733,8.673799,31.075405,1.597961187362671,3.9430246,-11.522931,22.26073,11.2636385,24.974695,-0.5588341355323792,1.1827612,5.902233,21.869867,-3.5523322,27.98284,-0.5240859985351562,-1.210435,-30.509706,20.887383,1.4124215,18.981113,-0.527632474899292,-0.10778475,-10.775099,11.0945015,-3.2135084,16.279655,-0.3355643153190613,-0.32843375,-16.19395,10.068718,-0.97677004,17.114134,-0.2980189323425293,-1.1822087,-14.264303,15.566382,9.073037,12.365211,-0.9688483476638794,0.34812808,2.0597749,17.806389,0.15964669,13.693835,-0.6184481978416443,-0.7732043,-7.985773,10.874701,-0.7536673,6.8954206,-0.10707704722881317,0.2802229,-4.927946,3.4117012,-6.375231,7.0311623,0.17917241156101227,0.7139487,-9.885864,-2.6667514,1821.381644596436,1015.5411536898093,1.4879757124036381,2.0414096658454133,1086.6543101219959,2134.4624973932564,3648.3020231213873,1866.393359896334,0.1713458604897337,-1.2771715616062131,1984.375,5226.5625,0.13585226246387283,0.10705900391705393,2.1004592215427476,4.343506216898931,0.068359375,0.14501953125,1264.4614,917.3912,1.1219738721847534,0.8167305,556.4644,1640.3018,0.048953094,0.054373384,0.8950944542884827,-0.36554933,0.0013598674,0.08418907,0.0,0.1380661787615084,6.9952737058289065,35.0
eb87b7c6b8bb6597d34df14d7f99f267641a6117d468ea6d3592cc499e9499635247c80ae357604e0a1ee5c09b48ed32bec53547b61fb9f22181ed44ec546842,65.0,-375.61237,201.6488,-0.0764932632446289,-1.4041178,-589.7444,-174.13132,78.824776,66.785614,0.18908826261758804,-1.1792085,23.350882,143.5844,-8.322979,29.689262,-0.5889683961868286,0.361068,-23.746332,8.064219,35.67288,40.40323,1.0886856615543365,1.782306,2.2600572,61.184887,-4.3804245,17.961576,-0.7041261494159698,1.2806078,-9.999255,5.3519287,-10.832959,18.3401,-0.547655001282692,-0.51721025,-24.648853,1.9150765,-6.803595,13.927832,-0.755920697003603,0.7235341,-13.701321,1.855125,-5.4798136,13.7787,-1.002997349947691,1.8429667,-10.184896,1.779855,1.9250886,12.569662,0.1390436850488186,0.76687634,-3.4175987,8.0741,4.8578334,12.828654,0.8619223535060883,1.0724394,-2.4442248,11.306617,-7.954193,11.936634,-0.7917575240135193,-0.012820363,-16.02929,0.648206,5.9170623,9.786492,0.7223870605230331,0.014894009,-0.7906247,12.635546,-7.6135483,10.200362,-0.7805008441209793,0.336061,-13.590857,0.006719798,1835.5234165686602,825.3327475865301,0.8524804282866574,0.7898946240874929,1171.6024035951832,2307.4283014669445,3723.1167564780953,1593.962434683262,0.0034720284763507803,-1.0127252461663723,2312.5,4996.09375,0.1401427790456482,0.08921904507514077,1.5310875073511079,3.2422354478529973,0.073486328125,0.180419921875,1349.8549,1040.1287,0.8557673096656799,-0.37102115,479.0515,1996.4412,0.04674021,0.04939772,0.5641368478536606,-1.0565884,0.0010459773,0.094452515,0.0,0.11167361444181625,6.024764644690499,65.0
ec2db3afb50f9f2e78b4deb87e02d57fafb61ea80655a74c516275c0a6391c6e5f8da8f3e171bfee92668590e41cbacb5b276fbd92d1ace9ea0b9b8ecf03424a,65.0,-588.6886,143.35059,0.48179204761981964,-1.3685633,-717.78094,-446.76398,98.05763,69.034294,0.31231188774108887,-0.5679438,53.59501,161.80557,8.321363,34.593582,0.7791508138179779,0.95869315,-5.982411,13.8317585,9.627634,32.90054,1.4265130162239075,1.5166881,-9.848047,19.356865,-11.591146,23.855076,-1.3256139159202576,2.7171247,-17.311832,-0.99741185,-1.8111923,16.24958,0.19650137424468994,2.699658,-7.1713595,3.2108583,-11.855124,18.128105,-1.5468460321426392,3.012892,-17.144835,-1.1209078,-3.3001919,11.1332,0.39775518979877234,0.42200327,-10.697559,3.4845378,-9.118193,9.245245,0.6552468538284302,2.3767204,-13.899473,-5.5794497,-2.999576,14.567106,1.1048900485038757,0.8929242,-12.792166,2.889214,-11.901165,11.796508,0.09157925052568316,0.8306992,-18.76653,-5.7201653,-2.9981494,10.169146,0.22109867818653584,0.39283013,-9.136869,2.382313,-7.3945713,8.91939,-0.8053319156169891,1.0110543,-10.586674,-1.7107097,1863.6495347177854,958.6356425655131,0.23812100020932936,-0.4206245323669342,849.7877867875015,2445.617543030932,3694.822499449824,1874.0022845809199,-0.5129794207958321,-1.4807750325980942,1563.4765625,5208.0078125,0.16797758827746756,0.09782150306981954,0.5945906806942955,0.5455699231133031,0.06768798828125,0.22222900390625,1491.0972,1053.7317,0.7310585379600525,-0.5781362,609.00146,2178.379,0.0059020594,0.0075120428,1.0606517791748047,0.038350582,8.3088395e-05,0.011459982,0.0,0.13606429112669416,8.544553979925864,65.0
ecd8485aacae26712c4be27b063347e251f67c567a02e5304e3bcceb939445d31c85ea83365f415e2f434a4510ea1e87291d6833c20a42303f03d976a47f8676,15.0,-270.99908,102.68683,-0.4220884144306183,-0.47146535,-381.5129,-194.4242,68.86168,63.012974,-0.9104510545730591,0.37593055,53.938576,108.66648,-2.9704502,34.967094,-0.5743257999420166,0.79432297,-16.219957,15.6555,32.128654,21.415674,0.08330623805522919,0.23572636,21.381073,45.548134,3.4420657,16.348473,-1.0428564548492432,1.1025352,-5.5195904,15.065079,4.1024656,14.123999,-0.4536583721637726,-0.21416593,-4.8255544,13.981962,-9.70763,15.568885,-0.4843352437019348,-0.54273915,-19.859116,3.6596706,-2.8647444,12.587474,-0.5843509435653687,-0.45484543,-10.544381,7.9322963,0.9626856,10.738693,0.40429744124412537,1.4449029,-4.1734676,5.998905,-16.671782,14.6725235,-0.16721133887767792,-1.108489,-29.102064,-4.162081,4.3167973,8.9057045,0.5363879799842834,-0.14537883,-1.9553579,10.6451645,-6.055835,9.951561,-0.7208244204521179,0.69634175,-10.995642,1.0602117,3.4424777,7.4903884,0.3504185378551483,0.16243076,-1.8009171,7.5175505,2153.4211902415345,1237.1133728235163,1.292710938757506,0.7132307493450241,1299.877731217785,2419.340333703088,4074.2566747572814,1814.7137722511961,0.22869532025325517,-1.0224369561584015,2425.78125,5482.421875,0.15752996055825244,0.14635500419137043,1.796729406605343,2.725925946601256,0.0595703125,0.1651611328125,1583.0864,1187.4279,0.5380783081054688,-1.0076001,483.65817,2540.5332,0.047318954,0.035016704,0.19312648475170135,-0.948086,0.006880836,0.07238519,0.0,0.07492457370348099,11.243014224564769,15.0
ece01d721c930d20b23c66b3723d6a2dcd6c7d886d14a165a04ebb30400c6613fae31d1d21b05c8a4ad1c875288a6f481221b93a18b3e5abd0014d77bbb77853,25.0,-538.73505,143.39955,1.4010599851608276,0.52131534,-632.6304,-482.36093,74.73818,32.60338,0.7136518955230713,-0.19478965,52.55209,94.051445,20.937033,19.644323,0.06585563719272614,0.750829,9.893671,29.549225,23.407402,25.669556,0.8745673894882202,0.9813397,13.183086,24.126657,5.402648,17.870079,-2.028157949447632,4.4474316,4.085671,13.665527,9.722067,11.078174,1.0366982221603394,1.1005692,2.6080835,15.50632,-3.5803006,12.989807,-1.1187398433685303,1.4861364,-10.128013,5.9487844,-7.5074553,10.020011,-0.8368901014328003,0.38441396,-11.243982,-1.6304181,-6.492877,9.694274,0.622134268283844,1.178185,-12.796867,-0.4798284,-2.1859026,13.519228,1.1785792112350464,0.8345258,-11.865557,4.3180695,-12.034532,9.412053,-0.8330019116401672,0.22802615,-15.777136,-6.427299,-6.5036216,7.427732,0.5183092951774597,0.7813165,-11.563145,-3.2228076,-4.6238728,6.1365447,0.2005290389060974,0.31475616,-8.007254,-1.0333209,2029.0013097597412,803.3785356049582,0.317829169286436,0.5332162910214091,1507.51256271523,2395.4800241375265,4383.628731343284,1652.4660061421214,-0.8542309615006457,0.23358543439717838,3324.21875,5324.21875,0.1382783348880597,0.0579237703121129,0.5314914252456904,0.006413113426023909,0.103515625,0.164306640625,1132.2047,1007.69305,1.34566330909729,0.8007741,379.64124,1490.0552,0.008305804,0.0149046695,1.8947114944458008,2.4600806,0.00029881508,0.011262757,0.0,0.1059795891576122,5.124696880644909,25.0
ee18b6a99ca8a17c61258c3856cde5f4f1879b6ffa1bc2c2498b02536b6c75c3016b6108ff421f3168d26b8875c00feda94637ac2bc09c5da94c3d5bb783f34c,55.0,-376.97787,162.24593,-0.15873042680323124,-1.4789367,-564.3176,-241.28094,76.81958,68.43727,0.2752420976758003,-1.0210793,20.47568,136.59888,-7.3924856,35.59104,-0.21838036179542542,0.24257457,-29.391153,9.842201,10.298807,28.192368,0.3265500068664551,1.1294041,-4.572982,22.56514,-7.315044,21.051342,-0.7031596601009369,0.17137384,-17.756342,6.0741973,-12.79521,19.296791,-0.41500499099493027,0.22589135,-25.54681,0.8277106,-16.396236,19.59271,0.12698829360306263,-0.10458076,-30.806803,-1.1779423,-12.836039,15.4401,-0.25331921223551035,0.04503739,-23.029396,-2.217678,-24.665913,17.8642,-0.3595866933465004,-0.70850813,-39.25634,-8.88602,-8.05283,12.868002,0.684312105178833,1.1528679,-16.777237,-0.51145434,-9.288922,11.365622,-0.6254491060972214,0.34210622,-16.677002,-1.5292208,-9.133865,12.818411,-0.32246898114681244,0.5724758,-16.47744,-1.3404033,-6.157793,9.526841,-0.4339434802532196,0.26910746,-11.48889,-0.59674054,1954.3140950426045,1008.4549167153053,0.8479424399253233,0.46596732032120003,1118.118702730277,2557.5257674150853,3666.877922790609,1747.0214994139783,0.07823203914026222,-1.2691710460051737,2201.171875,5043.9453125,0.18423048527768499,0.11059406246821771,0.8956776012785592,0.7799867081184901,0.08843994140625,0.24798583984375,1622.6101,1086.1938,0.4931008666753769,-0.8944428,642.5431,2457.0361,0.038528673,0.04081925,0.8452626168727875,-0.22343183,0.000705512,0.06408628,0.0,0.15562622884542082,7.85893438799398,55.0
eeb3ee1b121ea2b54fe597abb07d44c52434f0055b65dfe7bfcae54355e659cafd295f50764f9501300f85c7d0ffff52eb0d244442bc8bdd0fad6e0b28e6450e,25.0,-321.40485,174.48737,-0.6031973958015442,-0.9001856,-454.7776,-179.45775,62.982822,61.328228,-0.5397123694419861,0.44955063,13.72964,106.78363,10.079652,45.002117,-0.3710595667362213,-0.7402954,-28.626186,44.98876,51.780243,52.567837,0.9647591710090637,0.1238153,7.7499285,78.55813,-36.448277,34.912144,-0.4933178424835205,-0.34215856,-57.150993,-5.4708266,-25.905775,25.373442,-0.08456945419311523,-0.9357488,-45.590187,-2.0199318,3.7338102,16.040691,0.32997003197669983,-0.004988432,-7.127464,12.580084,-12.0775795,18.419758,0.03172386437654495,-1.040754,-27.596136,3.8894546,-12.376235,16.287394,-0.4779266119003296,-0.37736678,-24.193316,0.49410397,-1.1662726,11.411343,-0.2551943361759186,-0.448797,-9.207816,6.63107,-26.61123,18.761135,0.013892315328121185,-0.41491795,-37.7134,-13.174908,17.329552,12.109991,0.09198571741580963,-0.6952126,7.0082884,26.370142,-7.192749,12.029694,-0.7396160364151001,-0.076369286,-12.384943,0.6450249,2145.878354998277,823.6153317080242,0.8605425755650841,0.493866492571172,1566.0939508564636,2476.0117191430745,3891.9046336206898,1310.86012405896,0.27717103392861586,-0.1784941330465002,3167.96875,4855.46875,0.1908716662176724,0.1015084723180989,0.9191588846980147,0.08790190251986019,0.1187744140625,0.24658203125,1997.9006,1217.2435,-0.18635161221027374,-1.5499444,655.59436,3104.874,0.045981124,0.03842504,0.45368003845214844,-0.8540623,0.01037632,0.07420231,0.0,0.10719817215918861,7.4136566211303405,25.0
eed68fdafab251d58c658b4bfa38e94ee4847696d73940e3ecaa68c59609b08e27efbc2f114503ff9404e79772d65d3f53c5892d5ff213146956b050ab38c1d9,55.0,-352.00867,153.40054,0.03872761130332947,-1.5223904,-522.0891,-212.27686,53.743847,74.71994,-0.15848316065967083,-0.015442133,18.477352,113.00893,32.537506,31.964167,0.3057542219758034,0.506912,15.783488,50.29757,16.490517,31.845646,0.20807866752147675,0.3590443,-0.9732981,35.56552,2.4183483,20.40942,-1.0231504440307617,1.2019457,-7.110567,15.739433,-10.804213,25.422983,-0.9723284542560577,0.28103375,-25.144983,9.940025,-11.821522,20.1615,-0.6814301908016205,-0.46958804,-26.05388,5.4196157,-12.929412,18.847492,-0.4391862750053406,-0.33282173,-25.421585,1.2212634,-15.457497,15.912935,-0.40493232756853104,-0.50748134,-27.826069,-2.89287,-0.54474807,11.218142,0.872854620218277,1.430841,-7.5292892,4.388044,-16.685116,12.731542,-0.42989251762628555,-0.4887967,-25.811333,-6.86266,1.8459103,9.781389,0.5673689097166061,0.25576425,-4.374856,7.288827,-5.947339,10.082478,-0.2892650291323662,0.70713305,-11.346202,0.5926001,2272.6707146625968,1386.1699228220525,1.089802161123235,0.15358923767890298,1300.8753454905668,2789.9436377776638,4353.449162544965,1939.4250355938948,-0.5429401503928741,-0.9886042979673224,2866.2109375,5913.0859375,0.18927271561656925,0.1566505513271364,1.4790833192259014,1.4464750434532703,0.08343505859375,0.24298095703125,1373.8396,1208.3136,0.7745074927806854,-0.8844861,370.58276,2409.518,0.055205375,0.061933413,1.070070505142212,0.5826106,0.0011019062,0.09250693,0.0,0.13285067180160243,8.126446445834565,55.0
eeeb711da3e1a59857fc224e3a95ff28533114901dc6d915f2284873f4fe444f525409c44748528740d2c54fa162191cca72ab5266b58d236904e0461a34b7c7,25.0,-321.20654,146.9958,-0.5665428042411804,-1.1644945,-506.05798,-207.83698,84.91171,69.9394,0.12392964214086533,-1.390211,11.865238,146.28647,-0.25592762,45.91596,-0.057640478014945984,-0.5079131,-34.778564,31.103117,8.168177,30.307522,0.40450143814086914,0.27795148,-5.928717,23.456154,-18.557041,27.632465,-0.6305908560752869,-0.59949183,-40.794956,3.619728,-24.31558,27.465466,-0.6414130926132202,-0.44576955,-43.03237,0.0,-29.061195,23.827263,-0.2735886573791504,-0.9072299,-47.38156,-5.1721535,-2.11124,17.296713,0.23325581848621368,0.16151643,-12.947955,5.730934,-28.980515,21.149231,-0.20606006681919098,-0.8410723,-45.836113,-13.787775,-1.1416006,14.486288,0.39170724153518677,0.39188075,-12.636849,7.787462,-11.814792,14.077065,-0.27205491065979004,-0.3255129,-21.08558,0.0,-7.319273,12.436512,-0.5893773436546326,0.48417163,-15.377474,0.0,-8.039431,9.770181,-0.7626514434814453,0.25108266,-12.651278,0.0,1847.5583960616598,1301.076401495066,1.1253298934915301,0.3217508817246557,839.0074083397487,2681.6253379142777,3211.9565217391305,2065.884795377963,0.23923390507146441,-1.5376301092064315,1234.375,5375.0,0.20667337927018634,0.1731522232263392,1.1651922623271542,0.5668960279713495,0.07177734375,0.32080078125,1513.014,1101.4204,0.5480419993400574,-0.95794773,519.4306,2391.793,0.07907506,0.07394558,0.7779009938240051,-0.104905844,0.0022277972,0.12492076,0.0,0.08389360496499894,12.048843627105487,25.0
efc8f70be0742e33016f9a2077601061983f97410a4896a569c1951b1abb36fc2c149b27f2178f38bbd3a024f8728020b46d31cc0d3f31902b11f72e60d98fae,15.0,-474.58868,177.42957,-0.20218680799007416,-1.4710132,-683.0602,-337.28406,66.85261,55.03102,0.04596981778740883,-0.7757876,23.35285,114.42444,3.408889,39.571163,-0.28978556394577026,0.33684993,-17.419388,21.461365,32.94175,43.289062,0.6291016936302185,-0.53416014,4.711334,65.59534,-18.134766,26.37739,-0.9774008989334106,0.84660625,-34.45234,1.5782491,-8.616802,16.793554,-0.4311436116695404,-0.13189816,-20.59482,0.70753324,-10.136261,15.848003,-0.1454850733280182,0.32678723,-19.59648,-1.8961415,-9.771912,14.949328,-0.8375821709632874,0.26635933,-17.29238,-1.2009165,-7.9067564,12.498535,-0.21736934781074524,0.010725498,-16.372377,-0.4764351,-8.336255,11.882936,-0.22463473677635193,0.3386035,-15.927803,-1.0923812,-7.4047637,11.601086,-0.643792986869812,-0.42400575,-15.908421,0.3735124,-8.310992,13.2725725,-1.1892611980438232,1.4369302,-16.645142,1.3240476,2.6163664,9.461744,0.48224401473999023,-0.13033366,-2.9495678,8.055509,2172.403912706389,1041.6245838959337,1.0026763862243167,0.8871345450173118,1360.7170861641569,2613.1539119563186,4166.11328125,1698.247631869328,-0.055860781863067616,-0.9562637576662003,2755.859375,5509.765625,0.203955078125,0.11564167005636018,0.9826471134999378,1.3659623326738517,0.1119384765625,0.26416015625,1591.8625,1100.5011,0.49214857816696167,-0.99636436,593.5954,2492.0356,0.0138330255,0.014281178,1.1168828010559082,1.4273086,0.00015898721,0.024141017,0.0,0.1493752684538161,9.265070062129695,15.0
f00d8e53e47fb885805b27447a2b23e6fbd2480daf671692e3212e8bf00803c3c62d9dbb4a5659dc4f8dbcd2da0210914089d402a600496e47f6ceea522918db,35.0,-420.42548,179.44276,-0.014158830046653748,-1.5135232,-611.8042,-247.75485,68.12287,58.463047,-0.0077304840087890625,0.16112769,41.298264,106.027725,-36.619682,48.95127,-0.6995193213224411,-0.6747471,-68.637344,2.6332088,46.485962,41.908188,0.8748857378959656,-0.35689712,11.920204,72.08034,-2.713455,21.86842,-0.6136180013418198,-0.46713996,-18.842312,12.109918,3.9192014,21.814018,-0.28585992008447647,-0.5939729,-14.573856,16.9814,-2.4967303,18.65994,-0.360685259103775,0.16652107,-15.990079,7.5218015,-1.0284593,20.814224,-0.14562411606311798,-0.062854886,-12.194084,8.955257,-8.955817,15.00886,-0.45859967917203903,-0.97399724,-20.385685,3.5977962,8.688039,12.002123,0.4682016670703888,0.2284894,1.8304603,15.081138,-10.487205,16.023186,-0.6158576607704163,-0.70269525,-22.740326,1.7380133,3.9561048,9.79845,1.064570128917694,1.6240573,-1.5059454,7.656024,-3.0041242,8.757383,-1.2174038589000702,1.2866305,-6.7612715,2.284824,2138.457439254309,725.3125883354717,1.5680623404607972,2.6906451896249832,1686.0224977097814,2267.3207493584073,3881.1487997731856,1069.69575819188,0.13536359661018643,-0.6399227549824009,2972.65625,4557.6171875,0.1986299330188382,0.0888409174563993,1.3255041284704863,1.6334001710491073,0.14300537109375,0.22186279296875,1836.1013,1028.6116,0.08218688517808914,-1.0775063,936.29126,2683.8276,0.02216701,0.02709181,1.2264093160629272,0.57102454,0.0007451168,0.0339028,0.0,0.17897063684062964,4.774157157814043,35.0
f21d4d232e4d48ef7d883a998ea47ab197fe586c809979066e3490da7296f873099b8b1d52fe911b073142071fc68364987e51acd6e417825d36b8aabb430701,15.0,-395.9017,132.50609,0.09185219556093216,-1.4651108,-554.9573,-283.9201,84.92387,83.41534,-0.08721229434013367,-1.4392039,0.0,165.17789,13.488375,29.154026,0.3446632921695709,0.32351947,0.0,31.095427,16.302889,36.125004,1.2591018676757812,1.2591443,-0.007626407,28.862347,-2.685574,31.246008,-0.30046573281288147,0.0732944,-16.127172,16.18148,-10.1331415,17.02999,-0.5632954239845276,0.30338192,-20.037018,0.0,-21.071682,25.05695,-0.8122361898422241,-0.3463359,-36.26497,0.0,-14.3328705,17.545511,-0.5424085855484009,-0.24037337,-27.060158,0.0,-4.214042,12.598352,-1.0416589975357056,4.260322,-11.115397,0.0,-4.522752,15.042668,-0.5412850975990295,0.23494983,-10.715696,2.290523,-3.9342532,11.125894,-0.22508910298347473,-0.073201895,-12.259827,0.33224523,-10.706701,13.369298,-0.5674239993095398,-0.577785,-20.411274,0.0,-2.7940857,8.878658,-0.4216674268245697,1.7493243,-7.3087626,0.9863197,1711.165795425011,1414.0483841653268,1.4568780270718962,1.8920609387192426,659.551024945479,2662.260130774817,3039.1802763819096,2337.7845561081435,0.40560806676835054,-1.4375770948416378,828.125,5488.28125,0.16200632066582915,0.15582998415462468,2.127430788095177,5.093674334868091,0.053466796875,0.23291015625,1648.4598,1100.5958,0.45324409008026123,-0.97115636,628.0676,2498.2078,0.056113172,0.05931266,0.8459949493408203,-0.10498643,0.00011404258,0.09977929,0.0,0.11001010109784685,13.190973973246697,15.0
f245a4ab9908082b10100315d41354c7bc95bfa313671cd4b70a96a820292722625ded098befcea38ba22a22f1f46af96eb787cb51d5e7ee3ee5bb84cd14ad0c,25.0,-247.43646,143.04657,-0.8061133027076721,-0.10179353,-311.7302,-150.49374,72.97879,74.0371,-0.13010689616203308,-0.2889998,31.265366,123.354485,-16.735739,45.569965,0.043958261609077454,-0.17423964,-45.454216,5.3339553,40.38742,53.10482,0.5116958618164062,-0.8352251,-5.1236935,79.51,-13.539569,20.929985,0.028321711346507072,-0.32427335,-29.163593,-1.4251403,3.23445,28.052496,-0.005726444069296122,-0.24354744,-16.916855,21.325302,-7.465782,18.30579,0.366039901971817,-0.18049788,-21.621569,3.7959304,-17.637726,17.274374,-0.19113539159297943,-0.8331268,-31.256588,-3.5845428,-16.082241,15.940458,0.0005675108986906707,-0.38103104,-28.118267,-5.69611,-13.892314,13.778511,-0.8260365128517151,0.8432901,-20.671335,-4.164383,-5.361089,16.402708,1.3536239862442017,2.7910714,-15.028877,0.26629013,0.945462,10.630842,0.46313828229904175,0.19872236,-6.9422584,7.1548834,-16.034422,9.958914,-0.23251374065876007,-0.6424272,-22.618116,-7.959619,2100.7737751835084,976.7387105084152,1.012911693172827,0.6538696508955892,1313.0158772223406,2603.8502874832016,3694.680274566474,1475.505529518976,0.2563627670108566,-0.7485738247770675,2781.25,4601.5625,0.1865319048049133,0.11388214244578573,1.6529509447879092,3.078210517114085,0.10400390625,0.23828125,1859.6553,1146.5771,0.16252554953098297,-1.2602341,794.805,2849.657,0.083070934,0.059614263,0.28283676505088806,-0.7548609,0.02885677,0.12705468,0.0,0.13249717284042867,7.28324451010781,25.0
f3e455ac7676a99e9aa8014355b7a206d0c8d995993724c5bd29fa1847bc73ea44e87a9c3fda5dc132446f24e11cadcfc43cf67b9755f0a47b674d43ed7b8f4e,25.0,-260.24216,110.792015,0.05073481425642967,-1.547303,-375.3589,-153.73593,118.49514,48.38234,0.0027435242664068937,-0.29958653,83.88478,156.68906,-31.589222,30.868515,1.0661288499832153,1.2039299,-51.088936,-17.568754,28.29293,33.38175,0.8076739311218262,0.16436982,4.0320306,52.063297,7.8882103,16.98187,-1.3584187030792236,2.3057961,0.020270467,19.177643,8.511904,14.064429,-0.0985221415758133,0.29923415,2.4112194,15.210865,4.829323,18.596516,-0.8097708821296692,0.02285695,-5.665986,16.216225,-13.047741,21.939817,-0.7185289859771729,-0.37445664,-29.470903,3.837916,-11.316543,15.226757,-0.7170236110687256,0.15071082,-22.972471,-1.1916131,1.7310385,11.427931,0.7479154467582703,0.8147602,-5.423922,7.5105114,1.4706073,11.535969,-0.5162005424499512,-0.45310664,-7.9830117,9.346413,6.258613,7.9103937,0.2890223264694214,1.2746444,1.9544106,10.364516,-2.9289076,8.20367,0.6810475587844849,0.24685621,-8.236612,1.4075006,1498.7763246020718,719.8773442048571,2.137236779582813,5.788906909891821,992.7293979809303,1743.1973392487816,2736.318407960199,1144.9245483848135,1.6617295702740493,3.18917194211895,1953.125,2960.9375,0.14507297496890548,0.08639488564273336,1.7933881753554595,4.206936518264004,0.08837890625,0.1669921875,1301.0704,858.0606,0.7875543236732483,0.2367351,540.59906,1792.781,0.07613571,0.07558141,0.5949261784553528,-1.003785,0.0041961246,0.1419129,0.0,0.13994899725311946,6.788225593473354,25.0
f420fcb5b9cfbd1ebd3a42be56e8d51397523d24beb42fd7f528f6f6eea7ec7317fa7b963f8a5c5ae594fc56e3f5ee8744fa17d3b31a128fa6374ba797837f65,25.0,-345.6492,165.10474,-0.01831987500190735,-1.4815289,-524.61383,-188.00922,72.577,82.59982,0.3015300780534744,-1.2053267,9.172218,151.72241,0.14347619,33.7157,-0.20078348368406296,0.7596842,-19.68597,18.96196,16.043753,23.34563,0.22319719195365906,-0.42569375,1.8432503,31.893806,2.1403809,16.171947,-0.07837506011128426,0.11834788,-7.855846,13.044941,-5.0008135,18.861212,-0.31356510054320097,-0.10175264,-16.857885,5.3261156,-14.056813,17.025324,-0.4300796389579773,-0.40135252,-26.326702,0.16426897,-7.3422823,17.07646,-0.4205345958471298,-0.5539458,-19.535212,5.702136,-4.3948536,11.202923,-0.246135413646698,0.4728365,-9.789486,1.9842534,-7.7874346,12.02228,-0.2896180250681937,-0.13810277,-15.262146,-0.64951086,-3.6769102,11.390113,0.35507631301879883,0.5726478,-10.84268,0.3745907,-8.5437565,10.343412,-0.33480674028396606,-0.5053277,-17.153475,-1.5545045,-8.398054,11.117025,-0.923090010881424,1.1188395,-14.372229,-1.8858913,2069.2732868886305,1360.9084287988085,0.8178091051274834,-0.219115414041281,813.1613521901709,3101.379582858107,3611.3750646586027,2078.9080821224957,0.12964468827360265,-1.33754071486872,1601.5625,5304.6875,0.18542797156016233,0.1294622457182662,1.1400850106169043,0.9086022048772804,0.0880126953125,0.2506103515625,1458.9514,1126.325,0.7523524463176727,-0.63465023,488.96304,2198.4922,0.060784195,0.077175125,1.2458981275558472,0.47206736,0.001947235,0.09146979,0.0,0.12752541961473296,8.111065291903948,25.0
f43631ea6e6420d0a834cf67e8c370d67503c5fb1a838550163f454f321d45ce6f646e93d23aa3bffe63d8f6b93d4a27b6ceb84e1d53a869eca5f3ae2a1adc25,15.0,-733.044,93.01487,0.3614520728588104,-1.2486553,-821.019,-638.1448,35.78753,29.558516,-0.4141015112400055,1.5983305,27.139263,51.47148,-15.204392,44.235023,-0.9588587284088135,-0.4682839,-53.61879,16.894627,24.944435,27.21824,1.2513175010681152,3.0388303,13.441102,29.799137,-2.407178,18.350355,-1.251299500465393,0.9513445,-12.819591,9.743053,-3.312358,21.075096,-0.8538145422935486,-0.61128163,-21.365025,11.254621,-1.8179425,16.270174,-1.4722883701324463,2.7898912,-5.999983,7.010701,9.643821,10.341677,-0.8408981561660767,0.49106765,5.016363,15.743923,6.751679,11.598475,0.5099641680717468,0.1717124,-0.2535202,12.064215,12.080715,9.277865,1.3117371797561646,3.2412233,7.253601,15.706271,0.27158195,8.762265,-0.4432533383369446,0.47760916,-3.9064775,5.388115,9.706939,8.400217,-1.1377406120300293,3.7853713,5.6965103,14.676142,1.625702,6.714392,0.7799549698829651,2.404416,-2.1799583,5.159176,2551.2989898918695,833.0868384785778,0.7528419041645811,1.7519420943773518,2110.6092297629775,2927.111041289365,4654.219980314961,1495.6790916848763,-0.6016780012670987,-0.7033996498486883,3246.09375,5945.3125,0.19025282972440946,0.12545957215216844,1.197758938204025,2.1618174626854287,0.12109375,0.232177734375,1922.9375,1012.8253,-0.05300132557749748,-1.0558639,984.0493,2781.0312,0.00043556376,0.000566239,2.4325146675109863,6.523901,6.0131686e-05,0.0006049191,0.0,0.1605830451755374,6.335793403963892,15.0
f4947f13d0495d8d6febb31741298c66b89639164e1ba1ba95a30b4048168e5e63464cb39807bc95ae60bbce600bce79b0164e0538c7b26c849aed8f96dea1a6,35.0,-403.86752,162.1753,-0.4458734691143036,-1.4632461,-595.36993,-263.9845,104.11498,79.83446,-0.05643787235021591,-1.5023346,27.867676,183.62259,-7.8368382,40.213116,0.051491059362888336,-0.7246537,-41.890892,19.675259,23.284279,18.226284,0.07926803082227707,-0.30614734,7.3397613,34.49659,-1.8990302,23.574986,-0.7273446321487427,-0.052843332,-16.682522,11.309687,13.085498,17.780022,-0.3030536472797394,-0.5433028,0.97360224,23.271376,4.521778,19.093006,0.4188341796398163,-0.15859866,-8.785695,13.057989,-16.878311,12.26749,-0.04385439679026604,-0.14640903,-25.00131,-8.859021,-9.06639,15.393489,0.278859943151474,-0.29683352,-19.123432,0.1770328,-17.605917,9.10088,0.10375084728002548,-0.34930682,-24.795547,-11.7427435,-13.458924,9.074509,-0.0513562448322773,-0.72242856,-20.075138,-7.6212673,-3.0380824,13.330937,-1.0413286685943604,1.4595723,-10.746863,6.1589165,-5.711923,8.242461,-0.3379267752170563,-0.96587944,-12.143244,1.0269456,1664.023908401387,1010.7821147211802,0.846695664882452,-0.2117086561819601,837.1271312404224,2299.505917620486,2944.6522887323945,1630.0625927578924,0.3451371725866173,-1.1649136955374253,1496.09375,4375.0,0.15665575484154928,0.11527006639640636,0.8337725576231723,-0.17798777579971636,0.055419921875,0.215576171875,1624.9148,1234.7161,0.5334238409996033,-1.1446201,468.09344,2769.0913,0.02808332,0.025007669,0.25431057810783386,-1.2961597,0.0008107519,0.050043218,0.0,0.1337778973867827,6.361464412597874,35.0
f4bbb9cb47f1c577305f0dae235a191bdd8c402513d2e1373106b0f2eaf8f382cb70159eebf619ad82d9ad6f7938cbef7748f160eeca31e7870acff856eef69b,25.0,-445.62125,158.64749,0.0032974020577967167,-1.5672935,-624.2922,-316.98364,97.88903,66.13791,0.16372661292552948,-1.0425161,40.393436,148.12378,16.559366,32.345566,-0.6758346557617188,-0.31569123,-3.0076478,35.145702,38.222622,31.294027,0.817742645740509,-0.29147148,19.394438,61.78235,4.575952,24.181845,-1.0982633829116821,1.5928798,-4.697865,14.491594,0.6981377,13.815417,-0.14764352142810822,0.15523839,-7.1737595,7.9072347,-7.54439,12.644648,-0.19859246909618378,0.53797126,-15.267271,1.0894976,-6.1076064,10.935376,-0.7436543107032776,1.0626421,-10.627987,0.19807962,-1.3952718,12.064953,0.8726299405097961,1.6118846,-6.2470555,1.078388,-7.1576667,11.708204,-0.5170341730117798,-0.1611638,-14.231695,0.4042935,-2.401215,6.7963476,-0.16264908015727997,1.663826,-4.7665424,1.3587123,-4.9768643,9.355789,-0.056352559477090836,-0.45046473,-11.751627,-0.16415456,-4.750988,6.9010935,0.17933423817157745,0.85886335,-8.719171,-1.603171,1388.0608173326525,868.031063345581,1.8340159898493316,4.3691829990172515,730.4606932804323,1621.901656301141,2997.268800813008,1769.171037931099,0.29215415605669176,-0.8902277642810952,1332.03125,4230.46875,0.07630684705284553,0.056156306500555184,2.2040889873581517,5.674126215058129,0.041015625,0.08837890625,1012.12335,1077.8273,1.4571149349212646,0.74712515,301.8078,1432.4485,0.024066653,0.023536121,0.37038734555244446,-1.2988873,0.00032664387,0.04768856,0.0,0.09388969139593879,13.605742182740226,25.0
f4e24370707098b5082c7199aadd4e47a11791c7709fe0b815d123f5a28dbac12b4abea6a811977c5b8eb9ed40baeb4c8acc09214255b958d5dbaa7ac0be3aaf,25.0,-286.40265,136.47736,0.1702316254377365,-1.3981512,-428.1691,-158.92169,81.82103,57.749218,-0.3507884368300438,0.20683146,61.753227,120.58385,-5.3007874,36.82087,-0.24450859427452087,1.2279695,-18.974964,11.980039,14.792105,34.016403,1.1607458591461182,0.89531064,-7.608063,32.534554,-9.1157675,23.340313,-1.2655368447303772,1.5031501,-19.787125,6.331273,-12.224688,16.518745,-0.7849332094192505,-0.21186578,-23.375788,-0.636705,-12.055431,17.78636,-0.30821946263313293,-0.1881671,-24.524895,-0.4468482,-15.856848,16.410149,-0.7505491673946381,0.07230866,-26.466698,-4.0620008,-7.3782597,12.416504,-0.3842884749174118,1.489099,-13.953368,-1.0119618,-7.6442294,14.260338,-0.3077275939285755,1.8320992,-13.051567,-0.6892935,-13.46946,10.9952545,-0.7932444661855698,1.2598718,-20.05713,-6.5409756,-0.9025578,9.419047,0.4822048544883728,0.30005682,-7.031631,3.1233134,-10.783433,9.646436,-0.6072754263877869,-0.16843748,-16.634357,-3.4306455,2053.623998000435,1196.6678427457841,1.5509304367896801,1.6734351429979426,1320.2887113442252,2132.8086941421343,3741.064910912919,1630.9181508438442,0.49366714403285006,-0.4653473101459322,2632.8125,4516.6015625,0.18757175243698354,0.1398336809121386,1.8883068784334958,3.4917378123322167,0.11431884765625,0.19622802734375,1388.082,957.6253,0.7825667262077332,-0.22007823,579.5303,1988.0367,0.070504464,0.07824653,0.8521289527416229,-0.48282552,0.001803141,0.13367225,0.0,0.19920149036654997,4.8457328018873005,25.0
f5e55937b2803cd7e45d3775d35fe3b30ac8c629344604f033999d73f03ba0d6f7029691b69fcbea452c34ec8cf48c13db1fa1c822e8c0135e3471abc8f2dce9,35.0,-449.9388,160.65332,1.5342937707901,0.7502868,-545.2242,-464.0077,24.379478,34.1973,-1.9699418544769287,4.3933253,26.858131,34.097126,6.996545,15.184379,-0.2928897738456726,4.64426,3.2903621,9.901638,15.315015,24.031368,2.5044913291931152,6.2679863,3.6713905,12.728512,-2.9564853,8.548821,-1.0580251216888428,0.16496539,-5.6265035,3.217814,2.0422623,13.242659,-0.7697699666023254,3.4812274,-1.1111262,6.306668,-6.3865986,12.017187,-1.1764277219772339,0.80068517,-7.937065,0.43805704,0.43726802,8.9401455,-0.41329625248908997,1.3637414,-3.9566865,4.262353,-4.0313177,6.1329336,1.0970969200134277,2.662755,-7.089908,-1.8816333,-3.9552212,7.3393955,-1.4462518692016602,2.6759267,-6.377383,0.100277096,-5.8395767,7.470411,-0.4686059355735779,1.5020728,-8.262038,-2.7380958,-4.7363343,4.3552337,0.16232608258724213,1.8124228,-6.3354597,-2.2747312,-4.7329683,8.131846,-1.2728489637374878,3.6908975,-8.35905,-1.8602773,3122.809111456659,614.0612025927447,0.19146557826438262,1.6549632967255272,3052.8906201326636,3193.290742148116,5666.914682539683,818.7364413561074,-2.247194459066961,3.7290051585607236,5843.75,6062.5,0.3304578993055556,0.08523720972895031,0.17317097869961734,2.3328539375033923,0.3125,0.352294921875,2003.608,1114.8007,0.0677328035235405,-1.2070234,1022.26324,2959.37,0.028865773,0.05822518,1.791573405265808,1.4852939,0.00038464135,0.0023273388,0.0,0.1641067023830083,6.660539151947144,35.0
f6110fe66cadde9c2fe2b2e5d53998303ff14d00982de3b5edf663b75af26239a18a6f931a7eb17dd9cf356571edf747ed2f49561f2f95ed85c3b2d39d2b77a4,35.0,-358.29813,174.81584,0.24716877937316895,-1.4096062,-531.99695,-195.61896,44.481667,59.056618,-0.2854880392551422,-0.08319402,11.182924,87.99675,-18.802458,38.223415,-0.6063101887702942,0.3886819,-42.64203,9.075747,37.018276,44.986176,0.17996320128440857,-0.5559037,6.6384163,78.084564,-27.055597,29.462444,-0.2593221366405487,-0.7562418,-48.9075,3.4558,-0.48998487,16.766735,0.5137472152709961,0.50214934,-11.749301,8.101737,-7.2909145,19.28729,-0.354196697473526,-0.51021695,-22.258602,6.560858,0.73854846,13.249011,-0.8516228199005127,0.86115456,-4.6417036,8.26022,-12.9577465,19.664766,-0.5035490989685059,-0.54793835,-28.395824,3.0116816,-0.4854044,15.094926,-0.09159920364618301,0.3917303,-8.088987,7.079607,2.7941945,12.475942,0.14950522780418396,-0.2588122,-4.4009876,10.676456,-0.6707836,12.345698,-0.18621774017810822,0.3598907,-7.5493903,6.050022,5.359116,10.689388,0.801386833190918,0.2950263,-2.025163,12.240488,2096.4623160982997,841.9062234904986,0.9943365699937295,0.6739171299131028,1529.5226505684468,2496.408027323377,3651.303391959799,1112.658234370872,-0.03754009474200634,0.4273372318369226,2996.09375,4355.46875,0.1814197942839196,0.09073874591368238,1.412254318929912,2.360639538850707,0.117431640625,0.21875,1816.3557,1112.64,0.08255770802497864,-1.3197525,725.6955,2746.475,0.048018806,0.062689625,1.3469645977020264,0.8068874,0.0011351252,0.07611303,0.0,0.15288110671210378,6.569827091449056,35.0
f6d63a24bb12565b64114f8273f6981d24f1fc47c96cd1dd7bf5efd06deaa55490ebc024628722e4605a2bf0dc053a6a8ec45b24e82495e7fc846140113701a4,55.0,-451.7126,108.02457,0.12938600778579712,-0.37354016,-521.7894,-384.55075,87.67172,76.23261,-0.7101300954818726,-0.36627746,43.01966,146.00839,28.175383,43.206676,-0.27241620421409607,-0.38095284,2.0322943,57.13334,47.895645,38.535267,0.5945502519607544,-0.63956857,14.3334675,72.98056,-12.709657,24.191349,-0.46154770255088806,0.31749916,-26.722832,4.2010407,-13.156996,24.227144,0.051076680421829224,-0.5244937,-28.837944,2.00421,-8.249253,19.073303,-0.01611565425992012,-0.81092644,-24.478168,7.8552856,-10.368675,20.473736,-0.21759793162345886,-0.4635551,-22.274078,7.667284,-11.078323,13.718724,-0.19379188120365143,-0.07116032,-20.22405,-1.277375,4.1103644,17.463087,0.33827027678489685,-0.8741405,-10.201719,16.573391,-8.574375,11.098381,0.2596665620803833,-0.52470016,-17.794659,-0.9265064,-0.8955286,9.881248,0.16007767617702484,-0.3294289,-9.054426,6.0305805,-5.1145105,9.802964,0.08143489807844162,-0.45203567,-11.579502,1.5475768,1811.9841413671857,1426.043146692354,1.1093586821214605,-0.1959712239657363,764.6376732138809,2618.352948189836,3064.613970588235,1901.2881754172072,0.3808781545014549,-1.1938985940425235,1408.203125,5132.8125,0.1840130974264706,0.18022049633170903,1.3228921735867336,0.4213660415368814,0.0540771484375,0.2486572265625,1461.7305,1268.924,0.6965916752815247,-1.1076444,410.76465,2703.4202,0.014399961,0.014051879,1.5209864377975464,1.9880977,0.004608714,0.019282,0.0,0.11617038843119148,10.683870798652258,55.0
f7635038532682168192fb86406d945f533941843f08bde6093aa2c69a3d252cfebed90763829a4031a2894946e03194170da714a9b436f5e35243c695d60d81,15.0,-433.11884,177.12828,-0.23662395775318146,-1.531771,-654.13007,-289.09586,71.54595,51.001213,-0.21088141202926636,-1.275699,14.263222,113.1629,-11.712344,33.137283,-0.6677988767623901,0.3424859,-29.845985,7.5016494,29.88471,36.427692,0.24408070743083954,-0.7350266,1.0677269,61.53421,-20.455423,26.036285,-0.3837644159793854,-0.92754316,-41.123695,0.0,0.14755982,14.994178,0.8453611731529236,0.9229028,-8.581432,4.882386,-16.870928,18.580753,-0.03475569188594818,-0.54916215,-33.007317,-1.0198814,-5.640285,13.383549,-0.5676627159118652,1.6359673,-10.82431,0.6166305,-11.063782,12.36147,-0.5711544156074524,-0.59057045,-19.452862,-0.46586102,-11.19436,12.939574,-0.480735719203949,-0.63134766,-20.282948,0.0,-1.328214,8.913962,-0.11972106248140335,-0.12253022,-6.599363,4.0531445,-1.6144271,10.230622,-0.01214762032032013,0.57404447,-7.9875326,3.0285532,-7.1974306,8.854966,-0.14070731401443481,-0.44491506,-12.526537,0.0,1770.1064661991686,784.4589048718743,1.1867404994686153,1.2749636280604024,1226.7630784770427,2226.8431386262537,3668.28125,1605.8250263647901,0.24127788173501377,-0.8948884229669831,2423.828125,5123.046875,0.14577799479166667,0.10960427421386176,1.6247865655873106,2.025608777710934,0.0716552734375,0.1732177734375,1296.3378,1035.7651,0.967058002948761,-0.12046456,454.65472,1926.2499,0.025369752,0.025778152,0.5958769917488098,-0.9615991,0.00010389657,0.045644753,0.0,0.13129046474583606,12.675656687170234,15.0
f795fc5361b5d763ce7e3b6900120bbfe84c9cdda43b06f605cc790f2a532c62e6b9f7bbc41a6627222c5f4b1a91e516d812e785684f163dae1b5ffabc8cc93d,35.0,-330.51434,174.9427,-0.4196178615093231,-1.5782835,-554.19,-189.66025,71.60624,79.1362,-0.49133580923080444,-0.11408758,7.21402,143.68144,-4.127522,32.328407,-0.05928017944097519,-0.19235182,-27.003578,12.472141,32.955315,30.178234,0.5205152034759521,-0.33123684,7.8235416,52.365376,7.6870704,14.478348,-0.5315976142883301,0.6688657,3.0241585,15.505802,3.4522493,16.789394,-0.26753053069114685,-0.28674364,-6.571974,15.011668,-5.1469765,19.525383,0.012054224498569965,-0.13947105,-19.685608,5.1273494,-6.324173,18.728636,-0.5275111794471741,0.17806149,-18.800737,3.6607525,-0.53246754,10.1865225,-0.16213250160217285,0.47116017,-5.796361,3.8874617,-3.274536,12.5851,-0.5551962852478027,-0.17126489,-11.377352,4.060726,-6.0537515,10.059693,-0.49040669202804565,-0.6258192,-14.239845,0.3937512,-1.393841,8.0867,0.14453883469104767,1.1100559,-6.2155533,2.2757957,-9.369849,9.683792,-0.6729502081871033,-0.43952417,-17.398252,-1.3701122,1805.9190911561832,1163.9476271441158,1.254349542179628,0.6468199910726016,918.7990098465725,2198.1949525363198,3515.458776595745,1845.580945132154,0.2805846769990115,-1.3830390772538426,1804.6875,5156.25,0.1275591478280142,0.11895465510172415,1.7692734512810178,2.637414152150834,0.04931640625,0.1396484375,1467.9165,1221.6926,0.6387318968772888,-1.012542,373.47214,2535.177,0.06665719,0.06714591,1.0225598812103271,0.62538195,0.00077597104,0.10174193,0.0,0.08453067011832739,12.188976731250891,35.0
f7d48b217e14302646876e3450392acb678f7d79bb2f2e88e7d3650743926ad52d2a1710e74414b25f1e174b390988a6feaf865ffeb37fdfb0b6cd26604ce2ab,55.0,-312.15738,125.75188,-0.35644254088401794,-0.89266205,-425.061,-215.73807,107.640915,56.105305,-0.08387082070112228,-1.2919827,57.39321,155.92175,-8.103057,30.361958,-0.900640070438385,0.40033364,-27.315086,13.588269,15.472133,17.122276,0.3538384437561035,1.1830425,4.9655337,24.633335,-15.649352,21.82908,-0.5391205549240112,-0.48705268,-30.872055,3.331161,5.978024,14.4271555,-0.7094292044639587,0.006184578,-3.622733,16.413624,1.5115857,13.045499,-0.4201814830303192,-0.1487987,-6.301739,9.145487,6.2651787,11.558663,-0.05233662202954292,0.3253832,-0.45543188,12.922263,-9.207151,13.603223,-0.2897951304912567,-0.90377736,-20.192879,2.2680104,2.1529152,11.1606,-0.3458169102668762,-0.19274259,-6.3965573,9.848066,7.465878,9.375185,0.5610791444778442,0.6201873,1.9952788,12.122648,5.6794524,9.723214,-0.26879140734672546,1.1286893,0.27027076,11.088804,-2.319191,8.363417,-0.36973005533218384,-0.2898209,-8.4400425,3.7397366,1667.0740218409169,800.1869585894684,0.596210173456748,-0.9416801829446078,1005.711407109778,2278.0701436459685,3271.5116279069766,1748.858569211535,0.1852752807465095,-1.5114007388075137,1609.375,5039.0625,0.12740734011627908,0.07372396321130843,0.6138670516307666,-0.6984232120458933,0.07080078125,0.176513671875,1374.844,1040.2465,0.8992611169815063,-0.3167324,550.8487,2093.0308,0.039424527,0.03686006,0.7754714488983154,-0.32560825,0.0037531378,0.06532702,0.0,0.11997852794222011,9.807379672984988,55.0
f7e94a3504c890618866b892c5ffd372d8e4ea5a47aac494922493ea432f7063e5275316efc706bd7989f9e23f4438d0e60205d706bf7d2c28e9b108f2958c97,25.0,-362.58783,108.00076,-0.2650911435484886,-0.17120028,-437.19257,-283.00873,80.38959,55.86182,0.14253424108028412,-0.851402,37.38139,128.01816,12.192625,24.488277,0.4765700548887253,1.3450803,1.3868084,22.689106,28.082302,21.741146,0.7034664750099182,0.66942585,17.575027,36.099586,17.693281,12.429341,0.2578030303120613,0.29813755,10.069083,23.963663,15.810244,17.76436,-0.8133410811424255,0.7677252,6.3598504,25.417202,0.036114812,15.373183,-0.3272439315915108,-1.0308475,-12.6076,12.333012,6.943959,10.380032,-0.5533061027526855,-0.013962626,0.18602395,14.124289,-1.28385,13.319719,-0.9005556777119637,1.2256852,-8.748236,9.19669,2.990898,14.996994,-0.19427521340548992,-0.45433474,-9.9068985,13.819185,-0.0057061017,8.492565,-0.8675808012485504,0.30351484,-3.58089,5.921536,0.5026703,9.8100815,-0.4666493833065033,-0.3981428,-5.894884,8.650916,0.18208885,10.155674,-0.44348330795764923,1.398154,-4.2091317,5.666211,1829.0726605223497,1001.2115329214995,0.5291721746116606,-0.2468710093405252,926.824826775139,2537.6033842873185,3847.434942670863,1864.8182641302667,-0.13310866978236024,-1.4654006571691962,1870.1171875,5595.703125,0.09443706265456384,0.08969579914456675,1.6092349948241127,2.6894613317956786,0.0355224609375,0.109375,1012.33105,912.7636,1.361764371395111,1.2337668,309.39413,1503.4727,0.031118467,0.0293286,0.4982535243034363,-0.97844213,0.0034816694,0.056323566,0.0,0.0983278437785349,13.122056969268193,25.0
f9abdbc4e2806ff8bc118e263763056722230129aedcb32509b5fdea7551e0bb30a8fbd2c98d223ac2585defb0c7290aeed31d8fa9c07d83151d2df63a107d02,35.0,-369.44644,174.52124,0.15650318562984467,-1.4914334,-562.58966,-201.65463,67.07321,87.60045,-0.09952064603567123,-0.931654,0.0,155.08476,-3.8352256,45.278553,0.24172697961330414,0.5287607,-32.79605,5.405806,3.5058737,29.478508,0.884706974029541,2.8964944,-4.665105,12.485582,-2.2641983,24.698164,-0.3240402042865753,2.0184884,-12.675584,5.428932,-1.03421,18.267208,-0.12134082615375519,1.0623903,-7.402526,4.841131,-16.862526,23.097588,-0.7711655497550964,-0.6029141,-35.695442,0.0,-2.972344,12.684288,-0.5106885433197021,2.0882525,-9.215027,0.060714364,-14.505615,18.768421,-0.38092073798179626,-0.8784108,-32.35192,0.0,-1.0128452,14.851145,-0.29329943656921387,1.2741036,-4.113351,3.4030545,-8.412781,12.249848,-1.6023406982421875,3.8709226,-16.182108,0.0,-5.3295784,14.552128,-0.4406585991382599,0.56886816,-13.592215,0.0,2.5503726,10.77815,0.6986679434776306,2.4647698,-0.02568677,6.1216955,1637.3540479255148,1535.3303459771944,0.8700681706857593,-0.5186219694287084,544.3448884919466,3094.1700944109007,2642.06977739726,2389.6981838765796,0.581127112537676,-1.199511521626533,652.34375,5433.59375,0.14023036172945205,0.14276487993538536,1.1208136254234056,0.2033274475978777,0.0322265625,0.2041015625,1592.0092,1126.535,0.6056186556816101,-0.8601332,572.5813,2413.9678,0.055185147,0.07145251,1.3420466184616089,0.66847277,4.3081336e-06,0.08903473,0.0,0.15389904682041258,8.086863251307017,35.0
fa0284ff9cc32aed312615ba518efa3cef6f7f1a41727cd8e130b7d9a6749c45fedb30f6cdaf02048e405fcc6a2231fafb7e37931dd327ad33210507e97ee478,15.0,-555.96875,109.29799,-0.4640694856643677,-0.88474226,-647.4011,-480.2501,89.880646,65.34101,-0.19631321728229523,-0.60693836,45.77308,141.5126,16.51428,35.82691,-0.24314478039741516,0.7012398,-1.845773,38.86537,6.7221813,31.932701,-0.07198996841907501,-0.09898543,-15.361465,27.206226,-7.687039,25.10488,-0.7712984681129456,0.4567542,-18.526108,7.0689707,1.7904873,18.163202,0.5090410113334656,0.60268307,-9.328834,10.503782,-8.121086,17.875423,0.03465139865875244,-0.26657128,-21.50645,4.0673175,-2.2382157,15.883852,0.08991242200136185,-0.18274474,-12.026348,6.6841693,-4.836557,13.904162,-0.5080097317695618,0.3887484,-11.672182,3.6646392,-5.646509,15.078184,-0.1396896094083786,0.969203,-13.949384,2.8958254,-7.517294,10.640648,-0.15912118554115295,0.30295253,-14.619324,-0.25929147,3.307816,9.098762,-0.19310252368450165,0.20571876,-2.474885,9.333078,-1.3897754,10.509966,0.5306793451309204,0.87018156,-7.337596,3.3306613,2028.557261809926,1335.1232321917587,0.9840419419940657,0.021606444780760015,937.1377490783849,2579.4468480505234,3579.733455882353,2257.560836728668,0.12071041614259549,-1.5323870807652964,1322.265625,5576.171875,0.17188730961134455,0.13193908455131692,1.5718107925275238,2.445009783363356,0.074951171875,0.228515625,1126.4006,950.1212,1.3489890098571777,1.0377345,423.0904,1483.7666,0.004807159,0.004869174,1.3989685773849487,2.2054987,0.00055406115,0.0066889655,0.0,0.13969532844608398,9.43473178678033,15.0
fa47bac395fa5ed0c47b28c7ee4d2a5d2399840628b20fab463ce0cf88785a1c5b3f704a08ed715e16a0155488af1c142511ba6997956d3c0e84d553597eb8da,15.0,-342.79883,128.51367,-0.308258056640625,-0.9337585,-442.23764,-248.18419,112.39749,80.31303,-0.11309939250349998,-1.1461599,51.411644,186.35468,6.401167,42.617188,-0.6496196836233139,0.62380385,-18.258041,32.3743,17.790985,33.994366,1.1506389379501343,2.014904,-1.733488,34.562412,-12.614466,25.725433,-0.9196431189775467,1.4567101,-25.247948,1.9446865,-6.4264364,17.225464,-0.136021476238966,-0.16931677,-17.003792,4.891455,-11.442526,16.934666,0.08570778369903564,-0.03624749,-23.926733,-1.3965093,-14.06448,17.750841,-0.3092384412884712,-0.6302657,-26.908485,-1.1893427,-8.803966,13.2522545,-0.22623185068368912,-0.3713274,-18.952469,0.26706704,-4.6482778,11.03442,-0.3950541168451309,0.49980223,-10.899162,2.7106779,-10.2232895,8.57508,-0.36975541710853577,0.12828684,-15.798557,-4.803055,-2.4024715,8.624857,0.22708453610539436,-0.10177183,-8.216818,3.7038496,-7.2357907,7.73687,-0.14906417578458786,0.13639426,-12.161953,-2.3954325,1702.1098878042067,1220.6934466100224,1.084814394817869,0.34178050577260644,726.5338781887135,2296.810503671138,3118.9153563019813,2081.181207196932,0.22102059655351236,-1.5763953756359248,1150.390625,5203.125,0.16677872868666677,0.1472611107353808,1.64032054636355,2.2143526823820294,0.05780029296875,0.194091796875,1343.3103,1045.2311,0.9457230865955353,-0.17614579,495.1435,1962.6781,0.06347906,0.060722087,0.699045717716217,-0.41112733,0.005533861,0.10766948,0.0,0.10070726088275656,12.892658891793428,15.0
fb5f8ec14c8f5218c1130206644c44819e35d7f08011faa80c695374c028767a6b18ea1e7260740482e3bfac80886b4184a8c66623171e2a838d0dbfd66459e8,65.0,-551.65894,179.81628,0.029500775039196014,-1.5192993,-746.55634,-394.59824,64.6693,75.09065,-0.21329006552696228,-0.47133613,9.447345,129.28345,27.564922,32.75064,0.8263198733329773,0.11215639,8.408156,42.925392,12.234616,21.408949,0.6183214783668518,0.32228684,1.4218932,23.9568,4.1490164,24.419445,-0.7660457193851471,1.159805,-3.3132296,15.942363,-14.251584,18.563503,-0.6785399913787842,-0.7182323,-28.179798,0.629135,-6.1963234,18.48364,-0.21126890182495117,-0.86115545,-20.97987,8.815584,-6.583719,13.9682255,-0.2254798412322998,1.0801322,-14.085089,0.32884833,-4.0417285,12.119176,-0.7398712933063507,0.06325126,-11.205114,5.2058005,-0.95715654,12.891453,-0.2453896701335907,0.4383608,-6.917442,6.4828434,-9.433612,13.909866,-0.8398696184158325,0.094254255,-17.506649,1.6662267,5.814296,11.558238,0.5909890308976173,0.29202068,-1.3349669,13.666555,-7.5386057,11.690952,-0.6567468643188477,-0.3812282,-15.622141,1.8325758,2653.7205945342675,1569.2449022583442,0.22656345292508323,-1.2448115167309788,1133.9778669888142,3997.2127970279234,4709.163340999278,2489.264877951942,-0.381226070673715,-1.5568819524844195,2255.859375,7044.921875,0.29320285020968617,0.21331463200092915,0.23798994387358355,-1.3065752805039228,0.06927490234375,0.4964599609375,1788.8132,1246.4414,0.25455494225025177,-1.4466686,584.93164,3030.9175,0.008454956,0.009492469,0.9291838109493256,-0.15083611,6.6651985e-05,0.01487337,0.0,0.11023894022948155,10.242205401131185,65.0
fc9c71f6b2b9c4c98584e1affec8fd9ac68bd438b196131dbf38f9caf9d01c67c279ca288c96ca66be74f835ff97a4887ec492463a10ee39ceaa1d5ae480a801,15.0,-257.6455,129.76552,-0.3476732075214386,-1.2822084,-401.46912,-146.0007,59.948036,53.109604,-0.15748955309391022,-0.6698172,27.141273,106.6684,11.452669,24.020407,-0.0012038274435326457,-0.26399875,-4.103761,24.198708,12.676842,21.29617,0.11926565319299698,0.6594207,5.041895,22.527538,25.08114,16.111834,-0.5170114636421204,1.1943088,16.700563,34.670013,18.094473,14.056122,-0.6534821391105652,0.99280715,10.695013,27.157558,3.9445355,17.88976,-0.43934789299964905,-0.9955621,-10.562276,19.44167,-2.9104402,10.893877,-0.6574440598487854,-0.091385126,-9.585916,5.6718974,1.992781,12.958337,-0.26268091797828674,-1.0025492,-7.871468,13.087904,-7.006805,8.606108,-0.12582622468471527,-0.32275462,-12.213276,-0.550694,-5.700958,9.561689,-0.14704671502113342,-0.64617515,-13.635525,1.3792026,2.7278483,8.81217,0.49474281072616577,2.1817927,-2.4159327,7.612059,-3.7802846,6.565825,0.6060114502906799,0.1768601,-8.519153,-0.96608365,2438.292335072297,1210.7098265995833,0.3608092189314681,-0.9499997022418514,1345.1223869739729,3370.600834559087,4698.6135563380285,2206.0784264474028,-0.368089765929441,-1.4767828048087177,2300.78125,6851.5625,0.21873968419894366,0.1500799309558876,0.7245969918214821,-0.27650840138470123,0.1007080078125,0.314453125,1719.2997,1192.6172,0.4675810933113098,-1.0351675,665.0467,2601.5854,0.065373026,0.058326114,0.5996171236038208,-0.7571814,0.0033160297,0.10489973,0.0,0.1340137269021855,9.041596812722098,15.0
fcb16bb0d63a8ef9999d7f8c2c0667ed7e9db67563df59de1b7141e6f2ce845c2a58a894f82cff24856197c0da92efc1814e95ddbe96742ba7809345705d8b87,15.0,-459.90283,88.8564,0.2974634990096092,-1.045526,-542.3161,-389.83255,104.779465,40.272526,-0.17570670880377293,0.61355376,86.16507,133.13156,1.7056167,33.886093,-0.9713561832904816,1.2497634,-7.6262236,18.033064,18.044159,23.10315,0.196370467543602,0.50559735,5.8903856,28.479029,7.3793774,16.47028,-0.9797816425561905,1.3136709,0.68216425,17.155487,1.0085967,21.703156,-0.6471686959266663,-0.575678,-14.872169,16.817375,-8.347901,18.492506,-0.6470611989498138,-0.6989068,-19.529573,6.712369,3.6109362,12.887661,-0.3195033520460129,1.0221143,-4.245024,10.77777,1.8094809,9.921597,-0.15559200942516327,0.56464434,-3.4503417,7.7796893,3.6967583,8.103882,-0.09660060703754425,0.24852896,-1.7504233,8.568057,-1.8536389,7.589649,0.41818707436323166,2.0905004,-6.5494223,2.1764503,-0.36655402,9.180918,-0.5689424276351929,0.011891127,-6.020014,6.2544565,0.46008265,8.333,-0.16407885774970055,0.5001707,-4.7299614,5.3879213,1566.4741662797455,754.2441837989859,2.1550617041058144,5.934731720515974,1074.626123420753,1705.6660562682941,3249.978324041842,1500.48461200592,0.42065801690741134,-0.21617991222748678,1875.9765625,4120.1171875,0.10014879165284432,0.062350202284175746,2.1016273911754237,4.554309571018946,0.0640869140625,0.10858154296875,960.38,776.9468,1.4706507921218872,2.1823924,353.39893,1420.5054,0.008384945,0.007854721,0.7257606983184814,-0.5866934,0.0010625166,0.0135137085,0.0,0.14050818875447313,9.663455855442832,15.0
fd770a70209c4e0c661de8d1819f60aecf905097033a2043507936391fef582713b227b9636c2dac3187190dfd9f8a2130cc5e9f6dbadd69b345427caf70cd2f,15.0,-335.2355,144.53784,-0.05463605746626854,-1.6075779,-483.05713,-198.56313,69.66549,40.548103,-0.6230095028877258,2.0306797,46.374943,103.29643,21.286673,22.635754,-0.6780832409858704,0.2881999,8.817499,35.700054,38.015976,28.79016,0.686364471912384,-0.17252421,20.192343,59.462605,15.979385,16.942667,-1.052255392074585,2.4806924,10.228315,26.19175,5.570041,15.531861,-1.0404471158981323,0.73081803,-2.1063404,16.720825,11.473938,12.318206,-0.013370607048273087,0.26775742,3.2438045,19.293892,6.572509,10.681142,-0.6621028780937195,-0.028206825,-0.51447976,14.259689,1.6040425,12.707595,-0.4856601357460022,0.62344813,-4.874282,9.228117,-6.68279,14.848684,-0.5005200505256653,-0.9543755,-17.767843,6.039358,-12.85141,17.153452,-0.3789544701576233,-1.1163869,-28.48324,1.5006638,15.999929,11.836582,0.5291810631752014,-0.84805775,7.161273,26.969944,-8.216534,12.618712,-0.534797191619873,-0.3632388,-17.78099,2.6381695,1930.8599668506579,702.2666302680362,0.37844769293823693,-0.18458023592861217,1382.4557735354256,2478.9631776989345,4325.82059352518,1508.0457338033546,-0.3018014111642977,-0.8326016978470845,3320.3125,5683.59375,0.09420315310251799,0.056989398472568384,1.5742925467298277,3.040833150815314,0.055419921875,0.11865234375,1247.454,1214.92,0.8869275450706482,-0.7689514,297.13403,2203.881,0.051407274,0.051448543,0.5310406684875488,-1.1085651,0.0021053278,0.093980856,0.0,0.09656105877709287,12.541520345750804,15.0
