speaker_id,label,mfcc_0_mean,mfcc_0_std,mfcc_0_skew,mfcc_0_kurt,mfcc_0_p25,mfcc_0_p75,mfcc_1_mean,mfcc_1_std,mfcc_1_skew,mfcc_1_kurt,mfcc_1_p25,mfcc_1_p75,mfcc_2_mean,mfcc_2_std,mfcc_2_skew,mfcc_2_kurt,mfcc_2_p25,mfcc_2_p75,mfcc_3_mean,mfcc_3_std,mfcc_3_skew,mfcc_3_kurt,mfcc_3_p25,mfcc_3_p75,mfcc_4_mean,mfcc_4_std,mfcc_4_skew,mfcc_4_kurt,mfcc_4_p25,mfcc_4_p75,mfcc_5_mean,mfcc_5_std,mfcc_5_skew,mfcc_5_kurt,mfcc_5_p25,mfcc_5_p75,mfcc_6_mean,mfcc_6_std,mfcc_6_skew,mfcc_6_kurt,mfcc_6_p25,mfcc_6_p75,mfcc_7_mean,mfcc_7_std,mfcc_7_skew,mfcc_7_kurt,mfcc_7_p25,mfcc_7_p75,mfcc_8_mean,mfcc_8_std,mfcc_8_skew,mfcc_8_kurt,mfcc_8_p25,mfcc_8_p75,mfcc_9_mean,mfcc_9_std,mfcc_9_skew,mfcc_9_kurt,mfcc_9_p25,mfcc_9_p75,mfcc_10_mean,mfcc_10_std,mfcc_10_skew,mfcc_10_kurt,mfcc_10_p25,mfcc_10_p75,mfcc_11_mean,mfcc_11_std,mfcc_11_skew,mfcc_11_kurt,mfcc_11_p25,mfcc_11_p75,mfcc_12_mean,mfcc_12_std,mfcc_12_skew,mfcc_12_kurt,mfcc_12_p25,mfcc_12_p75,centroid_mean,centroid_std,centroid_skew,centroid_kurt,centroid_p25,centroid_p75,rolloff_mean,rolloff_std,rolloff_skew,rolloff_kurt,rolloff_p25,rolloff_p75,zcr_mean,zcr_std,zcr_skew,zcr_kurt,zcr_p25,zcr_p75,pitch_mean,pitch_std,pitch_skew,pitch_kurt,pitch_p25,pitch_p75,energy_mean,energy_std,energy_skew,energy_kurt,energy_p25,energy_p75,jitter_local,shimmer_local,hnr_mean
01,0,-283.0812428694897,72.34123802260129,0.10340692735443109,-0.8046852175025405,-341.8548278808594,-228.74200439453125,132.26357468439454,31.2787025743039,-0.4452968015292904,0.20722336971869249,108.05455780029297,156.14361572265625,29.082082890031867,30.115512642799267,-0.5486307094309681,-0.2814637314756916,8.514796257019043,54.1794548034668,31.050978709105546,23.504649804622133,0.355069785049579,0.3875732417147981,16.003047943115234,43.10364532470703,5.513682672798048,18.687290417278195,-0.6699051426686273,0.2026126239352668,-6.799389839172363,19.859996795654297,1.0301282726000454,15.878035327737598,-0.42344979847453434,0.24844144123775758,-9.065587043762207,12.034772872924805,-6.688874424885397,12.013235428240316,-0.43129413477069134,-0.06438339082135647,-14.515583992004395,2.131802558898926,-8.780585900974005,12.405398641402433,-0.3760887452614018,0.06695464263530493,-17.010066986083984,0.16585636138916016,-3.0119407248371113,11.55973195861911,-0.3188232949446096,0.3152391440059681,-10.406730651855469,4.798519134521484,3.9395418276512553,9.346135553894934,-0.0472358989056666,0.4783138787120822,-1.911423921585083,9.576799392700195,-3.0326495593443408,8.608757339202151,-0.32391344256934024,0.07337272190159716,-8.601499557495117,3.179593086242676,-5.767270498910422,9.280780571498408,-0.38816886796869593,0.12993434275063054,-11.816004753112793,0.9842711687088013,2.1490506078772587,8.447384672282018,0.07639237460929195,0.7846605069026351,-2.858790874481201,7.100805282592773,741.1503014946856,395.5594331193013,2.652138528032122,10.172985449484557,483.6802941142331,857.9370285144012,1352.6597598050403,1047.5937498483634,2.076543808590845,4.905683099137702,625.0,1671.875,0.04368284123047957,0.02601496836856166,3.5848245650992574,21.835804006299874,0.02783203125,0.0498046875,551.1589040058898,534.7676767792891,3.1029931486777493,11.3756072709732,246.84537887573242,586.1105041503906,0.07843363766736365,0.06197773742772317,1.1578923702841648,1.3576782948320227,0.026104595512151718,0.11213821172714233,0.0,0.15493115784080602,11.990932440063593
02,0,-309.6249858160015,77.43965516813697,0.21746097648559,-0.9671045433019927,-387.66980743408203,-249.53673553466797,131.25803087141924,36.80011434785821,-0.0024464432643253008,-0.936525167727781,97.39459991455078,162.13813400268555,39.093347003521224,26.451708073829735,-0.6686368996555747,-0.11230703697411126,20.531079292297363,61.00323486328125,29.36053551801107,20.177024693734587,-0.04619916461026536,0.8185976613022516,17.66797971725464,40.47443962097168,11.009538654036994,18.592159376134166,-1.0232843097224351,0.7929341318554006,0.3293788358569145,23.82895517349243,3.796650937589487,14.950728911403264,-0.41194362577811694,0.08086161462786956,-6.65722131729126,13.960720539093018,-1.3236677550773375,11.365318622313874,-0.7599478635873358,0.8434139319143426,-7.724318146705627,6.074687242507935,-0.8834235146014834,9.180560415437487,-0.47282535851629653,1.0232424785373349,-5.762295365333557,4.554337859153748,-7.1651568748684324,14.086395257189293,-0.5622443277394017,-0.38324996159400415,-17.33351993560791,4.081535577774048,-2.635969018964811,11.693451897375736,-0.7007657139495231,0.02421774095316609,-10.396157264709473,6.07828414440155,-1.386512374319948,9.30445179276339,-0.5204578422026397,0.3672372447237766,-7.2514408826828,5.218117117881775,-2.7410345167568617,8.06633529479331,-0.3614887921403604,0.34878474367101164,-7.931905269622803,2.8275875449180603,-3.3734749194727907,7.496672730746019,-0.6842089143107389,0.951702226916356,-7.709195852279663,1.7278136014938354,654.3605758061389,389.8017540281307,2.8307689252298758,11.097836314518748,415.5217490311246,744.248225232262,1114.562802806605,1021.9311152810021,2.449594729670967,6.235849254298088,515.625,1242.1875,0.03784189486160484,0.02594457359741086,4.023908874895475,27.44396961121322,0.0224609375,0.0439453125,497.1990241925369,512.7500192373973,3.8107234784685526,17.115872304899938,235.9794158935547,524.5949401855469,0.07478426747659314,0.06638231021544137,1.0454352097464097,0.6312536563047475,0.013599787838757038,0.11584780551493168,0.0,0.14330242334143714,12.73343544263401
03,0,-308.2074372351675,72.00774745669914,0.1131608602524802,-0.7064495015094998,-373.6385192871094,-255.07666015625,122.57618095471571,34.35718226808434,-0.4639844351581481,0.7014121944029381,98.23170471191406,149.12057495117188,38.744690893769224,26.039204874886074,-0.9126784623501353,1.874815454100732,22.722137451171875,58.04541778564453,34.39462667414845,23.149349197340747,0.3603608262127024,0.5758925266979822,20.36913299560547,46.28328323364258,3.95692174364849,18.552808843633386,-0.5915799397426065,-0.1479268326186607,-9.17363452911377,19.228574752807617,-1.0703548725651166,18.056356478918904,-0.5972695041154026,-0.08436822011913314,-13.05072021484375,13.129406929016113,-1.6901145907065322,12.355419812850784,-0.6503505908723779,0.46113122850605315,-9.205093383789062,6.900221347808838,-2.8740909280818494,11.04506226566338,-0.24173351497108306,0.5357281229928281,-9.61960506439209,3.994917392730713,-3.539144159853751,11.7993089028733,-0.6307339049043874,0.37267207568317984,-10.873807907104492,4.622992992401123,4.1782115026045386,9.275328921890626,0.30016169078402355,1.008803288594275,-1.463849425315857,9.297979354858398,-4.929780239193367,9.158032309093194,-0.5631249256348955,0.37465423564935696,-10.563884735107422,1.5578663349151611,-2.4494985787620958,8.465809904633739,-0.31123194073092614,0.646916705291424,-7.264201641082764,2.820301055908203,-0.7237247075942785,7.5501347473982845,-0.19825643519382988,0.6145832463139129,-5.1708269119262695,3.9554147720336914,813.2173745597905,527.9869563429565,2.697782952660415,8.796491051584887,501.42734727809125,894.5016804428113,1480.0325312692803,1305.4224831969566,1.8168136719360393,2.7567518866568683,617.1875,1875.0,0.04464967648388861,0.03946359127913415,4.174622332009848,24.285137670492507,0.02490234375,0.046875,659.427305168992,780.1803181574737,2.4553203354513324,5.180781086998785,243.17897415161133,593.7293395996094,0.07667094599295751,0.06419690475401776,0.8396384098226073,0.3263655914828023,0.013180024921894073,0.11928335577249527,0.0,0.12188721689139234,15.392304592556293
05,0,-288.09376184728274,72.06404847966283,0.32025956689401586,-0.7607208586796319,-356.7177429199219,-232.6388816833496,128.35454560560635,29.123815624407534,-0.07549477149624619,0.2434834409521227,108.19645309448242,149.97359466552734,31.84898878906029,23.967308461725327,-0.7202916374652463,0.26824163411919644,16.254037857055664,51.05472183227539,26.773201266132435,19.21493043780998,0.3970733755907912,1.1519380566302608,15.641213178634644,36.24551296234131,4.646969080522369,16.07294099449609,-0.7978690513157736,0.5154221256124658,-5.566545724868774,17.218820095062256,2.013718528062078,15.14679513479007,-0.8161830654896685,0.3994711621373739,-7.386969566345215,13.273811101913452,-5.573441208673486,10.917135617861485,-0.7061500845356956,0.49302900782714376,-12.04186725616455,2.1518584489822388,-7.535290509087635,10.273866090338093,-0.6843898244711182,0.8569746535786726,-13.042770385742188,-0.8942898064851761,0.16140778388092028,9.96377754475952,-0.08664217306938547,0.6405501403507214,-5.556103348731995,5.981914520263672,6.568945266462242,8.90068997802284,0.605990603541621,1.5187883508518851,1.3167571425437927,10.823752880096436,-6.969168599779062,8.761699534062545,-0.6039786562760528,0.11933662268173073,-12.670530796051025,-0.4182100296020508,-6.46616565471409,7.0648407387046825,-0.2761370622674057,0.6231412986104754,-10.68347454071045,-1.8956470489501953,-3.444315489621834,6.662367389892952,-0.43912712993208936,1.1640691604848818,-7.093554854393005,0.6824487298727036,807.904617092631,409.75889829153766,2.3969845379310524,7.8364795608088205,544.1780776978882,911.7868504582558,1504.7156302335318,1124.084154486811,1.825797425862959,3.0234805459579333,750.0,1757.8125,0.04481654562912867,0.02666459307604108,3.4749699577747646,19.89840584372203,0.02880859375,0.05078125,526.7396488846022,508.9353632747277,3.55895825882878,15.024575569240188,257.0369415283203,570.9919891357422,0.07126992683350598,0.07009531253058145,1.325213661453899,1.466759920280115,0.013843931490555406,0.10898829996585846,0.0,0.14084444348012978,12.954358574947051
06,0,-272.2154793065355,69.56269855600802,0.34233350442255844,-0.6286371806093483,-332.5848388671875,-221.00115966796875,135.5351899080467,26.49177938019918,-0.45233280043069163,1.0779486552219586,117.85906982421875,154.477294921875,32.50112099783652,24.296072922703107,-0.7362860341241619,0.30995447725078895,17.145090103149414,52.168663024902344,25.649125156639226,20.335488330519464,0.4753848964462927,0.48804073626621225,13.119070053100586,37.539817810058594,1.657000289678751,17.259478164384117,-0.8452777955364456,0.42258888877608936,-9.271381378173828,14.745362281799316,0.7081411911669532,14.104646682581691,-0.5933032693650959,-0.009267412219942983,-8.547524452209473,11.76465129852295,-8.14782085205239,11.977114419336033,-0.5004379763710788,0.22935686902401287,-15.845918655395508,0.6696199178695679,-4.881466709092689,10.721431830221375,0.09456418262899301,0.538497237040787,-11.485294342041016,1.1507387161254883,-4.601412039331901,9.932037400775235,-0.6435828745113895,0.5876878873365148,-10.436700820922852,2.1145291328430176,3.243640633102522,7.947756238084336,0.04334752954013918,0.9242231782082886,-1.4165904521942139,7.793576240539551,-4.544923509804531,7.335394898546087,-0.3555579573112915,0.6153745713416341,-8.880144119262695,0.2776004374027252,-5.048415994158833,7.056372168137298,-0.29577035970587734,0.8149457990532367,-9.095060348510742,-0.6517852544784546,0.6784233990067678,7.877486109533473,0.22452937162467448,0.774188946923636,-4.2154765129089355,5.22293758392334,787.0675108984763,384.1096911961325,2.679555705899661,10.600028991471879,543.1786622586221,899.0316507832991,1425.2096151906394,1070.7271572203801,2.019176161976231,4.184769917972883,726.5625,1742.1875,0.0460590571098951,0.02468172754596852,4.133247280698026,31.824885708373017,0.03173828125,0.0517578125,501.953267961522,450.16058662575136,3.927129883175613,19.12230354260862,258.3540267944336,558.0382080078125,0.07564151592807052,0.06525764669582393,1.421874488752147,2.4741184010642314,0.020183702930808067,0.10780446976423264,0.0,0.15527914175980598,11.693051472412552
07,0,-290.78317989510805,72.15562508531252,0.45544601800622725,-0.5908768471651857,-360.5337829589844,-237.65538024902344,134.2275079329559,27.173418587283727,0.05573122882319035,0.27843650309615153,115.29348754882812,154.2406768798828,34.70397151078623,24.790055832899114,-0.7748581584700533,0.2452883430392614,18.807254791259766,54.615203857421875,21.702807395343967,18.740519401539295,-0.010263996970003882,0.7173922117500817,11.04430866241455,31.972604751586914,8.422226693971302,17.644091771048373,-0.7620368536562184,0.35114654539417023,-3.0043070316314697,21.71965217590332,5.870181167624112,13.940459115133528,-0.8082868718212722,0.4607059673988929,-2.2874205112457275,15.727032661437988,-8.639745335873345,12.934796154006671,-0.8448621324554672,1.0052367966347555,-15.563312530517578,0.12338551878929138,-8.708523648469232,10.756351149274959,-0.24858797343899097,0.9905383756624793,-14.485604286193848,-2.388190269470215,-3.5528637526661546,10.074231273445783,-0.70572730868325,0.7310572206597352,-9.166130065917969,3.235720157623291,7.57277250113229,9.153422324879045,0.7573003403804967,2.0375135926342525,2.100878953933716,11.951974868774414,-3.9408011057015737,8.420785454994622,-0.7713636882440517,1.415335788335395,-8.519552230834961,1.7052514553070068,-5.828623954431984,7.693551273505741,-0.005977013274244085,1.068620667949351,-10.254095077514648,-1.400753378868103,-2.9314635311171306,7.553986893951803,-0.08197644311371194,1.2478569659796515,-7.162663459777832,1.4368691444396973,741.4382963038278,356.63134887440503,2.6913896296458555,10.98947637548436,510.3377723870057,842.0959519918373,1294.8403145147959,992.8582947501728,2.3834158945941564,6.125496998717784,687.5,1484.375,0.04116436149053562,0.022090380722634965,3.8429182346430553,30.254840267902374,0.02685546875,0.048828125,467.02651693719326,382.26110518384377,3.5885939858801303,18.05193038991199,248.45704650878906,540.385009765625,0.07376772859642627,0.06747102555311175,1.190296230068821,1.060092042423718,0.016390614211559296,0.1149853765964508,0.0,0.13792455651343496,13.022538098549138
08,0,-304.76676100885965,70.82675768184372,0.3418783586790548,-0.7693380586121275,-374.7173843383789,-250.55138397216797,129.38384007836405,33.09397085680547,0.045735230385972124,-0.7581672499788223,100.99101638793945,157.0586814880371,31.63132712246006,28.412458978382972,-0.7837949651612859,0.14723641312044267,12.837246894836426,54.94257164001465,29.19504590241732,19.09152140468054,0.6653404233913773,1.4149329901952319,18.030340671539307,37.335283279418945,13.757255084527255,13.67106698144943,-0.6631825135609176,1.67608364088807,7.591637969017029,21.435744285583496,-6.593633835834972,18.38153551521968,-0.6083472960455086,-0.38803208604604533,-20.268098831176758,8.33975100517273,-9.683467345229493,13.443645073803832,-0.738845423335986,0.17624791329392764,-18.42383623123169,0.6828654408454895,-6.013010793655618,9.186654294325406,-0.49097195489672396,0.6696650947706932,-11.43200159072876,-0.003221288323402405,-8.904266197983782,12.331027503843007,-0.484719511122194,-0.377888913849576,-18.22169780731201,0.9426510334014893,-0.06409875650717198,9.479785547507882,-0.13312607214581246,0.9638155203285459,-5.711303472518921,5.531956315040588,0.2262530372918817,8.032052207788006,0.3110634791079828,1.3157470880030786,-4.489724278450012,4.328539133071899,-6.827814484368418,7.3706097011331915,-0.5484480903547502,0.607132445798594,-11.289896726608276,-1.736656904220581,-4.368446812653942,7.46537655429557,-0.488223461546418,1.6880873606110756,-8.144742250442505,-0.03869050741195679,697.7857932807572,343.1177752742057,2.6115664179628233,9.181833523727901,491.85368736081,768.6185087488257,1188.3408037126103,886.8447743543351,2.0839161234618606,4.75332547345318,625.0,1445.3125,0.04334137891808868,0.023258068952574363,3.4047818396707736,18.14583263021853,0.029296875,0.0498046875,546.1439600015269,550.7287593868897,3.0638168651239677,10.050593007512063,264.8915252685547,547.4742279052734,0.07266852975370025,0.0686887494399523,1.0171222901569208,0.7004561155355353,0.010299627436324954,0.11834564991295338,0.0,0.1465918251499864,12.71115481156551
09,0,-260.78344782983476,70.42200587088949,0.24778298576418673,-0.73814515785162,-323.46710205078125,-207.56065368652344,131.1869605278885,25.81581769974501,-0.39340627879221535,1.1447454162362831,119.04066467285156,146.78680419921875,26.541336314045967,23.69098823891231,-0.562074198847609,0.08190463394939274,11.366052627563477,44.777400970458984,30.96558209702176,20.67119368410413,0.5787772411627106,0.39620568535919976,17.433658599853516,43.1920051574707,8.50172189865665,18.062719656595856,-0.6239284561042983,-0.07778486942182017,-3.6225008964538574,22.979965209960938,8.11773696626886,13.841460913225298,-0.602607309562273,0.01966574023242451,-0.7463670372962952,18.623504638671875,-6.515436895581526,12.509792107427652,-0.6312812265587816,0.11739420598268113,-14.45020866394043,2.7043423652648926,0.3350400468025357,9.805291288479282,0.20692119641144588,0.5731331882378403,-5.851071834564209,6.393576622009277,-5.832484395709867,11.372129106354627,-0.7763754626148418,0.6410140401491575,-12.428350448608398,2.1228015422821045,4.136839453076721,7.6075223243181105,0.10793828285465923,0.6489310435997915,-0.5094864368438721,8.621307373046875,-0.2389946404218303,8.60820045720758,0.011958670194891144,1.6851070693004218,-5.179383277893066,4.492258071899414,-8.799951460612435,7.9141054537493805,-0.5326777017264374,0.851955229714835,-13.188004493713379,-3.7350692749023438,-1.4036396633424677,6.809965553990764,0.26196581194548774,0.6616921139983938,-5.799652099609375,2.6266591548919678,870.594183262191,414.56221033238455,2.0637107700595716,6.1265484961247285,581.305857147878,1022.1042334358153,1725.7069970484529,1159.966782521173,1.521150367796728,2.2555023971821475,843.75,2289.0625,0.044027682515550094,0.02485425301296336,2.7098642040540057,11.13353804038265,0.0283203125,0.05078125,498.9589287205458,461.54799232594246,3.338360613299515,13.624406841677985,248.82304763793945,538.4702301025391,0.07504409801733782,0.06602432608126794,1.5588362926637767,2.666283704074452,0.022649548947811127,0.1058703362941742,0.0,0.1640595318373965,10.79447383593718
10,0,-290.38080477322274,77.51193434757647,0.1295192408923342,-1.0474324820475263,-369.054443359375,-229.2334442138672,131.14010052582944,28.655007874832204,0.06738199677160159,-0.13527544487118748,109.75428009033203,153.02243041992188,29.946202274648083,27.17470147128153,-0.7184334383234219,0.19322045048765224,12.577917098999023,52.67945098876953,31.724084303877127,21.781230364602028,0.4690810477719532,0.5768220501465722,18.320194244384766,43.903785705566406,2.369736752864694,17.584939642495403,-0.7219922707682728,0.20785868771258764,-9.209833145141602,16.126815795898438,1.8912470650467565,15.715009139252176,-0.5565977296139213,-0.32299069823123316,-9.689485549926758,14.034162521362305,-2.5624675910579953,12.42807562685022,-0.633014160772005,0.41896772829378603,-10.005987167358398,5.911167144775391,-10.3601364824672,12.309202632576335,-0.5901148159555294,0.0997746348044024,-18.273906707763672,-1.7358059883117676,-9.163943858758708,13.080328398794084,-0.4815970673225215,-0.11558138804626017,-18.203786849975586,0.041107311844825745,-1.15429191118908,9.443876005346473,-0.42984809452978784,0.8241544768869877,-6.3205766677856445,4.856109619140625,-3.6203893332226436,8.522405425797327,-0.47882071825872424,0.18889724050489454,-8.835622787475586,2.3327269554138184,-2.7666593987471475,7.292173431882856,0.12381354861678896,1.0686520165410869,-7.045022010803223,1.3788390159606934,-3.463496324041509,6.710142454240935,-0.12366722505810268,0.747053903753832,-7.417412281036377,0.6696391105651855,775.0847600538342,354.9235133701597,2.3424131642840744,8.311570761700004,539.2272585764903,892.5908912063364,1389.664435343449,984.8699517116564,1.7666100583338025,3.3307523146261353,687.5,1773.4375,0.045394193109031304,0.023649091061676324,3.394705150768888,22.282229195991448,0.03076171875,0.05224609375,544.571980308085,520.26552740981,3.3780005350385327,13.663401515706074,270.31298828125,572.3468017578125,0.07424948888705643,0.06697649100460422,0.9216111227021206,0.40979087930695446,0.011809739284217358,0.12114023417234421,0.0,0.13200211873512946,12.53674805324111
11,0,-283.92671854980733,87.67653380121395,0.06958214109054045,-0.9146165489709417,-361.9035339355469,-216.8813018798828,123.755784227114,34.704184072618006,-0.3940034684639713,0.7570504311247155,101.47301483154297,148.65084838867188,26.675382210764504,29.530484109583547,-0.5104592064738398,-0.3054533227525513,5.818416595458984,52.121185302734375,26.506682992076723,23.948866686726547,0.10623867825889671,0.3897357693725523,12.799229621887207,39.795623779296875,-3.1230139533814496,19.135919390776056,-0.5987249292436411,-0.04344538736620329,-16.376678466796875,12.837028503417969,-3.866500870068273,17.842070809582406,-0.477767397570783,-0.3355253327748824,-16.588241577148438,10.208895683288574,-6.281274625827282,13.711184687040781,-0.5726266258596698,-0.212405513131404,-15.786521911621094,4.16990852355957,-3.2450779599173862,10.612082179573237,-0.27935599519106735,0.5659689102578627,-9.415184020996094,3.1393251419067383,-8.490755603737247,14.117713893283158,-0.4609294063804389,-0.14936461744023077,-18.201461791992188,1.6724493503570557,2.7311044047968642,8.911614321255955,0.003027899466307583,0.7867676072634153,-2.589280366897583,7.904074192047119,-0.7060230015643405,9.089181989956876,0.09030694836436248,0.8158135253658516,-6.369451999664307,4.583576679229736,-8.175629798505677,10.465022675380037,-0.5519727250824974,0.28749422092306753,-14.569683074951172,-0.8556245565414429,-3.8213208141766115,8.2827191483192,-0.30681929485785897,1.1308437093886914,-8.374424934387207,1.0742073059082031,932.8198984113528,532.8078881304599,2.4405320055234463,7.83895880276042,590.4835582065164,1074.9938702250372,1733.1351678578146,1274.9074955674234,1.528408689731158,1.9915828410525576,781.25,2343.75,0.055982910064416025,0.04330529341206655,3.504110070508436,17.67492582173329,0.03173828125,0.0615234375,702.7932532511134,743.8515259749987,2.3160506015915283,4.754812070355216,275.48484802246094,704.3630828857422,0.07664807615914669,0.06422234829841378,0.911242102153468,0.44884833645871947,0.015179279260337353,0.11643503606319427,0.0,0.13361920139706843,13.418727539366534
12,0,-273.7511950506806,64.51727141208491,0.43380933568889823,-0.3728630164268081,-329.12957763671875,-228.7864990234375,130.62619372579698,30.026266733525123,-0.5094906594915867,1.0275018078301743,111.42218017578125,152.33616638183594,39.14874031495688,23.589406595387267,-0.8730710109241187,0.8648976804921067,25.85669708251953,56.375511169433594,27.577206306875286,20.33466790877139,0.24334825578122085,0.5528693916929095,16.131797790527344,39.01515579223633,6.574418977419176,15.464081484704375,-0.7701692782912802,0.5819508834024987,-2.9294357299804688,17.442920684814453,0.07393067102886687,15.294562214927328,-0.6743007210440595,0.0877954044462248,-9.61146354675293,11.349940299987793,-6.317650663102086,11.14609966469997,-0.6000968938689144,0.4040385758118257,-13.031454086303711,1.6851850748062134,-2.8807836734582355,10.54289610627065,0.11055667053469895,0.6758651828405187,-9.14393424987793,2.8754372596740723,-5.692985227513834,12.946173990253758,-0.7066185226187287,0.3531957695626686,-13.428169250488281,3.527009963989258,3.0702946451241657,8.26473803018291,0.0019209100663178896,0.7416010389716061,-2.140688896179199,8.128103256225586,-3.6972376733622996,7.601472085445977,-0.5102849091268132,0.5639166372101219,-8.281877517700195,1.5512428283691406,-4.616329335569397,6.846292237045228,-0.14438911001107627,0.9670412480222539,-8.607156753540039,-0.4927830696105957,-0.0502108119648149,7.200230643133722,0.3791066191459724,0.5114561125929136,-4.770855903625488,4.145322799682617,800.6519271305976,489.6506228454316,2.9196243289664885,10.922457911486621,517.9600159994635,875.4645312527502,1461.5235456499788,1273.9750712630232,2.0539358059010646,3.753735355870389,671.875,1742.1875,0.04509668035548516,0.03264819183339005,4.334830232926547,29.883333323764532,0.02783203125,0.048828125,494.089416250883,472.6735850504747,3.693277127540226,15.875999809326792,249.997314453125,535.3807373046875,0.07617603594204328,0.06465349471451348,1.501732238767213,3.095273159822444,0.02110247127711773,0.10917051881551743,0.0,0.15991368928702282,11.158225259464468
13,0,-250.78745168151724,65.23176465907662,0.3847435539350449,-0.044287811403581845,-303.67234802246094,-204.1978530883789,127.5335731905668,31.14870574412196,-0.9767952762989512,2.1587941939336233,113.76544189453125,148.03245544433594,29.194918138127704,23.735882766862815,-0.46794769938487035,0.5391478617256658,14.39236068725586,45.97912788391113,28.051374776401865,20.452093463880527,0.38268458608308764,0.05865872009457451,14.153602600097656,41.1413631439209,2.5831400790326398,17.605615941700894,-0.7218475686825843,0.4108190610263005,-8.775819778442383,16.354716300964355,4.363077034374999,13.878413493754511,-0.3719848982090372,0.2189338360147195,-4.4803290367126465,14.354055404663086,-1.106057261110063,10.331222858736844,-0.44956879157792706,0.46565141751210826,-7.2631378173828125,5.75811243057251,-0.7310596089024167,10.185365879441168,0.0832529598378545,0.5021323897820635,-6.860644340515137,5.317493200302124,-3.4219120069595204,10.88748738445882,-0.5426365777142363,0.4621379471186975,-10.046504974365234,4.218703508377075,7.537461127199494,8.538435987302933,-0.1799066878199477,1.2383083899093572,2.4729366302490234,12.582005500793457,-1.3183664768368415,7.487947211497919,-0.2618258887226662,0.0660034492796644,-6.321272373199463,4.074082612991333,-2.2453563692011222,7.921006468514856,0.04125193027157818,0.49167913992373924,-7.233368873596191,2.5818939208984375,0.3491368366445605,6.82941701804518,0.014365776998905825,0.5096998315522963,-3.93517804145813,4.619663953781128,968.0628397795251,596.4917431637749,2.568807600828798,7.757664292587876,612.7472045047359,1066.3590090701146,1925.2987173717372,1407.1692023059084,1.5389071583385108,1.735684520646248,914.0625,2445.3125,0.05394759788478848,0.0477568933194682,4.026960341312469,22.33244108296802,0.02978515625,0.05712890625,603.9979204515067,666.8811070421201,3.026448411756212,9.23205194475063,251.9190216064453,613.9868774414062,0.07610361725196718,0.06395647800519284,1.8263019743566258,5.523223845240052,0.025992566719651222,0.10723884776234627,0.0,0.17046947294117268,10.266286770025866
14,0,-266.57361080816213,72.97834276217127,0.1774107129837172,-0.794729589985085,-331.8572692871094,-211.41255950927734,119.37208638010685,28.500348322436327,-0.421494433266312,0.8936573196915858,101.81603240966797,140.1173553466797,31.88401228702717,23.751301077935427,-0.7439752867427337,0.3074006452117004,17.122715950012207,50.73832893371582,31.577923855013818,21.23588278559355,0.5682913114963793,0.6079444640272502,18.207279205322266,43.58445739746094,-2.295313208788248,19.655813913703916,-0.7039065418940087,-0.028423042929526687,-15.664443969726562,13.886970043182373,4.010620033748125,14.081466408655556,-0.5294300105489181,0.5069367267028038,-4.697204828262329,13.908439636230469,-3.646220202433575,11.301953917887856,-0.5970084151742419,0.3657053933787302,-10.659813404083252,4.240728139877319,-2.953326149417202,11.186886500893097,-0.2887439358623141,0.5538417781765115,-9.18232536315918,3.727487564086914,-5.18796803147741,11.79114946932451,-0.6239753069367371,0.21299100508906754,-12.59999942779541,3.1586908102035522,-0.08671589778571158,8.741965876884091,-0.4181560233768343,0.10607937086343355,-5.814609050750732,6.218500852584839,-1.9065105875037918,7.807858796872784,-0.33911265961901926,-0.05526176253724824,-7.153198719024658,3.788897752761841,-0.5088819209157474,7.528924516546378,0.028896272305418448,1.0643856197802313,-4.999885082244873,3.803443431854248,1.9144642753028547,6.811471977709995,0.2639146382335927,0.7877438906776888,-2.361769676208496,5.822941303253174,927.8988844239128,487.6616909082939,2.1853631347399567,6.770339033311355,595.6921359969393,1090.4124770293856,1815.1068860107118,1284.6804098559962,1.2639181593379183,1.0405118420847463,820.3125,2507.8125,0.04950366269326641,0.0341074352040181,3.542005370549763,20.154574797501915,0.029296875,0.0556640625,589.1663851034762,621.4562996578995,2.963135934916462,9.053898348052808,252.7445831298828,586.1172485351562,0.07597218653484619,0.06476236909300753,1.361567222402707,2.662915868612461,0.018416942097246647,0.11197618395090103,0.0,0.1634326979108343,11.577683414722673
15,0,-270.51014058971754,63.541263137654965,0.37327625982492946,-0.5234677211289434,-324.0484313964844,-224.41380310058594,127.29373377477066,28.201517345373535,-0.5029760169308297,1.3131877222447583,110.4496955871582,146.52554321289062,39.61550100265392,22.78051806637823,-0.6770519895453008,0.003666957110857183,24.2354736328125,58.03310012817383,30.800167884397204,20.896107660124734,0.31071877093816724,0.5262662543519321,18.1911039352417,42.8603401184082,-1.482144005226242,19.301668633315188,-0.6514990309608005,-0.1084193300975076,-15.131629467010498,14.763567924499512,7.97521137083847,11.389131505916142,-0.12452125095506873,0.38637972971080226,0.3594488799571991,15.641111850738525,1.7342979191935235,9.02010891172083,-0.7340440558438359,1.616327611230707,-3.0760577917099,7.496644496917725,-3.7151320438027824,8.436170356351713,-0.022147043555532965,0.9441514680550913,-8.600780010223389,1.2372875213623047,-2.0375323022580734,8.784146117762399,-0.3216521416980301,0.6814513522889629,-7.0322418212890625,3.328220009803772,2.445371797711075,7.418977463413438,-0.435491018162831,0.5087803110985147,-1.980017602443695,7.370499134063721,-0.04350953753401212,7.340867316699604,-0.31625637492793585,0.16569005618281896,-4.865137338638306,5.21518349647522,-2.848946939738573,7.6113497658091465,-0.2710104598362187,0.281025275586992,-7.7397167682647705,2.3554868698120117,0.9127317877252051,6.695464333299306,0.06284737000887239,0.5128379984787066,-3.195915460586548,4.969050884246826,785.4377861826221,451.94139679383886,2.266879279714978,6.747833726429668,483.560292853545,917.6614779252329,1474.291074155373,1190.176111583702,1.5464866370955792,1.8360126411707691,640.625,2023.4375,0.03955147093911052,0.02863615487802637,3.666182721682054,19.505270871554266,0.02392578125,0.04345703125,533.5854840725848,613.5523040316439,3.620422103213783,13.588029158253704,240.84982299804688,531.9902496337891,0.0792571183681946,0.06094328764810215,1.2574032041275152,2.1999036824262133,0.024988235905766487,0.11554177477955818,0.0,0.17003021660405115,11.921033943576997
16,0,-269.437879250253,74.87388681019952,0.25568261738616743,-0.6271293151082022,-331.46529388427734,-215.7671890258789,127.77886879483049,30.187547808125892,-0.31368730372618336,0.6293859382512541,106.0154914855957,149.6758918762207,26.694903981049006,28.27518841082033,-0.5451207418639412,-0.3086721794891081,7.1132344007492065,50.6537561416626,26.076764370461696,21.661350902958105,0.16155948345005805,0.5889558281440914,13.49140477180481,38.129398345947266,-4.624666082694054,20.515729271284105,-0.5463139515692457,-0.3530155192021409,-19.1356258392334,12.893900632858276,2.856516638779051,14.780224169035401,-0.36977643195828047,0.3207436392913068,-6.703966856002808,13.075839281082153,-2.1233902250082366,11.294523377159624,-0.4061994895504118,0.44199562269337944,-8.990450859069824,5.2706663608551025,-6.964744400198679,10.9622879359734,-0.32621505721204574,0.5837717203432149,-13.455323457717896,-0.21691814437508583,-3.2926122210620647,9.603638781623825,-0.39719829700702985,0.4533995441644958,-9.119238138198853,2.941235303878784,0.6125405458566405,9.374168548162624,-0.4183893766134288,0.4745849254463357,-5.2694913148880005,6.955809712409973,-0.026635267801701334,9.080381138967407,-0.3378778524909828,0.3002022862839304,-5.756948709487915,6.224237442016602,1.3317155967300516,7.8087728260289575,0.063104841117452,0.7382472179920376,-3.367424428462982,5.810898065567017,1.6254750303191314,7.129472058552578,0.04405182648718864,0.8652619862541671,-2.6224873661994934,5.844074249267578,869.0769066674009,459.9048713306658,2.5315209111976196,9.728842767475353,569.2784655715003,1010.7334263726186,1626.3628011930755,1177.8981313610334,1.6207996436852146,2.5715611085998713,773.4375,2156.25,0.050984783017925375,0.03485026946910301,3.94316888427717,27.26087102538788,0.02978515625,0.05908203125,648.8702521670298,662.9132757164851,2.742073246977136,7.717225674205425,273.95697021484375,665.23583984375,0.07679578967910104,0.06388087699233853,1.396656261992691,3.03421239828523,0.019877828657627106,0.11109482496976852,0.0,0.14959777878013045,12.267680228614275
17,0,-274.949577839531,80.24643710100302,0.05819038252503884,-0.8023870041499999,-340.33746337890625,-213.92384719848633,122.84905104414568,31.051310163018965,-0.3049237164405347,-0.12352106656622341,98.9966049194336,146.22240447998047,26.97773714969637,34.65202556416929,-0.5611581931602913,-0.3060980395168924,3.3862364292144775,56.457021713256836,33.15150553593853,22.891249581265065,0.12495339799791093,0.23086319150363988,18.527541160583496,45.840572357177734,2.7520253738154334,18.3680658805455,-0.6993947943356037,0.23360530455346984,-9.050472974777222,17.338536262512207,-3.611032147289633,15.98588947067396,-0.309559597988501,-0.176429106047578,-14.715926170349121,8.596720933914185,-4.4814153064616935,12.450415090409228,-0.4668084209448916,0.1468889462252343,-12.431608200073242,4.211331367492676,1.228198303864586,10.834312207587713,0.1797408090941809,0.45310567436478744,-5.547765731811523,7.609492897987366,-10.738300808225118,14.139509210055222,-0.5154604725822283,-0.279078627354409,-20.44147777557373,0.5086930692195892,3.6224263024988166,8.728820068146598,-0.04745607445864939,0.6551894470465651,-1.7487372756004333,8.83141303062439,0.23881734322169415,8.7667557883637,-0.10031424785118767,0.7148522203706156,-5.198812484741211,5.684894323348999,-9.837476509645377,10.712261023406256,-0.3292751093350388,-0.20250227060664772,-17.29709005355835,-1.4621926546096802,0.21749728704395835,8.082833258983715,0.1903120651268221,0.38869283513521413,-4.948459029197693,5.145104289054871,861.7905220181722,457.1994474713515,2.0354641361270156,6.403020503367868,535.990369027528,1047.2188578016357,1652.4011632307609,1210.411368302638,1.4229062843911846,1.9556209375798836,687.5,2351.5625,0.048407269353634534,0.030001126119165524,3.01175101967299,14.759756617405944,0.02978515625,0.056640625,635.7146411220979,634.0419242336545,2.334171454834159,5.198698768384679,254.350830078125,672.2848510742188,0.07955659588642106,0.06053705888213332,1.0816819732200258,1.4947196400709943,0.02905381005257368,0.11328451707959175,0.0,0.1492175452859155,12.731183208469988
18,0,-273.761051775303,76.64504764779865,0.42204532332397393,-0.2339867266469584,-338.5052185058594,-220.0281524658203,125.37922297961795,27.278999710798644,-0.3027494326844486,0.27999393793491567,106.04664611816406,145.1133575439453,34.67670404255344,29.653733389884213,-0.5308673823853456,-0.44942168291677254,13.598636627197266,60.804988861083984,37.27768113314813,20.533246904022093,0.11534795883414063,0.2120980617562025,24.950956344604492,48.76071548461914,7.161679390532025,18.796955386614382,-0.9747651172068043,0.8560335241692663,-3.698112964630127,21.281599044799805,1.4682084965810331,17.162177324084848,-0.6415567612809591,-0.0768442801552296,-9.709427833557129,14.455155372619629,3.6094015217990094,11.46645274249359,-0.45759390033994757,0.45954207714679285,-3.222162961959839,11.127962112426758,5.951689559650609,10.037217828325835,0.1943978721283173,0.5006928552232006,-0.15125107765197754,11.707056999206543,-1.9225343057367286,12.074281129960623,-0.7276008037451019,0.6089102820246635,-8.94782543182373,6.3160624504089355,5.831835678635711,8.341934046081134,-0.21348247644423612,0.9717107219190191,0.9895319938659668,10.863405227661133,1.023948730864561,7.974082077492843,-0.45388709710557074,0.5370370414635448,-3.808138847351074,6.416494369506836,-0.885248283216982,8.826796354202552,0.19830793158642984,1.4948460818865668,-6.137912750244141,3.96812105178833,1.9788518121705754,7.865036057837769,0.3350127711007736,0.7515225009400761,-2.910914659500122,6.533890724182129,776.9511446431908,424.3554198762822,2.0370219339791635,6.001187083211379,472.3207516362144,939.847053083497,1497.8243822019133,1166.6654265197851,1.562840846497074,2.5550424903679856,617.1875,2132.8125,0.03978782532781123,0.025772977658061254,2.8740221603909166,13.663111261595358,0.0234375,0.0478515625,575.0728660132304,607.1569060420621,2.7135019055044847,7.479613190066489,224.7743911743164,599.8049774169922,0.0780701217276086,0.0619339762442278,1.8351075366639082,5.3987362582773475,0.029653558507561684,0.10702376812696457,0.0,0.1944086947832688,9.561149305977096
19,0,-280.39454111851546,74.20109092902237,0.11796500361390269,-0.6339762684556929,-335.9091491699219,-226.42681884765625,124.24808571698223,34.370628475876856,-0.3635392557766096,0.08448461270184326,98.97618103027344,149.82965087890625,32.54080845217893,33.160393162179794,-0.5561390470522941,-0.2564483405195621,11.23741626739502,59.69283676147461,41.29197972452488,24.154106008957363,-0.09586391109734002,-0.076915772361839,26.399288177490234,56.909400939941406,2.4774007706754784,16.978324345595016,-0.6406257005105417,0.37799535150890806,-8.526963233947754,15.814411163330078,-6.286897029310981,17.68585035395351,-0.39000751988024235,-0.32475410947935757,-18.758010864257812,7.1830291748046875,-0.946192105151039,10.583182243015717,-0.22191009051737262,0.260042605429887,-7.57910680770874,5.915746688842773,-6.715898659998029,12.207489168012792,-0.14905218806188095,-0.04568338967413066,-15.071202278137207,1.7938600778579712,-11.827776334998134,13.391697635317936,-0.31864944242899124,-0.3114473168723588,-21.00905990600586,-1.4426383972167969,3.4310678971917614,8.708929140637222,-0.06641817077450957,0.37105872563561304,-2.1971797943115234,8.965887069702148,-1.5828951412434167,9.033176148061097,-0.19855771532883143,0.06722921870799548,-7.697391510009766,4.830179214477539,-3.3109300686181444,8.407932135237811,-0.15129612543888166,0.23207417171277323,-8.929648399353027,2.5104658603668213,-2.4172346380989262,7.644452737258767,-0.09177693714765713,0.33460166247835366,-7.3475470542907715,2.45308780670166,858.7610741807724,489.2844556186906,2.150673816148015,6.277487908307716,525.889263954038,1018.4496196346183,1658.5437886936672,1272.5808868864358,1.256760331172304,1.1554686083826935,609.375,2382.8125,0.048337715868510704,0.032911533762960694,3.4377910777777285,17.26564908071543,0.029296875,0.05419921875,626.6144578176729,693.1835826745162,2.579306605773344,6.107707215120662,249.15222930908203,591.1214599609375,0.08109250168466782,0.05850587541455241,1.089567983000734,1.6728698863420615,0.03382381424307823,0.11211270093917847,0.0,0.14912728263870745,12.595309515416279
20,0,-245.60417067840189,70.33777591315703,-0.17028096214458605,-0.31228853557726755,-292.4540710449219,-196.08018493652344,110.95372233320829,35.3712957437614,-0.3954489147384897,-0.06454123723040306,85.66697692871094,137.44198608398438,28.25319144550744,24.5531512299161,-0.38553317752407396,-0.049407916905733984,12.402849197387695,46.6358528137207,28.64230498815678,24.085788575804774,0.034053295139096024,-0.04456108562095196,12.693073272705078,43.86571502685547,-4.547393751600522,16.033327183096993,-0.5638573315046308,0.6002496821088519,-14.3610258102417,6.934981346130371,-6.178662183995362,16.87484613720992,-0.46564273485989777,-0.15021121723159103,-17.39238739013672,6.458054542541504,-3.2795728726583397,11.334279919833213,-0.13382558696428817,-0.09135292508388737,-10.942689895629883,4.595105171203613,-6.463875963050527,13.560301373365421,-0.44379528116033445,0.1676542386739519,-15.124983787536621,3.097720146179199,-8.873806329038667,12.689441538923926,-0.11554533958760412,-0.28346507079358574,-17.653255462646484,0.5551556944847107,4.628073122963175,9.935816143472106,0.24285821488956513,0.1475251201293717,-2.037980556488037,10.750755310058594,-4.136691561913789,8.951083978682364,-0.22487846569217945,0.17165317418400283,-9.973199844360352,2.137699842453003,-2.446621114775869,8.031783225526276,0.11298772288100305,0.3582195768431955,-7.805296897888184,2.7292253971099854,-1.106751701660397,7.90248650285274,-0.3129582712871706,0.5803330236313324,-5.98267126083374,4.097320079803467,1155.092447436482,594.8734699392244,1.7670291334785928,3.7014473384721827,761.6343134472495,1342.3238381811786,2322.8766531748693,1438.9724052509607,0.8142312115702314,-0.16632475991990514,1093.75,3109.375,0.06670232298460904,0.051721711767814434,3.135905319547437,13.474419514962804,0.03857421875,0.07177734375,861.8795633043916,917.9451734840918,1.826277628042606,2.2299360326027307,302.0625,867.6395263671875,0.07974140895868281,0.06013655854234296,1.2592050680418574,2.7189887179151224,0.033304158598184586,0.11099807918071747,0.0,0.14995802394552266,11.880865686566205
21,0,-276.99068678860976,85.56003477205101,0.022771087886280496,-0.776538393240922,-344.8747863769531,-213.48068237304688,111.70573016379862,36.40585738881128,-0.20691058509549576,-0.5382348671402544,82.31146240234375,140.0730438232422,31.815299592317267,28.95381704283418,-0.575303500737094,-0.0016940103634310866,12.743988037109375,53.748844146728516,26.989911933605068,24.193134703157444,0.05574358378163917,0.39283272894461874,11.251832962036133,41.287818908691406,-4.438169104581113,22.56447141414408,-0.41116325679234117,-0.3390702257277125,-20.00341796875,13.92425537109375,5.291665474373678,15.846555022846665,-0.30769244201518464,0.25572187811038116,-4.738216400146484,15.841751098632812,-8.600282630575123,14.54613331519929,-0.4169897553882674,-0.2814521434317343,-18.615320205688477,3.127958297729492,-8.713267809145146,15.613875760389421,-0.3437659860654281,-0.07540552583349003,-19.292236328125,2.7119569778442383,-2.5476358908965615,12.200498281572555,-0.397761636037737,0.07940012798706997,-10.450925827026367,5.638392448425293,1.5291423614782558,9.113978262233644,-0.2487938565581935,0.7797959741580787,-3.9209046363830566,7.231115818023682,1.6736112830618635,8.865435369242736,0.01888200116088061,0.8214695846014477,-3.6761600971221924,6.827263832092285,-5.2110596672955944,10.017699370119628,-0.3174157070284679,0.06943036077838816,-11.809511184692383,1.939470648765564,-0.43572440923678424,8.10448580087182,0.0734599367668879,0.7263438639666089,-5.367700099945068,4.274150371551514,994.0913016157181,565.1210561405603,1.8880758430159785,4.283760975724917,609.8377137445748,1170.5811732633888,1883.3701688522888,1426.1308541216672,1.2027570103373366,0.75507240756551,750.0,2750.0,0.057690021674206775,0.04534640687003723,2.9702697495751593,11.879707209836099,0.03125,0.06396484375,835.1388796551892,886.1806972811033,1.919413599813376,2.798597058485096,282.0037384033203,892.5813293457031,0.07645164284003786,0.06443355475616626,1.13629395071713,1.6232426819728198,0.017758451402187347,0.11232232302427292,0.0,0.12823392355926652,13.434841602927177
22,0,-295.2505611671695,75.51025127214821,0.0033538670010884336,-0.6316857792183708,-350.9976043701172,-240.66241455078125,120.904962422731,41.164518201780176,-0.23930751675927775,-0.5566522614224403,86.7945327758789,153.3614044189453,39.91710650356079,25.258399197329776,-0.5774504741009882,0.4949660265048621,24.426570892333984,57.42234802246094,38.334241974319106,20.21448992829789,0.14743904645036152,0.4411403446979212,25.73981761932373,49.70243263244629,7.995706498886632,19.245525825153223,-0.7844257829021498,0.6676012006546213,-3.8656198978424072,23.051732063293457,0.8060395331852813,14.809796927978137,-0.44793782317351605,-0.1415418459878608,-9.17841386795044,12.216270923614502,-5.598137615107067,12.236336886378908,-0.46517435428072884,0.0699825316831224,-13.5342378616333,3.447701930999756,-5.645151903817888,11.259731542029934,-0.21770900612393468,0.1538680474404739,-12.971912860870361,1.9254247546195984,-9.08329894019423,11.006834826332772,-0.27542166916157057,-0.2973075572119459,-16.865310668945312,-0.5268180072307587,-2.0653737519116913,9.8469318926492,-0.30258302524426844,0.2879159888739671,-8.216379642486572,4.416686534881592,-0.38484398780444645,9.103541963557976,-0.12860440338040002,0.42880632940174923,-5.8810296058654785,5.187581777572632,-2.9278914704164465,7.721851317450455,-0.0896500813694017,0.619356247498172,-7.716476917266846,1.9107981324195862,-4.680013838496253,7.298872715644081,-0.15685569993859058,0.25087145329709015,-9.402857780456543,0.1553986668586731,867.4067929796537,566.6296844879904,2.0173002364235093,4.57589831894589,502.2248406209975,1022.0375057350536,1589.6367590379605,1417.2953957870052,1.3113085532042346,0.662597457925536,554.6875,2304.6875,0.051271896800917253,0.04125007690539455,3.280203547473198,14.88427184145975,0.029296875,0.0546875,731.2255922289081,843.3733078717761,2.163303706422504,3.6497817095076064,259.82801818847656,641.263916015625,0.07477585693134274,0.06635099017020399,1.22360369078463,1.4716394142368072,0.019229551777243614,0.11061706393957138,0.0,0.1566905924162031,11.256180507765523
23,0,-264.1992316211936,75.15938735153375,0.2374480104148265,-0.5282287189166803,-324.3123474121094,-210.88291931152344,131.92638387896176,30.737560155376293,-0.31975494558356776,0.14924962313211187,109.65148162841797,154.2020263671875,34.817933898339234,29.069742858523227,-0.5087620198671154,-0.2939905979647879,15.071627616882324,59.02631378173828,26.696512375255264,20.740785135282415,0.02826714543488054,-0.12368973072543943,12.274757385253906,40.252899169921875,1.5945972695935038,18.357502715776043,-0.7443563963718027,0.4600640707726078,-9.524003982543945,14.979484558105469,-0.9029042281301726,15.284755009280023,-0.41647859834904594,0.30686709650113997,-10.252607345581055,9.22826862335205,-4.714693725055225,10.83577342778062,-0.28376371399327677,0.09195893802854327,-11.771408081054688,2.644962787628174,-0.4443773323944262,11.304714330453963,-0.034632344494432164,0.23696088534186233,-7.6326704025268555,6.467304229736328,-1.6422999423128686,11.057049481809855,-0.47535576317688466,0.3622194728461636,-8.527950286865234,5.856287956237793,2.1816852296218365,8.458146385294539,-0.1598585538057225,0.6335415001010691,-3.1217520236968994,7.647973537445068,0.30753683665851167,7.818093201798524,-0.20023762242219492,0.27608562849074936,-4.813374042510986,5.655830383300781,-5.662453020767852,8.278442530255893,-0.3680971228717568,0.013168335338560322,-11.087406158447266,0.43516266345977783,-2.640204145104812,7.391981243366835,-0.02233954718033619,0.7795481588132702,-7.106291770935059,1.8308606147766113,813.1671146583549,435.8403160321629,2.301359075758847,7.6189412011775275,522.2055927416889,958.2324659698606,1493.3629736659134,1184.139129625494,1.8753560438557288,3.5557942763443444,679.6875,1921.875,0.045976861257170175,0.029225824393468346,3.67891558125244,24.227251252534494,0.0283203125,0.0537109375,562.4615895553478,515.3086543276893,2.95473767147258,10.360521665163917,260.1257629394531,634.0716552734375,0.08041765812900019,0.05934431232786178,1.1514844968014144,2.184816800637199,0.02998143807053566,0.11493290215730667,0.0,0.16234239535296552,10.486757498809252
24,0,-267.95498475972244,70.75947318807762,0.3288568982767901,-0.9058763737103726,-335.1514892578125,-211.85465240478516,136.23306298372515,31.15371925596767,-0.5989544255172519,1.290771410114564,117.6494140625,158.89256286621094,31.203509191434385,24.736885731778198,-0.6234347796004684,-0.006596051516119861,14.369797706604004,51.53167152404785,32.885909695658235,22.303447386925974,0.7165564677230908,0.5604981098000321,17.304423332214355,46.25614547729492,5.861144347469116,15.846824905136101,-0.7725301017142502,0.35257544611013314,-4.1418516635894775,17.13868999481201,-1.852436141680876,16.165964518116382,-0.434148221910218,-0.5050819315117372,-13.627236366271973,11.858410358428955,0.24499692910367518,11.048447227680464,-0.6296446734536125,0.473796996855683,-6.21397590637207,7.700619220733643,-1.9499162407774118,9.906208732318753,0.0012308474485912373,0.6870232270932997,-7.541043281555176,3.804548978805542,-6.765318920737326,9.310047059519324,-0.42272245976240036,0.208166306686826,-12.600184440612793,-0.4442381262779236,1.1267855301987257,9.094613549398913,-0.47539327868566505,1.1482983450069533,-3.604979634284973,6.540819406509399,2.6616625467570496,9.496803692117878,0.6025941862628258,1.2459490683445686,-2.81371533870697,7.177047252655029,-2.8294588127334066,7.369607271289676,0.2035495039256595,0.9123636368364707,-7.179754734039307,1.3102487921714783,-3.169211790943747,7.418560282913096,-0.10336970076145172,0.6344794127031874,-7.459098815917969,1.2680552005767822,775.9513540197884,447.9157530718238,2.968976631268748,10.560492627126871,535.2887323640263,817.9667966931924,1448.4016505979985,1094.6217500428988,2.044262975023397,4.0751302775830585,750.0,1765.625,0.046563871593761984,0.03488600334577682,3.9895721548406162,22.72631725154423,0.02880859375,0.05078125,594.5007935194459,664.3313462264701,2.979661614871994,8.596020372348843,259.788330078125,576.505859375,0.07258884131646937,0.06868797009786581,1.5079457442560882,2.4129613168510717,0.01993187516927719,0.107310950756073,0.0,0.15107333248763188,8.714448614240787
25,0,-262.15674781390913,73.96109104986124,0.009556545739759776,-0.8057180421333845,-323.09552001953125,-206.16748046875,121.42594816820116,30.542078776111047,-0.47853803628250424,1.1740648487556333,103.9619140625,143.095458984375,25.301709730640816,24.202707849609073,-0.38526003711326096,-0.20521029652338196,8.767536163330078,44.62982177734375,39.39321524837574,27.50085176431878,0.519437467784168,0.252785390640216,20.339534759521484,56.208457946777344,3.964734748804738,19.035971368424445,-0.733430512110496,0.42155845268976044,-7.579821586608887,17.396160125732422,3.062768006692615,13.196784656802512,-0.41707765553492204,-0.03050440027113588,-5.797312259674072,12.962926864624023,-4.389732594678484,12.591091308783136,-0.43784331915370284,0.020018594290549085,-12.426349639892578,4.711488246917725,-2.0373700138637787,12.049566469934303,-0.19596443592552043,0.3593199834692311,-9.139496803283691,5.51324462890625,-4.450981537974891,9.860588496895666,-0.26322553774551644,0.31535249337253024,-10.651076316833496,1.9877654314041138,-4.114216546811758,11.505843137875463,-0.3679914086965239,0.9566752175596602,-10.50382137298584,2.8435120582580566,-2.5868206884495804,8.039809960199925,-0.06742813878567944,0.6145623724301346,-7.528944969177246,2.411283493041992,-2.3063519371688783,7.802943944613297,0.11633749911074327,0.6536590429966576,-7.103724002838135,2.3532018661499023,-3.150760561671958,8.066797901722266,-0.03876978262644502,0.8713535958778653,-7.896725654602051,1.6736315488815308,965.3377281392999,484.72881353808066,2.1705136535824625,6.549158500225296,643.656431734863,1118.610843135668,1928.783213731575,1199.06577656001,1.1873043055317067,1.3133103280449907,953.125,2585.9375,0.05449011164177657,0.03751710539750004,3.1081901225829154,15.43300787714065,0.03271484375,0.0615234375,723.3027981423514,773.622015923071,2.066080823687213,3.543046631719159,271.9248962402344,698.4305419921875,0.0753780552935754,0.06564746910549882,1.0959921679298554,0.8762632010251781,0.01582295447587967,0.11355194449424744,0.0,0.14495241587138946,11.005102594317865
26,0,-288.7285434230046,80.44307262691007,0.15537805546581712,-0.7438555182408564,-357.29010009765625,-228.47006225585938,114.30891086802124,34.75500180208505,-0.0551820496974856,-0.6533215897778182,85.1142807006836,140.9171600341797,36.85255122592182,26.45934974825839,-0.6066129387643164,0.0695570588119594,19.588584899902344,56.691680908203125,31.039535995201383,21.655133001906115,-0.1847662394565115,0.14147667608524994,17.683265686035156,43.8975830078125,-0.21172681345879815,19.923633957287386,-0.5800277191398934,-0.19670572735926628,-13.901101112365723,16.12799835205078,-1.6238040080780276,15.195282135585193,-0.4508315429742942,0.1046035127700673,-11.500919342041016,9.347391128540039,-4.155102321212137,11.313653103363023,-0.3995490877594818,0.2362998648387924,-11.446348190307617,3.6658308506011963,-3.156136748128123,11.039418374943272,-0.3649259592115516,0.4445434568622235,-9.716779708862305,3.711750030517578,-4.654779231270638,12.39666559142443,-0.31879668976625863,0.38216948242338233,-12.24594783782959,3.0024585723876953,1.2989084147340388,8.214539945087544,-0.0017914414444890755,0.6709011262369451,-3.7595953941345215,6.210345268249512,-2.4635924548236625,8.257106853392502,-0.4586412560079673,0.3632640053557443,-7.771381378173828,3.449223041534424,-2.704852519910196,7.801403859540154,-0.23939216770401128,0.26701662967290574,-7.807900905609131,2.6975762844085693,-1.3806790603685901,8.265942396615182,-0.27195833147309845,0.9361896341105451,-6.123022556304932,3.586501121520996,917.9944368221268,513.0113693060797,1.979130394767149,4.981858213655192,572.8711434563394,1085.9784318377378,1733.0545737114985,1376.965327415908,1.3540959236840904,1.1982398776994225,679.6875,2453.125,0.05033552285150254,0.03580990423329178,3.082149438805668,14.24629312835998,0.02880859375,0.0576171875,652.2005339520396,690.6035216693663,2.559921051948256,6.418455838819856,263.1661071777344,657.3130187988281,0.07229651235763358,0.06903834755255596,1.5949661582797,3.4150679000664708,0.014451345428824425,0.1033976599574089,0.0,0.14005042250819133,13.054277474308835
27,0,-260.01340561588313,83.22432086151589,0.1382716688879919,-0.8784136412565235,-339.39317321777344,-196.865478515625,130.94629555865632,32.06817862118454,-0.40045635815164987,0.7742060511471922,113.84005737304688,153.23699188232422,30.872689562278147,25.45733995111893,-0.633189519151109,0.10105929881135634,14.553017139434814,51.015052795410156,28.781387242407497,22.34333534503633,0.46180857126443764,0.22246921295458755,14.843313217163086,42.39604568481445,5.861061129403801,16.881344608065007,-0.8458752960807069,0.819867699190886,-4.238036394119263,18.20691204071045,-1.9306163987570597,18.518769977091125,-0.4937629127478304,-0.43646307288615027,-15.043355941772461,13.734975814819336,-5.207171164457735,12.229897556544762,-0.39490561883153497,-0.24580766614204919,-13.74735975265503,4.211970329284668,-3.1401433741989533,11.447722553140945,-0.17131856129084455,0.777446618655421,-9.6654953956604,3.450685739517212,-8.615318298222416,13.907141438296483,-0.5316260955160858,-0.08728608988286668,-18.00343894958496,1.905906617641449,1.2169935091547863,10.000716201989727,0.06603295529981934,0.6986599148949217,-4.901392459869385,6.9864091873168945,-3.523858060054216,8.553304858212648,-0.33648462226657144,0.7735121456839602,-8.592069149017334,1.9558436274528503,-6.938358298158005,7.789015053620308,-0.17787880810224338,0.5437147199432468,-11.766260147094727,-1.983573317527771,-1.6028129410561134,7.375588751957657,-0.008271281776903673,0.6732309519624105,-6.050191879272461,2.902083992958069,899.0184653419501,488.0868082894647,2.19418708189818,6.502691954966911,566.8813432935381,1049.238623030059,1718.965824830211,1255.5342329634116,1.5465994075922356,2.0585152695218296,781.25,2289.0625,0.050612220324854816,0.03307523032187742,3.1406540123784468,15.261874530601457,0.03076171875,0.0576171875,564.9252192046218,570.657144634511,3.034318196743991,9.855039456633005,262.9373245239258,574.8463897705078,0.07768103180296979,0.06281143013457104,1.1157034386778362,1.3289244302660865,0.020267860032618046,0.11393925547599792,0.0,0.1748499879323158,8.73425942119778
28,0,-286.2115681472235,75.59135347052343,-0.021789861727679063,-0.7238322000470649,-342.99891662597656,-230.04196166992188,130.509530936635,35.01180685172018,-0.43105301724630557,0.009114095804148903,105.07872772216797,156.70951080322266,38.860767138928054,30.31300653379974,-0.46452185276413677,-0.43685748180972084,17.43133544921875,64.07666778564453,32.61376592123075,22.17787084460453,0.09323224549466375,-0.12990018914133694,17.132948875427246,46.850059509277344,-2.975054059408238,18.963656980838763,-0.25120379194025705,-0.3039875357457782,-16.096524238586426,11.353067398071289,-3.9298259104690394,17.77496402466143,-0.29678580592413234,-0.28413142828763993,-16.309972763061523,9.868395805358887,0.2330295507004452,11.174836764452177,-0.244745768028248,0.47524989046444865,-6.656264543533325,7.336099863052368,-5.754499024284409,13.214704168034192,-0.22410314760127928,0.22166153607633765,-14.415422916412354,3.018746852874756,-4.9237567291636815,11.430929158278381,-0.4597736133083706,-0.10650162087507509,-12.655989646911621,3.4846614599227905,7.11105751068311,8.906526260702643,0.09261563473460174,0.24236338445967665,1.3969069123268127,12.820645332336426,-4.107981798290487,8.691122236165427,-0.3915137041191941,0.1943713372917557,-9.683480262756348,2.092560648918152,-5.473941275062819,8.337393986084177,-0.11872370354383349,0.06773497352081037,-11.116565227508545,0.34089334309101105,1.4656224920287184,7.64000634228433,0.08602277151246518,0.5154713648667695,-3.3726547956466675,6.306015968322754,817.4508372771194,464.47892700836127,2.5342297507763942,8.487031023355327,524.0283699522304,934.4869153924636,1472.2635002669604,1240.004591935109,1.7629758633639165,2.7036091863368084,640.625,1937.5,0.04736973366015117,0.030217361494830314,3.2739951952738173,17.647538853636412,0.02978515625,0.05419921875,537.2005286068721,535.4923963457233,3.461617853536279,13.337366133883695,250.23623275756836,583.4677886962891,0.0782749956358501,0.06217792270616675,1.296775297843431,2.246281764979244,0.02786022610962391,0.11035692319273949,0.0,0.15319908667318413,12.149647142606549
29,0,-282.50668348933243,80.66725477991685,0.11330971310430998,-0.6514189966868003,-346.4915237426758,-223.75011825561523,118.94969429489406,35.99171198658738,-0.13177826945173365,-0.34542619209125913,91.38439178466797,146.0143814086914,33.93356040514327,29.50864850424008,-0.44004025830181104,-0.40101469151573044,13.56869125366211,57.431814193725586,29.718867029291143,22.054612944166188,-0.1464931271342015,-0.0632891618683038,14.613996267318726,44.419681549072266,1.0001313937864644,19.51302325654005,-0.5550797571055187,0.026605598574064526,-11.695861339569092,16.29132318496704,1.6549551506796558,15.068833756108347,-0.38624039962820295,0.2741671916419617,-7.911240816116333,12.111015796661377,-3.865052249744192,11.796887810776882,-0.2410887713294296,0.20394074671928042,-11.509311437606812,4.295696496963501,-8.888109664880275,13.722862681169392,-0.29735340652822867,0.05848758976976054,-18.04994297027588,0.7423662841320038,-3.6836510974738306,11.578761670045482,-0.32374295301569056,0.2095837089343564,-10.872322797775269,3.8761311769485474,2.4051726610318074,9.074427742772503,-0.04084659830254377,0.6037465010851943,-3.206199049949646,8.033099889755249,-3.1729942651577017,8.043983724867013,-0.3886493250101578,0.435908774673337,-8.336322784423828,2.476761043071747,-2.773412863784764,10.167399505701782,-0.16079846140101509,0.6730560495004547,-8.989049196243286,3.6022688150405884,-2.031733010965486,8.491717375677048,-0.2180418523818028,0.6120200343188578,-7.12327241897583,3.1740558743476868,923.0645839406976,523.3484969986165,2.027602427996302,5.352009663871675,566.0426134716038,1089.3014995963777,1743.6782644052046,1365.4174145619868,1.3660261841633916,1.3113181956143336,687.5,2460.9375,0.05259081305181227,0.038247649900918,2.9960338699219142,12.148739235512279,0.03076171875,0.05810546875,696.6946148848875,760.3622224689866,2.434045451678544,5.510687180604739,264.27870178222656,689.4707946777344,0.0744742479976734,0.06641503439331795,1.506253145238709,2.883998899345939,0.01984045561403036,0.10441520437598228,0.0,0.14650801549674328,12.621011264089443
30,0,-283.0015411791983,84.7584108794777,0.026681469655775614,-0.8947213175324995,-361.57740783691406,-219.82186126708984,120.21149359422488,33.18116948854256,-0.17858620640011427,-0.564530276681444,91.88782501220703,145.99820709228516,32.48657407613157,28.676432755563802,-0.592630944837322,-0.2679803296442391,12.338963031768799,57.17751693725586,33.2301680720076,21.890316739154045,0.011998238208229818,0.36770491241290326,19.53443717956543,45.219295501708984,1.697992338583532,18.520194293598447,-0.566356990558739,0.08310460074094062,-10.708385944366455,15.715957641601562,-8.480931495678336,20.514100637722812,-0.5044772218101004,-0.4873929086214388,-23.537714958190918,7.9575560092926025,-7.867824435192277,14.803940297456323,-0.4935625775979361,-0.1177121357069768,-17.981767654418945,3.1151739358901978,-3.9670846230840966,12.300088915920462,-0.5044594742740414,0.4342369032057274,-11.064899921417236,3.6734694242477417,-8.132745961067291,14.359509575553341,-0.578572224479302,0.08845896301619982,-17.44379234313965,1.9512121081352234,2.7394580133526056,8.921469082413529,0.24231380794299043,0.5294747980492409,-2.908677816390991,8.011677742004395,-1.9012263537862375,8.985004959529235,-0.02034775484074173,0.7905788737015378,-7.033475875854492,3.357014298439026,-6.276589473688165,9.0513154567215,-0.23985887870303768,0.4513435410408526,-12.001890659332275,-0.40895959734916687,-2.3998877207366114,8.257717107780957,0.1666283024169634,0.8691438324193732,-7.147807836532593,2.1354451179504395,840.0372263544818,441.7216895874638,2.426395035436508,8.612459710220323,543.5497923809716,978.1047676865871,1535.6169815925255,1173.241917259985,1.7174097702418127,3.0226468870534164,671.875,2070.3125,0.05021952569376656,0.032024410996485286,3.69570998405483,23.537834923393874,0.03125,0.0576171875,600.2080444678973,604.6849238915252,2.910842125459223,9.12759813849045,271.50220489501953,620.3947906494141,0.07182731289686559,0.06925818483068638,1.538318636753937,3.143334712591794,0.012586436700075865,0.10598692670464516,0.0,0.1457301344579288,11.713600660918383
31,0,-298.88864665082605,81.2840744276477,0.04237123416467212,-1.0431175614544186,-373.6202163696289,-234.31323623657227,114.67994472218479,40.15620136116916,-0.07439347739395162,-0.9729644993332651,78.7227783203125,147.88025665283203,33.1754413683877,25.683923352113492,-0.5360531149701572,0.3277462946865053,16.33756446838379,51.31727313995361,29.862136110606713,22.822055465307496,0.11389349057714267,0.8122467809444216,16.304676055908203,41.34362602233887,4.07762464683528,18.774522359850465,-0.6688187718102694,0.04684558716998222,-8.567428827285767,19.372225761413574,-4.324807446683692,15.98219565734348,-0.378953866292067,-0.5091378038695971,-16.133075714111328,8.936071157455444,-11.189783553966317,18.09596290074526,-0.7485506136704654,0.11071198571189722,-22.386290550231934,2.8735554814338684,-3.097222144292026,10.076171528578893,-0.2774321635312581,0.6214074922402331,-9.242358684539795,3.0886499285697937,-8.784575250912336,12.069123808014346,-0.46682812204749474,-0.2774581837780734,-17.340057373046875,0.32932248711586,-4.070400352951027,11.464975255050954,-0.5924490682771522,0.2630522811744225,-10.791752576828003,3.349751114845276,-1.8081148236070477,8.518416346695153,0.022957683441907423,0.9493881726870401,-6.817142605781555,3.041151762008667,-5.8522219279145515,7.500111151918271,-0.3884985801343326,0.4314843846153633,-10.587015628814697,-0.6628130972385406,-3.7750209511042856,7.539421062728533,0.0408210576150667,0.7973248191319549,-8.412914514541626,0.6666657030582428,882.0553373006802,501.79284217235505,2.1385777001343085,5.1122935314991516,568.6503790417031,979.4667594664256,1579.3647966788244,1266.6449084081994,1.4834244576438251,1.3486837726373873,671.875,2015.625,0.0550284269624132,0.04026391447635357,3.2522932466692818,14.619635828627857,0.033203125,0.05908203125,712.7941622457122,747.3797067406382,2.269184459544053,4.715268722100565,285.31932067871094,717.0269165039062,0.07102812333200943,0.07037938764701747,1.1892786073784658,1.307505538947126,0.00793262175284326,0.11222189664840698,0.0,0.14783695445823142,12.122745497686148
32,0,-285.50117499527715,77.25110873532495,0.25047782240283883,-0.6467602500135317,-350.4967956542969,-229.27171325683594,120.92454198683538,35.613028492861964,-0.23726523498953941,0.024038824637277578,94.23684692382812,147.6208038330078,38.03698142772376,29.53184785119908,-0.7154737084909887,0.21796885909733454,19.34432029724121,60.96757507324219,29.85812394397488,22.60357139828299,0.18908067163169612,0.42633611221094325,14.927709579467773,43.4062614440918,3.0909688182779727,17.593270738449615,-0.6635602928016493,0.29974351197340265,-7.7967143058776855,16.283424377441406,-0.786720848991654,16.149604049707865,-0.8254484869957571,0.5329593884792927,-9.791574478149414,10.649640083312988,-4.574590755226154,12.315075157704886,-0.5159269238686771,0.3505446768168863,-12.130556106567383,3.8944759368896484,-3.2852226528863695,11.630353785650541,-0.39423565058138144,0.7389091704863704,-9.959064483642578,3.999232292175293,-6.66879540834352,12.291678824938185,-0.6312816311530106,0.4363085488089671,-14.08366584777832,1.817806363105774,0.19237863721549722,8.276336603241665,-0.009152525903964643,1.0005992978526503,-4.717899799346924,5.145539283752441,-1.567157227158461,7.8123287547360585,-0.08592446604357795,0.7958684836912804,-6.317597389221191,3.240938901901245,-2.722689694415202,7.444372479729259,-0.017919463485897517,1.1288442837713273,-7.240461349487305,1.7764769792556763,-1.28131404991839,7.677886651440865,0.14956218175520877,1.3092758092862073,-5.783790588378906,3.0720252990722656,886.751968580549,567.3627942643142,2.392288395458442,7.370861096584003,524.6828618225674,1015.8914598848127,1663.1563645605495,1419.8666047806746,1.5168805509858228,1.522090275445458,640.625,2242.1875,0.051999268112119156,0.042797047828247246,4.087325082093351,26.633177972956588,0.02880859375,0.05712890625,631.7008373306105,676.6363580099049,2.652238234247661,6.916109679951253,258.8603820800781,622.6062316894531,0.07203979709720938,0.06919546616933404,1.4693328235281953,2.5069670502872032,0.014338004402816296,0.10722048580646515,0.0,0.14280534558323427,12.358310518411573
33,0,-276.59284137664747,79.46549418397397,0.24928432266664105,-0.6415780213492943,-344.02857971191406,-217.8735580444336,123.51521597609599,32.484387166053565,-0.24693585481397967,0.015830486341354533,99.70956039428711,147.9820785522461,34.755685635279654,29.924976223289836,-0.5982212500339303,-0.30578784781692736,14.20552682876587,60.06747245788574,30.274536105947142,20.731776714957615,0.22347130829672804,0.3051625183594848,16.762171268463135,43.02317810058594,3.295699811513246,18.417953315735065,-0.7636522528254676,0.5858974722807524,-7.298934102058411,16.029507160186768,-2.1747749131252103,17.390260750041392,-0.5401556392270646,0.1298254415741873,-13.165921211242676,10.606744289398193,-0.957162025147973,11.936869541653378,-0.3437293443163088,0.177652753799046,-8.604851245880127,7.172893762588501,1.9146547221792023,10.025453691508199,-0.04605381558018168,0.627626846157161,-3.922169327735901,7.670981287956238,-4.524571995605369,12.763575729535656,-0.5476326084793854,0.04325119595904958,-12.695168495178223,4.505796432495117,2.419303279561829,9.061253545854978,-0.10620203481350474,1.022601625729333,-2.843008041381836,7.772836327552795,-0.45444581100578363,8.26920589448487,-0.3022929866882756,0.6590358549268318,-5.289280533790588,4.765689969062805,-2.897742421573009,7.626817527856549,-0.18704620247714007,0.5124219390874876,-7.573127746582031,1.9988515973091125,-1.6120063497418669,7.1218096566322,-0.09628711941101675,0.9904758226288624,-5.788125395774841,2.664850175380707,858.8705186320078,471.62794506194916,2.504686103009725,9.108881317414234,551.3236342534734,1005.6410042954119,1601.5966118346116,1238.3289279834567,1.6515382590265317,2.5818982786624245,703.125,2156.25,0.0472643569296264,0.03428569499592475,3.49149971821152,19.269541685077755,0.02685546875,0.0546875,585.3411175199017,596.5958256896572,2.8460424739562584,8.59769133158986,247.5521125793457,622.2870635986328,0.07469791966355618,0.06606329804135569,1.6822345701790145,4.525881300270268,0.019434422720223665,0.10694212652742863,0.0,0.16765257870523798,11.284641282502585
34,0,-249.9141417173653,64.91462502017164,0.059438063609946606,-0.4215836184458146,-295.1561279296875,-204.78506469726562,122.9828267441034,30.70970415054689,-0.4165810606023012,0.7397506431117931,102.52640151977539,144.53445434570312,25.598611062460108,25.96586399446284,-0.594512813195639,0.27785698502458,9.877522945404053,44.87933826446533,28.960773848940754,22.10258332296155,0.10196882213524423,0.10341940331841615,14.895503520965576,42.59374809265137,-0.5705230273119541,17.725180126354807,-0.5352793384971072,0.15908275484133938,-12.115875482559204,13.199472665786743,-0.020872782801736267,14.037591471162061,-0.4590057036666184,-0.0607844870404195,-9.19959831237793,10.522098779678345,-4.852172505019215,11.933232057317483,-0.30220220812308884,-0.10854062536488263,-12.8362717628479,3.9249236583709717,-3.303517123126103,10.306993359839012,-0.20437904632657344,0.28081740146557754,-9.76253342628479,3.413727283477783,-6.828258835994563,11.593810011660375,-0.49139236648323315,0.16316531063915418,-14.107842206954956,1.4105367362499237,2.6836722287124406,8.65506000879471,0.04653936702145888,0.4554033105754898,-2.775148928165436,8.063950777053833,-4.839352412343611,8.006279671354928,-0.2588922341406448,0.18344789105538029,-9.993680238723755,0.7769097685813904,-4.855870890290957,7.810211703134258,-0.24408650902806417,0.31738901062682956,-9.77913498878479,0.4022345319390297,0.535977743509528,7.805056820690585,0.22606702876828105,0.8393861472763042,-4.373122692108154,5.14543604850769,966.4846829828292,469.6871469459974,2.1182269260329862,6.576812787737779,655.6888819601959,1127.1006136118817,1880.783545383001,1230.6031812154308,1.2421626811924822,1.1696240405507963,906.25,2531.25,0.05410834979322264,0.03327184404352681,3.594608538469586,21.407140532833818,0.03564453125,0.0615234375,632.3372296302401,619.4844341878664,2.6746821059743984,7.6908330303323105,274.06060791015625,691.7218017578125,0.08091861601826326,0.0586303025908324,1.1321352840658596,1.9864071937112984,0.033591100946068764,0.11336448974907398,0.0,0.15411505195442377,11.783249166505188
35,0,-288.32352383426127,82.69397818347697,0.142247160812136,-0.6153268965766991,-351.8821716308594,-228.83697509765625,124.29110381519129,38.56001486607348,-0.25200550130978266,-0.4504162915299772,93.62158203125,153.8918914794922,38.88428266463464,29.297527155334574,-0.48037811701470695,0.05964223648773803,19.60675621032715,59.11568069458008,28.004351636370814,23.45403050633836,0.10845315984206194,-0.195491999288826,11.354066848754883,42.81231689453125,-3.5131872205360763,21.781570219364546,-0.5579656248621949,-0.09449251586698937,-18.076478958129883,14.244253158569336,2.8153212216551466,15.33421378633072,-0.22619312102937325,0.0796359253992458,-7.254952430725098,13.033651351928711,-6.696540818698288,13.550077804693457,-0.39441684660035203,-0.06689437693248257,-15.625829696655273,3.15844988822937,-6.666105426148667,14.370098139658623,-0.45227908067732586,0.1980823877844533,-15.86910629272461,3.032851457595825,-5.484506740411655,13.359293314632115,-0.498351258719632,0.24351318287664547,-13.869677543640137,3.6292479038238525,-0.5840711069978102,10.184744327775194,0.051583637769569354,0.5298062635364027,-6.983834266662598,5.445153713226318,-5.587943348798054,9.799893979234861,-0.5571561069197087,0.3479002383226071,-11.59774398803711,1.577655553817749,-2.56197513662074,9.0577477402032,-0.2503383391366587,0.2142884621070813,-8.455498695373535,3.6071600914001465,-3.225710458454448,8.483829549694612,-0.3764346293366425,0.3668607610590864,-8.50273323059082,2.4916129112243652,863.1837058688382,520.674715149988,2.567480982263717,8.796586461694785,541.5043522468895,990.3315999174885,1575.6815987124464,1326.4456879655356,1.6979417444292926,2.4175606306804074,656.25,2023.4375,0.05072450040236051,0.03938154829039212,3.850786266119558,21.92661827031973,0.02978515625,0.05419921875,629.034746092957,669.5309486858926,2.8794294431946037,8.51209180368013,270.7867126464844,640.5426635742188,0.07471042665064559,0.06642128671570237,1.4381069514410045,2.699992888371847,0.021420415490865707,0.10617084056138992,0.0,0.13948550476392688,11.500073669064252
36,0,-265.11799613821097,83.32021788275782,-0.10753225474049054,-0.6012849194461785,-324.52488708496094,-204.90130615234375,127.53752558972796,38.32203382548055,-0.4048447313628549,0.3095135894350065,101.01998519897461,155.1349220275879,24.21118290808811,34.94149807990678,-0.42165070734299015,-0.2479028651527999,0.6429166793823242,52.24714279174805,25.134628583147617,24.918877368477496,0.0074497436294045875,-0.20453642810517048,7.790746092796326,41.4013786315918,-9.344179478915661,19.841554226252512,-0.42294191763074124,-0.19963226749577778,-22.72777223587036,6.333024501800537,-3.0476397415369845,16.22962163291521,-0.16819482761809432,0.11710192945557774,-13.583965301513672,7.6470465660095215,-4.407728127793629,14.410184369514003,-0.3203338990073372,0.140001056998444,-13.529102802276611,5.348816752433777,-3.512630591327043,13.628003820431216,-0.30800520881290044,0.30411904577787796,-11.96533751487732,5.3020840883255005,-5.904770182798328,12.964960087880204,-0.3647525341935335,0.0021198141225755585,-14.338737964630127,3.4348605275154114,4.354825705608648,9.330393541101671,0.013811465397369223,0.4987910925578207,-1.5406001806259155,10.074787378311157,-2.19793079206494,9.054405312696277,-0.10861817028190227,0.06810033344968014,-8.282265901565552,4.144006848335266,-6.247426260275056,10.648755721804532,-0.11349940794142932,0.027651565647087484,-13.504277229309082,1.3169208765029907,-0.011608331017172855,8.07512724461549,-0.035031423368317625,0.35923195980849343,-5.104429244995117,5.071170926094055,989.0452988655069,566.7976144698372,2.485868470022849,8.460250559660402,636.4916711192064,1127.014792008773,1883.2899797269095,1347.1974978442888,1.4142016785617189,1.6404897877354152,851.5625,2531.25,0.05936639371906863,0.04666767684357276,3.49604159799379,17.623450524044735,0.03369140625,0.0654296875,749.0047976084468,740.0274062789589,2.2354120911736306,4.688545521677445,307.2398986816406,804.84765625,0.07906698962465732,0.06113982250053063,1.1554367669717895,1.7789673148214078,0.031195575837045908,0.11115848645567894,0.0,0.13829003494140152,12.080471306421554
37,0,-287.27430494417683,74.47838265907724,0.11360951349781802,-0.7174314327794797,-346.5197448730469,-232.57740783691406,126.59329518923893,34.75258917696276,-0.15158021798589982,-0.4808949017750863,98.60688781738281,153.65933227539062,36.32738030107223,28.672454402371713,-0.5395405381169098,-0.13507002844000482,16.948251724243164,59.764923095703125,27.82464745239583,20.485816144804627,-0.05351316502036877,0.16036563816029314,14.64039134979248,40.213714599609375,-3.272172217509016,17.03158597772607,-0.5476599104260431,0.11318086683200779,-14.712987899780273,10.086996078491211,-7.356716158359764,16.0864710433254,-0.5672697023429826,0.2234088995475969,-17.155536651611328,3.6881721019744873,-5.318837589310789,11.631292878437558,-0.2791618429575736,0.47652379526826216,-12.548284530639648,2.102060556411743,-1.3559305991251902,11.742046130366798,-0.29373866858819314,0.33778831781471963,-8.46047592163086,5.975327014923096,-2.5551345937487016,11.90440059689683,-0.531599096036091,0.3964587888628799,-9.880680084228516,5.614428997039795,1.6284760355554566,8.072622761431447,-0.0032657686205514974,0.4635875344754994,-3.5811734199523926,6.773601055145264,-3.458736711276438,8.642564441102422,-0.39621049641384937,0.05209030724834962,-9.110222816467285,2.8876285552978516,-0.24003399609825243,8.063766464813519,-0.011492821243094094,0.5950582832661309,-5.173296928405762,4.519587516784668,-0.9138223669574195,7.896423353687419,0.10696917450550734,0.8119317778843516,-5.676918983459473,3.6633036136627197,882.1528404395534,517.8982883874751,2.2370583719346806,6.054126064589422,553.4782547124194,998.4550098090513,1623.7972226888585,1365.3756711584233,1.6344634910243316,1.9862118179516655,679.6875,2125.0,0.05232486385215026,0.038694922660916585,3.729036742008221,21.198726187539076,0.03076171875,0.05810546875,631.7204227657298,664.8584186524666,2.846281174008248,8.208233338452793,268.0357437133789,637.8192596435547,0.07448272391999405,0.06660952872877185,1.3344218978095896,2.5018958072455213,0.015034972690045834,0.11274819076061249,0.0,0.14018605063204362,12.996268906622634
38,0,-264.72837458127043,74.62684918697205,-0.05920289402862627,-0.4379096457048788,-317.42330169677734,-210.9658317565918,127.88520585096272,37.532913721994966,-0.46681291853367995,0.431740728233462,103.8110408782959,155.14028930664062,36.16365903720551,30.46934174230037,-0.2693158128605707,-0.2979433347890894,14.67182970046997,59.78112030029297,34.69502456577626,23.994268634532514,0.06629747529010184,-0.22081916615577812,18.10762310028076,50.309529304504395,1.851447836476059,17.54674998187923,-0.26870455037257635,-0.10653163470972338,-10.101606369018555,14.612550973892212,-2.1933214648322146,17.24665532399477,-0.39577214119029064,-0.2119638103503081,-13.859959602355957,10.692458629608154,-3.010449830358283,12.688707938736693,-0.21774209651864695,0.09876211774618726,-11.3027663230896,5.657623529434204,1.9319816179693459,12.051136177586132,0.09782058689165792,0.2917976859339846,-5.76725447177887,9.373430252075195,-11.044632325326795,13.393903752155452,-0.35189590786575925,-0.2272578444965454,-20.191136360168457,-0.9226703494787216,3.7837632965321735,8.773249933171998,0.17440013536642107,0.2925259090269958,-1.9977923035621643,9.328099966049194,-2.074555843712034,8.177330814816832,-0.09016800728884075,0.5412561319053362,-7.162205338478088,3.1093167066574097,-3.885265259930322,8.246943725625544,-0.28876744512892916,0.4598383851863219,-8.897164821624756,1.5136845707893372,1.6553268976937152,8.38206291626404,0.29145503643794557,0.4959892794659604,-3.8361467719078064,6.735208868980408,947.2446514300918,576.5852931679602,2.253952605841657,6.412435819917858,571.7400791172682,1089.32605589454,1853.8082860961974,1424.8573001272196,1.318343017029901,1.2042571237897421,710.9375,2539.0625,0.05248550040627634,0.04154494132316737,3.4828974941997752,17.17740564811848,0.0302734375,0.056640625,615.921194057304,672.6287606296569,2.701924099510778,7.023630676609754,254.1194305419922,585.0065307617188,0.0795885959237896,0.06030362636175282,1.2384785311063045,2.152369678815374,0.029871417209506035,0.11078634299337864,0.0,0.16259403171131726,10.1027377837154
39,1,-307.55555037983754,92.45073515977667,0.1838353101890541,-1.1438020327363267,-401.493896484375,-231.10395050048828,122.1865732637917,32.33848483095568,0.017568006735032417,-0.5636570777534979,95.66067504882812,148.0325927734375,23.573783038600105,31.091627942364894,-0.8426825782923907,0.40472821874670606,3.306201756000519,48.85402774810791,27.447349629554626,21.232304579231844,0.05746311350751346,1.0538546357000644,16.82746648788452,37.67006874084473,3.140831747050623,21.95770117665389,-1.0219930595235203,0.6699111799573183,-10.015475749969482,19.671218395233154,2.26995201837126,17.22032620066313,-0.4581097469691512,-0.31010982999570436,-10.433072328567505,15.462384462356567,-5.346295086411111,13.289413639803794,-0.6920573863417868,0.1567670313717997,-14.120491743087769,4.841239094734192,-8.328075711944827,11.697956317557063,-0.5004213598754783,0.19444130744038546,-15.768031120300293,-0.326181523501873,-5.003034052457409,12.928214117882158,-0.5528686520726865,0.534377255062056,-12.61229658126831,2.9690056443214417,2.277258114028258,9.525898546171739,-0.0646082456340387,1.2396777881863938,-2.633223593235016,7.402082681655884,-2.546547026433829,9.014947955947294,-0.7118729998799208,1.1004992599960408,-7.355811715126038,3.230290949344635,-1.2181250571186395,7.872599842189385,0.05183955420365787,1.2468436789966795,-5.546011447906494,3.073936641216278,-3.1591384772793583,7.62211201162309,-0.6472314028931753,1.0821040858464341,-7.26273775100708,1.7018305659294128,807.355934580412,399.4066014813504,2.501479975092964,9.500538779411713,554.3296184812463,933.5585704763198,1470.764126115449,1038.3969947418752,1.9682449244728386,4.2896411413796685,781.25,1773.4375,0.046197043406650866,0.029565070294334583,2.9487497932006526,17.959562663297266,0.02685546875,0.0556640625,550.4837360228917,511.7925847864164,3.0586493627005535,11.799949013440513,257.8604736328125,594.8790893554688,0.07367375984593515,0.06761447755110998,0.8064182223777651,-0.05263540492477192,0.00879612029530108,0.12145520001649857,0.0,0.12799762231205702,14.192839848478512
40,1,-266.0651505859278,76.85384513473024,0.8859729085225988,-0.23627487404961256,-329.6177978515625,-211.6815414428711,123.21794541210774,23.701942523929258,-0.26253560426043754,3.5457918285180714,113.12671661376953,132.15414428710938,17.18312109284644,27.859079086742813,-1.259609642182365,1.339474386108031,4.112165451049805,37.02406120300293,30.650747786550404,17.56125148739623,0.5775644712304219,2.783717919600509,22.355374336242676,37.2547492980957,8.685250725802616,18.969165293994003,-1.3140044948921092,1.3908678842361253,-0.19839079678058624,21.28123188018799,8.952476355875671,13.260239742868654,-0.9288499616258892,1.1846777164622857,2.355368733406067,17.694138526916504,3.4393615324377294,13.30613902314505,-0.8341414566650255,0.19501529527173878,-5.055012464523315,13.543130874633789,2.0154840698759,9.959561278016029,-0.19900334076498186,1.7613939965865235,-2.9665101766586304,7.1908111572265625,2.133107229215028,8.4266942607093,-0.11885625802502957,0.9840224090533591,-2.473371744155884,7.041858434677124,7.656175240252534,7.587242658491886,0.3032318126702487,1.2222373311616304,3.055195927619934,11.821904182434082,-0.8374993367014991,6.876398295326698,0.13409306324723408,0.9053096244186576,-5.049367189407349,3.128470778465271,-3.4361537175135237,7.08609279362402,0.5037170817955258,0.3143263082895569,-8.412846565246582,0.8994671106338501,-1.2001334461368498,6.249589170044509,-0.5207622471016771,1.075468002432018,-4.734687089920044,2.9046963453292847,975.3598030649252,369.8075860118653,2.874443312100651,13.369576193417611,760.5656654605443,1082.7910977190108,1970.8677896762156,924.4902855403662,1.6056366081048907,3.479045105326729,1390.625,2343.75,0.04429360220415322,0.031213971478333786,3.140963827508556,20.84546237550439,0.0244140625,0.05712890625,594.3955786551684,580.4843504614812,2.7478307510921476,8.848762782809525,265.5558624267578,673.7814025878906,0.06903152219912709,0.07222234462461723,1.7182485615648937,2.6167978681148893,0.02124660462141037,0.09389828890562057,0.0,0.1530791683113538,10.504970582717043
41,1,-263.77785756399874,69.62275923144655,0.3330330181039148,-0.4474879884655092,-320.7126159667969,-214.60418701171875,132.70685229448736,28.398536792689896,-0.7517029622982307,1.2953752018729299,117.82156372070312,152.42559814453125,24.890908251946453,29.29818133156708,-0.5966224224119899,-0.19833223143762568,5.1245317459106445,49.7304801940918,31.65357858401289,20.99657325835775,0.5624197939974308,0.20464741240982898,16.83823585510254,45.25989532470703,6.031606394605173,17.90827565078573,-1.0852550855902938,1.27859503250773,-3.0937819480895996,18.372100830078125,2.0380709421656253,16.093926286845086,-0.6163574085311938,0.14409958788422683,-8.221120834350586,14.140599250793457,-0.170453552409509,10.893930656941738,-0.46860185363307233,0.311728425171542,-6.980730056762695,7.368288040161133,1.25213233089545,9.672961393033463,0.07747432303912251,0.5453693409750273,-4.489641189575195,6.885411262512207,-1.315423227245032,10.761751160913786,-0.2800557363372244,0.15295264083038917,-8.596687316894531,6.022624969482422,3.769648998714028,8.488512662304396,-0.3731504231621659,1.0071553785170986,-1.4529833793640137,9.435462951660156,-1.0808128881558334,7.533674749426733,-0.2661126223644782,-0.003091147779851866,-6.045122146606445,4.366637706756592,-3.8317485531705735,8.089495754699634,-0.1475426450753478,0.5062069939693612,-8.974992752075195,1.4133654832839966,-1.2033563938993312,6.61740374071022,0.18047221882315714,0.8410091614746542,-5.313139915466309,2.6624679565429688,825.1454380095016,451.47842554506065,2.1204832755983287,5.860647799738205,514.4915610938697,981.3179609026912,1591.0364012949024,1166.6083101034474,1.5756795409578201,2.2765643313722146,734.375,2117.1875,0.045351474712838444,0.03117499944608806,3.6943487519427154,21.784831367876443,0.02734375,0.0517578125,623.0629786100791,660.514376614593,2.5576135170357066,6.448652906816658,245.02569580078125,641.6003265380859,0.07938725114760004,0.060739377608935365,1.4697424562001689,3.151853284184912,0.028933532536029816,0.10953095555305481,0.0,0.16345978082156443,11.469702436430282
43,1,-298.80581107172014,63.38270883075687,0.6441481852645788,-0.40712700378059896,-356.43707275390625,-252.8677978515625,131.1954240233066,27.96993124966027,0.01593827344935066,0.4795386412233511,113.22955322265625,150.98606872558594,31.460967968674602,22.437085294655127,-1.1913290669183185,1.697950407173077,19.98654556274414,47.83453369140625,22.904591029240883,19.48653715081951,0.4564038047537134,0.91194379878573,11.560823440551758,33.74648666381836,11.022544578875543,15.652425766124173,-0.9243861847424122,1.466897406221932,4.308849334716797,20.468854904174805,6.51919759084912,13.509259016685409,-0.9191751951656806,0.9243061681422806,-0.9059737920761108,15.639578819274902,2.25751999039009,9.885551648512113,-0.5945106021165235,1.6337950016478677,-2.6579861640930176,8.168634414672852,1.4897083882155577,8.674975452220663,-0.0918554014561083,1.271667978798538,-3.1831841468811035,6.339011192321777,-1.0918659719544554,9.810931168973317,-0.8301757461493353,0.7589171426961965,-6.6673994064331055,5.793641090393066,6.5825628113483985,7.22963205714053,-0.1350200647522774,1.2777568510543178,2.562835454940796,10.738419532775879,3.1735234020781715,6.548876837153306,-0.3344003941135236,1.2243046040194265,-0.4127618074417114,7.111816883087158,-0.6023911248485245,6.1256535523869236,-0.010598975046528495,1.187749116498452,-4.050823211669922,2.9385673999786377,-0.09549905663520346,5.95876087059702,-0.3279000170337701,0.9220916453464421,-3.438810348510742,3.636117935180664,721.226788584462,393.12668280363664,2.3699180229186387,7.527255483084787,493.1751892256892,816.5888373470676,1351.606740111034,1036.844356892514,2.050436780805253,4.207406405002839,726.5625,1515.625,0.03426835747744622,0.025296083220377588,3.0213749954913065,15.604854099200992,0.01806640625,0.0419921875,502.9943185795304,475.62422505741796,3.592538446002984,16.140989970602327,241.2023696899414,554.3700256347656,0.07202588080897757,0.06934112541200517,1.1545158248536653,0.6426238362246761,0.015181858092546463,0.11628832668066025,0.0,0.1468894505696328,13.34763204449847
44,1,-286.00749917994233,68.13440737957174,0.5249830101672772,-0.46919539556973566,-347.9361114501953,-236.77550506591797,140.89450171373807,25.95666226597407,-0.5130187635800151,1.3023672479667487,128.11463165283203,156.03512573242188,28.164428098653776,24.700802309498382,-0.8057110784666003,0.15386839001901587,12.452292442321777,47.92990684509277,30.733348408436335,21.297165783572105,0.6045654139916273,0.016381937302818006,15.568755626678467,44.96281051635742,10.911533161633695,19.00801444842596,-0.9794393397686454,0.7607560210512663,0.16769006103277206,24.091754913330078,9.348696459398461,13.89097098457362,-0.6698763792520361,0.2635217036988431,0.856485515832901,19.359137535095215,4.4136245717863245,10.162104999982372,-0.3406218855636113,0.720388322393275,-1.2905728816986084,10.706608772277832,5.317473743375843,9.215640633233305,0.25154061006991457,0.8108719699161453,-0.38270077109336853,10.521848678588867,0.6159966190615003,9.643961504121375,-0.6123668299790508,0.5640029049671824,-5.0142412185668945,7.140859603881836,7.937175933373585,8.203441499194186,-0.2719512763966581,1.1152479672549882,3.296412467956543,12.827701091766357,-0.3236601629034906,9.505839917615537,-0.6617176815717408,0.23482746496193307,-6.2133588790893555,6.452092170715332,0.24875606286392812,6.769329157701183,-0.0331398055944745,0.6692115755173225,-3.8179935216903687,4.340099096298218,3.166081398748382,7.2138069427978095,0.34182587381411683,0.6634799455326768,-1.4032127857208252,7.347912311553955,707.6866413741138,397.8569011359163,2.060274760709741,6.391679956455588,434.90515054024235,866.4307229520168,1357.6097246462632,1043.583028396468,1.7521440292946715,3.3950755423835126,640.625,1816.40625,0.03203971723454154,0.02676894288756857,3.1777904700463373,17.785841836437246,0.01513671875,0.0400390625,575.5180147842982,585.6292676596102,2.704049091160959,7.815910312497916,238.26600646972656,630.7650451660156,0.07865540762887335,0.06156190792753921,1.7399623055963735,4.054123708730583,0.03480173647403717,0.10160573944449425,0.0,0.18797474695385666,9.157125752624193
45,1,-261.9761718801264,67.16059441333724,0.1966313234595454,-0.6183775071675703,-315.37437438964844,-212.90794372558594,135.8628020668649,34.204665032751954,-0.8863337403471421,1.4819834663484315,119.3000259399414,158.20217895507812,32.70305506738399,27.080599849685875,-0.4800343493037792,0.06274080471724908,15.253800868988037,53.150346755981445,35.12373135261951,25.207228673679747,0.3939092266146401,-0.21788382067020118,17.047228813171387,51.898563385009766,-0.4521876849040297,18.19857424798228,-0.6134670591982921,0.2658745208837443,-12.084779262542725,13.411329746246338,1.9531178523194412,16.102674264831133,-0.46327535930221536,-0.13394843032497894,-8.928094863891602,14.285353660583496,-0.25189573401261794,11.83458338306705,-0.3095768053431288,0.27201292571471036,-7.670931816101074,7.801551580429077,-5.848577507012392,12.406985155272467,-0.2581643238935592,0.2619570487366407,-13.517085075378418,2.2986170053482056,-10.944637348480107,13.710658779295047,-0.40629743447042677,-0.2450689509034878,-20.24748420715332,-0.80567666888237,1.7279949457904975,8.672383696150263,0.12315947497809582,0.40314571352714523,-3.7609328031539917,7.093045234680176,-6.931617866671695,9.019663827675531,-0.49123638101886313,0.5558877010639289,-12.448801517486572,-0.7098888754844666,0.20245402326962939,8.450907493369268,0.29371335554964345,0.43248169743875575,-5.355721950531006,5.39975118637085,-0.8020923118861968,7.688535708265394,0.0118189738575365,0.4670102340013482,-5.64902925491333,4.06513237953186,887.3429061245407,538.6765830319581,2.4338675739225266,7.785758279616072,536.4657145607376,1036.2361064699458,1718.951315585222,1342.7848849847271,1.4521761408887643,1.677631880742629,695.3125,2476.5625,0.050713639494722136,0.034927243132759585,4.179282387660057,25.856254673152836,0.0341796875,0.0537109375,575.2480435205242,638.2028370629458,2.976920249899044,8.744033840788864,251.00190353393555,561.9279632568359,0.08272442210982571,0.05613553921129395,1.2502481967506585,1.7569341079577674,0.037016866728663445,0.11247703060507774,0.0,0.18956017570569253,9.536943904095377
46,1,-274.6157163345391,72.07188438169764,0.4625367156767735,-0.6003955540680685,-340.94273376464844,-220.39390563964844,131.00675190237104,30.45896523261307,-0.9933417166445251,2.873067727118655,116.84440612792969,150.49688720703125,34.92456416951746,26.071222208322446,-0.8139795658482134,0.336122389367953,18.853130340576172,54.55412292480469,35.92111768248756,23.730803443525502,0.8638742251616944,0.6395201329680646,20.224332809448242,48.868961334228516,12.238014807579793,17.877541226625937,-0.9263954974631531,0.7369766333722123,1.8303435444831848,25.157541275024414,9.159437487114092,15.18452258934452,-0.846148386142439,0.45402968007191147,0.02047255076467991,20.681020736694336,2.829260740354166,10.710000140646436,-0.6426836683382006,0.8047183419339916,-3.234693765640259,9.912413597106934,2.5567580535253738,10.665384914170842,-0.17109973583293003,1.1313097682386433,-3.0109472274780273,8.236303806304932,0.8619218575091488,11.231361892174311,-0.5926724816780248,0.26641175297657327,-6.269329786300659,8.89682674407959,5.533198852039246,9.555532499833612,-0.4952895536192094,0.7572482814204986,-0.013884030282497406,11.815931797027588,2.029548972882388,8.601480824445652,-0.14650650774834936,0.9455727652393424,-2.952516555786133,7.192160606384277,-2.715130443497056,7.6084029931316595,-0.3575403852402393,0.8834700110203282,-7.189368009567261,2.203401565551758,3.7977943327370602,7.181801375399136,0.051681598860305406,0.9024134189734934,-0.5165218412876129,7.998408079147339,757.5413644965647,505.2778597029337,2.66828097971994,9.689327538101805,434.3982502751844,899.3520356282571,1443.4885441420436,1227.2307571455458,1.756800492543393,2.8846613358720807,593.75,1929.6875,0.03560234329462404,0.03352518974740091,4.295069619343485,29.521755630044886,0.01708984375,0.04296875,541.5722872491409,569.7415190349875,2.990781975014403,9.941439249984667,222.3317413330078,577.0166320800781,0.0788975420891046,0.061378213720847175,1.8260932303728596,4.0767298700480925,0.035852156579494476,0.09919166192412376,0.0,0.20274253306717643,7.2558489807197715
47,1,-262.57188005506356,71.39924362941146,0.14856640788283335,-0.6345718621795018,-318.3419189453125,-210.67173767089844,125.17076069264462,28.898446073798496,-0.24914196778073266,-0.23363960982952126,104.30248260498047,146.78363037109375,22.072849510429553,29.8410775774375,-0.5125751990365021,-0.16302104978268428,2.0765037536621094,45.69773292541504,29.0479658137936,21.3781344205055,0.1294499173605652,0.24155556488873708,15.307991027832031,42.04143714904785,3.686541137607059,16.076834761925237,-0.7776382121854098,0.7185379927047966,-6.098664999008179,15.395147800445557,-3.6798178180131713,14.981993555087678,-0.6410785534215838,0.19855343804551495,-12.832991600036621,7.0459229946136475,-8.118411190807452,11.143239525505576,-0.3546878558408004,0.15366963543161027,-15.237340450286865,-0.37733425199985504,-7.436697045889055,11.891318749188526,-0.379024581725362,0.29723781300424257,-14.800863265991211,0.5727724730968475,-5.008204007775859,12.468308380630017,-0.5943826273141486,0.43902811141780784,-12.513481140136719,3.7181313037872314,0.8615764166565021,8.634015082444032,-0.03262277535821304,0.4149601135642822,-4.604016065597534,6.289546251296997,-4.607320861583067,8.684242457537893,-0.12293518262480838,0.22559456185720705,-10.249537467956543,1.3058254718780518,-3.6408610476962733,7.915674245387538,-0.19420404970334917,0.18394788055824973,-8.779367446899414,1.772348701953888,-0.5350548421371117,7.2186753983672425,-0.16464966168584347,0.7603080737781718,-5.067396402359009,4.176099538803101,896.3547346739792,417.20364051923787,1.8346595203140796,4.785651358996352,608.6194894779298,1052.706756361818,1720.2696017808557,1120.1659817251232,1.3900626956307227,1.929992742267408,843.75,2242.1875,0.05270031729223349,0.028040908645977497,2.477136260839211,9.50735678391493,0.03515625,0.060546875,652.0949787904373,616.5279190828019,2.4532157599768394,6.39663655371905,293.7498092651367,687.5622253417969,0.0753776145223625,0.06560096231897355,1.1693070829344352,1.2009891121410288,0.019825125113129616,0.11434140056371689,0.0,0.14742321461818853,12.002069969162244
48,1,-285.9675351498544,76.36664142274316,0.010245505448670223,-0.7664812487029753,-349.5923156738281,-228.57069396972656,123.1591213741292,39.66790125918226,-0.16086652950693922,-0.14828632310079026,95.4630126953125,154.351806640625,34.171433630654604,22.612244040632813,-0.6281532674876745,0.5910012164276908,20.545650482177734,50.35539627075195,31.489910072319052,18.885035568177397,0.4151650537362401,0.2365428732435637,18.695178985595703,42.697998046875,-0.6474133741427767,17.69020513603581,-0.8397354660938264,0.42698064500187405,-11.655445098876953,13.068984985351562,1.0157140848497124,15.465130523684282,-0.6605662823780092,0.33996263352516687,-9.20435905456543,12.456920623779297,-4.326828203372805,12.05433242944342,-0.6953266398820357,0.7397596743576798,-11.418041229248047,4.017804145812988,-5.3467642419737516,12.113284323278364,-0.6337339729814344,0.4760897029343787,-12.536554336547852,2.9641618728637695,-6.5374511099277255,12.650833310126416,-0.5262335888204765,-0.10783607765720271,-15.157596588134766,3.265187978744507,4.853649565840613,9.859423775899705,0.32477313977535616,1.2653807384641107,-1.2422112226486206,10.124075889587402,-2.7526107994832993,9.178212676418948,-0.508511589424811,0.17643847144707658,-8.703296661376953,4.013145923614502,-4.640829431397699,7.959520705559703,0.05467548303067001,0.6534932694394948,-9.730798721313477,0.23938071727752686,-2.813742147821224,7.150827078519281,-0.08220977753511559,0.7457749482800655,-7.086972713470459,1.5069317817687988,981.3496071179084,573.902013154726,1.862712144404654,4.116301509729964,590.8549516135663,1199.1240372140305,1871.2651265126512,1439.8865825692542,1.000946717597979,-0.1338656178724138,703.125,2851.5625,0.056756910066006604,0.0447070783676002,3.298435342544011,14.901626853005247,0.0322265625,0.06103515625,711.7705795328992,797.1934018158319,2.341129248412648,4.660347465641454,275.64137268066406,655.9983215332031,0.07333596508863932,0.06792291576290448,1.1664353914948473,1.1009561268485406,0.012279835529625416,0.11059477925300598,0.0,0.14953167260896824,11.57486361737093
49,1,-278.9628129299612,84.93578873109772,0.5390927436582725,-0.8052574176918523,-360.343994140625,-210.9929962158203,133.87324018947635,29.480374473326055,-0.3018214807022987,1.7139385842556258,119.98939514160156,151.82232666015625,34.30755322241695,31.95019043899325,-1.0024938617056367,0.6530446320346415,15.186275482177734,58.680049896240234,22.805897626086885,19.385572268985033,0.2663358855198933,1.3383956114208857,12.722021102905273,31.461406707763672,2.900813563688493,21.618810952246346,-0.7776064746954549,-0.0173021278905936,-12.346153259277344,20.163570404052734,9.697392012486878,14.4404309620378,-0.876280665525734,0.6838403156547486,1.51662015914917,19.496742248535156,-2.2236560451800864,11.807377780130462,-0.732658122014966,0.6479089524776782,-8.993139266967773,5.802816390991211,-1.7530575625007432,9.84985790630695,0.0028991879309450495,1.137978115873838,-6.844658851623535,3.4582107067108154,-0.14287726891427385,9.856041584797383,-0.4146516946774082,1.0781742640122376,-4.870082378387451,5.581791877746582,2.04623349622427,8.272509090903348,-0.13888896192002728,1.8781234367021975,-2.3993899822235107,6.742462635040283,-4.0044127666494065,7.965772629183333,-0.5036342270851959,1.0098913408675907,-8.505439758300781,1.1932027339935303,-5.972584189066106,7.0834083588577545,-0.41232729497074305,1.6753456143116372,-9.587775230407715,-1.7872846126556396,-1.1785959720682646,7.245931604259413,0.6049438555808547,1.1292332398546936,-5.878769874572754,2.7066988945007324,809.2237630706188,469.82162004770544,2.442887252469377,8.510899715396631,485.05474321513736,964.2748861764603,1499.7333541057476,1218.8002971888734,1.828545171034292,3.0064692233518295,671.875,1835.9375,0.045677551149573364,0.03187003561600019,3.662263813066964,23.213798205007855,0.025390625,0.0556640625,540.7442799092382,530.8275210688251,3.3164331108886316,13.20875791837232,249.8316192626953,602.6210327148438,0.07160887318615484,0.06966357905468477,1.512959827306954,2.064867607532916,0.02012365311384201,0.10718470811843872,0.0,0.15725797165814467,10.71936643263458
50,1,-262.85921032634,75.21911473901488,0.28492730723496357,-0.8638592772434603,-334.3105926513672,-205.33662033081055,135.39427895622995,30.527494021893357,-1.006444588850478,2.6110520911639945,123.79509735107422,153.4639549255371,37.113792820218684,25.061559737097028,-1.0479292076891848,1.5106641760553066,23.051785945892334,56.339789390563965,38.08242936609031,21.267290273907452,0.5645000133845532,0.045682317925300975,22.385435104370117,51.84556484222412,8.476715978201678,18.966920122196683,-0.9041341176105184,0.5506316591717733,-2.8291356563568115,22.453317165374756,5.887774064655281,15.220971840662676,-0.7500660073449472,0.23631237882132483,-3.522566318511963,17.85749626159668,-2.0522853753848973,12.0267486867,-0.6475183032853207,0.4829954274399353,-9.306551933288574,6.41341757774353,-1.4074278916460934,11.38620363391628,-0.29505497195692715,0.7426111380181992,-7.50470769405365,5.431501984596252,-6.778589514571756,10.568655809887556,-0.42400145342635215,-0.0005222274406575522,-13.931170225143433,0.9231303930282593,1.7922991769888703,10.05055416103691,0.4268445485059802,1.2611785276730618,-4.146317839622498,6.683977127075195,-1.2332485864747247,7.90153792326537,0.16626795956733784,0.9825381682577481,-5.915539741516113,3.27091521024704,0.8099035529551774,7.758276322266363,0.45068062113770235,0.685110682962506,-4.218292474746704,5.339210271835327,0.4940906985054139,8.396157241436017,0.4617073305064393,0.6576342393695294,-4.910554528236389,5.280623078346252,805.5657037437079,481.01163884471123,2.3205708081205243,7.279175029424232,473.47682714706525,958.5332565097407,1535.606496026132,1246.5286167641812,1.514211492975792,1.8227799855248579,601.5625,2117.1875,0.042873804166059834,0.029529009860909887,3.6318476178003385,22.14404065891717,0.02587890625,0.04931640625,511.4411520256385,558.1760874082036,3.6926910369680663,14.804376082258727,250.46400451660156,512.5050048828125,0.07859888238842508,0.061528144966953406,1.6832599565158877,3.0650355936789664,0.0335299763828516,0.10167560912668705,0.0,0.18279069700646552,6.79329106627536
51,1,-267.80561097410487,82.36326972059798,0.17977864279490405,-1.025220446966813,-345.32630920410156,-201.71815490722656,133.13025166941776,31.536218244314068,-0.43275615158371034,0.7688233043420722,112.74343872070312,157.18087768554688,22.71488969217462,34.05556428119259,-0.6535113428407185,-0.2084465221325562,-0.3685312271118164,50.88719940185547,27.07147221877439,21.010748005611728,0.27433622424447585,0.7416268345576968,14.25746774673462,37.990150451660156,-1.3818743255393262,23.873461615433193,-0.7723021023978954,0.4205497200005919,-16.68597412109375,18.367146492004395,-3.463903666919263,22.798772656830813,-0.36193434963811894,-0.7016146589190742,-21.442811012268066,16.042133331298828,-0.7259378915309894,14.662487355051272,-0.4997737234894603,0.333124734071911,-9.726505279541016,9.092847347259521,-1.1247552277461756,11.333103303932027,-0.39974579356770107,1.0254134442900202,-7.2230329513549805,5.608683824539185,-3.270543803046942,10.863816012466586,-0.258852544510979,0.7042139962230283,-9.547582149505615,3.3189940452575684,3.194039066171491,10.039742534390957,0.5253614355433363,0.9795565193579616,-3.067622184753418,8.632214069366455,-3.8677831285871953,9.457999422572884,-0.3128097572654377,1.1906138914924664,-8.977154731750488,1.7538003325462341,-3.0790460425296953,8.754499637775782,0.16858269718836316,0.7853948116296072,-8.253204345703125,1.950974702835083,-3.8063669662434263,8.117139881857316,-0.23432194691681504,1.0910741523261898,-8.300448894500732,1.0181180238723755,856.9213961639427,422.7225493553261,2.114460525920578,7.214110312923985,574.1174578677702,1012.5200860220676,1569.1975830515219,1085.883409105894,1.520165240259324,2.2916408042151772,781.25,2062.5,0.053662313351651086,0.029598587703823752,3.048492157493938,19.252565522483483,0.033203125,0.0654296875,636.7209122104395,599.5783526304839,2.75861593816154,8.559665544862021,295.6075439453125,719.4244995117188,0.07682275906492707,0.06400205115410952,1.1572604825144852,1.0054964933013357,0.023481297306716442,0.11809182167053223,0.0,0.1605768531663418,10.560120642826085
52,1,-274.7154527321768,68.37681582660213,0.12975889866292362,-0.5959054356035183,-328.56512451171875,-225.6328125,128.62779211600994,31.47702041314997,-0.6813466466811354,0.9629508719776552,108.03921508789062,151.48149871826172,31.409162273811198,27.640533159713844,-0.6381208426295913,0.350040331111519,14.00017261505127,52.526411056518555,43.73732678094646,22.431409687114645,0.2821748850261144,0.04582482067086824,28.66077709197998,58.385786056518555,5.53412405658303,19.23745868970671,-0.7300855826795791,0.3466412504376306,-6.128220558166504,19.95207405090332,-10.590841936239544,18.84090683163451,-0.24121034398165803,-0.7143250162009935,-24.64643955230713,5.17432975769043,-1.578319151845882,12.462793380176267,-0.11699847259159352,0.24078661441669524,-9.655881404876709,6.429436683654785,-7.04982903864598,11.69000450496389,-0.21829479456868353,0.1113289207418462,-14.687468528747559,0.9607232809066772,-17.146968284621288,14.020000396798652,-0.14365652518153205,-0.524761104602383,-27.285383224487305,-5.622491836547852,0.04850118368790999,10.650578600564824,0.5109700883739544,0.9167255958227654,-6.707708835601807,5.620539665222168,-4.81431145088105,9.760904566160145,-0.3560360432611729,0.597648196569124,-10.352270603179932,1.296948492527008,-3.699551740972472,9.154908259752736,0.3071914959752004,0.5813499664123079,-9.38821029663086,1.5360238552093506,-7.367284023323357,7.869168271651677,-0.27069921641913736,0.58870754432956,-11.961101055145264,-2.460021495819092,816.7102049330978,437.6238367653353,2.527199025515047,8.859142711736482,543.7909151287888,938.6729016387517,1519.3425098478817,1152.7404692080263,1.4861101276640165,2.0243465021756295,640.625,2148.4375,0.04700554663600553,0.02899547080617076,4.669836628458508,34.58494529914867,0.0322265625,0.052734375,546.5869603275537,598.4684210841658,3.356760801598298,11.629456567573108,270.8018569946289,524.4236602783203,0.08152292010469635,0.0579000982088841,1.0070452627986037,1.3711618442846758,0.03004004154354334,0.11585741490125656,0.0,0.16322257925002454,10.950373528384613
53,1,-263.3055473977984,67.11261287431718,0.5496747656724318,-0.15261206138952366,-320.36302185058594,-217.62421417236328,134.6057897715917,26.01172626136283,-0.41987049013416256,1.2861398057593094,120.47144317626953,151.57574462890625,31.85931860060137,27.28005426750198,-0.8706303546131676,0.5648881282496485,15.632692813873291,53.49923896789551,26.88544297565774,19.965148144647795,0.5202560411989058,0.3870908793527801,14.28998613357544,39.005598068237305,3.9898228286422834,15.420061073717378,-0.8861255723574079,0.8820906847440653,-5.3079705238342285,15.145951271057129,3.5645866382799585,14.245580770801379,-0.5853835989354355,0.0948677288236226,-5.587172031402588,14.18403434753418,-1.7170631355916082,10.70231139457263,-0.5949250856733699,0.5824640405284693,-7.88356876373291,5.4764087200164795,-1.6591091681453847,10.657594487842749,0.3233148270483451,0.7216847260614809,-8.251768589019775,4.484616279602051,-7.784957506055989,11.119769836669889,-0.6751742914134584,0.8057554386287058,-14.090673446655273,-0.3254505395889282,4.349417228955654,8.527884039570278,0.4169400791817897,0.7612036427035869,-1.0093715190887451,9.142512321472168,-0.9670462232014811,7.4000107504304244,-0.1447966749421447,0.49141346106870687,-5.610490560531616,3.878736972808838,-3.2923430197718804,7.032804325895384,-0.43542448391379296,1.3072227261715437,-7.380318880081177,1.1620259881019592,-0.9167316891684616,7.880598349435818,0.2533808260636431,0.9743344775518206,-5.818681955337524,3.611166834831238,814.7068824634671,422.9839666064803,2.2482930306777402,7.039852009210561,527.2330077945792,954.4891457509401,1548.8466580126246,1147.9744228062598,1.7154329813292282,2.793419537507015,734.375,2062.5,0.04679205880294238,0.026335405870948774,3.3510190725567166,18.077893640732203,0.03173828125,0.052734375,509.37171588623795,466.002214196254,3.4580222267010767,14.48306302365296,254.52823638916016,568.0273742675781,0.072596343765022,0.0681708579349174,2.0553079989469207,5.154978569787634,0.024799802340567112,0.08941580727696419,0.0,0.1704714682731521,9.720758348906461
54,1,-257.08311541889793,67.64697877508272,0.35361322187570754,-0.3523549975919318,-308.63836669921875,-210.11998748779297,137.8306135460197,27.182941163130945,-0.357563108690838,0.41717426488750364,118.40839004516602,157.6544189453125,17.470962412113174,26.577475689384755,-0.6108464673491073,0.14348443883905038,0.4259675592184067,37.89133834838867,26.832502578849304,20.197370985227195,0.3170972244319682,0.17653471835811985,13.1927809715271,39.789527893066406,8.077854718212189,17.261362957425188,-1.2839598169283921,2.147646970473331,-0.2432056963443756,20.010750770568848,-8.49125085510347,19.910853371216806,-0.49126315675693455,-0.39072490022045203,-22.40911102294922,7.815432071685791,-1.6746417245595133,11.509838041847352,-0.3490051150290866,0.4618187527967694,-8.681916236877441,5.996440410614014,-0.31386881314964915,9.629057881986713,0.19943595860542856,0.5429807847973218,-6.37080454826355,5.459202527999878,-12.695763128123316,12.22455762761721,-0.39571722038428736,-0.24277959232277313,-21.078572273254395,-3.2681214809417725,2.382467525462785,8.796387577959072,0.023112723268122828,0.7221145731342009,-3.0309900045394897,7.639894247055054,2.2334770480718675,8.253531606162104,0.047589007380295006,0.3369205883138586,-3.025908946990967,7.444103956222534,-3.435639520663742,7.7094310602637055,-0.10319759899222511,0.2762872132590548,-8.375008583068848,1.5431736707687378,-1.8950769363795592,7.13949957502594,-0.14591805544664144,0.6652333022791854,-6.2621965408325195,2.6633960008621216,855.4272505438053,354.1018820714913,2.0912617528134936,7.069284994142899,612.2887051823191,991.6715809932814,1642.7776651154848,944.9419925096981,1.5299128113734748,3.1110373786240997,937.5,2132.8125,0.05036636832653802,0.0239296418975507,2.8137064529535043,14.71728082171169,0.03564453125,0.05810546875,586.9791332052117,549.9777138564893,2.7506225098979695,8.303227383458427,273.85926055908203,629.1867980957031,0.07469275922239392,0.06631943797536723,1.7961537193241885,4.321275977505292,0.02400299906730652,0.10096823796629906,0.0,0.15684790944535185,10.268082754879611
55,1,-278.43954102218214,64.6982141855445,0.22166780597296495,-0.6904716175564927,-332.33209228515625,-230.47293090820312,136.74556328215613,29.722632807371163,-0.8384395783430335,1.833828934011625,123.7359619140625,156.6967010498047,36.56001489463159,22.81896621905348,-0.8545055255524409,0.958378547000978,23.70293426513672,53.589324951171875,34.75367414956246,22.26426405609452,0.7175481383798638,0.6461046801439583,19.597755432128906,47.37205505371094,4.216670432031073,17.699247781542212,-0.6303180114089469,-0.09015244804987033,-7.690305709838867,18.63013458251953,10.397809579591906,12.51655957584431,-0.5954462461662849,0.28004482433625455,2.522228717803955,19.376850128173828,2.525374867304214,10.967119516612172,-0.3441789172919417,0.7329154439946759,-4.02826452255249,9.48173713684082,-2.8260786635546387,11.914232263590616,-0.42584433949392303,0.7065065773485988,-9.341865539550781,4.3929266929626465,-2.0030690421484305,10.775788204439259,-0.476343067487607,0.09972785705263698,-8.726451873779297,5.393642425537109,6.135320750671936,10.770966223309038,0.2447899514338546,0.6530533740840894,-0.3513246774673462,11.895336151123047,2.109723037409798,9.378836710539055,0.2158613118231837,0.782318534152842,-3.41619873046875,7.081964015960693,-3.2997773217407795,7.436630831827567,-0.060058129675682054,0.8305665119578864,-7.816284656524658,1.182267189025879,-1.910355153331939,7.142482764121492,-0.2550030903115376,0.7148730495710138,-6.067632675170898,2.5484399795532227,777.6530137971203,470.03643305266843,2.6039609746777166,8.77588100959619,486.43869381884923,887.4364219147104,1491.8550392943735,1244.441506252424,1.770657296647868,2.76038919281792,648.4375,1953.125,0.03714648290537999,0.028945431544270674,3.573303703950653,18.03806105941163,0.021484375,0.0419921875,511.05664878185235,582.5054312923409,3.618045700946835,13.916405938960494,235.0179214477539,508.1493377685547,0.08172101246443927,0.05759862887344323,0.8875036331329256,0.96257228442159,0.02530956082046032,0.11890260130167007,0.0,0.16206607833152262,11.583811594970237
56,1,-251.42141180905645,68.19746398642265,0.368535732324025,-0.2673644825171393,-304.8107604980469,-204.04367065429688,136.66499415576783,31.159884817956456,-0.649204955641304,1.0315432738752568,120.52767181396484,156.55068969726562,26.516048743734817,27.00963369248988,-0.7320956364379131,0.782478370001209,11.557894706726074,45.19788360595703,25.999675979173922,21.15237746815066,0.36960804105663514,0.4142148970431907,12.095602035522461,38.79583740234375,-2.05492513580541,18.14477246529279,-0.7629667824869603,0.6269996230309456,-12.468643188476562,11.375783920288086,4.9595545037627025,14.637917361424336,-0.46986172735852005,0.6534275680244961,-3.5164356231689453,14.589824676513672,-6.216377534514194,12.56099225152959,-0.426623336219716,0.5288833530583599,-13.481642723083496,2.1338353157043457,-2.8008503850539346,11.070871095399978,-0.3705363376164692,0.7065395059648005,-9.193441390991211,4.259440898895264,-0.28520112062469566,11.367326824405374,-0.27983326048028667,0.5200052516119684,-7.326752185821533,7.1619062423706055,6.401983470452646,9.056622329907833,0.10912296996783762,0.722670920404429,0.7791755199432373,11.845024108886719,-1.4718268520860411,8.447423868695337,-0.32041537140265325,0.5910574128601436,-6.798348903656006,4.196781635284424,-1.841736710752012,8.279868885041898,-0.35070714810022446,0.853303313688909,-6.741270065307617,3.5120344161987305,-2.3944334428004366,7.452808044911357,-0.43200012039463637,0.9490960860119211,-6.822230339050293,2.498181104660034,939.1052316091884,486.8640780402819,2.32664041293561,7.7831986392928645,627.4368346170189,1083.131015784312,1838.4438731295857,1299.815578203794,1.4648062869189071,1.6761514220536657,859.375,2429.6875,0.05195147191309434,0.03241079817701944,3.7852470714635627,25.74968924548647,0.03271484375,0.0595703125,572.0081882865288,524.182075718679,3.1786717405121174,12.311581879731133,268.8417663574219,635.5473022460938,0.07689173587750876,0.06390146458041744,1.4260844603947271,1.9202817054697743,0.02645690180361271,0.10858365893363953,0.0,0.16086862848671996,10.144649580359983
57,1,-283.4851186001656,78.47265477854582,0.21286798671354332,-0.945537876227736,-355.92030334472656,-222.0049819946289,132.23596874004113,31.35083691551017,-0.09798634759612794,-0.066741160669467,108.92088317871094,156.44336700439453,27.48085409645232,30.793948761684142,-0.7480500048141682,0.14769231257684146,7.933995962142944,52.508710861206055,29.395537999361572,21.858947568172884,0.28846977287835723,0.4447752327352199,16.358466148376465,41.59006118774414,7.027785349373031,17.412073578865773,-0.9208963910731863,1.07094851626149,-3.5132864713668823,19.881267547607422,-3.141696302482303,19.724051386342104,-0.6219350055412879,-0.2765427401593392,-16.524486541748047,12.76559066772461,-6.842505325047303,14.05365734041549,-0.5248550473818401,0.04189290613496066,-16.12708854675293,3.588000774383545,-3.1545164475103964,11.084412843814107,-0.17804969603546886,0.4649025678952423,-9.773022651672363,3.6779946088790894,-3.88051126379644,11.382102735316193,-0.4247798388497221,0.08318493729628784,-11.382464408874512,3.9342583417892456,3.4463866979668896,9.627504323271017,0.06921607538243661,0.612484466285856,-2.320490837097168,9.035638332366943,-2.4847710509097882,8.959394445913562,-0.5264431912352754,0.5091289321091592,-7.853744029998779,3.7741098403930664,-3.015402062054493,9.089156747450852,-0.04902870607127765,0.8219713741897556,-8.514158248901367,2.5321816205978394,-1.8258366646580457,7.708395419556555,-0.26401400456259716,0.7752854803896905,-6.290870428085327,2.9351993799209595,795.4033062950147,408.5048911122472,2.3759186978340123,8.165840617800267,524.0244674171317,924.7593500329508,1459.7072012661567,1075.2389427861715,1.7968379059425796,3.310068269835787,695.3125,1851.5625,0.04523272120647586,0.028096073565612674,3.2836809317574747,18.610314817555086,0.02783203125,0.05419921875,521.010305763206,497.13692394147563,3.482013439441797,14.642182412088484,250.91570281982422,568.4537658691406,0.07579364403320732,0.06522462613062416,0.9873176715602848,0.44190735094351563,0.016794064082205296,0.11852577328681946,0.0,0.13832551741211338,11.998704300236371
58,1,-279.6465813278625,75.45604103042025,0.4882232159988191,-0.7164546823483637,-352.943115234375,-221.01937866210938,121.99128326142603,29.304849618179144,0.17254396766600966,0.07072820405001456,101.26630401611328,143.73912048339844,28.087345301684554,27.29297090162247,-0.9832377479766827,0.551286269368461,12.015945434570312,49.433109283447266,23.902523104851547,20.044942314255042,0.05092431639703336,1.0604157721209253,13.826109886169434,34.056053161621094,3.699085025624627,17.653611878738324,-0.991185814917209,0.7364278651318981,-7.108975887298584,16.769184112548828,3.21842986212594,16.283027553803592,-0.8474320571253934,0.376950463670632,-6.909299850463867,15.298881530761719,-1.269833751706239,11.634112042538202,-0.9189530327287847,0.995454938764575,-7.673454284667969,6.788325309753418,-3.6303468095429174,9.421263830734683,-0.18978588223357318,0.9481271186759406,-8.738321304321289,1.735232949256897,-4.6640444252852475,9.910201955196108,-0.6694079494868101,0.9096015762023888,-9.8493013381958,1.5209153890609741,1.026175302306746,7.30283128071772,-0.3026332021493187,1.1821101066833393,-3.101621627807617,5.484419822692871,-0.2250151927675668,7.51816704223769,-0.28657523850900507,1.208885348619254,-4.450899124145508,4.334103584289551,-3.9386254961867264,6.723734875176113,-0.19857169708330683,0.748609103378703,-7.899559497833252,0.2153504490852356,-3.093575960906185,6.535846797986742,-0.2888379717033093,1.4942355364930702,-6.594948768615723,0.6642833352088928,852.9298109799408,416.24390305710347,2.444914560518316,7.935301340648724,591.7754998743181,958.6890661045295,1612.1382649133263,1088.2032916954408,1.8487800224962618,3.5128182059734456,898.4375,1992.1875,0.04916371073765708,0.031016652058720687,3.32329375319234,17.541205874174477,0.0302734375,0.056640625,604.9816581627077,609.8232295810061,2.7856272114516987,8.24895850625549,267.8224182128906,625.1037902832031,0.07011234640932842,0.07120248567938696,1.33301302241728,1.657165483152923,0.01173259224742651,0.11296065151691437,0.0,0.14190783501140022,12.68591909088361
59,1,-277.298864698943,79.40298073292242,0.33486460650663463,-0.7746896699952588,-354.2281188964844,-218.1981201171875,126.95313902101427,31.301621936868898,-0.7627116487815634,2.347448482083524,113.1239013671875,146.20791625976562,37.09809443525852,31.59786333055238,-0.614017260570429,-0.030345604136172266,15.859670162200928,63.77497100830078,35.03120797197766,22.079627621718927,0.13746873956125655,0.5828817272087004,23.333155632019043,47.1961669921875,4.594128110391284,17.354576018413837,-0.7100567736200349,0.09957337272956046,-7.292968511581421,18.386146545410156,-2.3428468646210083,18.975080829485332,-0.68805963074557,-0.07394946794705648,-15.032988548278809,12.64985466003418,-0.3471150297163964,10.76199486632948,-0.46060961468425965,0.7737568971877238,-6.386955499649048,6.45648717880249,-3.761232128561321,10.392918501266301,-0.053061618817181314,1.0392603286528885,-9.401768684387207,1.954433262348175,-9.531685879595516,13.430959668804654,-0.7080276857211635,0.4049702679006897,-17.72610855102539,-0.19050687551498413,4.513314964308402,9.52740414495918,0.6533379024803082,1.4839334271902045,-1.1669836044311523,9.235411167144775,-4.880334158973684,9.120695144044648,-0.7124166889885407,1.0696668163945269,-10.053265571594238,1.307416319847107,-4.675778290000718,8.369126396096387,-0.1155936250870578,0.899489680153529,-9.457679271697998,0.1265583410859108,-8.56189491253586,7.992901894681151,-0.7364410690023183,1.2895539730213015,-12.89957857131958,-3.36465847492218,813.8012565704025,546.7527261866175,2.526672314685578,9.23572684674054,446.0767375027678,990.1514443761844,1527.4943902114483,1345.7298585458334,1.6015804668392124,2.2892319452044854,531.25,2242.1875,0.04023629344183965,0.030260400690133277,4.3893272722702275,31.84121948126964,0.0205078125,0.04833984375,558.4813178098663,576.3993564480122,3.0153797357996663,9.785827505688683,249.93059921264648,601.2753295898438,0.08412034721396063,0.05405649722012283,1.4014824827466428,2.2900396587127636,0.04405798576772213,0.1124802865087986,0.0,0.1940032514762405,9.038961195542067
60,1,-264.8702393218724,63.24039738607428,0.6194207744835842,-0.19980406983110566,-319.21722412109375,-221.3235626220703,136.9869105866708,27.134027374485616,-0.4015385286943598,1.7040096936364133,124.549560546875,152.763916015625,38.08976640764009,25.93399500046082,-0.9816218139816534,0.9418159612194614,24.086345672607422,58.041778564453125,28.3283103235778,18.291588488119622,-0.05084848455280806,1.0342719127776876,18.68480682373047,39.124534606933594,9.453288666946715,15.502147080118895,-1.0475166532022147,1.3615741760501665,0.6757051944732666,20.426916122436523,7.953409241592404,14.668427110722117,-0.8132669686155652,0.9918253324343378,-0.014867454767227173,18.032798767089844,1.572942192892249,10.27098072389754,-0.5105200219948326,0.8866552459140227,-4.2767181396484375,8.2225923538208,-2.1017450538852485,10.139281445675042,-0.12783161000650528,0.9338093437461596,-7.550937175750732,3.6832008361816406,-5.6745272775497835,10.149087369550113,-0.5096937914233785,1.1564689039881024,-11.122060775756836,0.5310245752334595,2.5884139153978536,7.508911185267584,0.3150822024690866,1.0154960139697202,-1.9717016220092773,6.6209235191345215,-2.9585079679878783,7.503133777540271,-0.5200271127315179,0.5071964564759441,-7.505031585693359,2.1834959983825684,-2.602228741445336,6.799434343335726,0.07747370322886542,1.0625538322877848,-6.668251991271973,1.3003679513931274,-2.6334102774927057,6.674820651205527,-0.0845451159136437,1.2824735940354453,-6.564598083496094,1.3953132629394531,747.7441964063152,391.156123532471,2.4107728710956224,8.729629490716766,481.99335130539646,879.398151276268,1372.4083786583788,1107.4930607466947,1.8706602830098795,3.459451127219644,609.375,1734.375,0.03653944796522922,0.02046186636430623,4.139728704313733,33.04223128247509,0.0244140625,0.04248046875,438.57824488692233,401.9156212640679,4.309189129335117,24.00415236018506,236.7419662475586,489.70689392089844,0.0787972171432335,0.06034095674337576,2.0094542971216787,5.128640435422872,0.03908098489046097,0.09936907887458801,0.0,0.2079141453273618,8.10914749304963
61,1,-283.75538663276865,76.13656831525087,0.5046553241371734,-0.7775663506675934,-356.6955871582031,-223.97551727294922,130.82500924705562,29.694488985550215,0.26257678653109157,-0.2996766672322537,108.60377883911133,154.53330993652344,29.42868292144382,27.29202845072934,-1.0907698056865847,1.003031070707813,14.864508152008057,50.2073860168457,22.398771368970614,20.320120024384277,0.21272279973193126,1.3986207717851746,12.29450273513794,32.59532928466797,5.3729080519667916,16.809566730824397,-1.095549272372264,1.5010300497819555,-3.5837268829345703,16.41215705871582,1.0358297108965397,15.713116575000539,-0.7088122648227069,-0.17449905757728512,-9.55975341796875,13.568259716033936,-1.7092121683477963,12.288326577828855,-0.8819282754234,0.6707907296105833,-8.672211647033691,6.875007629394531,-2.6499850612208506,9.525447210510027,-0.18299102243399304,1.5789288982353318,-7.3775036334991455,2.4362303018569946,-7.988479326074596,10.527075948528736,-0.7471419502816224,0.5183500580805691,-14.200092315673828,-0.7982057332992554,1.5636927169619945,8.530086509414973,0.15904716718081413,2.3617474668056344,-2.8164035081863403,5.964008808135986,3.9710236088374398,8.420636348988111,0.2427633239090642,1.4632016989800665,-0.6679987013339996,8.29485273361206,1.0288164309415662,6.920252873464777,0.08287164948934017,1.3307789602160112,-2.9416606426239014,4.8836119174957275,-3.5008032795411386,7.087933030887399,-0.8075054007289166,1.4234838411279789,-7.242647647857666,1.1110649704933167,774.1901336952335,348.8165834716517,2.150282475396636,6.886865465108626,543.68725922117,897.5954124412692,1401.7511655701235,924.3756121779031,1.818960428106513,3.642808945196812,773.4375,1742.1875,0.04447415481374544,0.024930610606145716,2.784596764925127,13.501304750272642,0.0283203125,0.05322265625,558.9326217758461,522.1140747028375,3.1166142181857124,11.191661181196947,270.4345016479492,579.276123046875,0.07107379665062147,0.07020906872246546,1.2049669810163823,1.2876924129175356,0.012491441331803799,0.1186985969543457,0.0,0.1380992682456637,11.765638243207245
62,1,-294.9230202831124,85.2189050648374,0.3421063743309059,-0.9087849379378725,-381.47098541259766,-227.18007278442383,123.24297553508977,32.28202521309365,-0.05911864874819776,0.8033450083173523,103.80999374389648,144.86975479125977,36.54290848372385,24.485671773448765,-0.8504146608773808,0.9808218808083304,22.922295093536377,53.269229888916016,23.776464481829223,19.917308420919934,0.45105008705232763,0.7795596585073272,12.560801029205322,33.6206693649292,-0.6553507064766221,19.93031865897605,-0.7961219931857824,0.2138114007294991,-14.161674499511719,15.397944450378418,6.171328717923995,14.41685684716886,-0.9287032993548202,0.8818617803378954,-2.177939236164093,16.223336219787598,-4.855743760732742,13.882437849681216,-0.7506555133019653,0.09496797672314061,-14.178093194961548,5.981467247009277,-4.843550445491137,12.11579656272741,-0.625889014220231,1.1341562598715198,-10.681138753890991,2.158518970012665,-5.056451491734333,11.00991811039298,-0.6001352590866792,0.864715364334665,-10.600659608840942,1.5383618772029877,-1.96845111693468,8.463904343052487,-0.495591475751935,0.8408129690132449,-6.733009576797485,3.542540490627289,1.5021972087139106,8.372469710635073,-0.16876613489833242,1.1749445938576866,-3.0916962027549744,6.283974885940552,0.8004535969070866,7.713885425261752,0.08129517450936974,1.5294807022592174,-3.51895934343338,5.015073776245117,-4.0807593573810665,8.390370355842704,-0.6648520189807933,1.300349245714254,-8.620062112808228,1.4715333878993988,873.6462818366177,510.8242672750043,2.687676114656109,9.022925790256304,569.4247244656555,967.2622630235229,1630.125801156024,1281.3968444710754,1.8203485010047618,2.779182734699855,804.6875,1960.9375,0.049712145992253855,0.04007286489993679,3.587367917984002,18.09568233890851,0.02783203125,0.0546875,612.4785802351147,664.540439169084,2.996438474444206,9.270723693742026,268.22021484375,599.9910278320312,0.07022499100141229,0.07117808714678785,1.2666076495134055,1.4436350942996627,0.010370493400841951,0.11303689144551754,0.0,0.13483101341711182,12.935494867577594
63,1,-277.9480878595072,59.51169493595967,0.7312985720903731,-0.2626071056671946,-331.25128173828125,-235.37598419189453,147.41374314611804,23.759222798984872,-0.16782060565060644,1.5948372435493212,134.44189453125,162.52422332763672,39.021929880731605,21.182828969406877,-0.9987822313172325,0.8085904378671844,27.18521785736084,54.872901916503906,28.8809568167842,16.54438616321216,0.5602653425972256,1.148413810859636,19.766124725341797,36.65061569213867,12.297318009655994,17.670971819572003,-1.196434478577504,1.0941706167643241,2.256872057914734,25.166802406311035,6.765679871531252,14.387729871609546,-1.0187506451211352,1.3514914564090548,-0.7240938246250153,16.185294151306152,-0.3745951911408623,8.9127415652262,-0.24934173288445138,1.3616504663538729,-5.018278360366821,4.67524266242981,-5.5458519207309385,8.368481572391909,-0.6122843247769137,1.6496420240833816,-9.54466199874878,-0.5269442200660706,-2.944116633378397,8.888269805953895,-0.4583586852009046,0.9912326391464163,-7.43223237991333,2.3530445098876953,0.9494105929788482,6.743807098345927,0.57343142604717,1.1065661052684366,-3.3739014863967896,4.601028203964233,-6.810783065895552,6.29922090257692,-0.281738409404028,0.8978946345339374,-10.35188627243042,-2.9723135232925415,-7.114197700027426,5.926360859059611,0.1671220280534957,0.916327675843462,-10.750649452209473,-3.599915623664856,-2.790996339609529,5.699360370234708,-0.013863481635209167,0.9544673521281797,-6.192726135253906,0.5949044823646545,625.2911023682445,287.10068865606945,3.0081077586666183,13.584422981456054,453.31758204053466,703.5111748206807,1032.4075253477354,840.4654946725763,2.811997661586832,9.222306960912155,570.3125,1093.75,0.03538089868229989,0.01492716847789707,4.589112963342773,36.949938745393396,0.02783203125,0.0380859375,384.14620187892035,316.3429282690327,6.210094478522384,53.72915349549089,225.5659294128418,432.3729782104492,0.07974890615634873,0.06021794438787149,1.572093861247523,2.9229865495460716,0.03531086631119251,0.1103803776204586,0.0,0.20891601171316082,8.327965517453892
64,1,-272.0866082478583,72.69736682446981,0.33548467208275506,-0.7161642630911014,-335.61322021484375,-218.60903930664062,127.35476185620148,29.583707590184506,-0.7109829662823485,1.9659659639844396,110.68060302734375,148.16409301757812,36.611663641067544,26.962169084120102,-1.0987603337723824,1.3630431511620902,21.936445236206055,56.71540832519531,40.49324571798509,22.047628268377004,0.4807434359108002,0.3103936986408278,24.69266128540039,54.41322708129883,2.1264319483145644,18.54723245152238,-0.9979094131837455,1.1004613553877158,-8.547128677368164,15.645673751831055,-0.3780516020480175,15.007924617459818,-0.42363716302692306,-0.1252837784473564,-10.620161056518555,11.211054801940918,-2.036437748016257,13.06932994184157,-0.6530478299434151,0.7109655745047689,-9.251476287841797,6.343991756439209,-11.640592282669386,12.00626154448447,-0.5151934548904137,0.5128569851579505,-19.143367767333984,-3.3707642555236816,-14.827787270539863,13.089667391463093,-0.34619329165906637,0.00030764640764324724,-23.728660583496094,-5.3679351806640625,-1.6890364143865204,10.303157476510174,-0.13265371273367454,1.0388159497963114,-7.315925598144531,4.015895843505859,2.6721780464388867,10.185145209297048,0.6205096682974852,1.0474945260613024,-3.723701000213623,7.966708660125732,-6.115281517180702,8.095917613368721,-0.2118346533871976,0.476149066964489,-11.154447555541992,-0.8647209405899048,-2.1037579653952885,7.96638610456597,-0.0493468181194692,1.2452585764450275,-6.50151252746582,2.412402868270874,812.8884445895624,460.4067140024506,2.8270120256969293,11.10456452560513,524.0742047373149,934.2996985010096,1485.7668039319872,1170.758113671376,1.6723711683242446,2.7602865689192324,625.0,2078.125,0.04835379167773645,0.033601859307885826,4.8219729221850045,35.38980676645053,0.03173828125,0.052734375,559.5635699803298,636.9565888727858,3.310477024237319,11.055094954791649,261.9832305908203,520.4765625,0.07753946512357572,0.06311393277075807,1.2007223191424408,1.3876474145195505,0.022715842351317406,0.11471080780029297,0.0,0.16666161257821097,9.543144211863215
65,1,-268.97359616207103,66.82405544176835,0.5251275658165668,-0.5650475766879421,-332.7315673828125,-218.58607864379883,141.67684907814504,23.935765467852296,-0.6068230882022498,2.3047907462300596,131.68892288208008,155.34123611450195,34.229019833579216,25.656149601767375,-0.670435431260679,-0.1473572789792934,16.96000337600708,55.78769016265869,27.91290824355924,17.86670355640063,0.3555299146550718,0.7972714465421173,17.912287712097168,37.45146465301514,11.838283579770389,15.983708044981862,-0.9340827600588032,0.7409619619742362,1.928230494260788,23.699729919433594,10.995810627376963,14.829981678309299,-0.8342008233323792,0.39625993370562673,1.7754072844982147,21.93799114227295,6.308509318563241,11.489382605411807,-0.8309196581410058,1.3804440510919278,1.1505753099918365,13.148371696472168,4.4143352544959225,9.70935249258512,0.5335932730748546,1.463219383614791,-1.2610758543014526,9.233662366867065,-3.640422060783951,9.916697611707542,-0.7988267933779454,1.0715931560183645,-9.078657627105713,2.909787595272064,2.180758161647654,7.611249099351503,-0.32964777809001466,0.8452713316530858,-1.995236098766327,6.751575708389282,0.9620862030859085,6.947310769153351,-0.31838642504213904,1.0980052650472505,-2.9246596693992615,5.163628816604614,-1.802239919393087,6.85676699497897,-0.33265840272759656,0.8572271585322224,-5.598745942115784,2.5074700713157654,-1.1346207306548188,6.277264768039896,-0.11298796640323262,0.9899973099232362,-4.8011088371276855,2.696092426776886,681.0949930488525,375.81257734729155,2.590726461315831,9.75768150676228,426.1940447880221,807.50824103374,1256.0890524889107,1066.342176100897,2.3215903831327798,6.068047455011149,570.3125,1531.25,0.034446353075714635,0.020442320512469605,3.0328681018224675,17.053061407523966,0.0205078125,0.0419921875,428.15517226563355,392.9766406753653,3.682115778405054,18.16239778894313,209.4907569885254,486.41175079345703,0.07914043584064626,0.06089532663182118,1.7558900162917503,3.3591813669493398,0.03711536526679993,0.10544201359152794,0.0,0.20388664054667552,8.118560897155952
66,1,-257.79399349132234,71.94723564671348,0.2559785439606451,-0.5391713082805398,-315.9515380859375,-205.7146453857422,125.50522789221564,33.47786478660515,-0.710367993595603,1.3012861652202599,108.29828643798828,148.68521118164062,28.66071598062171,25.343371028570047,-0.6469265146309051,0.33952401344176497,12.42520809173584,48.50534439086914,32.39906429465467,22.151398853556348,0.11180581240078136,-0.26281175912018906,17.25760269165039,48.232940673828125,3.4264057684394205,19.49693515842138,-1.0018381685089053,1.0761426053433203,-7.408770561218262,17.347660064697266,-1.7425594769840516,18.65873738273772,-0.4414320962486661,-0.022960121258262856,-13.725133895874023,12.640844345092773,-3.554885519940266,13.158751340403192,-0.525610016935195,0.014565471465545876,-12.135299682617188,6.152046203613281,2.7757120361686343,11.946134851434522,-0.1610889661300098,0.5608079977718301,-4.345676898956299,10.33132553100586,-6.609002121056403,12.662600497652328,-0.3219926814741641,0.053742094757005976,-15.12595272064209,2.379204750061035,6.008569316482305,9.034001351565532,0.17804018938154034,0.6167662109973251,0.404771089553833,11.414474487304688,1.5747745217795723,8.197297982813618,-0.18551394903250246,0.4190184495638438,-3.60526704788208,6.926618576049805,-0.3488156116495298,7.615109765975768,-0.2674180295792753,0.29606729567191037,-5.168186664581299,4.733434677124023,1.154186096710901,7.372965988537031,-0.3106959365864102,0.6432836578623928,-3.268110990524292,5.940079212188721,960.0244972388514,542.5892419545564,2.2219757555185455,6.447814210123614,607.0394139551017,1119.7241699936117,1838.5639807980178,1300.501066605035,1.303039746113286,1.14225317672489,812.5,2492.1875,0.05331268570465338,0.03867797582799009,3.140725264226681,15.722446811808773,0.03125,0.0625,678.7999423841214,705.1254340919199,2.4015145224327403,5.447526066832465,282.1764907836914,684.5024108886719,0.07770807579633643,0.06290702789598251,1.2331706469448516,1.3637987991408238,0.02684004232287407,0.11148621886968613,0.0,0.1720233835695293,9.392936427746703
67,1,-287.2053991706158,81.20811074277927,0.3324090744624596,-0.9200806891775257,-369.61688232421875,-223.93934631347656,117.49993992001076,34.688061862285025,-0.14493513868809768,0.10700643744452876,91.27597045898438,144.8131561279297,35.750120323940386,28.877336707509016,-0.9721776725838434,0.7074000614601177,18.659873962402344,57.56301498413086,30.622171700270982,21.695560841253695,0.04430201377977143,0.7603356701850195,18.580482482910156,40.76450729370117,4.366800388927871,18.370665849860156,-0.9539333554173846,0.6738195651687682,-7.292852401733398,18.73265266418457,-1.3272109106286099,18.12554733181526,-0.6692651806683402,-0.174946661708125,-14.36482048034668,12.7578706741333,-4.888866795976912,14.868142491101022,-0.6710567304148837,-0.07364906272731009,-15.092777252197266,6.5785746574401855,-1.5741374540820103,9.745821082760598,-0.5001556297676625,0.8363601457632517,-7.149684906005859,4.4566473960876465,-2.4292957989352226,10.296975612798752,-0.4513692366728443,0.3459087672899308,-8.921642303466797,4.180897235870361,-0.10423753310834943,9.741253776534553,-0.6297793109786362,1.0143145720381623,-5.075996398925781,5.758064270019531,0.006027583471929738,7.991513646763204,-0.3237185780819553,0.9548237305183771,-4.488794803619385,4.768271446228027,-0.47699494291392264,7.644483431714464,0.026731456836566362,1.3299227758430519,-4.685621738433838,3.6211600303649902,-4.530718407447977,7.284070623746857,-0.5390874027361199,1.0754751464855028,-8.396263122558594,-0.05173075199127197,814.2832578843278,499.50017234946534,2.7520386327257396,9.663980254837087,504.96827139521355,926.1964599247366,1458.8575111138553,1203.901302339991,1.8585947446349085,3.108758961388146,648.4375,1843.75,0.04840153915318597,0.03911574515542431,4.015686521731824,24.769706446351126,0.025390625,0.05615234375,642.4873719327635,737.3251337713854,2.7707746725747056,7.3446931845147265,257.93255615234375,624.3667602539062,0.07302428467984011,0.06828152325863321,1.1420888685378543,1.0895174318289236,0.013153941370546818,0.11733872443437576,0.0,0.1439114243683431,12.232124437127275
68,1,-265.228164722412,71.91591603365003,0.24651229161645685,-0.7174914707769635,-327.5368347167969,-211.89855194091797,132.90607446937133,32.38073944489757,-0.7332396966742146,1.5846352663074699,117.87999725341797,152.1343231201172,38.899155530302025,28.544909401925384,-0.8376172339441046,0.5530044730050232,21.781064987182617,61.12672424316406,41.87329607945692,24.361011830136135,0.24785096224090003,-0.2316931377556406,25.053757667541504,58.6287956237793,0.8860779515905723,18.772251830698924,-0.4712868792831375,-0.2000262420547907,-11.900760650634766,15.88318920135498,5.497611884580168,14.827186187815764,-0.5645235748871957,0.22639354497369446,-3.88114070892334,16.436296463012695,2.624114391946701,12.967209431611755,-0.36940289097843154,0.32111739118356564,-5.242678880691528,11.01742696762085,-7.001005681440761,14.25615759926078,-0.512448086577526,0.37045408928381063,-15.476934432983398,2.197392225265503,-5.618740203698877,11.56282463039596,-0.41782310310884485,0.21930458424275256,-12.741504669189453,2.019730806350708,3.5397382302115528,9.930281183320204,0.29355616880560353,0.6759050555009738,-2.6416232585906982,9.231662273406982,-3.3114758916017815,9.905769791322712,-0.37504471329522543,0.32248463776277925,-9.571476936340332,3.612471580505371,-2.017399155180234,8.25222830988063,-0.07370054721737683,0.3938581919420834,-7.28100323677063,3.181298851966858,-4.883096533236875,7.56096323721322,-0.42780702239201457,0.8035072356237167,-9.303252696990967,0.018901079893112183,821.8950848513073,488.2686256420937,1.877110113826122,4.715810883326844,466.9292557185694,997.7978642613091,1630.953249113674,1296.773083312332,1.1878609387210963,0.7964935155186996,570.3125,2492.1875,0.04197809761785891,0.028313750096136577,3.5966148948302954,23.97075755100237,0.0244140625,0.048828125,526.6881205858684,623.8911609469658,3.2831747170443024,10.709097015997546,233.62742614746094,520.7021484375,0.08159065922703078,0.0577927537933206,1.4739643759238803,1.8861784442406746,0.038669465109705925,0.10809414461255074,0.0,0.1946495935372166,8.272628634651124
69,1,-279.499973533527,87.59804163101701,0.05681229176172058,-1.1462795820170824,-365.5849304199219,-207.91461563110352,125.67038950713366,33.87477210596862,0.05880610260945253,-0.365922306044395,99.15743827819824,152.348876953125,25.926139241415676,33.236074572785064,-0.6654142840325807,-0.2802941129350356,3.1836512684822083,54.19940185546875,28.00257811287046,23.721533154924806,0.0892310842468591,0.24852505162120808,12.962250232696533,40.34235763549805,-6.0904923984191,25.34530692676037,-0.5156907007462562,-0.3546232171283319,-24.37187147140503,17.458208560943604,0.49628611785619875,19.275030998023585,-0.5433866392981526,-0.4895225464823514,-13.721294164657593,16.28170871734619,-6.894604469645316,15.713990061878778,-0.5707715333625023,-0.3234936208423669,-18.13407039642334,6.096673965454102,-5.7661174058597675,10.64725353027173,-0.37962163031421275,0.558363103898369,-12.320711612701416,1.1302648484706879,-1.6897670607030406,10.94558787996297,-0.42345269945978464,0.42545343275139214,-8.025442600250244,5.244239926338196,-0.12058040174630884,9.758843017443095,-0.43904482191004607,0.6347723746762388,-5.975497364997864,6.110620498657227,4.840903266999282,8.713339669420868,0.3540904531704433,1.3942709594885576,-0.27615316957235336,9.301849365234375,-2.756974206653803,8.43877137565338,-0.5303608642452553,0.6175162034765571,-7.58305025100708,2.676107883453369,-5.348193669341413,7.398374398430863,-0.3709099163337782,0.987997785560935,-9.48869013786316,-0.8150935769081116,872.8613753900648,437.7898871890103,2.362840151984093,8.363450678039833,587.2008739923599,1023.9467862552474,1623.3293474116274,1155.1723451225728,1.5852934995675931,2.4713567919762243,765.625,2132.8125,0.05473551330073569,0.03474739692977297,3.1858690511627747,18.857810847427473,0.03076171875,0.06640625,604.6804179746916,598.4403010941721,3.283999061650978,12.507839236064537,267.3089904785156,671.7083740234375,0.07549111329545226,0.06557979397911644,0.9153113393539117,0.3338080583451055,0.014063572976738214,0.11969509720802307,0.0,0.1371482661798729,12.373563296305852
70,1,-273.4879866487012,80.82183071659117,0.4529854996128514,-0.9300048641608831,-352.6150817871094,-207.65446090698242,129.60111522504516,25.87599877158935,-0.7838924279387908,2.8596220708274647,118.91775321960449,143.18692016601562,37.15793135341072,28.103823991875657,-0.636468860540598,-0.15876655850722132,17.92045831680298,61.66839122772217,36.97695176470221,20.298613743173448,0.6233445306742351,1.2643546654999094,25.538228511810303,46.17675590515137,12.630026798115612,18.334865013157398,-1.1755137422610678,1.5927493207069965,2.3239338397979736,25.82402992248535,12.720210314210979,13.887576587380414,-0.6245795508375412,0.3726580481135473,3.847732186317444,22.36268901824951,6.231453877602877,11.995383949528659,-0.9643167226819062,2.1265889949487917,1.4486413300037384,13.106698513031006,3.053942320656911,8.606929152502454,-0.2590115275150807,1.407315994497476,-1.397065281867981,7.884443521499634,-2.0010463319665845,10.674329150481755,-0.7998490617469979,0.5665250998763716,-8.084954977035522,5.347314715385437,6.686739276302588,8.909389624372116,0.3316599444407614,1.7495789980831198,1.7858182191848755,11.156993627548218,1.1824764111127086,7.786315543459169,-0.5890683011476898,0.6378308026882427,-3.1447393894195557,6.415271997451782,-0.43775544338284794,7.842723812430142,-0.34089761646302996,1.385898444949226,-4.360389471054077,4.089008212089539,-2.054753250387463,7.308711564347076,-0.2470775915588053,1.172287110908429,-5.9441810846328735,2.195454955101013,713.0256512596179,448.6593151980431,1.9993326152071647,5.593554160573149,389.1659661725008,889.9444441857682,1352.326360314288,1162.1406047790724,1.5152564447314831,2.023577647748936,476.5625,1937.5,0.03351385465039384,0.027697972225458653,3.526297440666206,20.2631026944416,0.01708984375,0.0400390625,567.8217936400243,672.5522177342594,2.8807169573692497,8.298911040905248,216.8452033996582,568.4198913574219,0.08067857200253992,0.05898166552878429,1.4796416401098136,2.6117569339237354,0.03812962956726551,0.11244015209376812,0.0,0.19191127939370764,7.859842727909634
71,1,-270.5432075599442,76.86257467180333,0.177247239811243,-0.927356391420068,-341.0895538330078,-210.8741226196289,125.58566627854741,32.656886774356536,-0.5291358025927421,0.9330259456526324,104.72626113891602,150.14894104003906,31.58004327210594,29.822931653874978,-0.6140061921656358,-0.14204188291849196,10.906596183776855,57.0266056060791,34.84926245336871,23.04507132581828,0.39944349182267164,0.40314156827435044,20.814109802246094,47.16497802734375,3.858730743338265,19.121777500930463,-0.8598937350115721,0.7235578309127657,-8.053531646728516,18.21060562133789,-1.0156010144273728,15.834864371561272,-0.5342923762257538,-0.18643278403246466,-11.708816051483154,11.525014400482178,1.5873062079105997,12.542180725811374,-0.5583055287175396,0.44087964249044864,-5.695773124694824,9.695442199707031,-2.295949884264969,11.004733060968741,-0.38956615612109297,0.4581283825973519,-9.012745380401611,4.840243577957153,-7.18673516155143,11.717430154585657,-0.4284804248047944,-0.3784699655466266,-15.610651016235352,2.101680636405945,1.4430344625500489,9.827530383116606,-0.33844059517899594,0.8238671483724183,-4.113378286361694,7.414660215377808,-0.45665941518185166,8.357118394119489,-0.17572555173482782,0.6969655681440381,-5.653545379638672,4.968028783798218,-1.5829359468982522,8.347000919160514,-0.12460491200633517,0.46581548676221773,-6.679858684539795,3.5406774282455444,-1.253566364879436,7.7194954178587585,-0.1747768621237466,1.2834581278559698,-5.525942802429199,3.2223310470581055,799.4786249037127,481.05789305356296,2.4717189422471106,7.9890380952854265,484.0016695091854,933.4499681966206,1501.1493404213427,1185.354776136964,1.7064876230151376,2.8520735135187003,625.0,2023.4375,0.0446320980077279,0.03278718984095563,3.3655392265129236,17.66818365235901,0.02392578125,0.05224609375,599.4306671428749,661.8481509346533,2.874146278863972,8.344453692987276,240.19313049316406,607.8843231201172,0.07983494362232575,0.06019397780983393,0.9576986480093733,0.7607829928472576,0.023196550086140633,0.11907815933227539,0.0,0.1611938253090124,11.381491498457638
72,1,-268.41028187596754,79.33701289846364,0.4997113514465502,-0.7270218513470588,-342.7476501464844,-206.84988403320312,127.54995913704963,30.566751582048656,-0.85443265805477,3.063051263015007,115.92910766601562,144.45249938964844,40.83874829466182,27.186299086959302,-1.1730429177914117,1.4544544083005944,27.482736587524414,60.72674560546875,32.16257920014452,21.518489854146644,0.5968017945874474,0.7356463486692735,19.61481475830078,43.511924743652344,1.7575988914052325,19.75535089463557,-1.107919456368807,1.0751567779561038,-9.664658546447754,16.457523345947266,8.460933564093187,14.439461610101791,-0.8225397511815925,0.9963391530895302,0.8723783493041992,17.520980834960938,1.6674807065732624,11.253994842961184,-0.7401775502401657,0.9134389319059131,-4.535511493682861,9.040603637695312,-4.674454307965635,10.883755212811588,-0.6886308995051537,0.8578089867453782,-10.880946159362793,2.4007327556610107,-1.2785201091720504,10.654786077058919,-0.642771201618658,0.6604956708434857,-7.4849853515625,5.574533939361572,3.0447848477333737,9.265354300555483,-0.1927959623932432,0.9424905915998045,-2.3611316680908203,8.627022743225098,-0.9607755682027426,8.810371222700722,-0.5329195531411033,0.6027483731939705,-6.086925506591797,5.001348495483398,-5.151052586448045,7.994272936786908,-0.49266774853060075,0.36195374242643696,-10.214847564697266,0.43697258830070496,-1.6546652289155404,7.243541376567526,-0.20601915920587371,1.1843860894220812,-5.580460548400879,2.5561251640319824,844.4635858420718,531.842768411314,2.522268501118373,8.675995005906293,484.99427971703324,1010.1733427647392,1622.3791632574482,1326.8171114447364,1.531918580174887,1.8899330100248797,640.625,2335.9375,0.04430090683959426,0.036426767968755845,4.273335110012311,29.15008884895866,0.02392578125,0.05078125,536.9095273562577,637.1449185332232,3.4836590259787195,12.578933791988884,233.7310028076172,525.541748046875,0.07509943917729141,0.06592814521718664,1.6296213154300037,2.854424841251423,0.024750983342528343,0.10462456941604614,0.0,0.15864764054649236,9.004726283520062
73,1,-268.30425631558546,81.2786796807713,0.26120416477135855,-0.8922010964453837,-345.2044982910156,-205.0215835571289,128.5414606569673,33.73796517750203,-0.8444520284488081,2.1788997279497435,113.24312591552734,150.9900894165039,34.280905393110864,29.7292386767372,-0.5233255594464029,-0.08426883216740055,14.237196922302246,58.90747261047363,29.187283167167454,21.58619590006694,0.557648253837716,0.6857459792241221,16.24451732635498,40.006866455078125,1.1904136252133657,19.039646527706044,-0.7750759189950577,0.3138950998224175,-11.298907279968262,16.093706130981445,1.8763579031188933,17.547508632153722,-0.7734203296984157,0.37336850159627444,-8.948989391326904,15.015983581542969,-1.5222664842768532,12.734413533761309,-0.6665438669949948,0.3428076881486519,-9.517563343048096,7.758785724639893,-1.8688566317761974,11.59352965501579,-0.36574005878180266,0.5343669026305027,-8.49666166305542,5.078162670135498,-0.8405035382835617,11.290169245238415,-0.5064598303568506,0.4872170996809362,-7.4633331298828125,6.357965469360352,7.1424993382109525,9.54086773892562,0.38415121636024263,1.4621282978001373,1.7179241180419922,12.016150951385498,-1.752751960068887,9.180963348667076,-0.32755576532800956,0.31910565827481774,-7.774298906326294,4.714230537414551,-3.857179936819684,8.403376081638966,-0.15400165795424567,0.46573084700726364,-9.277097225189209,1.6785622835159302,-3.337712226749812,8.046320532353517,-0.23271542078068486,0.7607587240073705,-7.866854190826416,1.5630370378494263,892.9315143236241,587.4324854961438,2.8069503211685958,10.573039301292606,528.9652270871239,1033.6146093077778,1681.8261490521943,1354.6597652005182,1.6711909792308284,2.4754066035916216,710.9375,2257.8125,0.05065678963256297,0.04687147197076896,4.694961614221055,30.670341583899585,0.0263671875,0.05712890625,560.979985905179,589.7636969611859,3.299033595617339,12.060313530366015,236.73526000976562,618.9700927734375,0.07693340954051811,0.0638424230592624,1.267016762063252,1.3496765441521719,0.023822755552828312,0.11321509256958961,0.0,0.16422406011452229,10.417630838221262
74,1,-305.0604993812007,83.3338225650016,0.8490471223366387,-0.4367946949457573,-375.5051574707031,-239.24403381347656,130.36320178830883,25.64456703708844,0.5096894605709786,1.1834396000985388,116.24192810058594,143.26849365234375,42.19520291583404,29.105998126941323,-1.1830487603657427,0.8588315028430205,24.87433624267578,64.49134826660156,27.82195218120578,17.75666191256386,-0.6778429490594524,2.3584696677381256,22.03449249267578,36.19500732421875,12.590519636062128,17.790009473809185,-1.3286866428845412,1.601479060341715,3.167757272720337,24.86819839477539,13.036107096772819,11.223525212988802,-0.8378040924525766,1.6894668461605695,8.521479606628418,19.598772048950195,-1.1409634557005814,11.05330955043452,-1.2316423580906497,2.08764575845703,-5.63157320022583,5.751879692077637,-0.9757920620931463,9.442129827229495,-0.18702425847193183,2.020618495731205,-5.363523006439209,3.5917811393737793,2.421302783347746,8.175212112226072,-0.8551495817972345,1.813332154785364,-0.9669910073280334,7.333502769470215,5.218300096015289,7.15232485570949,-0.859026933935236,1.156397821455684,1.5572586059570312,10.036521911621094,-1.1417866790760511,8.418484512793487,-0.9457180607343773,0.6357414728747015,-5.793797492980957,5.000227451324463,-2.44583218176113,6.066582190816687,-0.38260717751499174,1.4141436292256637,-5.521447658538818,1.1977179050445557,-2.802846596976381,6.145067562830596,-0.4569314502213385,2.3964523474483954,-5.7256364822387695,0.595300018787384,631.8441243089073,363.9357216924431,2.111345454919552,6.082743052411736,374.8368527080812,779.7084436002251,1086.6534192099086,984.845868245241,2.211800859363641,5.067844435930056,484.375,1312.5,0.03268725366560755,0.019975532139548554,2.3136287686449837,7.946066986979659,0.01953125,0.041015625,447.9993135347679,398.09883843918834,3.2267407764996645,15.083762839200393,210.5899200439453,525.5117797851562,0.07004593677194827,0.071261331077636,1.6885411164460862,2.112589345798317,0.025076523423194885,0.09335041791200638,0.0,0.1631598192806175,11.199608021352908
75,1,-284.669653639151,64.346656914079,0.6341047173413276,0.1035480094626009,-337.43514251708984,-242.34815979003906,138.3274794256309,31.086773665602493,-0.5514414172243353,1.1594032811743125,121.53236770629883,160.10936737060547,42.95484464145445,25.583044665964987,-0.8669389230571843,0.7081523016837399,27.633516311645508,62.007460594177246,26.57814516410173,19.04326358241121,0.1665248573520708,0.36686658474241307,15.132983684539795,37.589945793151855,6.712763110769625,15.253764269616132,-0.8612029375294797,0.7046297201341583,-2.361516058444977,17.367403030395508,3.6671679273394,15.97578271363529,-0.7446194008723226,0.6528623438870151,-5.508399963378906,14.455414056777954,-0.18419103102838227,11.432484007514303,-0.46459163333951786,1.1748997795593343,-6.631730675697327,6.842978239059448,-2.435828392607661,9.90045438351275,-0.058972721996036134,0.723938854526077,-8.254762887954712,3.233064293861389,-1.3645965900249746,10.80143256313638,-0.4547742648964641,0.5338164275716832,-7.793827414512634,5.766980886459351,9.453343326010897,8.281339053886555,0.014197769803434892,0.5709530489379668,4.413161873817444,14.488721370697021,-1.4257439714559257,8.80696613667484,-0.4464446856788731,0.2895176349593287,-7.116641998291016,4.989748239517212,-5.915341128125074,8.73185213333423,-0.36320640854151187,0.03251444581719687,-11.749619483947754,0.3589188978075981,-3.9489647383795172,7.5488229526617845,-0.12740837628408233,0.6230322709298366,-8.511307001113892,0.7060919404029846,746.5411646602005,485.5550758995155,2.551565073716053,7.96296000015302,446.38344851081604,840.3455067586085,1376.2602634169084,1296.4706640995878,2.0444920044563712,3.6792309321426906,593.75,1570.3125,0.03959292156094592,0.028580919126055773,4.212977941628065,26.829907300483217,0.0244140625,0.04296875,496.69455902272534,527.9414768154285,3.920293230727042,17.23717175817643,236.2537384033203,543.8188629150391,0.07467689255149815,0.06640827329218187,1.7636167388781603,3.2478593067591586,0.026626456528902054,0.0985904149711132,0.0,0.18079472380767567,9.464083248892797
76,1,-269.4495325364925,73.38468549602379,0.31872338101780745,-0.919409089081507,-342.06622314453125,-211.15138244628906,135.15308317172696,28.88236313403982,-0.3612020864596668,1.245589245402459,120.99253845214844,154.31915283203125,25.41080857273971,27.258459740971706,-1.0383067816152467,1.0272642926365076,10.273122787475586,46.33549880981445,29.061524346459002,22.499363872462652,0.6695599433468349,0.5490199467010988,13.837535858154297,42.0659294128418,1.3597096239344215,16.95961911458923,-0.7550019605713092,0.3101254268576059,-10.021232604980469,14.122081756591797,4.882698936086135,15.082964334117076,-0.6884718722045842,-0.07472944878918142,-5.509658336639404,16.308752059936523,3.482292275776586,12.439786294587458,-0.6178257734471807,1.0303073585371685,-2.7726736068725586,10.86107063293457,-4.542306075929708,11.761165164049057,-0.45138542311239416,0.6246729549804817,-11.206997871398926,2.6095938682556152,-2.934822866822638,10.686292970729458,-0.5096183512936551,0.06492363009020519,-10.083953857421875,4.717039585113525,4.861468358726041,8.821612449110193,-0.45275239537807055,0.8969049365509982,-0.06137120723724365,10.414546966552734,-0.5186451977602469,7.881803535911419,-0.4307258984532095,0.38065994565830374,-5.253557205200195,4.864720344543457,-3.263868244077677,7.832123387292033,-0.3770605113285363,0.40749805526607386,-7.993862152099609,1.9201382398605347,0.653263251584636,6.573203097314668,-0.3021140043107915,1.11954661856464,-3.0740065574645996,4.711419582366943,841.3519243790178,427.4946667768043,2.3982612103379326,7.532633725326834,567.9040764906125,950.7319149480633,1624.1004664132447,1077.6039758505217,1.5844256174200544,2.249521280379035,851.5625,2078.125,0.04769926310146051,0.03237763431052201,3.326827726592154,18.10920141692756,0.0283203125,0.0546875,604.1814313081958,635.135436527682,2.8678373629508633,8.527614907782715,263.0235900878906,610.0975341796875,0.07232202817169536,0.06899598112833567,1.3980904876840385,1.884916223134172,0.017400972545146942,0.11066751182079315,0.0,0.15349905567763356,10.106449060184463
77,1,-300.9458464057021,73.8405941869708,0.2160025093211726,-0.8910979459943937,-375.79193115234375,-244.00967407226562,133.61846641310962,31.195592953573918,-0.0982944006154138,-0.2290370163093609,107.82742309570312,158.0001983642578,34.232755026116145,30.00508133972943,-1.0824374757241266,0.882523287993803,17.073518753051758,57.66718292236328,26.89814506518361,20.73113619049393,-0.13362881026647389,0.6013539395276646,15.310052871704102,37.92778015136719,7.1609820218841085,17.524089285212742,-0.7369386021717304,0.24291166335861547,-4.293914794921875,20.704418182373047,1.3340730239849656,17.8503881825349,-0.5871701639847997,-0.3086457880663094,-11.107370376586914,16.13357162475586,1.6788125863872827,12.709632668595097,-0.5573856632901433,0.49793542743833763,-6.073215484619141,10.310659408569336,-3.372280057393236,10.4679507188076,-0.5735592765240121,0.7144367372627736,-9.751054763793945,3.70306658744812,-3.3332888739250546,12.294470647967199,-0.533612953726167,0.4088574460611767,-10.841876983642578,4.568299293518066,4.071918708439091,8.127230877650677,0.20827527998676507,0.9527724696460882,-0.6253973841667175,8.476099014282227,-2.5714357570060553,8.168516964566038,-0.5281230234025781,0.7716020244503974,-7.401971817016602,2.9769701957702637,-4.82721461945482,7.665388320379134,-0.27035805688315845,0.5063330132854471,-9.551338195800781,0.06959784030914307,-3.118665258106329,7.998165034212671,-0.6006477373183103,1.5993867532583952,-7.168581008911133,1.6729832887649536,690.080876467645,357.9402633803453,3.025626068859744,13.803150065856329,469.16391500932605,784.3269383921213,1160.4167875377118,927.6260003625456,2.5828893957959025,7.930750256498603,609.375,1390.625,0.0394435157519146,0.025150995732726417,3.4080839539997396,22.94578713254162,0.02392578125,0.0478515625,512.3650460188584,491.53691008130903,3.4097217203383283,14.348520471775128,238.53747940063477,570.47900390625,0.07563669873106715,0.06541144196887066,1.1137893956334524,1.0392042208002152,0.017155712470412254,0.11461199820041656,0.0,0.1430816192452258,12.914598052651773
78,1,-269.8259364157012,83.83496316096732,0.10043370036274081,-1.0540997593523744,-354.732666015625,-203.6145362854004,130.1180920156812,34.40792124979986,-0.3815965606626948,0.30930952230810105,103.50538635253906,157.18387603759766,34.17527417084415,29.24060548252015,-0.8986449150484687,0.5684031119401918,16.630462646484375,57.26593208312988,27.26376750645903,21.790356434643662,0.1614929243520668,0.5713145217230733,14.028981924057007,38.31191349029541,8.384891186773274,17.896056406062993,-0.7901181984080736,0.47683450827767704,-3.0793790221214294,21.57555627822876,-1.0476379530161342,17.204577810367823,-0.35752722847977086,-0.5805478692258279,-13.516216516494751,14.075908899307251,-3.912231398061925,15.574221229895887,-0.5219108828850636,-0.348519761650949,-14.864367723464966,9.139681577682495,2.366633007680142,10.778277822788226,-0.1696019051591285,0.9701534311138271,-3.870100438594818,8.554925203323364,-10.014334019248858,16.869114857780996,-0.47995500712199224,-0.4595150005657791,-22.632771015167236,3.125123620033264,3.6157563382051103,10.328272937759014,0.1892007823646851,1.1893374957089486,-2.0073206424713135,8.820671796798706,1.0452453813460463,9.525355315042772,-0.6315652281961041,1.0319507826754233,-3.8343623280525208,6.821339130401611,5.055994116714211,8.740486338309067,0.6780934867782825,1.3751219605220264,-0.39957650750875473,9.670332908630371,1.8540196208759603,7.34914441287601,-0.1220485957662518,1.0902302988351558,-2.1643067598342896,6.124075770378113,775.751602164598,433.26110063158336,2.6158999357546504,9.917477604750623,499.1948514983395,902.5894971300494,1367.7866404428905,1057.9650936353094,2.036511827058495,4.461133864142961,648.4375,1726.5625,0.041962685751748253,0.03187512205059017,2.8393854022166853,16.88216728005947,0.01708984375,0.0546875,594.5873781232206,560.2317402881263,2.959656877063439,9.721515280124017,290.3609313964844,616.7567749023438,0.07799722252166146,0.06255118328720341,1.3630921786350805,2.1981665122833896,0.026531700510531664,0.11119761690497398,0.0,0.18760731433258537,7.684363888898691
79,1,-257.57450838436074,69.0820286172632,0.3158424355565476,-0.5951902386685322,-314.8816223144531,-207.6827850341797,134.6436622685569,31.33511308476645,-0.6671701784313714,1.415283094728573,117.0477294921875,156.08761596679688,30.113529978561083,26.612578980801615,-1.020383059392628,1.1715852450541284,16.379308700561523,49.712974548339844,23.93542540360033,21.208797880541706,0.507147507989946,0.28665991739673435,10.099857330322266,36.77777862548828,0.3965434688854775,16.986066691675838,-0.8315178293542911,0.7307047806020193,-10.084181785583496,12.845317840576172,2.2695550561870657,14.354014976214106,-0.7435687997587334,0.7946584272143071,-6.105743408203125,12.61119270324707,0.8475857485729503,12.184861553441905,-0.45943844329056704,0.707145186894504,-6.38298225402832,8.765491485595703,1.7626610558895741,10.04036999003594,0.06728568979274659,0.49376748144197347,-4.183414936065674,7.772933006286621,-5.611448067718581,10.937868704031857,-0.5240066321089926,0.170492290129169,-12.581472396850586,2.1826963424682617,2.820637895544521,8.81570770555893,0.12771545309299628,0.9351143733828069,-2.484227180480957,7.80487585067749,0.9102473756312565,8.067776461936846,-0.1132156261249551,0.6678871376113644,-3.9839794635772705,5.926858901977539,-0.30273652336315293,7.653348024824341,0.07702842939079714,0.9055668962750891,-4.940057754516602,4.185967922210693,-1.0023127746124294,6.969077848584925,-0.28283257244214943,0.8551196359330464,-5.038386821746826,3.3715124130249023,860.9312978205977,471.6007220863244,2.531962148550532,8.19488698865828,565.5610531837665,973.5849560256811,1623.2386569052783,1157.8356225584575,1.746841071861811,2.8169588692236127,835.9375,2046.875,0.04875384128705712,0.036660140277380474,3.5134665894771366,17.20623004697847,0.02880859375,0.05419921875,654.1325859484815,715.1907773594113,2.8154672823747497,7.7454575244312664,272.7017364501953,648.8301544189453,0.07534541163234829,0.06534284883736542,1.4626521945929607,2.623638030508732,0.021323323249816895,0.1085900068283081,0.0,0.14456305689210946,10.401584361977921
