speaker_id,label,mfcc_0_mean,mfcc_0_std,mfcc_0_skew,mfcc_0_kurt,mfcc_0_p25,mfcc_0_p75,mfcc_1_mean,mfcc_1_std,mfcc_1_skew,mfcc_1_kurt,mfcc_1_p25,mfcc_1_p75,mfcc_2_mean,mfcc_2_std,mfcc_2_skew,mfcc_2_kurt,mfcc_2_p25,mfcc_2_p75,mfcc_3_mean,mfcc_3_std,mfcc_3_skew,mfcc_3_kurt,mfcc_3_p25,mfcc_3_p75,mfcc_4_mean,mfcc_4_std,mfcc_4_skew,mfcc_4_kurt,mfcc_4_p25,mfcc_4_p75,mfcc_5_mean,mfcc_5_std,mfcc_5_skew,mfcc_5_kurt,mfcc_5_p25,mfcc_5_p75,mfcc_6_mean,mfcc_6_std,mfcc_6_skew,mfcc_6_kurt,mfcc_6_p25,mfcc_6_p75,mfcc_7_mean,mfcc_7_std,mfcc_7_skew,mfcc_7_kurt,mfcc_7_p25,mfcc_7_p75,mfcc_8_mean,mfcc_8_std,mfcc_8_skew,mfcc_8_kurt,mfcc_8_p25,mfcc_8_p75,mfcc_9_mean,mfcc_9_std,mfcc_9_skew,mfcc_9_kurt,mfcc_9_p25,mfcc_9_p75,mfcc_10_mean,mfcc_10_std,mfcc_10_skew,mfcc_10_kurt,mfcc_10_p25,mfcc_10_p75,mfcc_11_mean,mfcc_11_std,mfcc_11_skew,mfcc_11_kurt,mfcc_11_p25,mfcc_11_p75,mfcc_12_mean,mfcc_12_std,mfcc_12_skew,mfcc_12_kurt,mfcc_12_p25,mfcc_12_p75,centroid_mean,centroid_std,centroid_skew,centroid_kurt,centroid_p25,centroid_p75,rolloff_mean,rolloff_std,rolloff_skew,rolloff_kurt,rolloff_p25,rolloff_p75,zcr_mean,zcr_std,zcr_skew,zcr_kurt,zcr_p25,zcr_p75,pitch_mean,pitch_std,pitch_skew,pitch_kurt,pitch_p25,pitch_p75,energy_mean,energy_std,energy_skew,energy_kurt,energy_p25,energy_p75,jitter_local,shimmer_local,hnr_mean
01,0,-354.7443468761294,72.78683362672943,0.04653975860528522,-0.7840550658596799,-412.4313278198242,-300.99273681640625,134.02227747065976,32.35450070290245,-0.6215795639357011,0.4993277161887488,110.77583885192871,158.7938003540039,30.004130401734095,29.749519121242837,-0.4810790531786182,-0.3805494818870572,9.420781373977661,54.35251998901367,34.726565313180416,22.797500226166807,0.5744419310417184,0.17761781222595863,18.919540405273438,47.00244617462158,4.748413788871695,18.79259138923249,-0.6353970944018467,0.1512391296787321,-7.766976952552795,19.291990280151367,-2.0294240057651205,15.823051918406833,-0.4578724257184222,-0.03350911425731873,-12.294641971588135,9.799164533615112,-7.468730794742984,12.08878976148868,-0.35073186928717914,-0.2005312274041704,-15.60774850845337,1.5190653204917908,-10.83223274235824,12.696732001848385,-0.27834898644579115,-0.12892627838457082,-19.587368488311768,-1.1632415652275085,-5.890904491005524,11.172094618165762,-0.3866357666943265,0.0275612768495046,-13.367462635040283,2.4827017784118652,3.556270895389716,9.954677296024398,0.06350640937127781,0.2444902488130003,-2.9515011310577393,9.551676273345947,-4.551185870108632,8.672712010886027,-0.2202875254179761,-0.03686744152768906,-10.307660341262817,1.6555420756340027,-7.6514460017564225,9.282933090036607,-0.32004777297302806,0.009714788975257349,-13.83887767791748,-0.8400455862283707,1.8652235704558282,9.084984301230776,0.10055278944045612,0.581119512419408,-3.7007840871810913,7.24599552154541,733.062152192635,411.14139077057183,2.8734296995513464,11.243602168363624,479.3771193517772,832.7459355486735,1332.15999559001,1074.9904823170416,2.1034935410131137,4.8638862514152645,601.5625,1640.625,0.04400619465752948,0.026875115684532058,3.998860058459929,25.046453851884298,0.029296875,0.048828125,529.7237327766119,543.0559833200266,3.450315246188923,13.32452772283511,247.2002182006836,544.9530029296875,0.04034075627868713,0.0302884870785796,0.9453953228773024,0.6662731577861414,0.014887297758832574,0.05849181395024061,0.0,0.15117291615121345,12.17396514584994
02,0,-366.71045935928385,78.71787531384473,0.15622135768873172,-0.9815566678502385,-445.0032958984375,-305.62024688720703,136.08288749261314,38.27221756922938,-0.15561704295037374,-0.9573265336454635,99.56854438781738,168.51214599609375,39.28939024041614,26.06830982719476,-0.5493772725451194,-0.3737466428375109,20.316429615020752,61.053226470947266,31.43475409255207,19.108009869068198,0.2932890834743379,0.7536510009463528,19.685681343078613,41.26298141479492,13.486933996047288,17.15798772478753,-1.0837269482480238,1.2954002131280964,4.473328113555908,24.70781660079956,1.013108319953005,14.804240703083764,-0.4662739694799063,-0.5185242934376606,-10.229543209075928,12.725978136062622,-2.0022351853666276,11.630080767386895,-0.7232410742279228,0.7811751834481129,-8.704229354858398,5.67655348777771,-1.196923529364531,9.343371076156114,-0.45890217856171117,0.9046200223434671,-6.256006956100464,4.401992559432983,-10.73457659844528,14.0767858092717,-0.3832766759081334,-0.7380132091517853,-21.455896377563477,2.0708993077278137,-4.8164311220852305,12.107131816610496,-0.5097452867934714,-0.3766150823726049,-13.493794918060303,5.056149125099182,-2.915092767722914,9.558426154364208,-0.42103070860440883,0.14792435895860923,-9.196624517440796,4.217684268951416,-3.1050430273856695,8.226022747008356,-0.3288481234053863,0.29915413997069606,-8.454255104064941,2.5590917468070984,-4.305069528080924,7.72693427587558,-0.7163455019659621,0.5124252288389819,-9.005627393722534,1.2533584833145142,623.6381254727359,372.5522587834288,3.069099645684658,12.516171369508799,408.5489537791875,689.3657157151711,1038.9070167666302,975.9297841629558,2.6118099234128334,7.002935645879084,500.0,1101.5625,0.036683811913362674,0.02429084418782237,4.228416645499268,29.03379041612955,0.0224609375,0.0419921875,469.0796466120532,495.7384333817079,4.232500387922185,20.5427695428399,237.0167007446289,480.91802978515625,0.04648645858289138,0.03892819870739139,0.7894607584044472,-0.012805524513913813,0.007789222057908773,0.07322365418076515,0.0,0.1352141486212139,13.242333850499609
03,0,-373.495615855757,72.15328630183153,0.05010399788065958,-0.8375087059729789,-437.9237289428711,-319.9146270751953,121.52143338961683,35.069349099339284,-0.6377225964553798,0.9079130144567826,97.56930541992188,148.45049285888672,41.347690042753136,25.04210239996801,-0.7483069829293987,0.5379346895768866,25.551172733306885,59.5909309387207,37.5373933691624,22.81943273579727,0.5075624805645983,0.35988528779994367,23.218504905700684,49.845014572143555,2.5559157981635714,18.572964757312647,-0.5893991439057252,-0.18506929564671903,-10.359444618225098,18.079976081848145,-3.794324572565111,18.262415057997174,-0.5504549254187636,-0.2553939761506463,-16.20254373550415,11.333700895309448,-1.9247380452906944,12.565911613568726,-0.628839574741195,0.4852299456629381,-9.492428302764893,6.747227668762207,-3.7455759484936104,11.09361753970863,-0.24366782180008562,0.46875226244852497,-10.791309356689453,3.336582601070404,-4.902118901486071,12.171243138094221,-0.5897141142947556,0.1716528388854246,-12.69846773147583,3.7722476720809937,5.091614297327675,9.634990417802527,0.30930436502973363,0.8928385253640938,-0.725245788693428,10.402499198913574,-5.851798717532774,9.491996802344142,-0.5064588434809314,0.19641191700170202,-11.827962636947632,1.0768921673297882,-3.0069624380014957,8.831425593670936,-0.30633714887649877,0.38536527398180187,-8.184582948684692,2.6779527068138123,0.30760260721558097,7.289068079939245,-0.06541984798300018,0.6184091708153203,-4.01608943939209,4.746966004371643,821.4627855107639,564.4895469581477,2.6725671337492853,8.205779110421178,491.764741303275,887.8654445303391,1490.3448842839714,1367.8811733953955,1.781700731382584,2.4709814333769753,601.5625,1906.25,0.04576704017414595,0.042340780328965266,4.088864665111812,22.74478527247754,0.02490234375,0.04736328125,674.0237051665671,821.9094457278101,2.3807700652894193,4.556630503458137,242.96795272827148,579.6245422363281,0.040703395302270025,0.03314732675493478,0.8196482709394673,0.35893592647674044,0.007386554148979485,0.062406355515122414,0.0,0.12148971838242971,15.724728905720431
05,0,-389.0677231398246,69.87884489673101,0.3086491181726623,-0.5560270840905157,-449.7115478515625,-337.19676971435547,128.45778254902112,28.826292461607434,-0.37375403659191775,0.6573637779986807,109.5978012084961,149.29029846191406,31.252825214143325,22.976071738879668,-0.5458842752861998,0.07812795961436159,15.88283920288086,49.5841121673584,30.5547645429603,18.890388601761146,0.7642090066100697,0.7968492460310763,18.033769130706787,40.28890609741211,3.592744445256724,15.152209835648947,-0.6760502860209026,0.2961487490650181,-6.198599696159363,15.57188367843628,-1.0203699443230827,15.861811793873107,-0.6902128556473462,0.020233721252163495,-11.398707866668701,11.69037652015686,-7.243132350710086,11.007970731567683,-0.6505781792221079,0.3434074095493913,-13.887820720672607,0.7081806063652039,-8.997598644058726,10.83303774380802,-0.6918812338738032,0.4759760093084928,-15.413644790649414,-1.4478484988212585,1.8462588273559761,10.063999483262416,0.10748457313923016,0.37430192499338677,-4.451414585113525,8.014076471328735,9.087273297263584,9.289151498407586,0.7351268793142829,0.7953287680764931,2.891971170902252,14.053463220596313,-9.271339183078881,9.077525511540719,-0.45386134354432045,-0.20147880369656246,-15.560046911239624,-2.1929657459259033,-6.363231880578835,7.315073104232462,-0.20914650783729297,0.6295582434276863,-10.66596531867981,-1.7721528112888336,-2.6651652686507905,6.814037937200371,-0.42196450522931744,1.3166418796022867,-6.39097797870636,1.558469295501709,843.6387757762486,427.77834483592386,2.3343837295346814,7.673604408287732,565.1937134603124,957.996502085866,1614.5937600096092,1160.3475743359343,1.5929836085513218,2.1293628526253654,773.4375,1992.1875,0.046796917228038915,0.02830745768812668,3.6578270377816064,21.216578465969636,0.03076171875,0.052734375,538.8556696209073,544.0992160174976,3.5317064960490545,14.095444654413974,258.07525634765625,571.3578491210938,0.023305975030375313,0.02203420210040184,1.5571621306008492,2.804842769871856,0.005342001328244805,0.03366684075444937,0.0,0.1556778210997238,13.379499877016318
06,0,-394.67351801178506,65.39750414340124,0.4349066509847601,-0.5506657886463668,-450.94313049316406,-347.86891174316406,131.84939228452427,24.926903568812385,-0.4122151453794174,0.6474495527724593,113.55352783203125,150.2420425415039,35.515641724837884,23.883243638267288,-0.8444387335277157,0.5025366111069238,20.60167121887207,54.31264114379883,26.308682064141028,19.59474896521096,0.6265576059835654,0.7090262493800714,14.471451759338379,36.507307052612305,3.9096163126294683,15.485288170503694,-0.9411439065445615,0.7072259845490052,-5.006066799163818,15.091274738311768,-0.031042213286319113,13.810877606154264,-0.709569793768845,0.13715489384722623,-8.830392360687256,10.725343704223633,-8.854671766851332,11.442266589625657,-0.6281657853545359,0.20898496543605116,-16.093857765197754,-0.0704447329044342,-5.3344572014582585,10.816645651101373,0.14607646366429572,0.5466250779060471,-12.21051025390625,0.7090618312358856,-4.67260930070109,9.734992078413365,-0.708920956036573,0.7565982529497286,-10.235814571380615,1.885963499546051,3.2116623259962007,7.648921303005823,0.15182327090419848,0.8170569072075158,-1.3284806609153748,7.518752098083496,-4.433202298155365,7.166823179147307,-0.3864622362818608,0.6510335484909313,-8.6420316696167,0.29297472536563873,-4.8093380249533055,6.846213773085665,-0.35868880211831033,0.975052020567976,-8.552542209625244,-0.5901773571968079,2.139137674896482,7.389635032132769,0.38636571135738323,0.5523837346341081,-2.844863772392273,6.630100727081299,766.7313759387438,367.9606687227799,2.607724125694539,10.129157351037072,530.9668931863855,885.1988425305524,1383.1663808067449,1039.2513736109372,2.0466799629756816,4.422646207910491,703.125,1718.75,0.04511291466909131,0.023682186353715218,4.393501233333919,38.1134059884756,0.03125,0.05078125,477.89530208093805,405.2114343854079,4.040735917960301,20.89104831384362,254.5638885498047,531.9525451660156,0.020045680745292893,0.016477792510856026,1.5477332423553307,3.657804125338167,0.00635037524625659,0.02804235927760601,0.0,0.16144252927034583,13.159633138370177
07,0,-391.72548308025165,72.22067371232977,0.46944562020235286,-0.527853092709341,-461.1417541503906,-339.0062561035156,133.5607711798538,27.196834375468974,-0.04225835947036432,0.22319160400368432,113.84605407714844,154.10623168945312,35.77510779116484,24.914403203623873,-0.7900494936157899,0.22804512134738353,19.729450225830078,55.88643264770508,21.781418010081445,18.515708048787488,-0.003365172279173456,0.5852853895243011,10.795148849487305,32.16965866088867,10.20512120829768,16.36912101947526,-0.7265175443865843,0.4118480031254341,-0.2462911605834961,22.329891204833984,5.799196377398564,13.837304482089598,-0.8102162751983398,0.4744993241416582,-2.2672505378723145,15.602738380432129,-10.645691861367503,13.435007377471218,-0.8272737698615379,0.660345984083615,-18.353696823120117,-1.2577630281448364,-9.933271423891346,11.226474868352266,-0.18624324589233052,0.9471924566462318,-15.954376220703125,-3.4335317611694336,-4.854460093111413,10.36791846408571,-0.6655629515889624,0.49475496367961513,-10.941426277160645,2.3568737506866455,8.189771038410285,9.872075227884071,0.7498694826103456,1.650214672846646,2.1735682487487793,12.903850555419922,-4.217408310939335,8.907690660747189,-0.7072540214857013,0.9982281808056905,-9.181913375854492,1.8538459539413452,-5.516318968448285,8.106048343772462,-0.0530411587344596,0.9453568855131289,-10.126630783081055,-0.8616955280303955,-2.634752712640014,8.01529521391606,-0.09117535255722471,1.1670003767822088,-7.018678188323975,1.9718363285064697,738.9190102398869,362.3274577412762,2.8295124554261575,12.174383360962667,505.4302621457383,844.04632876485,1276.7193617381217,995.2426540672934,2.481708201665514,6.722044689992675,664.0625,1484.375,0.04186016346246798,0.022930778568993285,4.220645264079009,34.43708393245106,0.02734375,0.04931640625,465.4045810767724,380.65139501169153,3.5102543668711914,17.11938543141801,248.5163230895996,532.5703277587891,0.02648409846997706,0.02392548616885833,1.242695481863133,1.34956551466448,0.005924842786043882,0.04051198065280914,0.0,0.13422499222054776,15.085519287358963
08,0,-372.4076852470306,69.9690610299011,0.3350814627849944,-0.7931536231465914,-441.3455810546875,-318.5166931152344,130.91663397374276,33.482434421329444,-0.0033829128481828947,-0.791175067945241,101.54527282714844,158.89431762695312,32.71059307844664,27.848597800437297,-0.7826676769876786,0.19254763245112283,14.135499954223633,55.31505584716797,29.60677109673095,18.696280395505187,0.7471741141741093,1.4054540019301234,18.35028839111328,37.50920867919922,14.954630078596486,12.704287755046503,-0.3750269692783002,1.1018591617323468,8.774791717529297,22.161941528320312,-7.895041206291334,18.570891814053002,-0.5529825482815972,-0.5218039585078991,-21.83560562133789,7.8236894607543945,-10.28615353656265,13.611333786743396,-0.7232047587186852,0.1022800120555476,-19.321706771850586,0.38829222321510315,-6.09131775721046,9.140101940914743,-0.45671495170260934,0.6673508880140764,-11.499377250671387,-0.10960797220468521,-10.37263246353398,12.151445754434127,-0.4694729708006419,-0.5577619090131876,-19.63954734802246,-0.003237955505028367,-0.32853314216219537,9.711598528113383,-0.08258634442263708,0.8990368718669521,-6.266434669494629,5.417139053344727,0.7478266460683187,8.007623541887796,0.3990787905495556,1.286341198042746,-3.9947493076324463,4.759929656982422,-7.102391023071643,7.447231165255007,-0.5595008104587055,0.5319593632674344,-11.657973289489746,-1.8791487216949463,-4.673178548574017,7.603391293511927,-0.4933262223042506,1.6861098249793347,-8.567480087280273,-0.23048990964889526,674.8510520966381,328.8281295403192,2.759988760013956,9.894426830519702,485.16262187390805,728.9263724273767,1125.3185093878942,845.7583585492886,2.2230366479970867,5.4532170881688895,609.375,1351.5625,0.04270341792808608,0.02238196783045694,3.535710576999489,19.64854039884584,0.029296875,0.048828125,537.1874578530832,547.9166584480447,3.125901568502368,10.299698250086543,263.0175094604492,532.7105865478516,0.03857563927934441,0.036123096310807346,0.9696960305069288,0.5434861139657401,0.005269862711429596,0.06281556189060211,0.0,0.14748558663251052,13.221351132339015
09,0,-386.7022132104559,67.86555602624014,0.2655512147529995,-0.5788677279036061,-442.81298828125,-337.55665588378906,128.81494166230186,25.72138948867757,-0.6570106441236366,1.0290092255737449,116.84869384765625,145.58741760253906,28.518133447059384,22.51215189580305,-0.49613264846242605,0.11845527394175592,14.261598587036133,45.688093185424805,32.654049289210896,20.625702481584035,0.6596525312366882,0.4017087833449282,18.48986053466797,44.52401924133301,9.099248059039361,16.59816467746468,-0.5941680214044918,-0.01576745454529016,-1.5977008938789368,22.22109603881836,6.751005256784702,13.455403653049999,-0.5266611907609052,-0.05432816407845298,-1.962489128112793,17.1003475189209,-7.628770893241533,12.491546323924153,-0.589777478752976,-0.017505629695530267,-15.751946449279785,1.779952585697174,1.4013131067889164,10.027601761987624,0.32108668942017743,0.35492283586251805,-5.295944452285767,7.597338676452637,-8.916077586643508,11.936599813225257,-0.6324936115498975,0.045642769037926634,-16.761287689208984,0.22668339312076569,5.690354473074103,7.654401640613508,0.1826824482066494,0.5765572051834136,0.8130567073822021,10.278443813323975,2.5758106818578375,8.107199329791479,0.4906888629559796,0.635369572012392,-2.873021960258484,7.269902467727661,-10.816842691688425,8.298059027505232,-0.4942391740621652,0.4698377972569241,-15.874610424041748,-5.175414085388184,-0.6504773365418896,7.254060519756372,0.23582171112187028,0.4395975799477081,-5.438425540924072,3.869954824447632,911.6113227712857,449.62457381983376,1.95332524599454,5.140528512192315,596.944312786148,1072.7711352144863,1848.689047987616,1248.2652377821032,1.4020613970714833,1.7134073575875268,867.1875,2453.125,0.04587781110251118,0.026865626433124012,2.623647477557451,10.165694218774952,0.02880859375,0.05224609375,499.00667904178044,469.5351003523062,3.3312209176471983,13.149686477088395,248.26177978515625,532.8184814453125,0.01810739329259357,0.014517534404611721,2.0456875567651145,6.458683150331709,0.0070575682912021875,0.024132953956723213,0.0,0.18891390868714208,10.334965334242954
10,0,-357.0316131183285,76.6483921703066,-0.08558402632848854,-0.973726755047756,-428.4325180053711,-299.08129119873047,134.18341705286215,29.744389254723803,-0.1940099013984752,-0.12514774041215437,110.89607429504395,156.95825958251953,32.91724108079848,24.376646688061708,-0.5341548583877687,-0.143982104225989,16.386441230773926,53.39692783355713,37.46995408305137,21.37582685751812,0.5878876586030035,0.12765749438095098,22.630945205688477,50.795355796813965,0.08195855354542796,17.612872371960716,-0.6157962548220433,-0.03208081086734449,-11.748661994934082,14.441385269165039,-2.3468942445844023,15.765659631011433,-0.31024551872432904,-0.6317275257318182,-14.414313793182373,11.371514320373535,-1.936061790452609,12.322316617272843,-0.43710589684930495,0.20979568943051108,-9.473112106323242,6.259594798088074,-14.15551967183086,12.579260205400429,-0.3752558267580802,-0.303116968185007,-23.108532428741455,-4.499584794044495,-15.574088195100279,12.31428073559888,-0.25602469816281603,-0.49727124750588425,-24.56898593902588,-5.490910291671753,-2.768392744505485,10.612496064107825,-0.17470824146931396,0.37793914923383154,-9.47436785697937,3.9362286925315857,-5.499839796443248,9.172698724163832,-0.2516707256074808,-0.1931482075565394,-11.87422227859497,1.241693139076233,-2.8506714144392458,7.896774823842023,0.17328064079433014,0.8934657446693537,-7.612268567085266,1.6555111706256866,-3.421255337984183,7.238297432334464,-0.15688987052294226,0.5137079571364085,-7.681516170501709,1.0734891593456268,745.2313149575682,347.4232593861225,2.7556804946952824,10.966118206297574,529.4952295100757,838.739786930572,1286.2324817747613,977.4192682139967,2.0108784237127226,4.4886323429693356,625.0,1585.9375,0.04622770206840749,0.022841545117320467,3.808662412820835,25.218338377435202,0.033203125,0.0517578125,511.95078460793667,504.26626498115553,3.8433877098751252,16.984608657247808,270.87750244140625,523.4799194335938,0.041728217964995436,0.03303477304953627,0.6746337466695812,0.058894561175523386,0.007499399245716631,0.06454228982329369,0.0,0.13627441394070042,12.927269307653209
11,0,-330.5134918494491,90.26058531648029,-0.15879417961724257,-0.8721575899727831,-403.3730697631836,-262.62191009521484,119.61786750390648,36.80723321888351,-0.4851525689802509,0.666128518636393,96.70945167541504,146.14110565185547,26.26321712500902,28.879764658618168,-0.30465609724724957,-0.6234955289157837,5.121445417404175,50.83350372314453,31.00293937311593,23.69118656183574,0.25255086343061744,0.03999572836318377,16.120187282562256,45.671592712402344,-4.936845972595256,18.637433070510255,-0.47724366066940116,-0.11840582765102292,-17.812926292419434,10.749651193618774,-9.273415753184747,17.805179299454842,-0.2813941117414308,-0.6956741651201526,-22.481962203979492,5.8927834033966064,-8.768290460883234,14.400589244261084,-0.3882411133232143,-0.49156181126159293,-19.05192995071411,2.830097496509552,-4.924732826213529,10.620441972680856,-0.36761354260724144,0.3794247805806479,-11.484377384185791,1.9791827499866486,-13.978102463970803,13.479135682388323,-0.30518678309151004,-0.5135342213896612,-23.782558917999268,-2.736458659172058,3.321093359360402,9.486165778643448,0.1119185761252853,0.39895806265091416,-2.495125651359558,8.965368032455444,-0.31152856868682993,10.120531101664893,0.11050755213087583,0.4404783665344496,-6.788717150688171,5.682252883911133,-10.456709742595612,11.145622517775973,-0.3452087729422229,-0.19172600182331845,-18.168368339538574,-2.0139503479003906,-5.057308924580459,8.898200309632475,-0.26240089366835395,0.7843143475437611,-10.378894329071045,0.38957180082798004,1017.9146227601208,599.2270357551239,2.201378959923261,5.855300433333406,629.0891592941014,1174.5162101085027,1918.5685174313585,1393.863838885076,1.265672194775158,1.0146962848476448,789.0625,2617.1875,0.062273234990290825,0.04980383531005169,3.1855965811037352,13.643176475349328,0.03564453125,0.0654296875,769.2470827121257,840.4218085596075,2.041189499440231,3.0796163185267966,287.37091064453125,716.7802124023438,0.0478974386160452,0.03627803266174161,0.5823089593200454,-0.23881850779603386,0.012411006260663271,0.07255308516323566,0.0,0.12942277967470484,13.679284451205787
12,0,-393.51110729752054,64.11480254936727,0.4221792332330053,-0.4035241364380715,-447.42464447021484,-348.4635314941406,130.40092323071624,30.84615781496328,-0.6236612871998243,1.1718509451213004,111.81496238708496,152.188720703125,40.572374971982924,22.782346190654682,-0.8397964555303941,0.9926689192968361,27.856966018676758,56.855764389038086,30.390231032803122,19.59198482740899,0.4449919917327861,0.4015582260031709,18.053561687469482,42.18025588989258,7.752904653275795,14.836734417796752,-0.6680595263100008,0.35696923860976826,-1.4394303858280182,18.15101432800293,-1.8018427352463944,15.726985477549796,-0.59362967934863,-0.23157474923831556,-12.484261751174927,10.473313570022583,-7.217769073117671,11.349632668867136,-0.5372478022751692,0.2731434641897721,-14.268104076385498,1.0926444232463837,-3.66979300314828,10.7507277783514,0.19437406342950475,0.6552521286788107,-10.289226293563843,2.2811851501464844,-8.394057327687571,12.82762933044239,-0.6546897494984187,0.05558955982773739,-16.46958827972412,1.4465190172195435,3.1712119576651716,8.469286840786452,0.11823911953912596,0.658016580921506,-2.272641360759735,8.283037662506104,-4.384778169018246,7.653568549685269,-0.49334259165146616,0.5062319707441629,-9.024429559707642,0.9228308349847794,-4.952750879645917,6.861277318746375,-0.21435434798227107,1.0003737881028405,-8.926722526550293,-0.7805241942405701,0.7474362065767572,7.261013133211117,0.3962680110911857,0.33467838822642726,-4.17097008228302,5.131072759628296,807.8995833029943,520.3725583735763,2.8755624114198017,10.080455265081335,513.8811828486273,869.094445535876,1474.462508159269,1329.279105732268,1.995883805185382,3.3600850194296923,640.625,1781.25,0.04635454913239774,0.03520219027720397,4.271717794418703,27.50068592711471,0.0283203125,0.048828125,492.48150190518845,492.65088555832455,3.73156147636977,15.461303876841573,249.8643035888672,524.4718322753906,0.02317466454239387,0.019693558584183538,1.500548946437275,2.9775121209669635,0.006939039449207485,0.03303103521466255,0.0,0.15554511652969405,12.613432620191448
13,0,-402.7113480125039,62.090787380713074,0.2515269687885344,-0.6270489927824223,-452.80067443847656,-357.4385681152344,125.96742986850283,31.79667377050355,-1.0817674262679133,2.268043403151501,112.50333786010742,146.92420959472656,31.196922560599806,22.758277346160966,-0.27850825424394526,0.12474979808671804,16.634204864501953,46.90286827087402,30.03858634046324,20.029508449496372,0.4938524700708502,-0.10186196923871593,15.491096496582031,43.077383041381836,4.084310714746081,16.14791108671486,-0.5775875467339558,0.017791351957046952,-6.788496494293213,16.70048236846924,2.6525701120501175,13.91184478202438,-0.37874502804916976,0.13937144009388058,-6.349587917327881,13.061384677886963,-1.386905341970091,10.391714148748612,-0.44088377009756863,0.4738334441342231,-7.661146640777588,5.534147262573242,-1.0425347520493848,10.345280956055776,0.1239351016205531,0.5269531534121255,-7.244786977767944,4.98102068901062,-5.209827058066337,10.717854053966358,-0.6198671201792401,0.257022210237269,-11.9173264503479,2.7520501613616943,8.613599600682742,8.206851026417882,0.09363593851225781,0.505229342530964,3.4432787895202637,13.58149766921997,-1.795634229587226,7.543555701575576,-0.2586071498517732,0.021384366640043506,-6.79194188117981,3.6089272499084473,-2.5649932844469707,8.073852193901166,0.035116973274903346,0.319460837362588,-7.764909267425537,2.460586428642273,0.4273646002128225,6.771856002857538,-0.008689158452190735,0.3872476916472154,-3.8034908771514893,4.721135139465332,985.4816667643433,635.2913227265374,2.522960743645856,7.054250022590674,612.6436610337552,1068.0900559821448,1973.3693374924344,1471.8748113453516,1.488188786993655,1.4258919161310395,906.25,2492.1875,0.05509019165522138,0.05115081522552988,3.9604615689784115,20.668952548562103,0.0302734375,0.05615234375,578.2377392881549,661.4912800204735,3.229151056814618,10.365360750926651,248.52146530151367,572.6572418212891,0.015981436441956647,0.013502957405852384,1.8805833743147409,5.331102490044671,0.00582823040895164,0.021894192323088646,0.0,0.1648456852214423,13.536896527123728
14,0,-359.8976011727952,69.80347041307448,0.2553506742783212,-0.7415414151979567,-421.6984558105469,-307.16930389404297,114.07482357715331,29.488888973553248,-0.4249878981464911,0.592182237270467,92.84049987792969,136.4676971435547,36.646730616179056,21.960416175003022,-0.8006187421810125,0.5448398221106725,23.426979064941406,52.82576370239258,34.01996330976609,20.253943767718688,0.7867464967592903,0.8218564491437874,21.054861068725586,44.18196105957031,0.29940240892369574,17.996360297685015,-0.7829639399957269,0.1587825679310355,-11.62366771697998,14.747170448303223,0.8255025161620667,14.001876202714936,-0.694547431160046,0.2786100710728898,-7.877259135246277,11.17845368385315,-4.223956007768158,11.100247834195201,-0.6682307469913888,0.3630315627864529,-11.034079790115356,3.7575523853302,-5.528310269936016,11.498989249625318,-0.29648679590321114,0.27735584675794467,-12.835521697998047,1.8484768569469452,-8.517237019228832,11.70503056739206,-0.5630809337384745,-0.250653110315334,-16.543049335479736,0.834073543548584,-1.429822233060285,8.716944645292953,-0.33528356862529163,0.013079518110843846,-7.2774529457092285,4.910063028335571,-2.802699419858163,7.851525186327498,-0.2935629130170948,-0.21340423774329054,-8.245877265930176,3.093255341053009,-1.7022754178719612,7.287726661112791,-0.12504979268773456,0.8227412254588358,-6.234928250312805,2.79706346988678,0.8723710469939047,6.145234381442682,0.07734855987587473,0.6686195449533652,-2.920353591442108,4.5719228982925415,904.4920005010867,505.1906760598756,2.508945103903793,8.270818135668835,586.6372589541133,1024.616465400704,1740.5818288581277,1304.1983034866216,1.3931550960125183,1.3571289837588942,765.625,2359.375,0.04935438187090004,0.03574027304718072,4.005358969017756,24.00446661118036,0.0302734375,0.05322265625,540.734539551851,594.2909049720508,3.3779755431773255,11.746091394303711,247.0271110534668,527.1152038574219,0.031045510665124645,0.026043837489603174,1.199311769176032,2.312792721949709,0.006952308816835284,0.04731412697583437,0.0,0.155075018339188,13.451261145434477
15,0,-392.6024355039476,60.71992337302223,0.3977204993830627,-0.3651169433709467,-441.7554397583008,-349.7245101928711,126.27487056868912,28.323549056616933,-0.6439844764792328,1.5136138224188889,109.64461708068848,145.43428802490234,40.83164715148633,22.09354081990091,-0.6286630569441691,-0.12346494391937268,25.85501766204834,58.635918617248535,33.10877708564707,20.204367312205047,0.4985384720329462,0.2519485278921296,19.890766143798828,45.20750617980957,-1.8903697319036044,19.003571858063253,-0.6467237737030275,0.007563137594632785,-15.11039924621582,13.968970537185669,6.373826115117868,10.75108259868223,-0.3491067161476046,-0.1192320914509204,-1.0152385830879211,14.329439401626587,2.7587208075710667,8.104493590628222,-0.31580643705931755,0.6035622120416795,-2.060184895992279,7.98694908618927,-4.185307248667647,8.247067846642237,-0.11942041934031236,0.8384927745341733,-9.049102544784546,0.8605891019105911,-2.178842350471081,8.921030055325772,-0.2924680623437461,0.5942667005944933,-7.4162997007369995,3.363282263278961,1.8346385414202602,7.340978959495843,-0.4321716087972598,0.4236811739022719,-2.6163700819015503,6.788937091827393,-0.885192524491865,7.136978038810999,-0.35870062123310076,0.10156286572953777,-5.544089674949646,4.304324746131897,-3.2412010636398656,7.681274727655893,-0.23047688409257985,0.193459734325252,-8.239888191223145,2.0797391533851624,0.8241640181463614,6.711775453582611,0.052680659589725946,0.3493785092523365,-3.3746010065078735,5.001631498336792,784.416305490268,464.124703121944,2.307547635849988,6.82476596258809,479.214755862221,910.3526683903416,1474.7074552812912,1204.5184352690937,1.5119576979880331,1.6845204621364864,625.0,2085.9375,0.03935598035297102,0.029461066685080743,3.8050964452809874,20.381803962939717,0.02392578125,0.04248046875,537.8424986599662,651.0573213962065,3.5360715392253828,12.374462660411131,238.51861572265625,523.1759643554688,0.023094410777350173,0.01725728286936838,1.2990485642400036,2.6059876815327465,0.007807750953361392,0.032981932163238525,0.0,0.16789847022497006,12.78972720929679
16,0,-358.445303674214,75.42876904780258,0.20419652899114543,-0.6622932503909196,-418.8658447265625,-303.3677978515625,131.61608607532594,32.16873717614519,-0.6276405302626746,1.2774957779384062,110.52137756347656,154.48886108398438,26.363376804789905,28.046866335949037,-0.4772471479787812,-0.35017712822752634,7.10746955871582,49.539649963378906,28.32217252832195,21.508989168526675,0.4939934167974052,0.5081644115729498,14.699285507202148,40.324859619140625,-4.7466819960572435,19.563624753268968,-0.5096844492326812,-0.3456830547687577,-18.37554168701172,11.881837844848633,-1.553594912788528,15.019862069897615,-0.42804347570529244,-0.16392165250181856,-11.682086944580078,10.313644409179688,-0.8782926705779519,10.71014659161071,-0.22250686439582965,0.5612792428724975,-7.294132232666016,5.772631645202637,-9.77392357811941,11.205168003797281,-0.3526468469516559,0.5267660436548947,-16.92066192626953,-2.3375000953674316,-4.821441562920652,10.088306951571548,-0.37411678502684076,0.3855910334242716,-11.105629920959473,1.9714481830596924,0.49319480828206747,9.30059945669275,-0.2077021598583997,0.3404214805816843,-5.4979963302612305,6.7335205078125,-4.321753954065464,8.854968064137413,-0.3045473529190432,-0.13061589008087182,-10.273757934570312,2.3670237064361572,2.278857598010474,7.618251149744358,0.2506843390381087,0.5548610107121523,-2.444018602371216,6.759498596191406,0.67931803819659,7.09687882147245,-0.12262565518725348,0.5795902289254302,-3.482630729675293,5.034698009490967,869.7203802289782,507.91273366363015,2.9135979055353145,11.186282030316592,567.3911531528297,966.7800369342443,1610.7239255765198,1246.7469000927754,1.8499074030523885,3.3090430384311444,757.8125,2054.6875,0.052657519326519915,0.039463930521930694,4.34976555223871,28.853123913838775,0.0322265625,0.05712890625,647.1980931326287,694.6929718251457,2.807747523356039,7.681797578802017,275.47430419921875,636.7266540527344,0.03343625182483103,0.028430073610551984,1.4128681468575444,2.895278411387558,0.009120101109147072,0.048555903136730194,0.0,0.1388763569814326,13.583622347009218
17,0,-360.72288173644927,79.92957531228382,0.003074182640848386,-0.7613231241348237,-423.9470520019531,-299.9379577636719,123.82595506018698,30.804994308080413,-0.4100596370958084,0.07936351783519324,101.67201232910156,146.48898315429688,24.313219342452125,35.66216430874513,-0.4759652400675873,-0.41833209859093134,-0.24758410453796387,54.324344635009766,35.43651564436748,22.504473850155716,0.25126583608073394,0.05189530258609176,20.39189910888672,48.39280700683594,3.5441463823897252,17.160004685756967,-0.5909196360859378,0.0703095180447102,-7.637253761291504,17.00912094116211,-6.144901543792731,15.545784182304585,-0.3129173502415046,-0.39176905771892345,-17.194623947143555,6.238656997680664,-5.230553248033133,12.650673514251707,-0.43513489967103264,0.09141397870440793,-13.304847717285156,3.5888729095458984,1.2748085214902878,11.104028076242887,0.21926229049720558,0.3703425967837317,-5.758013725280762,7.899662017822266,-13.128695471668754,14.079010446745487,-0.40470604003334515,-0.4473234345845247,-23.045360565185547,-1.7032454013824463,4.190073541735517,8.737229393813239,0.0376098880242062,0.4554320821620963,-1.4000135660171509,9.564297676086426,-0.5804780394432786,8.953215226302612,-0.04005837731939103,0.6880252418680368,-6.192564010620117,5.0374250411987305,-11.886756953332794,10.362615952084145,-0.27905766175470076,-0.2839769043020435,-19.08263397216797,-3.928487777709961,0.8793804819723796,8.244864425685003,0.18997931812503244,0.24703861816505013,-4.526650905609131,6.096723556518555,874.8557351360569,461.73371911084337,1.9714193190837268,5.9601412231168265,543.7124418206984,1069.3135041399557,1693.0088996073075,1210.7916306956658,1.3484616346603366,1.8115427736791725,703.125,2414.0625,0.04962698213675943,0.030396408004582903,3.079149650816595,15.240995642920012,0.03125,0.05712890625,650.2736131281491,652.7515694512906,2.2211498196465387,4.408406034532066,256.2929153442383,677.8927917480469,0.03311419953157308,0.02425594031031814,1.0702211158050214,1.4498595978875457,0.014022089540958405,0.04655824974179268,0.0,0.14622957793631441,13.583526602174029
18,0,-424.20729960467713,69.59096123512893,0.3882162355819747,-0.42151301797714513,-484.3834228515625,-375.511962890625,128.13410663328187,26.617078187525095,-0.3667531213721476,0.5513174130412475,109.18733215332031,147.33566284179688,37.24361583240475,28.54187067700099,-0.5889874562578976,-0.38458549483894977,16.97402572631836,62.221031188964844,37.665137839501,19.998750186387703,0.13741781022892854,0.24344005200371077,25.8677978515625,48.71294021606445,11.22729125173618,15.104794918222849,-0.7909932452856723,0.5344365932518662,2.123853921890259,22.23165512084961,0.8420615705532141,17.587580672579303,-0.7226269593024311,-0.2299229201186752,-10.859947204589844,14.433145523071289,5.25101683394212,10.691651379352725,-0.3709546829701542,0.5505539298985931,-0.8471059799194336,12.023329734802246,5.7471117356563814,9.856271273948728,0.20790406579498863,0.4645922910560283,-0.2686617374420166,11.390445709228516,-3.5898521310369196,12.510366251620832,-0.7792706716770369,0.4195320932499329,-10.95860481262207,5.4199604988098145,6.702195902297076,8.036468177532113,-0.058901240041524854,1.0235841349650228,1.9679697751998901,11.43727970123291,1.7202092840674648,7.6342090579574835,-0.40331861170351396,0.5934675875293625,-2.81052565574646,6.750999450683594,-3.336332971115246,7.6300433828407765,-0.4447756195530305,0.9756487437326009,-7.940458297729492,1.8946713209152222,0.6861252847914281,7.12251343596917,0.16157050338389983,0.9436645258642153,-3.53470516204834,4.698884963989258,713.8567949200499,387.2473646120034,2.4854323361608746,9.355128664129193,451.3752811247542,849.7009538258106,1361.2568222733694,1096.721359134287,1.7994252183175161,3.6415389012454646,578.125,1960.9375,0.03562539256557359,0.021035924594838027,3.3962485918866565,21.271902604984483,0.02294921875,0.0419921875,475.4997109202616,480.70461484280304,3.411085403609549,12.903750166834483,217.47300720214844,526.5671844482422,0.018061749997520447,0.014195210209392323,1.775474819713469,4.279351158730087,0.007240122649818659,0.023709796369075775,0.0,0.19381478942063096,11.36475593449301
19,0,-370.0637524639414,75.36073709258588,0.13486862332730437,-0.6602309830446731,-427.65486907958984,-315.0068130493164,125.26975175412268,34.75711595123745,-0.42317723140567703,0.20064594249196066,100.14946937561035,150.82265853881836,32.839797424751694,34.146910396148435,-0.579806566712045,-0.2877247083781467,10.934691905975342,60.947317123413086,43.86685001034736,23.378648886917876,-0.05386713960967543,-0.17570742097781666,29.37481164932251,59.288878440856934,4.2434047594528375,15.300304118252187,-0.4152514556384946,-0.2173267161750223,-6.4363216161727905,16.435773372650146,-9.038262136751245,17.35778593048759,-0.3991813860339226,-0.5971520688072114,-21.804261207580566,5.2609580755233765,-0.9108292333749356,10.38837747007574,-0.196705051219709,0.20759633315961024,-7.450125813484192,5.848309636116028,-8.265139186786225,11.902151548180235,-0.1916064295233518,-0.1943544667892283,-16.507688999176025,0.48391254246234894,-14.471735075099815,12.7909415284196,-0.29905428492895075,-0.4391972537411615,-23.206748962402344,-4.575868129730225,4.128194708559406,8.46787491310203,0.03696293264285545,0.307510184103299,-1.436660647392273,9.492498397827148,-2.450929791259504,9.184935537514331,-0.13901945789615744,0.023753175548960836,-8.702576637268066,4.174786686897278,-4.7944329020759655,7.975727377459196,-0.2605376726184393,0.0565846670981105,-10.12430477142334,1.0592682361602783,-2.9264029849084494,7.660046401630433,-0.0871169367833862,0.331616390126674,-7.806265234947205,1.9542611241340637,840.8815146786909,486.4161068207795,2.305915216046342,7.229978024693871,515.8483481551843,992.569447857448,1616.7339099862377,1252.4357357996676,1.2876733895175112,1.315300937836895,585.9375,2343.75,0.04816957949853776,0.033148541978116744,3.631682860191556,18.93173485137352,0.02978515625,0.05322265625,613.6414720526099,691.1773351353928,2.6422603063236525,6.357608277609284,248.59328842163086,562.537353515625,0.033661189401780145,0.02419274634346095,1.055616309899636,1.4244033965682794,0.014370714547112584,0.046528907492756844,0.0,0.1471098562877154,12.810090109178175
20,0,-327.1207923764629,67.80562505053395,-0.14076799332390266,-0.3100746950275042,-372.4380187988281,-279.2867431640625,110.50764242685871,35.0550826266279,-0.4393019546390467,-0.03730273017259256,86.07638549804688,136.81842041015625,29.108573250784577,24.377400731819034,-0.43024216482721017,0.01311608137742093,13.51055908203125,47.121910095214844,28.323150214089665,24.295453523184385,0.04724153525334921,-0.0628358224154062,12.059443473815918,43.595211029052734,-3.660394708997077,15.364766302192216,-0.5425914964830997,0.6970426775874792,-13.122983932495117,7.230018615722656,-7.273091184064148,16.926005071992307,-0.4444694930409778,-0.2181823174214781,-18.61617660522461,5.536130428314209,-3.2668504299851207,11.305717387520993,-0.1326729410350018,-0.09295649557994246,-10.864757537841797,4.642098426818848,-7.24890773050941,13.692294328023195,-0.39711605940716616,0.08498957232592952,-16.167327880859375,2.544114589691162,-9.29403750646905,12.693228524319009,-0.08705103904174999,-0.30992824808966724,-18.22103500366211,0.1670941710472107,4.607952168945123,9.907477537851916,0.26936790428949187,0.04029633218680351,-2.1704764366149902,10.90665340423584,-4.571966681232419,8.666894388166112,-0.21038422544937582,0.13977786235015044,-10.243898391723633,1.5454344749450684,-2.97410562652806,7.925724403528944,0.07612915495540405,0.2119879462705212,-8.271624565124512,2.219957113265991,-1.3720557826226412,7.787006245917822,-0.3499419001621063,0.5788500790613105,-6.133842468261719,3.8250393867492676,1143.4399575260416,589.7690898707393,1.820184852708958,3.976187307652892,757.9765675136456,1322.5308120066543,2294.536686377824,1433.1610832557928,0.8518532285253629,-0.08727024647035941,1078.125,3023.4375,0.06580742347459265,0.05040024914837656,3.1718111241873443,13.902565807184665,0.03857421875,0.07080078125,837.7691553510059,899.4847334513672,1.9134051437795758,2.606705490326359,299.37144470214844,830.8618011474609,0.03440607189307323,0.02558920497396057,1.288558576220559,2.9984315211456423,0.015057988464832306,0.04759024456143379,0.0,0.14563844926162095,13.301213180443185
21,0,-343.3779958377641,87.79242507069715,-0.12767807349738639,-0.8174022818572695,-409.4604187011719,-276.6813430786133,111.31053188011384,36.78884541085456,-0.2953117266547869,-0.4806224413036202,82.19286346435547,140.31796264648438,31.394194859479864,30.50674004695641,-0.5931308249278036,-0.05687941320236245,11.240758419036865,54.10049819946289,30.47116330857972,23.95752824684008,0.2902958306065331,0.22558404649598218,14.10824966430664,43.439388275146484,-5.3321329548298,22.587177622724106,-0.3866890168514487,-0.3104288114607181,-20.853007316589355,12.80107069015503,4.168081692670837,16.781423211160213,-0.25802875888429827,0.06862308604587897,-7.0025423765182495,15.5984206199646,-11.113443065539695,14.75897176428158,-0.2721059422478167,-0.3792748209022849,-21.390138626098633,0.5436115711927414,-14.386079538741583,14.59593862105179,-0.30676730788621953,-0.4079110005404982,-24.663820266723633,-2.66224068403244,-4.826073008959308,12.817896897309556,-0.21074765614571586,-0.15148371030549024,-13.80076265335083,4.020230412483215,1.2664723648311356,9.307402832286359,-0.15434049803566435,0.8572657347009551,-4.409887433052063,6.986539959907532,0.892185824632751,9.304246553470485,0.10202760001194734,0.7839289192050449,-4.85893988609314,6.187141060829163,-7.254302495123965,10.369353145951916,-0.14391404888819537,-0.15992757555916048,-14.692988872528076,0.5491971522569656,-0.021827147766402932,8.57940574318743,0.08543185665221653,0.5868466453719705,-5.304810881614685,5.054367542266846,1011.8621970888896,583.5511717278667,1.9084906532459271,4.334710823612116,616.8784825954524,1189.294388217591,1919.790387178549,1452.4404518391518,1.1742102670284438,0.759209253031484,718.75,2796.875,0.05955510156413339,0.04724429239267782,2.97854413365447,11.76528275674676,0.03369140625,0.064453125,849.9864655855622,907.0712208976737,1.8779417106221417,2.554119896018271,294.02648162841797,915.9675750732422,0.03908841480002428,0.03090787555591213,0.9330461714189638,0.9399770070732574,0.011862426530569792,0.057393734343349934,0.0,0.12023214169242213,14.253017718162006
22,0,-375.0875705201924,72.37673280067168,0.003238948804224702,-0.5490804349048242,-426.7992401123047,-323.75755310058594,122.1426437952774,40.832690517612114,-0.3154959571248869,-0.4955226164666584,89.43347549438477,154.23995971679688,41.18325687137242,24.600069921409816,-0.5412461394154886,0.4841731094997668,26.11695671081543,57.980552673339844,38.69270231382742,20.032769933384188,0.2044811860683278,0.35777891219592695,25.91908836364746,50.129371643066406,9.084344777356606,17.843926117644333,-0.6250882309774914,0.24657030162862537,-2.4579426050186157,23.10831356048584,0.22257606375747038,14.809267758590297,-0.4369961491178742,-0.17019667605886157,-9.80502700805664,11.64501667022705,-6.028405107961335,12.210422072190344,-0.44077778268130563,0.05588514652998011,-13.964969158172607,2.945124864578247,-6.431329400526249,11.16117947481841,-0.211196737225958,0.10220280838270135,-13.812023162841797,1.2959645986557007,-9.913379827938114,10.812251808973448,-0.2566031435451265,-0.3508591635400662,-17.555137634277344,-1.4324583411216736,-2.3602977219072847,9.976413615931241,-0.2640176569912294,0.22503446299540286,-8.657689571380615,4.201178073883057,-0.46836579581749216,9.277956708747842,-0.10937286339925918,0.34127617819516143,-6.174422740936279,5.26880669593811,-3.1329472307839747,7.746562313804894,-0.09827203371952939,0.5330060077344942,-7.971632242202759,1.775200366973877,-4.739874727201122,7.324366308146032,-0.1503009036590445,0.20288543296883255,-9.499074459075928,0.1327415034174919,845.3909223056105,558.07342005794,2.1022493864816747,4.9743246452577115,493.70114650208995,972.6097728059467,1532.0588629061049,1397.1021667946657,1.383624543463587,0.8416431098503381,546.875,2164.0625,0.05060534556110913,0.040943200673717664,3.3965162547646917,15.903866294100897,0.029296875,0.052734375,718.9814203632593,835.2240353460849,2.2118592098205716,3.8612408508426164,259.0918502807617,616.8088531494141,0.033300876826383496,0.02871867822213847,1.1849364457903069,1.3267207966334205,0.00975843658670783,0.048975732177495956,0.0,0.15758902118414228,11.854387479923565
23,0,-390.6318384612208,77.03966480038653,0.2830888212703201,-0.4739540279685315,-450.8362121582031,-336.5346984863281,136.9777410513178,32.27984166341852,-0.5272153699356885,0.47785672303465043,116.14147186279297,160.0107879638672,33.322186553505226,29.970630545522184,-0.4815833928958897,-0.25292425962328124,13.172955513000488,57.49482440948486,25.24546978859108,19.915450891739756,-0.008563899654063161,-0.311951485772457,11.150706768035889,38.97382831573486,5.437139071664143,15.863189442519678,-0.6323203740555804,0.5096502415933393,-4.500290274620056,16.801773071289062,-3.2355790498070083,15.618343579722247,-0.4947755420892524,-0.06132652935577809,-13.179075717926025,7.806033372879028,-6.1467767996397855,10.654101589383515,-0.2009138046365566,0.09289521050034066,-13.170076608657837,1.2226140201091766,-3.6116413604424733,11.470740078900034,0.12600575870544403,0.2810973351622752,-11.223135709762573,3.624235510826111,-3.9403538271479963,11.254525495030023,-0.5175783801962861,0.18225177861010033,-11.1469087600708,4.1435786485672,2.021006238391866,8.610018224899164,-0.08905441054905518,0.5262629455529764,-3.4223495721817017,7.576650619506836,-0.9043186746585878,8.034166864346828,-0.1400706879836658,0.43208035084659047,-6.165542721748352,4.512543082237244,-5.973171743018767,8.125089032245238,-0.3162243545718802,0.09636267767370965,-11.28193211555481,-0.11873477697372437,-4.1210247386760175,7.225734733128466,-0.19359625021533522,0.42650783729360997,-8.60908842086792,0.5262250006198883,799.8304621296159,449.5100754306782,2.4524272797093007,8.11133650441419,510.91672648610586,923.804870043621,1438.175634702458,1194.307282663054,2.052805263105924,4.151659126563689,656.25,1765.625,0.046862524508813064,0.029835562555087382,3.964751065877718,27.31246785641597,0.02978515625,0.05322265625,571.5589917262072,519.1795696315215,2.8393698645680314,9.456701431858374,265.65093994140625,636.1725158691406,0.022501095901835255,0.016869414540053577,1.2774680716061224,2.42493482539426,0.008901098044589162,0.03151589073240757,0.0,0.16277578296992773,11.130623546040148
24,0,-403.6810083532207,72.77785041826455,0.2656341917429595,-0.9644445041749905,-469.90818786621094,-345.91127014160156,145.29445206849874,33.35284255123435,-1.1244957712841472,2.2512949047774073,129.76074981689453,168.12335205078125,28.77686522118612,24.05810396431381,-0.44202539579266126,-0.2508760205368632,12.09452772140503,48.38926696777344,39.18557361875243,23.76389519144049,0.6340276587222452,-0.13378533914454005,19.451735496520996,54.86880683898926,5.80065832046964,16.5822728072631,-0.6730172447725861,0.09695923113739324,-5.047390699386597,17.973340034484863,-3.0155564879733827,16.110176377943457,-0.29038770325070473,-0.5441398717126886,-14.796414852142334,10.354631900787354,-0.24025202556742767,11.62094642847278,-0.5105566666525513,0.22574158952575152,-7.320572853088379,7.61136531829834,-3.0203139874439193,10.107273312413142,-0.12206167528161879,0.4492962450108995,-9.04016399383545,3.235795021057129,-8.39177964514672,9.231597782308624,-0.40485576418676505,0.02352807623243036,-14.44223928451538,-1.7195101976394653,0.37810965859554563,10.4140839287659,-0.44074659342009126,0.6844211465870425,-5.358877420425415,6.812374114990234,5.236469084263228,10.08495944950845,0.6509381808777143,0.6412864043615105,-1.3969204425811768,10.960541248321533,-1.8532114226687688,7.437089912107172,0.30177471795390515,0.6371162069484262,-6.58292293548584,2.551943063735962,-2.6887100074571855,7.866321934882946,-0.17600137495426554,0.43227468863436336,-7.278227806091309,2.2554562091827393,775.6877147000633,481.90243646892264,2.961304282825745,9.821354120228158,523.4111938305048,801.2351597557807,1461.2021012552075,1143.9040087947683,1.9937391353697058,3.713513706147527,718.75,1812.5,0.047673796740585944,0.039068398201745326,3.94021126283135,20.53347771284893,0.0283203125,0.05029296875,615.1802673039573,721.64864704705,2.8428904201530147,7.326682842244626,260.44915771484375,563.0185852050781,0.017742846656221306,0.015264831314376079,1.481032698812801,2.4268419925100053,0.006128745153546333,0.025479212403297424,0.0,0.17931100918775048,7.801872809162669
25,0,-365.4067838829205,75.89239854858157,-0.0022357352131887093,-0.910440173437979,-430.47943115234375,-307.30419921875,117.3675494334228,29.17236423588664,-0.7099803948764,1.5473338665357197,101.68133544921875,138.0411605834961,25.335192282413118,24.050479470361232,-0.36049897122962943,-0.2010162308216863,8.583280563354492,44.66094970703125,46.1191818537499,25.937974714897166,0.714235718500501,-0.03798921800017574,25.145580291748047,62.514854431152344,6.954811289855163,18.173546568100907,-0.918718248184096,1.0271852056083475,-2.63568913936615,19.06076431274414,2.3899903449524147,12.897021385473384,-0.46407004933288853,-0.05331693547035021,-6.2524638175964355,12.312355041503906,-5.100762703147756,12.610064535710256,-0.40603252454460115,-0.05231055547543306,-13.25588083267212,4.111231088638306,-2.82367088413251,12.445873211854396,-0.18495000212502866,0.24015018398035437,-10.394784450531006,4.962914228439331,-5.614395322247339,9.692582423929199,-0.3128243230118387,0.33780656559742495,-11.757493495941162,0.875840961933136,-4.839190694300146,12.526359884053878,-0.27036390179276604,0.5849274342416306,-12.281031608581543,2.780371904373169,-2.556456035359909,8.03205059412595,-0.07876241311120227,0.6012892006986186,-7.569604158401489,2.446732997894287,-1.7813708784764162,7.727813314868747,0.1680288493717102,0.6985763137876089,-6.465085983276367,2.7444889545440674,-2.360081025473393,8.229817776410094,-0.08042450452523427,0.9613530410907489,-7.1442906856536865,2.5842604637145996,980.715847046631,492.5702396295975,2.166353843863593,6.577149899571181,648.7089037840242,1140.893098348363,1996.161827375652,1181.7396846714744,1.1139596470095487,1.35381436823587,1007.8125,2632.8125,0.05491256115369122,0.0392388200690613,3.0409222253073134,14.493520965267688,0.0322265625,0.0625,744.6721806697811,804.355952927116,1.9097344123890927,2.7119126041580985,270.49095916748047,671.0078887939453,0.02458857057755973,0.021799492699167977,1.230359510958294,1.3298850550089272,0.005431022495031357,0.03577626496553421,0.0,0.15760259435763443,10.86716287443198
26,0,-388.97507887023977,82.6956802584881,0.16063762232503387,-0.7617132269727764,-459.12256622314453,-327.60364532470703,115.98511766284942,36.33327500804949,-0.09030012005698887,-0.6638344188200889,85.57387161254883,144.0110626220703,39.239411269489395,25.238662996702338,-0.543781304999917,0.16110579734638142,22.91375732421875,57.50340938568115,33.32723740182682,21.26377114328597,-0.26993470842601747,0.34542526803807494,21.198762893676758,45.93342590332031,1.6536591086160992,18.577394774058853,-0.5718403717368629,-0.21978534669604288,-11.174447536468506,16.91533327102661,-4.576725289155794,15.348333775924182,-0.45853672149376834,-0.27526672711343103,-15.200562477111816,7.5651785135269165,-3.884352469283361,10.86834012891659,-0.2862332164791192,0.12259289741213308,-11.098399877548218,3.633960008621216,-4.304426288717091,11.328163503466895,-0.3776668061381291,0.24408431834411015,-11.44892954826355,3.030858337879181,-8.503260410240562,11.863188418058899,-0.4703537536345953,-0.058290496467028774,-16.532347679138184,0.3653036057949066,1.9412315762393042,8.332177478289854,0.128938492552187,0.555392142235648,-3.3195207118988037,6.870982646942139,-2.6412678059931203,8.30303000415549,-0.4597773804256557,0.4795633146590377,-7.87283980846405,3.283445715904236,-4.185955423707757,7.640582585852764,-0.2570042187469028,0.028755497752462222,-9.328123569488525,1.3975780308246613,-3.547160869576313,7.969980057000234,-0.5002171148342099,0.7504297260149144,-8.275728464126587,1.7809905409812927,899.6184669677751,534.437410070144,2.0790164023715767,5.164120760264316,554.5246620148116,1039.5031214632907,1673.32966028811,1422.8623238199393,1.4477666111774907,1.3247595439847712,648.4375,2375.0,0.04999722841861965,0.036664188747524175,3.269692576191871,15.392330456940307,0.029296875,0.05517578125,640.6028184794214,697.8021735569557,2.590441110601953,6.40499372009198,257.9456481933594,623.3447875976562,0.028856047611742604,0.027198160182771238,1.3411548852870927,2.0363736331217828,0.005551456473767757,0.043565903790295124,0.0,0.13615506198305016,13.999135245086006
27,0,-358.0287482213198,83.97013378868023,0.1541247274977389,-0.9270106394423427,-440.8701934814453,-293.6056213378906,128.88346685129338,32.112113662142164,-0.41542900470207833,0.7592578089198119,111.70880889892578,151.20938873291016,33.25097303326743,24.347386344686786,-0.6422755946852388,0.1448162181021857,17.82698917388916,52.33794021606445,30.1308000568016,22.213937698735293,0.5365543689754906,0.13177207737315344,15.976349353790283,43.77470779418945,6.0445509876513785,16.55867586450499,-0.8842192140007918,0.9753657803074218,-3.7685554027557373,18.08738136291504,-2.546184520434041,18.526264488665475,-0.4894474711522115,-0.48893029060259074,-15.817893505096436,13.322064876556396,-5.061804923212502,12.184821618171824,-0.38613865465754116,-0.25302045786260363,-13.525255680084229,4.317532539367676,-4.4184854504011986,11.068863422776689,-0.30981557834863094,0.6940435291518705,-10.828054428100586,2.2015304565429688,-10.176763818029357,13.995693047867132,-0.47690249329486845,-0.2374641749502504,-20.037336349487305,0.8386136293411255,1.171254889812912,10.22677574682948,0.1121797562497661,0.6863402231138807,-5.182146310806274,7.014714956283569,-3.45653384566159,8.709031014924358,-0.3580179086070503,0.8070335919091236,-8.603387832641602,2.1314398050308228,-7.735158577185677,7.624256497227347,-0.24944850813564035,0.505444455882746,-12.53394603729248,-2.723666548728943,-1.0759385532824153,7.350149240964928,0.02832587150305642,0.6937082890998498,-5.548082113265991,3.4219729900360107,902.2478934027913,498.8456712600128,2.186549424103041,6.35074778206546,562.7717215644519,1056.7447796483439,1725.4505143050417,1270.1555542612127,1.4979095424119464,1.8400722279718202,773.4375,2328.125,0.05097119220285703,0.03402211278483188,3.1926676097142415,15.448212335314917,0.03076171875,0.0576171875,564.4293271505533,580.4851626270669,3.058530322193077,9.825849392244432,263.3320007324219,568.6625518798828,0.02803214241582829,0.022861048225665797,1.177798092539393,1.5484306739887428,0.00733813364058733,0.0406101830303669,0.0,0.18021459299095474,9.498243774446058
28,0,-390.2211262562675,72.91379209956565,-0.02893540792900758,-0.7163725402250742,-444.6791076660156,-336.4644470214844,132.2370624823181,35.3725665204845,-0.5935746622321678,0.22241020580232185,107.48426818847656,158.34463500976562,39.88648910341908,30.120478081427514,-0.4999211342574405,-0.3508378220532311,18.998401641845703,64.18669128417969,32.689506956766245,21.9465826794683,0.18115938708334872,-0.10581519632943692,17.236112594604492,46.51754379272461,-3.1872804252869793,17.803901264403855,-0.2227469694041935,-0.16097396337580427,-15.313501358032227,9.635915756225586,-7.351710232191837,17.24369913144489,-0.2995879800863798,-0.4985107191155742,-19.58762550354004,6.625240802764893,0.6860285877842824,10.863714196163055,-0.15952772510738558,0.5147154046331366,-6.137001037597656,7.551947593688965,-8.403028789038421,12.586612069345362,-0.24292565928236187,0.18173513150382936,-16.81202507019043,0.6886646151542664,-6.173698100841888,11.445801144811888,-0.44574693526247433,-0.23899012410641562,-14.044750213623047,2.572585105895996,8.443038734265011,8.443127141418609,0.22774357841476947,0.06707632135631814,2.5824363231658936,13.992429733276367,-5.513401228226497,8.412686095831027,-0.432255355370045,0.08446277057347906,-10.988754272460938,0.679658055305481,-7.172885674052021,7.701169684786052,-0.2399698732144824,-0.15778822834615447,-12.481996536254883,-1.5214383602142334,1.024541811547034,7.415502738099804,-0.049664094213424374,0.4632733194687546,-3.629500150680542,5.786285877227783,795.7343625725744,459.88064412102983,2.834761874813882,10.320864755675098,522.0954771130755,884.6107156946089,1395.4210737353158,1206.106386605442,1.9785334276479645,3.5776674389233847,632.8125,1656.25,0.0481154193668993,0.030079947601582824,3.5894692239509878,20.532005641364012,0.0322265625,0.0537109375,531.4525415890464,529.8496211587861,3.6099715441526987,14.42338804618992,252.93563842773438,577.8429565429688,0.027807894727661715,0.02163374285258971,1.1836810528478372,1.6705962911139762,0.010448366403579712,0.03956618532538414,0.0,0.14960680071014598,13.325178454939772
29,0,-375.9395858684574,81.75824382130114,0.17459339634333704,-0.6533101854394863,-442.98339080810547,-315.9408950805664,123.36471205730103,37.22751781596457,-0.25137917716329583,-0.4129545653040192,94.74919509887695,152.3380126953125,35.393428096499534,29.64839485826806,-0.4548836824615124,-0.3630179859477072,15.178455829620361,58.13896942138672,28.019624459978683,21.80357032806599,-0.22711657809358762,-0.020872228771769752,13.302142143249512,43.08961200714111,2.4625683388799384,17.8057500457242,-0.5368813102889433,0.010387767483215793,-9.293533325195312,16.28999137878418,-0.3864458750581975,15.114095498147131,-0.43651380145324353,0.1548073898702489,-10.053508520126343,10.513084888458252,-2.953498953939746,11.442606279552855,-0.16612530434407843,0.34186116283445767,-10.333136796951294,4.671263813972473,-13.682989653001462,13.031147671329968,-0.29051368330749,-0.30144592505422896,-22.80113983154297,-3.4995174407958984,-5.5949051788357265,12.008052490283351,-0.26947508125383685,-0.055452533354649614,-13.533375978469849,2.6080589294433594,3.3108476720542224,9.066944579526874,0.07596533211811943,0.5920172812535984,-2.5510324239730835,9.009773254394531,-3.8263461027770744,7.921035283002563,-0.39084230837792966,0.6107390035115383,-8.8046133518219,1.716071903705597,-6.246947378371264,9.732966353644343,-0.21742773580358102,0.1793273544700984,-12.74983549118042,0.6332734823226929,-4.45572613169784,7.958259893183915,-0.42956432125385274,0.391539565427486,-9.336952447891235,1.0133018791675568,881.6010537451663,515.8987447246897,2.2421591885727077,6.298390849793707,549.2372996812915,1004.5946800695372,1621.4126761959972,1346.4547023105476,1.597429932995881,2.0203019796994424,648.4375,2093.75,0.05187133163366488,0.03704676045877596,3.2588576078567986,14.040299852165624,0.03271484375,0.05517578125,672.6651680978388,750.4695606392812,2.6491678828081873,6.67867932712252,265.1074752807617,655.5164184570312,0.030864136837105056,0.02709242584549282,1.2153054482926047,1.4631160512691528,0.007797128753736615,0.046087185852229595,0.0,0.139618074764582,13.83884194889596
30,0,-371.7078329301469,86.28074146925549,0.044163196600684185,-0.9741558688198388,-457.4689483642578,-306.0831604003906,118.87619435088358,32.86645470701426,-0.20690977746696557,-0.604822321884432,90.28131103515625,144.87496948242188,34.389153601809916,27.67030399194621,-0.6010026694200843,-0.3078799951924647,14.751840114593506,58.0141716003418,35.72924707814018,20.44983306680278,0.17223365173444932,0.46843336795311563,23.059958457946777,46.27723693847656,2.304889206215265,18.26767101653682,-0.5981144076789235,0.10828266475291759,-9.929081439971924,16.152463912963867,-10.80011616278553,20.819139956787094,-0.4317482025891917,-0.6377885271583028,-26.543657302856445,6.4688880443573,-7.914947774953312,15.042110751587611,-0.48902384830185486,-0.1788947799979259,-18.22939682006836,3.335087776184082,-3.9617997030213474,12.346595618923496,-0.5083469333560785,0.41577848535170236,-11.10163164138794,3.687409281730652,-10.46093138547368,14.08745409787989,-0.5989166871259882,-0.10115681435385682,-19.850292205810547,0.40779104828834534,2.427456217170134,8.864500317570972,0.26259980696633267,0.5535096639818491,-3.109506368637085,7.619751930236816,-1.8429973394091155,9.291657939606262,-0.024687241308585496,0.719683093675973,-7.117526531219482,3.567887306213379,-6.0578046281792295,9.254763743911315,-0.25882052825393015,0.4583223332802855,-11.844565391540527,-0.10195504128932953,-1.742484080263977,8.363092007828705,0.16260639811667735,0.8820209953182805,-6.460963249206543,2.84975266456604,826.2640003706696,435.91823803372773,2.5516554555613085,9.687117195932167,534.795643007474,962.788041002194,1500.1174549317095,1165.4391513199696,1.7911037712272178,3.438089565241187,656.25,2062.5,0.04950997506837651,0.03127757341684044,4.000377980415537,27.95714441642806,0.03125,0.056640625,567.8738026658427,572.2647419980015,3.144818499502239,10.728342402812862,266.8827133178711,589.5662078857422,0.029728192502359942,0.02973118725292161,1.616374817199957,3.3969255656902124,0.004712185123935342,0.043477773666381836,0.0,0.1472545812925246,12.973721725020413
31,0,-351.63476490413194,83.72793355391136,-0.011685422715654198,-1.1594276768592495,-433.78448486328125,-282.81249237060547,112.93621168659112,41.98713844833864,-0.09907392958012945,-1.0524424005329573,74.04194450378418,148.5509910583496,36.328482230918794,23.420081340868958,-0.2844342439113763,0.0181906526799267,20.462000846862793,51.433640480041504,34.08593194711206,21.322243632602042,0.5076453480210015,0.8122744965785942,20.651097774505615,44.31032943725586,5.902800511958527,18.504273788989405,-0.7258965233252462,0.1259604082394814,-6.645143270492554,20.86793804168701,-6.470159148945982,15.772552848513818,-0.256551410177383,-0.7169451880740545,-18.44178867340088,7.231512665748596,-16.55372902221467,18.418630768598657,-0.5230374556669697,-0.3992878829198201,-29.109214782714844,-0.9958474189043045,-3.267292319319494,9.489602819701759,-0.09532098641707541,0.3937240444658472,-9.31213903427124,2.6401270031929016,-11.741342355238316,12.135134815228373,-0.322206446488491,-0.6402666254181084,-20.814189434051514,-1.4566918313503265,-8.122791151956225,11.276555944422261,-0.4924180677775412,-0.27895457997446327,-15.94060230255127,0.37425874918699265,-2.2478324388554354,9.159468260038654,0.1585644730222596,0.8458500951266754,-7.9494242668151855,2.750562071800232,-6.0467438601849945,7.55734675145571,-0.47311241478493204,0.3984405048127324,-10.804057121276855,-0.73434978723526,-2.145233783729451,7.4263145235737476,0.08305976842555719,0.9214007337990968,-6.596324920654297,2.0489017963409424,864.318826346697,512.3912099305845,2.2726739832498706,5.6743885582989435,558.1262326957681,936.7164998046521,1510.3539464363557,1268.5856696141273,1.5252337412259054,1.4093487156481102,617.1875,1929.6875,0.05583737680157476,0.04193344053067794,3.3753746148017907,15.035077962736821,0.03466796875,0.0576171875,712.927621007243,779.2756002640584,2.2549865602418446,4.377339754972585,283.3012390136719,638.1045379638672,0.045163660854966786,0.04318371611279057,0.9544122764257851,0.4784251279284253,0.004243272007443011,0.0738382525742054,0.0,0.16106914901840563,11.473051707071996
32,0,-382.53157860723627,76.09202110355504,0.3329002322975872,-0.625067768913437,-448.2519760131836,-326.9569396972656,116.08160479913506,35.668840469700335,-0.22769010130027087,-0.02689386283662376,88.73377227783203,142.89606094360352,40.51299560613545,28.717878011800007,-0.8409677372553178,0.5319293584247036,23.374755859375,61.19117736816406,31.69734887922604,21.616194783400086,0.31321796017546644,0.44803844415526406,17.39873743057251,43.798508644104004,4.080729207453269,17.17047257606822,-0.7057786239751367,0.31601083052251644,-6.339999437332153,17.00795078277588,-1.970161754388122,16.610509692695796,-0.8471033273089279,0.44731058742498275,-11.406107902526855,10.10318374633789,-4.981976256797025,12.224783575436895,-0.5356671144601258,0.26548844798464577,-12.638202428817749,3.6399649381637573,-4.481501008779323,11.611168122503196,-0.4003852986234863,0.6977959221825301,-11.395202159881592,2.8691024780273438,-8.143328824170993,12.24031242300459,-0.6956266249746416,0.20125482600472067,-15.82290530204773,0.7538733929395676,0.19908774794450754,8.176982840641184,0.05580355751190004,1.191655611681698,-4.624030709266663,4.950678706169128,-0.8295301102223951,7.5467365707978304,0.0043079684869755585,0.8343926289372434,-5.329088926315308,3.7609827518463135,-2.846119974075347,7.372934130544393,-0.07129593618692205,1.3454389298518779,-7.157728314399719,1.5675231516361237,-0.3301897327049423,7.44714822989402,0.14987455779901018,1.5808551686306727,-4.589370012283325,3.807727634906769,892.344826441306,594.8438195360056,2.4097371869255815,7.213379058305261,516.1200303652543,1017.7940102984819,1674.1414365434937,1464.0992079788361,1.503002005513208,1.4156341063614777,617.1875,2281.25,0.05309784659102173,0.04568496476853412,4.0298239852250735,24.93254682766011,0.02880859375,0.05712890625,633.0992062460689,694.3190059352252,2.6321330743269153,6.584945490150298,257.96533203125,600.0413208007812,0.025898720265853954,0.025619252592391704,1.6024120316908523,3.1161673673492656,0.00515051418915391,0.03752485476434231,0.0,0.14336512921722555,13.764125721361642
33,0,-420.3451417265457,81.7483123349445,0.30861511602015745,-0.7314276732194043,-491.9129333496094,-360.5361022949219,126.21744391657136,34.98340055864013,-0.3864016707241794,0.16841730160549373,100.9378662109375,152.6493682861328,36.90568101332785,29.80217715969232,-0.6546561844694193,-0.25089243240045533,16.44681739807129,61.45261001586914,30.673582453981474,20.030623794923784,0.34576242010090324,0.41173703848059606,17.62007236480713,42.81966590881348,6.513507821931571,15.498868084056262,-0.6623130905995323,0.7924999876767362,-2.359023094177246,16.819512367248535,-7.006399811451817,18.012838768768955,-0.4523841480046427,-0.355164409110992,-19.14765739440918,7.038713216781616,-1.837582522769875,12.206980919204565,-0.2991457354509986,0.14986634857667713,-9.888323783874512,6.470254898071289,0.3793676116129411,9.54685654512184,-0.19407049691018627,0.6569375014435974,-5.301525592803955,6.110131740570068,-8.633236744971144,13.056637635190969,-0.4414478472394762,-0.5053795871958555,-18.269182205200195,2.0553890466690063,3.888877209221276,9.39185889182756,-0.11850339179194089,1.3829810814741474,-1.4629337191581726,9.260163307189941,0.41474341849860585,8.396209060993275,-0.2683370382005797,0.6272569228087463,-4.3722710609436035,5.6486005783081055,-2.5737102528882576,7.461106227119932,-0.14026180458821524,0.6415703964615158,-7.057502746582031,2.1199417114257812,-2.3774447493196207,7.048454952866573,-0.37104691481804686,1.0156696490037884,-6.358962297439575,2.0088047981262207,831.2650408887612,494.97828215145825,2.9147600482049008,11.222367994918498,537.3216584432346,932.9646448736929,1508.756660969234,1243.6355046220574,1.8800611157280684,3.298383453563371,679.6875,1976.5625,0.04765378224705074,0.03584536254968599,3.7824119438288877,21.374737919084225,0.02734375,0.0537109375,556.0479309045694,586.1819105964989,3.155906150454131,10.457932282531308,243.61376190185547,574.4680786132812,0.019142737696484304,0.01758953394198546,1.5909604593224842,3.5473917745321994,0.004598269006237388,0.027436373755335808,0.0,0.16596056659186004,12.208868262155773
34,0,-343.8132561558301,66.8950058654467,0.09333648396588837,-0.4940043444788311,-392.1660919189453,-296.5702667236328,120.46239886285912,29.750436366957647,-0.5022889161665205,0.9849728408282221,101.50495338439941,141.279541015625,26.433720795164035,25.960749493540884,-0.6335251129516027,0.374457910027334,10.819317817687988,45.86033916473389,30.790743607847055,21.203032922706672,0.23947281674313847,0.058427657314578774,16.79435396194458,43.778578758239746,0.5512894326095282,17.48489301837018,-0.5382252947280807,0.12263207033593826,-10.881524085998535,14.284405708312988,0.6130481125670734,13.753886173516637,-0.5074910600455758,0.02353945337912533,-8.289070844650269,10.96671748161316,-5.601300278397705,11.802968141862507,-0.351774469974887,-0.16431217299886258,-13.564661026000977,3.2817028760910034,-3.217665498050628,10.022342188084144,-0.16283709383956982,0.29910668391809603,-9.470932006835938,3.2150667309761047,-7.070786518896423,11.833416931216728,-0.5219189921474238,0.11012639765875099,-14.5879065990448,1.4035815596580505,2.652646450843902,8.814686202554357,0.04427754596292095,0.46192425809840154,-2.9262439608573914,8.07042121887207,-5.038513670799292,8.067580149356749,-0.28160023089381553,0.16645484857481652,-10.27592158317566,0.6832060515880585,-4.291200375775902,7.721354722318574,-0.27346642681044453,0.4758852897576791,-9.079542875289917,0.8489625751972198,1.0618876546931835,7.917070024786556,0.23622433339603396,0.8788446621647901,-3.9083940386772156,5.778360962867737,982.3141389164587,479.38752778243077,2.0929278578937858,6.461778079454209,663.0332579150302,1148.2990874276265,1931.8452295860018,1238.6842567483664,1.1828841167577986,1.051678946605513,937.5,2593.75,0.05449938737753507,0.03460668655470373,3.601514125552994,20.975710303426016,0.03564453125,0.0615234375,630.8690007983322,631.1550716836598,2.664656197466351,7.454452992272339,269.36158752441406,663.4680786132812,0.030128732706602896,0.02244831577261523,1.3345645969785631,3.14731612531114,0.0120406833011657,0.04175934009253979,0.0,0.15876822365963977,12.695781923759911
35,0,-372.57478822831195,85.88079129037533,0.10765928514876179,-0.7679616175361574,-441.3724365234375,-308.53656005859375,126.96049582445288,40.225527266655064,-0.3576711129996404,-0.48800305253733445,94.58466339111328,158.59743881225586,40.983640640931995,29.595884697680148,-0.5303450153828526,0.19138579980290915,21.741761207580566,60.95547103881836,27.761701395881285,23.722259249421853,0.1282806309018251,-0.2030821011391768,10.929577827453613,42.45736122131348,-3.682351670619301,22.210762702352927,-0.5707754632608592,-0.11364680347743761,-18.443791389465332,14.704662084579468,2.4677748867119758,15.708307150851686,-0.22048192080413415,0.012158828660048915,-8.09329628944397,13.059062480926514,-7.772745865176283,13.937836984199441,-0.3322577426546918,-0.2139120440556992,-17.225489139556885,2.5703400373458862,-9.431235907696829,14.461385730220162,-0.3828478112488617,-0.008810283070679326,-19.104241371154785,1.0998067259788513,-7.80052985151366,13.469496372324494,-0.4207325577750401,0.051765876780324405,-16.61604404449463,1.853188842535019,-0.3554479140611108,10.393664175829668,0.16485793861813777,0.42015570015189496,-7.0311079025268555,5.690086722373962,-6.393753975366037,9.913318846522364,-0.5321002581431725,0.2860028845998692,-12.49576711654663,0.8381003439426422,-3.1910957799883284,9.353613954418625,-0.22418972732571563,0.10205043730343144,-9.42149543762207,3.243984818458557,-3.919747999571131,8.485085194277799,-0.4044579028698937,0.21209651738699442,-9.283085346221924,1.9422406256198883,832.3741401684954,525.0944010411058,2.83477026220483,10.403102071471297,526.3471765583275,928.7404324730896,1477.1358355419484,1311.1445663982558,1.8922740711145305,3.1001499754890496,617.1875,1750.0,0.05082366558473085,0.040381726967569226,4.086365589454667,24.05887161718822,0.03076171875,0.05322265625,611.722534642377,649.4503428598658,3.0573151402319776,9.787000765684448,274.38330078125,616.9570922851562,0.03351531837157492,0.029086334381107862,1.2174111567447603,1.7899714452131157,0.00899083144031465,0.049277075566351414,0.0,0.1315352539658371,12.586893097986302
36,0,-335.35601635700107,82.75148099528415,-0.19869304707689361,-0.5700033349800111,-392.9800567626953,-275.2095031738281,129.96395558331662,39.19722773560872,-0.5248639348681898,0.4472292190371516,103.8718376159668,158.37940979003906,23.278915979523514,35.97266271430763,-0.39097006832224973,-0.28761549289599,-1.1441856026649475,51.86882019042969,24.28803485077432,25.4381056402928,0.01971818953488506,-0.2570696438433573,6.310807466506958,41.20742607116699,-9.811492956272534,19.900006523055872,-0.39346688416842973,-0.20407006502671843,-23.24658966064453,5.6450111865997314,-3.670469683906272,16.59195928072269,-0.14575915832898742,0.07418572630994147,-14.600077152252197,7.400052785873413,-5.037922185558944,14.913847339633305,-0.27355573182846366,0.009113133562311138,-14.686378479003906,5.259758472442627,-4.73988348924989,13.880287557243692,-0.27226613538855565,0.2207224079665182,-13.46999216079712,4.357156991958618,-7.354242635653397,13.081326947223937,-0.29155069044691645,-0.09742264081166585,-16.01095962524414,2.1981794834136963,5.187340947426056,9.249154693020026,0.0738978205151392,0.37249040834124036,-0.818790853023529,10.994632720947266,-2.485872274490943,9.198386709246238,-0.06670294406269729,0.04761305495354584,-8.735252857208252,3.8917386531829834,-8.00259430318084,10.119796391963908,-0.16037406277905544,-0.13694041703873516,-14.964571952819824,-0.5965712070465088,0.3318716471150665,8.150994159988839,-0.041266653743198066,0.35878272232516384,-4.823680400848389,5.539057970046997,990.375836520186,580.1954532447661,2.57000676608493,8.81086244048579,638.3368340474282,1122.0422935521829,1873.1976794029526,1355.6125336194955,1.4629063545397483,1.7744325092997615,851.5625,2507.8125,0.060522128695448145,0.04825424118364286,3.577489108539314,17.941480592028938,0.03515625,0.065673828125,748.7171292502147,734.3582018781842,2.2575324266678285,4.833735098231262,311.7742385864258,808.8461761474609,0.03834904850248181,0.02831489120474213,1.0448053685141074,1.4434008786923398,0.016609651036560535,0.05401955358684063,0.0,0.13417093543821393,12.596085104740547
37,0,-390.5364787881091,74.48626721106415,0.15514286726080942,-0.6850543215124718,-449.2373962402344,-335.8270263671875,129.1841618663328,34.8110132813039,-0.25334307526055205,-0.4520649458457964,100.75007629394531,156.2821044921875,40.241868431909324,27.58365565437835,-0.5978307980777651,-0.05727193456312385,21.772972106933594,61.98704147338867,27.34615208976894,19.584876760689294,-0.03671010554914138,-0.0010951708485857914,14.412052154541016,39.27545928955078,-4.46410044397607,16.885271806892582,-0.5058474527227129,-0.04392072541465053,-16.163021087646484,9.024106979370117,-9.619058777650672,15.969833708537148,-0.6007649887963252,0.14253408499368714,-19.540372848510742,1.9405678510665894,-7.040928792685786,11.158916846547909,-0.42030496646844073,0.3614935858331654,-14.045103073120117,0.5774055123329163,-3.71829411913462,11.65472037340106,-0.31343854190529796,0.12370417884387175,-11.128864288330078,3.954671621322632,-2.8840109833377006,12.667177355003856,-0.49832768877019773,0.2658759156507684,-10.6631498336792,5.76251220703125,1.7948052089986621,8.234009030652693,0.07537720413382068,0.398972789880903,-3.5693838596343994,6.9058074951171875,-4.832444486790241,8.65441954555671,-0.4063181454936168,-0.0695526105227744,-10.56247329711914,1.6940577030181885,1.1181835135456857,7.91192420353867,0.059490253088457984,0.7140195670568343,-3.5988929271698,5.753575801849365,0.9811893737404634,7.759684509113363,0.1734221686063803,0.8144222178423108,-3.6665711402893066,5.463168144226074,848.5399600654449,515.0913522987873,2.556647034415638,7.91102631856174,541.0911655720901,933.6664427403338,1510.279136704782,1359.425367892379,1.9042345115972024,2.9816650158986278,656.25,1851.5625,0.052685813569541044,0.03893963800065669,4.1340193256798905,25.40589176253183,0.0322265625,0.0576171875,589.5861572135138,613.0583165797069,3.2419750793897704,11.061441631091094,267.66448974609375,601.2720947265625,0.027312232648792848,0.024433262203569162,1.3915406714540177,2.6700618384848838,0.006280878558754921,0.040542732924222946,0.0,0.14265718178717574,13.439392398985596
38,0,-393.9388090992437,71.04648633494375,-0.0052096214566730095,-0.4626856449879475,-445.0777893066406,-342.65089416503906,124.28026140117441,37.22542300058021,-0.4905269411950418,0.4120444177691249,99.8231086730957,151.7576560974121,40.97744478712761,28.467307798737146,-0.2923952964233788,-0.3557513244744852,20.731515884399414,62.880897521972656,34.75903178370321,23.477297312568403,0.09349589292887205,-0.2005752917215169,18.520288467407227,49.69393539428711,2.93992539060458,16.98102233229217,-0.283952905300033,-0.14334104817433824,-8.674505233764648,15.290288925170898,-2.8941789138160456,17.193715968360163,-0.40443787567769013,-0.2215695255069483,-14.443830966949463,10.056384801864624,-2.872009072487489,12.389822820909465,-0.24104495691961597,0.09295169770276468,-10.958989143371582,5.63483726978302,1.2649852628025178,12.081492525168866,0.1414364401253012,0.27277170607165857,-6.494593262672424,8.568442106246948,-11.90515516110233,13.113080796257712,-0.3734797118922479,-0.26287179792813165,-20.839584827423096,-1.8170389235019684,3.5646682026892558,8.72836256353184,0.1972856501311305,0.2944839695065413,-2.2166731357574463,9.050081253051758,-1.7805170932151415,8.02427860364224,-0.11011958838501493,0.644180683372328,-6.677562117576599,3.2289701104164124,-3.340449632984993,8.061534328184567,-0.3429355830354215,0.572272568083358,-8.127858877182007,1.8774593472480774,2.619100565302502,7.884226004421241,0.36753068578485254,0.4460670575265824,-2.6665388345718384,7.4325361251831055,945.871687812518,596.5790048226526,2.2976623114613757,6.4331676219397504,560.8118264458827,1079.367403972618,1853.7035921323684,1466.0699324941497,1.33798606095345,1.1889205492799624,679.6875,2539.0625,0.05242993427133953,0.042815877898975625,3.570462274238207,17.553294726981374,0.0302734375,0.0556640625,584.5796715011909,648.9506507745604,2.9454814857214484,8.522085469742903,251.16827392578125,569.6683349609375,0.020457692246863644,0.015310063571057504,1.3941936139321927,3.3549821715089054,0.008186477236449718,0.02819651924073696,0.0,0.16372388205614902,12.892131010600545
39,1,-360.20316205926844,87.63942544937268,0.07626000823556346,-1.0972702651039432,-448.99159240722656,-289.5483703613281,128.94029350780153,32.60692860767089,-0.28919510163624135,-0.3880672999361705,101.13811874389648,154.1696014404297,28.40637176965997,26.791257746663447,-0.5791145576594746,-0.3171818474879098,9.27993130683899,49.84564208984375,31.730908622231905,18.977878407688586,0.6750892851072434,0.5038766992189236,19.8886399269104,41.907854080200195,6.036362620226321,17.85527083354352,-0.861043094663038,0.38761175408397275,-4.892652153968811,19.649645805358887,-1.8988895723119017,17.280567384396228,-0.3348608678984274,-0.7356384907153188,-15.141422510147095,13.594539880752563,-5.117012924381725,12.318918190247787,-0.5272433801834177,-0.023706601416900952,-13.383539199829102,4.317565560340881,-10.54342002608805,11.367940831780754,-0.4993582866225363,0.14846894845907777,-18.034900188446045,-2.3178402185440063,-9.548177772994165,12.756493596216728,-0.5939454275067686,0.01298298685025756,-18.36884355545044,-0.0820901170372963,2.8469774732313766,10.401696515545979,-0.018515326010750982,0.9672929700005297,-2.5889286398887634,8.44585633277893,-3.2237697071051814,9.831636973524835,-0.714752561078472,0.8080635422606779,-8.738650560379028,3.2819334864616394,-0.27929992750349986,7.992000489819145,0.2560548447240742,1.2244389407339318,-4.915491580963135,3.9967651963233948,-3.781903486984765,7.922349265121323,-0.6523963456554887,0.9701919925242009,-8.22338342666626,1.3415446877479553,727.6736881397163,362.5192272607771,3.490712956239777,17.35472405737473,532.309142715168,798.2119731651871,1280.0438133445946,980.0362356602332,2.5283222763953903,7.281630448789455,671.875,1445.3125,0.040737172719594594,0.023744959044931003,4.173427875561781,31.383181140651942,0.02685546875,0.0478515625,433.4380271608185,383.7314729973318,5.1120808411537935,33.79583661642964,241.64317321777344,492.32411193847656,0.04890998030533484,0.041108964822454845,0.712354501721409,-0.06220962452279721,0.007007320877164602,0.07684001699090004,0.0,0.1283341957155349,14.399736069690547
40,1,-405.7937615176116,43.69773847054479,0.8482370315849139,0.7708339122873924,-442.83453369140625,-377.7073059082031,120.69751016761481,23.697963606919572,-2.0550941816668664,6.14891476712976,115.14752197265625,133.25253295898438,27.658719527222317,13.81792830007822,-0.4301237270910888,2.5783224029636234,20.652118682861328,35.02230453491211,34.07251116057969,11.668884301203192,0.41878209813392137,1.3479592757988152,27.11341667175293,40.04473876953125,15.370213418528412,9.878602520997493,-0.8660454232226396,2.1640729066557203,10.964269638061523,21.248966217041016,11.449329029250348,11.241375010360372,-0.5780401894504733,0.6637277321161554,5.305822372436523,18.843063354492188,3.264383371534481,12.303403364894256,-0.6817250553729566,0.007549475908169345,-4.921545028686523,12.645492553710938,6.199138928632157,8.883038503782796,0.6626174943602647,0.6355409386816238,0.06705349683761597,11.152606964111328,-2.3046311676391804,7.610543779496866,-0.5328854333379675,0.5352224547530251,-6.798544883728027,2.974048614501953,10.882527462230586,8.248089027477917,0.6416370750895537,0.7511649553744388,5.348705291748047,15.548040390014648,-2.9454932128421567,6.913374383329126,-0.07411457198614745,0.6384393746202379,-7.128704071044922,1.329193353652954,-0.8254767250049254,7.3688677289973805,0.5342043956823431,0.1413145937165572,-6.205466270446777,3.8140149116516113,-4.035692465508189,6.596902542566122,-0.6301561679052502,0.7823205843528664,-7.789413928985596,0.4619762897491455,1021.2087886758686,478.2518855257945,2.7913253137063085,9.785046368873527,754.9018252744917,1111.6457079890042,2133.236266950678,1138.6720540488693,1.4566445346782673,1.8700840220705244,1406.25,2484.375,0.04184241588413536,0.03857008750131,4.2897647955998695,26.108982401998365,0.0234375,0.04541015625,530.1149212147711,666.7689643551839,3.429918473948427,11.528364682382708,242.3023681640625,477.36773681640625,0.012462061732267783,0.009234281035441723,2.870175107618862,12.429143804827888,0.006834985222667456,0.01485940907150507,0.0,0.21164593815411548,8.739917050375958
41,1,-383.0495781716374,68.82147500469267,0.4414037511338491,-0.293874122307725,-437.9742889404297,-335.5317077636719,136.15370577916087,28.77079967184559,-0.962971715420384,1.8453613434513398,121.26320266723633,155.88756561279297,23.9189719883942,30.63183234651217,-0.6182430649747851,-0.20145537718660345,3.679918050765991,49.654043197631836,33.40071269182955,20.49160394984577,0.6538975051965678,0.14064764872831326,18.17231559753418,46.66387939453125,11.055988043481852,13.591823295210444,-0.9519208172968395,1.9218245752595697,3.482163667678833,20.345447540283203,-1.7779073022284633,16.560339084629415,-0.5227662593979175,-0.29235416557230964,-13.353551387786865,11.87805461883545,-0.867154584083626,11.14211160360015,-0.41581133468882786,0.3331527124034235,-7.964956998825073,6.80126953125,0.5587072369393558,9.69303362053464,0.23621855718595325,0.6401873190953107,-5.408374786376953,6.025876522064209,-4.405240453400789,10.134653191240094,-0.3920199722048771,-0.08935432772246932,-11.260200500488281,3.3213419914245605,4.125328057905578,8.689341169678915,-0.2960754717082862,1.1530505108635154,-1.2284740209579468,9.783737182617188,-1.0278213750691654,7.341191336727082,-0.23519170148872143,0.08629603488428739,-5.836438417434692,4.136750936508179,-6.259647510811538,7.499379283088935,-0.3242197541147035,0.38254508802137677,-11.053601264953613,-0.8808030784130096,-1.1591147965483743,6.358380438643789,0.23655622454240213,0.8521975008708798,-5.16930365562439,2.6165791749954224,777.0014181444789,438.95414272828316,2.465553775258275,7.787366211001432,497.61777344117706,890.5043491291668,1468.2813455551232,1119.3913091068678,1.81238183743456,3.248049502590738,695.3125,1929.6875,0.043954189353769386,0.03020543814978775,4.247309678301005,28.136033561827045,0.02783203125,0.0478515625,599.2301298290566,646.8430580159505,2.6107409580679524,6.632417817237105,241.49111938476562,577.6673583984375,0.02610448025933917,0.01996431919519987,1.3857485258805196,2.501981396125556,0.010150530375540257,0.03602525778114796,0.0,0.15506606412769852,13.467388680190844
43,1,-410.8336482079173,54.53377262475823,0.6175412284831155,-0.30205030440406766,-459.7425994873047,-372.64624786376953,131.24626306157515,27.36550870906035,-0.32978689789242877,0.6543859512608181,113.53514289855957,151.53564834594727,36.581929779310435,17.168598739228674,-0.8653953242862468,1.1405548201721185,26.4741792678833,49.152984619140625,28.366883899415388,18.477564036382905,0.8259530496334625,0.5228938619565233,14.781851530075073,39.2636194229126,16.680228148217303,12.68946634708748,-0.5417071259493934,1.152446589460963,10.27220368385315,24.716803550720215,7.9843831827193,12.04335855447024,-0.7745487755099382,0.8251373604764254,1.185973048210144,16.06105327606201,3.8465250571635123,9.154516110825982,-0.12964357722198377,1.160164047420662,-1.415218025445938,9.309513330459595,2.4075850630837725,7.945888703092194,0.07885265386736094,0.9024968419232926,-2.332024872303009,7.031597375869751,-2.4263998662932185,10.205843180138524,-0.8762348026266761,0.6369990891940795,-8.54563283920288,5.095379114151001,7.753548433057351,7.260187444196256,0.20389804640343107,1.2856199583906118,3.5618125796318054,11.622474193572998,3.4613380618122838,6.623740000654665,-0.3651091902598637,1.3496600410979491,-0.08554120361804962,7.428998351097107,-1.5199851743368753,5.807145512978115,-0.2919996036764584,1.204749901435532,-4.77865469455719,2.0059502124786377,0.2738081662526393,6.039061955094456,-0.1438500824935539,0.7512477918944889,-3.174568474292755,3.8917118906974792,644.7594845293513,395.49099368548383,2.796926027673412,10.001243134777326,417.7888424560782,697.805936704803,1199.6973574986164,1028.7005306618908,2.205701466470513,4.771165617680994,554.6875,1320.3125,0.028075009943967902,0.02329461288012199,4.436460493273985,30.378379256754897,0.015625,0.03125,445.627710716943,473.790730853986,4.437596921259193,22.316852950832867,224.7142333984375,471.0363464355469,0.02850395331255098,0.02598158891050421,0.9402704723195675,0.01269881991420041,0.005636490881443024,0.04703432694077492,0.0,0.14865989030225318,15.631259475862894
44,1,-433.41003484004113,59.349134945835466,0.7628830826586904,0.11708518230713505,-483.750244140625,-396.4186248779297,151.5408537860439,22.56205933541769,-0.06443054492478507,0.7802158005219262,137.00936889648438,167.00698852539062,31.5746252264519,21.737527915169572,-0.7347276281442984,-0.029079965408559616,17.314626693725586,49.10944938659668,34.84289130970822,20.762764296780034,0.7256363741153439,-0.043074227458477665,18.600321769714355,48.690242767333984,21.23956049291661,12.28896245469723,-0.8055420175240158,1.7785625822908981,15.553986549377441,28.736382484436035,5.362210199406382,15.202153329882753,-0.6488566773355066,-0.4452596729370186,-5.427725315093994,17.710392951965332,6.964140590481321,9.191962327640685,-0.0032657746791284617,0.8997975020010442,1.5442992448806763,12.22126293182373,5.5011827588447915,7.993500365270557,0.48764278139505446,0.8001206898005373,0.2944519519805908,9.958755493164062,-0.30985335645034495,9.64267651167018,-0.8123256445399637,0.7130909893120454,-6.059698104858398,6.595148801803589,8.669625051656633,8.307050114726005,-0.31928626341988214,1.3079131387261667,4.0545876026153564,13.564637184143066,4.489162235350107,6.727746999148065,-0.3825243650722641,0.8888479729094358,0.7969259023666382,8.753173828125,0.6965598960295121,6.502751189427307,-0.11617045545734837,0.6305342591048961,-3.2837733030319214,4.71135139465332,1.5186133328473606,6.854527448941239,0.14714837410510428,0.9436091792416597,-2.6519577503204346,5.4590582847595215,522.2805348342813,233.66570122212758,2.591277857516498,10.518859531102711,372.50918194669896,598.5168056161983,912.5069568121104,646.9185861147978,2.1434600059278703,5.497994083934785,523.4375,1039.0625,0.02169534032724844,0.01384476707739693,3.9256537918786387,34.05731647198548,0.013671875,0.0263671875,406.97675606859707,424.41265523421885,4.421756870812434,21.44139528512397,219.20965194702148,435.5590133666992,0.026050319522888776,0.020365468332327066,1.1698705649787973,1.0516831146849812,0.010209498461335897,0.03784112259745598,0.0,0.18372959497490074,10.96763746915732
45,1,-340.03936734019373,66.7907882612663,0.1757533028132809,-0.604240835765995,-392.0037841796875,-291.3079528808594,133.5038539935469,35.41278227371465,-0.9600569439867749,1.374704075496986,116.00452423095703,157.26324462890625,35.769697719662176,25.994753413881295,-0.4027004899307575,-0.14427696374289933,18.729110717773438,55.31687927246094,37.754593144656575,25.383180491501466,0.40480938221130836,-0.3694106096479981,18.841520309448242,54.888832092285156,-0.8878044416649642,17.733662429254196,-0.5419263790705429,0.03211314557163858,-12.559892654418945,12.687679290771484,0.5474392356072364,16.35740032547788,-0.3985729694722407,-0.16912819213740127,-10.47000789642334,13.044522285461426,-0.4292487261139544,11.869435818310746,-0.26908249393303474,0.1563540928106848,-8.052763938903809,7.8104963302612305,-7.322215378728217,12.848227900887009,-0.16935031728198996,0.10797167757998549,-15.595579147338867,1.126657247543335,-13.756186065647691,13.747986699407164,-0.3032644789178401,-0.4872887755078352,-23.685089111328125,-3.1036505699157715,2.6471219824590437,8.82257417171325,0.14968405534661255,0.33421571776471426,-3.050929546356201,8.189356803894043,-7.984658540652774,9.269599315478166,-0.4440521677711622,0.45095271656155633,-13.816198348999023,-1.4970579147338867,0.4943582578438964,8.763243083597924,0.26762891663013155,0.4012751261115963,-5.235419273376465,5.927131175994873,-0.3273265049770445,7.946208345622834,-0.02173416248184554,0.4255100065453439,-5.2971601486206055,4.751539707183838,915.6001871482839,579.9713529146989,2.366801935341445,6.926740381186578,539.1881136239274,1062.7637549049068,1784.591356391069,1423.9607841412642,1.3701603508821338,1.2791661070733982,671.875,2570.3125,0.053102613387479465,0.03829902959650401,4.016464979869278,22.808887978424025,0.03515625,0.0546875,586.5918378148422,674.8808463835474,2.879021781749833,7.739154508811632,253.01007461547852,548.0399475097656,0.037658192049466035,0.025318072649904825,1.299026456284357,1.9699382938812473,0.017241675406694412,0.05014347657561302,0.0,0.1848234117008033,10.578432482744946
46,1,-381.166120233592,72.25454159766008,0.5455140257925822,-0.6430291298348134,-446.38421630859375,-327.4168243408203,129.8336710986661,33.530062294280874,-1.0602417510517557,2.691530195466486,115.14828109741211,151.23278045654297,41.12778088790489,23.069239545997053,-0.8622649115922681,0.7196658449407787,28.089475631713867,57.22084045410156,39.857696516645014,24.277358157179727,0.9293104263277207,0.46634201938464903,22.882298469543457,53.85232162475586,15.178936331009112,16.621904662314225,-1.116722514163382,1.6076173985981983,6.890784025192261,26.43373203277588,8.267767882087902,16.333776037246086,-0.8630330415957786,0.30408018413050186,-1.6562164425849915,20.728919982910156,3.4087150772215145,10.984702722186732,-0.7407902048210908,1.0005117058361161,-2.4690566062927246,10.46359395980835,0.8740324230976257,10.890482277977368,-0.29900772642520296,1.218741295660835,-4.831571578979492,6.838891267776489,-1.951758804382618,11.567302471967778,-0.5609103575713293,-0.23012456119905966,-10.315037250518799,7.392568111419678,6.278316145586472,9.923777512767751,-0.5050837602467951,0.8295459265383585,0.8811277747154236,12.524638175964355,4.180401124512737,8.246178532041474,0.08444097083410007,0.948455735120521,-0.8111239075660706,8.84361219406128,-3.976350106267902,7.5585893639693635,-0.57093154357503,0.5353992506935672,-8.550323963165283,1.3020480275154114,2.7037160384808776,6.887010644286024,-0.15324474139631925,0.9727670365901497,-1.271418273448944,6.892814636230469,728.5306456911098,560.0318194931642,2.8916316495691343,9.913031923422098,405.5982859300475,817.9810109283101,1360.7877908089079,1304.1872696225914,1.8865634372120463,2.9843591321019627,531.25,1742.1875,0.033959891807606946,0.03770968487341204,4.640636898844126,29.799370489755304,0.015625,0.03759765625,497.38672083796905,589.5098951282739,3.5165632998156005,12.841620513797837,218.5140838623047,479.19012451171875,0.031160378294418964,0.023937087496922835,1.456978967874151,2.169199415621656,0.013427032623440027,0.042360300198197365,0.0,0.19797284092189638,9.153524444480114
47,1,-360.8136128143392,69.15238715523006,0.28866343711621795,-0.5004293509773232,-414.3410186767578,-311.8000793457031,124.63973124228438,27.49728622493771,-0.3316111555064634,-0.09231032011895923,105.54875183105469,145.03456115722656,26.606669936452306,28.49062673588723,-0.5747577250889854,-0.020175278064943125,7.993897438049316,49.01997375488281,30.792017255176134,20.321226320698905,0.35131372862585175,0.2390293041909861,17.26320171356201,42.60287857055664,5.807861471153958,14.970062160013704,-0.8230688844887334,0.8597667575355992,-2.8976982831954956,16.595572471618652,-4.524335729449407,15.123406373042394,-0.6889247554948122,0.17576204677830454,-13.851144790649414,6.561929702758789,-8.459672679831481,10.667117166019976,-0.39719880185407475,0.2199422281748773,-15.261937141418457,-0.9871705174446106,-8.695880951691787,12.145262365971861,-0.3590048837914648,0.2857643774331544,-16.35288715362549,-0.4098396301269531,-7.520158469272296,12.582571584659558,-0.6198687463001069,0.22747130522431602,-15.22341012954712,1.769166350364685,0.7714076757007152,8.829417060635118,0.047079669799986894,0.5203291894008344,-4.772950172424316,6.162172079086304,-3.735331393559842,8.554267322674498,-0.10600344593951873,0.3673611254441931,-9.294607162475586,2.0224156379699707,-3.5052419255151577,7.851997248934879,-0.16682233952097267,0.22012666536669867,-8.54747200012207,1.8196749091148376,-0.7805542636379662,7.138121239429417,-0.1772113865632647,0.6945916440320912,-5.357749938964844,4.007463693618774,868.7061505908281,406.98014292256954,1.948693873392756,5.811553534891523,585.5353195401924,1025.6410309242349,1666.707832187858,1122.585104099736,1.4747012109850712,2.3584399784112726,773.4375,2210.9375,0.05077248741170294,0.025778409481998762,2.6345347558518206,11.305019963205014,0.03515625,0.0576171875,597.7616299506213,561.3103367114526,2.7406753643380624,8.306459767667937,283.81187438964844,623.0999603271484,0.0271573632286752,0.02449667604257131,1.4795492038868685,2.4829063295370633,0.008173198904842138,0.03899993374943733,0.0,0.15798163841857352,12.116575962094611
48,1,-359.03230609777955,75.4338534906284,0.021269150685537794,-0.7619080487717538,-421.8994445800781,-302.06617736816406,127.66902523780531,41.439990536894996,-0.3618414301930761,-0.09154078179721736,97.2907943725586,161.26050567626953,38.03767650359262,19.649754581137554,-0.31462663740519753,0.12445253173184367,25.206317901611328,51.63029098510742,32.31968815259324,18.289380466739164,0.497356463681034,0.13629795316845783,19.599465370178223,43.244171142578125,0.3860522553735911,16.82940904933337,-0.8258489416734515,0.43424168749544023,-10.074543952941895,13.207315444946289,-0.5821361157381297,16.09969139896266,-0.6057004566069445,0.11437666270179125,-11.737665176391602,11.951319694519043,-5.670552323394464,12.30850741726433,-0.6992869216953632,0.6241224388687518,-12.980227947235107,3.070441722869873,-7.6673171844235,12.124868040883738,-0.6043909797649658,0.2411525618310657,-15.38451623916626,1.1915308833122253,-9.239310003397055,12.486755173305292,-0.44654719971021756,-0.3344505497667938,-18.05642604827881,1.0259565711021423,5.183626056230549,10.2984243608763,0.40940649343798574,0.8783853524825536,-1.3421529531478882,10.584107398986816,-3.084833348974197,9.41057073446843,-0.4953782730653876,0.17360307943434128,-9.11445665359497,3.827426314353943,-5.797804982642073,7.951274708888698,0.07035601104917029,0.6076394274000063,-10.989609718322754,-0.8947909772396088,-2.9467812786222005,7.368164586973209,-0.05554636954117553,0.7021156216770028,-7.387650489807129,1.524018108844757,932.0831384068047,582.6435409487074,2.1124165635636922,5.080460544407005,566.6143843967857,1089.4792544426978,1718.8200218173242,1441.7238810567524,1.1801034864649276,0.11580026232095308,656.25,2574.21875,0.05629376939420072,0.04531947229648996,3.533186050288157,16.616567020556495,0.03271484375,0.05810546875,684.780684832495,786.2507071369114,2.4999957292447137,5.424512045564606,274.6728820800781,604.957275390625,0.038044638669059966,0.03309963252853366,0.8883151467939732,0.2395100306814104,0.006851074518635869,0.05973895639181137,0.0,0.14970981994591598,11.73524961567084
49,1,-387.2058217060721,79.29574518585142,0.617893796274742,-0.5362036997469799,-461.9756774902344,-327.8369140625,133.15176218894936,30.50992077059791,-0.6152406427648449,2.0896921487502738,121.2039794921875,150.26205444335938,42.915352708251966,24.85824998466998,-0.8679285137508813,0.7159412444076949,28.885513305664062,60.427734375,22.536528619174266,17.76864884233352,0.41283085800514446,0.835279932828505,12.322863578796387,30.646862030029297,0.7925905887876982,21.760174349166235,-0.6383315408261134,-0.38085683936080317,-15.59613037109375,19.160221099853516,10.84737330088911,13.386871248084594,-0.77202834647893,0.8673039470945896,3.1168251037597656,19.804607391357422,-2.159803385906726,11.109206253102963,-0.7578629546810451,0.5964445634686233,-8.604772567749023,5.496747970581055,-2.5631050415165726,10.346476771322347,0.11659678287583963,1.1056957559096672,-7.942998886108398,2.7154269218444824,-1.7325849293513986,10.197505265806077,-0.5542670002140068,0.835066685245184,-6.840705871582031,4.5986738204956055,3.0550816480533407,8.48650548460262,0.19643685611084652,1.7298213767214978,-1.709289312362671,7.520048141479492,-4.161815728509274,7.711986492204536,-0.4893886410389779,1.0233115416313563,-8.5780668258667,0.9503349661827087,-6.747893826428244,7.177332284922074,-0.5512127614320855,1.467892294475023,-10.340963363647461,-2.362398386001587,0.3613985481445195,7.708170217192795,0.5977976213014208,0.8322329556083474,-4.824060440063477,4.583684921264648,830.1750289027395,522.6845183065644,2.4467763107475915,7.799756896650331,481.77593999164526,986.6760686644866,1557.9332306830906,1352.6569705659415,1.7304147238785208,2.277301361757133,664.0625,1937.5,0.04598874156096563,0.03498903538956315,3.969307527782331,24.34418111654428,0.025390625,0.0537109375,504.7987058209131,503.31340054864353,3.884089331998727,17.772514163610584,248.4050521850586,560.0173950195312,0.021794637512586205,0.018800168535807082,1.48646211455215,2.130378866182273,0.007489806041121483,0.031403928995132446,0.0,0.17757243422947522,11.087824210992427
50,1,-359.0365167334298,69.63842040338294,0.11397491823095694,-0.752541508155379,-414.56939697265625,-307.1440734863281,136.68750628889086,33.713399041655464,-1.1509848687289852,2.2896157153366694,122.76768493652344,158.04299926757812,39.92470821508148,20.0355474887047,-0.5299225785072016,0.6517535997386119,26.713520050048828,55.073041915893555,42.962851350167305,21.03264946914883,0.4723031493961509,-0.3023183007754535,26.206610679626465,57.04991340637207,7.656103828431467,18.688203141271707,-0.850456536077989,0.6615558529911651,-3.1726953983306885,21.551283836364746,4.228332270343891,15.03809083659044,-0.631129488241979,0.2555335854155958,-5.111046314239502,15.65706729888916,-3.185496692929662,12.52399816501668,-0.4837904938681087,0.29211050074962275,-11.022855281829834,5.644845485687256,-2.271774599267645,12.397849139226507,-0.2189556300851464,0.32739142414065503,-9.73207950592041,5.632066011428833,-9.734663218896998,10.487557387900297,-0.286807397257477,-0.18752816657826443,-17.046204566955566,-1.7383895516395569,2.703407348212375,11.226143239919528,0.42013985471197884,0.6591654228032899,-4.392746210098267,8.723775863647461,-1.0342579954403361,8.564507908710226,0.2401177712521943,0.7153831223474683,-6.394965648651123,3.8792773485183716,1.8198411376124328,8.27877066304408,0.37000185315324685,0.3996934528418947,-3.7346251010894775,6.959506511688232,1.4700280291009484,9.141868766933731,0.3036248095474897,0.28176194939613364,-4.569442510604858,7.153806209564209,841.0037345076173,518.5771027411378,2.340098548457948,6.83533778323994,499.78778167665985,981.260722209844,1623.1149678972713,1334.2904164354293,1.4218164700990092,1.3508078956152056,609.375,2265.625,0.044869457263242374,0.03208875453880057,3.7654585833910854,21.917221000602897,0.02783203125,0.0498046875,500.1808501822895,568.5371637427854,3.92027504947978,16.005895169842955,253.7300262451172,493.2838439941406,0.027801673910513306,0.019183075000703598,1.747070825493367,3.832168174803055,0.014054978732019663,0.03460715711116791,0.0,0.19725678072278593,7.6157427310309
51,1,-320.69268268230826,75.62394169107861,0.004357507365406237,-0.8628212978333578,-383.88089752197266,-262.9200210571289,140.9534782481811,31.368211979838645,-0.7937508287152051,1.4661038728971922,119.8917350769043,164.14959335327148,20.945811558796134,33.61278320188576,-0.5456472086474089,-0.3237102700289052,-2.32074898481369,48.22419357299805,26.930531025796917,21.123103771677613,0.398873145996496,0.40806336991393044,12.84734559059143,38.63261604309082,-2.479864397726714,20.059949815214992,-0.4213056713946173,-0.2851085028010032,-15.795239210128784,13.649625062942505,-12.28240311508414,21.142496865323263,-0.09681202102331558,-0.7989497165299371,-28.228453636169434,5.827596545219421,-1.114434795637827,15.236050261884376,-0.2931915040057347,0.1772307913617568,-10.675798416137695,8.920719146728516,-0.2278466468677151,11.185216099564354,-0.11939905239616695,0.585523694390242,-6.941229462623596,6.64359986782074,-5.554092116281798,11.097996109834881,-0.2758326121532142,0.22630473117391858,-12.682744979858398,1.862345814704895,3.6590168998263692,10.964237411104282,0.45379449924670645,0.5984823142967328,-3.5913458466529846,10.034484148025513,-4.568159641419648,10.315930588837386,-0.27025093417602064,0.7842232371862408,-10.573948621749878,1.8703623414039612,-1.7055631977927703,9.133629060127653,0.18713123497227663,0.4571773439488025,-7.495789527893066,3.879741668701172,-3.3842066934874464,8.694093536803312,-0.208156981806383,0.7730882722870436,-8.447137117385864,2.0193238854408264,837.8813989126033,385.845099169191,2.589273187193648,10.567276951501979,603.969137190411,957.6416801101425,1500.825993281858,1005.774943015869,1.7931658951003102,3.6335552271003957,796.875,1945.3125,0.05431927039001702,0.027245158187685133,3.6624638069513975,27.14625481937992,0.03662109375,0.064453125,623.5905237485377,573.2006602466477,2.8707501871278756,9.278238561834975,296.05835723876953,703.9829559326172,0.04384806635659342,0.03259147155885561,1.0468625926847785,0.9823963848879464,0.01534269331023097,0.06420609727501869,0.0,0.16089958888615355,10.597453783389552
52,1,-332.73515720059527,67.21995781644695,0.08624574832387473,-0.6165387241602791,-384.9503173828125,-283.80804443359375,129.2879980726596,31.605821056680714,-0.8133401397548177,1.2546069835505147,109.14340209960938,151.99993896484375,34.54532783328326,25.462315104532216,-0.43691042723585405,-0.2807893466441751,17.39364242553711,54.55107116699219,45.56859629181227,21.729443780000686,0.44342140567882465,-0.14138853050043387,30.10297393798828,59.971466064453125,5.594849904946683,19.371358152748737,-0.768562892309744,0.4137595714379616,-5.809553146362305,19.945831298828125,-12.250024229575128,19.05070082952383,-0.16024480847299447,-0.7736967713777259,-26.598201751708984,3.667348861694336,-0.8739580426671705,12.229786551117401,-0.01680536931858353,0.1760963499502557,-8.977813720703125,6.848289489746094,-7.985735277134549,11.58826669731575,-0.19310554319990436,0.1665611019477935,-15.606887817382812,0.025731325149536133,-19.800746053761742,13.256362810905982,-0.09823360485257966,-0.5252813183366571,-29.16841697692871,-9.406371116638184,0.05241919630808732,11.187325520637966,0.5112616017671386,0.6960407362369501,-7.120996475219727,6.016175746917725,-5.167861546634908,10.183841484404828,-0.32179273282405196,0.4099892716984752,-11.05781364440918,1.3601454496383667,-3.410151484623239,9.52775575658785,0.2930202698030796,0.43043883609320144,-9.413084030151367,2.084122657775879,-7.950500994792203,8.026450536155508,-0.22715577692387126,0.5287010030518102,-12.728511810302734,-2.971027374267578,795.3610729749953,440.73633312597946,2.75084183529427,10.188261252929237,529.138221312508,902.7926335864736,1456.464120665071,1156.3290661717072,1.59706335151925,2.3645033509470634,609.375,2101.5625,0.046404248835107194,0.02991102592753017,4.994397564256441,37.08911465114932,0.0322265625,0.0517578125,534.9935142279818,608.6850416438112,3.5064347554809503,12.313719309690937,271.4516830444336,499.19769287109375,0.04738904646180304,0.0329868116073969,1.0012751491268739,1.399967988697279,0.019165026023983955,0.0664912685751915,0.0,0.15833480010987336,12.269387996686183
53,1,-394.2700310888299,59.89505956127789,0.43306812847310583,-0.2216691831510773,-442.5400695800781,-353.1259765625,135.9685719044981,25.894392695269698,-0.710844103291328,1.518162940741136,122.52838134765625,153.29635620117188,34.69959961043901,23.925109628803284,-0.6612419852126504,0.20340800631967282,19.40633201599121,53.59633255004883,27.784823164992407,19.583102375164206,0.5723108511999444,0.13899016355095073,14.432295799255371,40.23101806640625,4.3753866677959685,14.309876576875757,-0.7338795885996088,0.43289420556397973,-4.5801191329956055,14.920757293701172,3.6792920155082953,13.967368226887023,-0.5070589338779098,0.00543846718357166,-5.460504055023193,14.196294784545898,-1.9832073067827922,10.556911335517245,-0.5866101873645817,0.4199389578273154,-8.181941986083984,5.265925407409668,-1.0630584490179427,11.1370697045269,0.3407600978344575,0.5446821169201641,-8.161465644836426,5.459573745727539,-9.27485858653895,11.334516764043558,-0.6811496519856046,0.5543855919342864,-16.05028533935547,-1.3149824142456055,5.599656111705866,8.643183718503808,0.49525903031881724,0.5130253123507327,-0.14804840087890625,10.582406997680664,-0.8493918400907682,7.490862228636647,-0.027117595655155785,0.4614723745396203,-5.648007392883301,3.97745943069458,-3.3713190373483313,7.240284180656797,-0.447421403924312,1.4316374759635764,-7.541201591491699,1.2351114749908447,-0.6407415453140509,8.387529040544953,0.24155165669666076,0.7948096871895993,-5.895281791687012,4.216780185699463,816.1654551008577,437.8842476581418,2.2908701430175906,7.117076959100803,523.0210375016728,954.2258446232806,1562.6271908309911,1198.6160325032622,1.6946029004511902,2.56551273866934,718.75,2117.1875,0.04664376748356048,0.026858694011414223,3.6313086100977348,20.634429343033506,0.03173828125,0.05224609375,488.70407104419513,442.29169048385916,3.775229432924006,17.373896341906722,251.18708038330078,555.2529754638672,0.018161941704034512,0.01549495855518505,2.381764266028747,7.65414144681912,0.007525790482759476,0.02200460433959961,0.0,0.17051749859950066,15.498343926342013
54,1,-376.7402749342781,60.63894745726572,0.3343954130424804,-0.24939696312867632,-421.27930450439453,-335.40106201171875,139.62040120149075,26.238466101023263,-0.47736980247589705,0.5641174286321831,121.16188049316406,158.74090576171875,20.88275005408987,23.681486588075703,-0.45635029621767537,-0.22326991597650725,5.233072400093079,39.22301387786865,28.226216508174815,18.96110773379326,0.5186764868710616,-0.11445743079972637,14.382118225097656,40.446067810058594,12.578000434987596,12.866631117374911,-0.9499968662068267,1.4460645403928005,5.6435428857803345,21.556278228759766,-10.019986107774146,20.25654147175904,-0.47202141548810705,-0.4421151619076742,-24.135345458984375,6.600399374961853,-2.3327193593065,11.381073696810622,-0.36136854143129554,0.49973060873970043,-9.276021003723145,5.250744581222534,-0.243594710699871,9.567627668727141,0.300831522220011,0.5238462092714449,-6.446622729301453,5.50162136554718,-14.842906299710156,12.182444815686729,-0.3584843415968172,-0.37720954258011563,-23.411694526672363,-5.206904172897339,3.2985709595069155,8.872670739038163,0.1619656291823251,0.4765573246988013,-2.4148093461990356,8.61928677558899,2.857442790333197,8.365132362601392,0.0169375725081122,0.3955347784233645,-2.44426691532135,8.154530048370361,-4.349641079869775,7.747528348267074,-0.07358770595471334,0.23220987533552062,-9.412972450256348,0.7949360311031342,-1.7163073328219876,7.204705191721776,-0.18359537404883197,0.6774486346339104,-6.090461730957031,2.859681487083435,829.5366722459868,344.0694564637367,2.1689576688557963,7.7222870724240575,593.7651029958904,963.1995385099422,1593.0446739192425,931.4709990020127,1.55388184638062,3.3617594492582574,882.8125,2109.375,0.048197820573599864,0.021836640135373012,3.143497701185857,18.964957200219448,0.03515625,0.05517578125,549.1557045609944,514.216282453306,2.9865791170651215,9.897536926709103,264.7092590332031,590.2640380859375,0.02083727842557687,0.016596017532994622,1.8899246904232216,6.0669864221895455,0.008314205566421151,0.028239733539521694,0.0,0.17482903264913238,10.822822218147405
55,1,-401.72576071314785,61.42734595224785,0.14721242643581098,-0.8271669995543576,-452.7186050415039,-355.3479766845703,138.04599215882016,29.51263556418312,-1.0993331333448482,2.2515615647999683,126.3140640258789,157.95888900756836,40.042487038863534,19.182191011649337,-0.500858154191749,0.37825715215000866,27.966437339782715,54.16927623748779,37.18583165024511,22.348618793590294,0.9093045240780484,0.5824607682543408,20.815479278564453,49.55487537384033,3.980239339089049,17.514573709487372,-0.5763980706563582,-0.24842167813075822,-8.106271743774414,18.58341884613037,11.462066744549325,11.706951893210569,-0.5051119929315395,0.09151446114549877,3.9472962021827698,19.822657585144043,3.575076384542543,10.28208573976919,-0.09701262148437385,0.48825483098342826,-2.795057475566864,9.907055377960205,-4.891096419186346,11.554738702335463,-0.6048756197599913,0.5035661081881226,-11.571165084838867,2.83590030670166,-3.1869856580666083,11.061605674312126,-0.4458444792366247,-0.057067708472547274,-10.520809173583984,4.631155967712402,7.0441303616635444,11.653351258147714,0.1743703721122901,0.35320676579498267,0.06293874979019165,13.60119342803955,3.476941445658985,9.691324711103919,0.21137415423289613,0.5853924804455604,-2.374140739440918,9.02443814277649,-3.646638421312065,7.4348360952003665,-0.1513734788105938,0.9529858349967015,-8.126676321029663,0.9064495414495468,-2.4919839140130575,7.349211692087479,-0.27765519080463696,0.6349894285488773,-6.784978270530701,2.102052330970764,759.9688008239845,478.1187920834971,2.7731208465446113,9.660635205938565,474.67945166157233,855.6063330745887,1461.2055671907276,1270.460234272074,1.835141449720952,2.932098560701392,625.0,1875.0,0.03487820873737663,0.02848690296221965,3.850957526400738,19.678403651355787,0.02001953125,0.0380859375,476.40699378870073,578.1200338165945,4.0791867434423885,17.087525824087717,233.9698829650879,467.35243225097656,0.024409634825191703,0.015978614208451425,0.6791882398944877,0.16437664210809366,0.008895283797755837,0.03514517191797495,0.0,0.16508006350139282,12.072724298040539
56,1,-344.38050785309565,61.9866291629672,0.5435300310418885,0.3169287728665182,-390.9483642578125,-304.5505905151367,135.83511283577977,34.03631783090309,-0.7560520715516402,0.9162264584055837,117.57206535339355,158.66285705566406,34.9236021196228,22.591580831337655,-0.44877061371280935,0.7097440197100515,21.555038452148438,49.84113121032715,26.136477081282752,20.444861678620704,0.36900363532478336,0.20544331928262416,12.052409887313843,38.85653209686279,-4.031631527987387,18.296721323530384,-0.7560956777581707,0.5071149488181685,-14.541339874267578,9.769943714141846,5.156435221464385,14.456300992230993,-0.4243861479545186,0.81534815645947,-3.2652915716171265,14.673597574234009,-3.564391224020994,11.224893490415864,-0.1214974081691769,0.8055421795303377,-10.323488712310791,3.3663793206214905,-4.0772487913872855,11.595853221994187,-0.37081462645342417,0.5635509281316873,-10.793209075927734,3.573675036430359,-2.470814735782604,11.971467106593204,-0.21584754999462333,0.5563581674545048,-9.99004054069519,5.358345031738281,7.308998764426811,9.786094536546207,0.13192169601562181,0.6079098885988365,1.1237883567810059,13.35449481010437,-1.3529443320218715,8.458204796902303,-0.28467894015632567,0.7657907577934497,-6.518439888954163,4.2403644323349,-2.16693923128867,8.568094121472937,-0.37810954659184726,1.0129812554139601,-7.148859262466431,3.3617955446243286,-3.175074002235583,7.995789997013072,-0.5189686429064635,1.0491809752535008,-7.771315813064575,2.061596632003784,968.3508916306783,559.5903765472451,2.329240010461506,7.018738841984341,612.5803103522596,1111.2392679778643,1918.375315222375,1459.0268656335304,1.337003248178718,1.0097259949673862,804.6875,2689.453125,0.05319338400174805,0.0380174943124096,4.0179796416002045,24.818949464570192,0.03271484375,0.05859375,550.6006283557135,532.6083285987114,3.623401993102269,15.321605607023898,263.9610595703125,601.0460815429688,0.028965376309841463,0.023855317703331543,1.9608330901043525,4.4640306056347185,0.012391554657369852,0.03659830801188946,0.0,0.17667487553399971,10.319278223006748
57,1,-368.2196358652664,75.22137596272808,0.1857276926778635,-0.9393571818349367,-436.17828369140625,-309.9910888671875,141.41806958521934,32.09442363931193,-0.3689085471697557,0.4320131689915008,118.61036682128906,165.6770782470703,32.30403781896125,27.125636136175636,-0.6914866448529211,0.11414117074240959,15.399311065673828,53.6138801574707,31.69313272716233,21.51168705105111,0.4812576243767441,0.11312380391543941,17.596471786499023,45.04767990112305,8.782634268131007,16.172517296742274,-0.7705489783492866,0.423081706608063,-1.4052307605743408,20.72846031188965,-6.792442295323103,20.974499257032708,-0.41250073849671487,-0.6591933265215792,-22.16401481628418,11.3424072265625,-6.809218252864937,13.957920447571464,-0.43579357504721244,0.03722352744229829,-16.017871856689453,3.403134822845459,-4.125446176268606,11.127210971882379,-0.06255289147082616,0.5087169306231978,-10.946680068969727,2.695676565170288,-6.689951008528247,11.887957262389582,-0.28349937410773535,-0.13089658713365893,-14.93772029876709,1.8866488933563232,3.423701815102518,10.35387438287683,0.11498548389365232,0.4733162671730744,-2.9805428981781006,9.427825927734375,-2.8608856471441513,9.349338272352568,-0.4882176103554727,0.37105087702033934,-8.565671920776367,3.711951732635498,-2.3212595218396035,9.5103549144489,0.0749567506980767,0.9451004652805715,-8.073163986206055,3.18611478805542,-2.2754436708511245,8.353513932774751,-0.3609456517505618,0.5923311518846965,-7.164909839630127,3.1752469539642334,729.6494514790687,392.9079431987035,3.0996362716629045,13.203452307765868,499.0838954220243,816.5647755248492,1286.4172761571538,1035.9411606062718,2.254396697021034,5.440769879070766,640.625,1593.75,0.042409867422645645,0.02638287393336538,3.9244888877494297,24.83970858964524,0.02734375,0.04931640625,454.8054763060179,417.74072798933827,4.859478226216509,29.168175509813146,248.4235725402832,522.1620330810547,0.03474901023262514,0.028847810233650906,1.0520765645092698,0.7120894388020682,0.009133595041930676,0.05268680304288864,0.0,0.148483916890073,11.490008452836731
58,1,-383.20431242403777,71.11139801171016,0.5322759768970572,-0.41942698411567525,-451.0803527832031,-330.50818634033203,119.70430171475462,28.95400833024375,-0.15905898069764918,0.1687449534212071,99.17262840270996,142.0047950744629,33.154689643551876,24.730624064124775,-1.0069323807242996,0.7944061169721146,18.699557781219482,51.51616859436035,28.503613911393586,17.838285750410535,0.5434089607863231,0.34945040911437486,17.335673809051514,38.80477714538574,4.223856262800324,16.056599787776214,-0.9420829532884858,0.6657478669360462,-5.904805779457092,16.154810905456543,-1.2579076069876876,17.50686487659303,-0.7290636759111961,-0.12702865089717497,-12.958237171173096,13.085174560546875,-0.3851726736015964,10.027278879142882,-0.7246267446095014,1.105688667542898,-6.430924892425537,6.402698040008545,-4.425858532070871,9.400044703323966,-0.16243884660339858,0.9080559418442031,-9.745640993118286,1.03846475481987,-7.175541618898835,10.162455735381208,-0.6780105967137692,0.44246141548780216,-13.283279657363892,-0.17323997244238853,0.3531267031881472,7.344446213017261,-0.20128425042161507,1.117232972249317,-3.93111389875412,4.894034147262573,-0.9236377869361161,7.875273949203938,-0.3337939329692844,1.1977505332501588,-5.4571274518966675,3.9398796558380127,-4.551222571545766,6.948929698554496,-0.15725377729202228,0.8384174643830402,-8.68535566329956,-0.21093394607305527,-3.538521107030101,6.721207620134185,-0.23699258465670478,1.1873974481895635,-7.3265769481658936,0.46918364614248276,845.5351306081326,459.62090584807936,2.5362866130209367,7.813952838627772,572.5417083790657,928.5927769113531,1594.1151494565217,1190.544441461432,1.8738498910700192,3.4225936832004917,812.5,2017.578125,0.049638034986413046,0.03456400087381332,3.55141053344705,17.5764732402315,0.03076171875,0.05419921875,601.9235126643099,654.80621681015,2.809847938660468,7.666821573347216,263.75135040283203,578.1015930175781,0.025911524569395546,0.026524473061638656,1.4881788037480344,2.163773868498292,0.00444634654559195,0.03873921278864145,0.0,0.14107061637652224,14.264106561394845
59,1,-336.2139467236758,80.73271164236441,0.3164555502149085,-0.7977123040023764,-412.96385192871094,-275.43345642089844,124.41894311398755,31.84927271705109,-0.8999781997475402,2.4198794193126174,110.99515914916992,144.21232986450195,38.46187276079623,31.08580509399328,-0.5692907643066166,-0.14397673005935063,17.781023025512695,64.30484962463379,36.48050256024128,21.710321703167867,0.27007619880416833,0.4501577583033525,24.239850997924805,48.68508338928223,3.649649056863874,17.43110438127963,-0.6168522005602014,-0.13009174864605288,-8.714936971664429,17.926755905151367,-4.3658594686619905,19.32287608644922,-0.5783874411335003,-0.3195569937994671,-17.637939453125,11.548041105270386,0.08580928813600006,10.455028874994365,-0.3045130756992277,0.5477895790586116,-6.107134819030762,6.561548590660095,-3.8478902746677375,10.551825857897116,-0.018309355793985328,0.9961690720848666,-9.736780643463135,1.9548295736312866,-11.899043249705645,13.461490304663469,-0.6692414959503461,0.1316814434688225,-20.487423419952393,-1.7345347106456757,5.349231885765556,9.892372190196491,0.6661976881451712,1.1982862112293846,-0.8317866623401642,10.475614547729492,-5.3283168514837875,9.526469133839733,-0.6660253043988891,0.9106842845423491,-10.90388798713684,1.2397251427173615,-4.412720565543883,8.634982932633884,-0.1376305655038994,0.8770278919763626,-9.291858196258545,0.5350974351167679,-9.275883769392353,8.28514626644399,-0.7076347031243931,1.0613497902202784,-13.871086835861206,-3.7628713846206665,850.3341517300084,584.5312687601822,2.421391132995936,8.128126258207011,457.6729338416943,1036.7388970478569,1613.4711202049232,1420.7863012524688,1.4894747688277046,1.7639564517175002,539.0625,2375.0,0.04205146092676184,0.03271476478348774,4.279203624484344,28.943348313982945,0.02099609375,0.0498046875,571.0628266584296,604.557685876984,2.9368360463604497,8.918858252089494,250.53462982177734,599.4052124023438,0.04565177275025343,0.02953946599877204,1.3683624739307556,2.0607624549892964,0.023528676480054855,0.0615949546918273,0.0,0.19261988295750979,9.221570948545608
60,1,-390.5773992311053,59.072071076588344,0.7641480931256924,0.18615879784756162,-440.2484664916992,-351.87276458740234,134.49436466461214,25.955860035582976,-0.6850839694635087,2.008590093979935,123.61398696899414,149.12224197387695,43.47394422881364,21.34158108748234,-0.9194683602745383,1.1781762302914833,31.066049575805664,59.5843505859375,29.177068250604723,16.726632876627622,0.1947850765203254,0.6881132648202737,19.50239372253418,39.26418685913086,10.983633356447413,14.02778265007853,-0.9677668309784894,1.0513509528938823,2.9051623344421387,20.852529525756836,10.197708858343344,13.298263904502562,-0.7002492120844227,1.31392141031752,2.975095212459564,18.827095985412598,2.224485163590883,9.6442304712842,-0.3581995275666469,0.7908262914504878,-3.353999435901642,8.35063886642456,-3.6812880133030004,9.730415919189719,-0.35430852036299937,0.9320056288336844,-8.806903600692749,1.9752949476242065,-7.37358264098623,9.927682915742487,-0.7564582853532844,1.1256370330428709,-12.762191534042358,-0.8068436682224274,3.1901690609630307,7.5642992187265,0.41342254244001736,1.041824856436036,-1.4926858842372894,7.098495125770569,-3.0908641606208223,7.540128121455476,-0.589720221790793,0.564105251753277,-7.577012062072754,2.0951302647590637,-1.9636305838702415,6.708251510732414,0.20612382788180622,1.1910741364943087,-6.039006471633911,1.7658197283744812,-2.3911709817987803,6.909584135982482,-0.16679151565566888,1.4860852942364602,-6.306135654449463,1.722880244255066,746.6613837482098,409.79773803957454,2.393062291698404,8.148361644422478,472.60208721156073,877.0769223764353,1375.712945245805,1170.2754560629423,1.845945060810663,3.110846208207353,593.75,1742.1875,0.03484067111145864,0.01921364583121108,3.9790405280008527,27.319822616828535,0.0234375,0.03955078125,397.9938914000973,359.427652135194,5.2018498654015906,34.25569770870885,228.21533203125,445.42684173583984,0.021615566964865277,0.01715408563143597,2.925459698923298,12.814977828210672,0.011591583723202348,0.025083751883357763,0.0,0.19275968309210192,11.240962239891092
61,1,-367.6577550482647,68.14351072729698,0.4670207981096729,-0.5578037612991404,-432.0342254638672,-318.03665924072266,134.4329371422787,30.72867281553092,-0.048198415849504,-0.5199818492762973,107.9190502166748,160.00870513916016,36.58511199031758,21.53425950048421,-0.8515874647338655,0.8131954797030314,24.3856143951416,51.95417881011963,26.263809180961495,18.502178599092975,0.7158392807651575,0.8164278117107302,14.7411367893219,36.08479976654053,8.39200898075189,14.581956221022224,-1.0252365846498976,1.8379516289992033,1.6312516331672668,17.415951251983643,-2.2393278169041904,16.105468862128202,-0.540500214352634,-0.4763663552588331,-13.893412113189697,11.631262302398682,-3.0219522411092274,12.788835660341642,-0.8016688469224846,0.4601385807177487,-10.592310428619385,6.280808210372925,-2.8456538007181362,9.501756376670727,-0.07561898741435251,1.7799639781031997,-7.91062331199646,2.273181915283203,-11.202204182959486,10.931251636940694,-0.6406606186516397,-0.10027467806404067,-18.52475118637085,-2.6819732189178467,2.2220756728067332,9.626771491091489,0.25331375504907816,2.05447806172306,-2.7315072417259216,6.800571918487549,6.811502421824368,8.47481312936861,0.5626502977159344,1.1912496096293896,1.6787253022193909,11.273363828659058,0.9624118386179537,7.3279564695757236,0.04651409662968703,1.280340895407706,-3.3022119402885437,5.085626125335693,-4.5342260871483,7.700666822180128,-0.7677739893409203,1.067484272636551,-8.832924365997314,0.677640438079834,717.4998596403165,327.49955767088346,2.4981719035727274,9.393279539945459,517.852160549562,812.2667602011902,1263.5599217722233,887.4784192074115,1.9519178417880183,4.1012511828815095,671.875,1484.375,0.0401613392836168,0.020736525008615992,3.4641299699370203,22.896349390356914,0.02783203125,0.046875,496.1345696816902,457.85179754777084,3.952417762184856,18.15217362101838,260.2298889160156,532.6533813476562,0.03078457593220011,0.02657665808594321,0.9154865411886896,0.5072650486044337,0.005806889268569648,0.050565014593303204,0.0,0.1565875144646743,11.547037134459908
62,1,-377.4544966274425,90.88304192316666,0.27401984529199014,-1.0448126850705572,-472.36492919921875,-304.2450866699219,122.34729747349617,34.218227414949666,-0.11891970195196114,0.7922646906718982,102.59211730957031,145.2259750366211,39.24430370250602,24.379056409826518,-0.8995352538170497,1.449723077015669,26.418763160705566,54.4643440246582,24.55084032297578,20.79507775336381,0.5132866587929019,0.6233757507083673,12.611552238464355,34.73139762878418,-3.8728471435028053,21.005941004006964,-0.6921671584702278,-0.14608556048915533,-18.933361053466797,14.371510028839111,5.840428694583403,14.896416568313237,-0.9863756492989868,0.9953512002266871,-2.726403594017029,16.179813385009766,-3.3377068693123717,12.902094677835121,-0.7013601985103235,-0.03426784547370332,-12.09174919128418,6.505911588668823,-7.623016391267055,12.384103362762708,-0.7372093077647158,0.7002280121639903,-14.546563148498535,0.4734543114900589,-6.084680990240495,11.667016126184018,-0.5710001151088092,0.6310528071656463,-12.607739448547363,1.0378804802894592,-2.295527613418568,8.906580094059546,-0.4755763914076298,0.7552640344066339,-7.274106025695801,3.381226658821106,0.7580932621102764,8.928697698978477,-0.11007935467915717,1.0746572381263126,-4.242210388183594,5.703306436538696,1.1994636515666377,8.187823141097779,0.1645792576173337,1.476939590608569,-3.2998218536376953,5.4799628257751465,-5.296281729255772,9.11299580058584,-0.5342023165400069,0.909602844968679,-10.801422595977783,0.9710744619369507,890.7966847648696,550.4473061319483,2.703861873262866,8.66621794263125,569.817876201177,979.1631014301672,1653.77490790355,1344.98882890312,1.8196360155655964,2.6723738771146044,804.6875,2023.4375,0.05196400080108689,0.0438055681602321,3.5480956416017557,16.85237224235227,0.0283203125,0.0556640625,632.1701302255422,712.6794179531854,2.91186255821866,8.271470464772834,271.33856201171875,600.9938354492188,0.03117742188438209,0.031167457086957496,1.1757230265640735,1.0595196373372424,0.0041784856002777815,0.05041252262890339,0.0,0.1365837564220007,12.70597135511148
63,1,-422.89322610854094,54.238862713869295,0.876400295660154,0.13640659671085675,-469.4217224121094,-387.1045379638672,150.58011587781508,23.1174720843228,0.030257231331837046,1.2834135094282209,136.3020782470703,165.9026107788086,41.39999282553267,20.19173398119962,-1.1169851539650644,1.2419289903186268,30.56995391845703,55.89670181274414,27.594661323198416,15.105280199541896,0.5454572477926763,1.4445013736138792,19.64459800720215,34.347246170043945,15.54546739932132,15.082882940071746,-1.4641080737493501,2.4757122724709832,8.808627128601074,25.741004943847656,4.917003078093283,15.148837218597187,-1.050035990534108,0.9983093428555363,-3.2651267051696777,15.419878959655762,0.1911706453603253,8.143701854937131,0.15093350162084365,1.1237368056233707,-4.384790658950806,4.637233257293701,-4.78195057562597,7.7370350166966215,-0.4503782222618253,1.6705899883638669,-8.607909679412842,-0.27231182157993317,-3.6925940987118024,9.03598058155045,-0.6028962153595849,0.9024707740661322,-8.261858940124512,1.8629034161567688,0.9949817368609687,6.763503857097869,0.7114424253496525,1.286800054815032,-3.4205121994018555,4.55463171005249,-7.199582946704166,6.315148857367601,-0.3815597679037307,1.0794865274518397,-10.6460599899292,-3.4046316146850586,-7.138764876328075,5.776335353639267,0.22186695733343292,1.1287400567304289,-10.641414642333984,-3.81726610660553,-2.9386359577524677,5.4605817670446735,-0.1257703573649228,0.9602605489689346,-6.173206567764282,0.42106206715106964,583.1000526553601,250.21696396848742,3.30924129320379,16.41839055044547,442.17271589063364,635.2011600467878,924.1541123010785,751.4026384793517,3.517738014693697,15.156484339859297,546.875,929.6875,0.033672661611923976,0.01165563872042917,3.887497048370106,28.928231381892118,0.02734375,0.0361328125,360.0973834202484,240.72882243885388,6.19790312743105,64.81132022141549,222.70586395263672,415.8033447265625,0.01857732076543658,0.013984170081737333,1.9011576079679784,5.084887382069253,0.008810559753328562,0.02492858748883009,0.0,0.2069833140899593,8.977352602240902
64,1,-343.4649569559126,71.27952104576418,0.27999639405654847,-0.6573628025460496,-403.2920837402344,-291.9035339355469,132.6790750059401,30.991937532312043,-0.9927984034515135,2.5612318118237107,116.98822021484375,154.10459899902344,39.71929225711416,21.986426712903246,-0.6928894450492663,0.30631362231247783,26.06069564819336,56.48799133300781,44.10035217843449,21.776321498476225,0.5863089424313338,-0.07641442325635905,26.19416046142578,58.197200775146484,2.2265206056318405,17.55573766714046,-0.8953374878922791,0.754226251645651,-8.12259578704834,15.372295379638672,-1.2432046619397523,14.889301889896235,-0.4204431929140467,-0.24006677713816327,-11.572622299194336,10.675226211547852,-1.4249076393518634,13.00890261164647,-0.5759875786148828,0.65647813223273,-8.757914543151855,6.831334114074707,-12.993991421782859,11.816235084311792,-0.5637199152740616,0.3304091301937091,-20.37200164794922,-4.532936096191406,-17.849431247785308,12.383604108620748,-0.4045878921211637,-0.15602315065999184,-26.353837966918945,-8.102259635925293,-1.9693708362548605,11.037078027531082,-0.10807800176875099,0.8166249582152401,-8.236751556396484,4.230445861816406,4.166639954720981,10.599509960363049,0.5625329739835309,0.8075098439564665,-2.6616456508636475,9.948752403259277,-6.534176059981855,8.350647245554708,-0.17552653322809922,0.43145207440759314,-11.765718460083008,-1.1671171188354492,-1.745699298821746,8.372449286326097,-0.06319405762018263,1.1705207288749984,-6.464154243469238,3.055739641189575,783.800086494972,466.7700951756163,3.150053431042443,12.948745898306381,512.7305934587083,870.0484666709222,1409.1560846200011,1188.6407381965369,1.8478385117288754,3.307036856138531,593.75,1898.4375,0.0467296797851083,0.03414673519044604,5.380544170388019,41.15389527680726,0.03173828125,0.0498046875,531.6361152455116,634.689290092554,3.5895272075482896,12.63042479221745,258.20758056640625,491.31288146972656,0.040075818723775136,0.031698456074531034,1.2192987160443398,1.4560470807601336,0.01314293872565031,0.05740513280034065,0.0,0.17035815408274863,9.87508188270656
65,1,-409.7752521854611,66.33777425263176,0.5682881780705993,-0.57097714195372,-472.92041015625,-358.23333740234375,147.61099922789347,23.813545750528515,-1.1354721569082336,3.6649448540251788,140.58041381835938,159.55856323242188,33.820318476213565,25.22653822818257,-0.6353359193217846,-0.32935014519394024,16.121034622192383,54.81480407714844,29.353203556887653,17.533651824005933,0.6861224911115407,0.8491376421714381,18.812801361083984,38.492698669433594,13.578092761899875,15.468902473356295,-0.8235388423165438,0.1407616959013951,3.0146899223327637,25.4683837890625,10.252121766431975,15.248814893580759,-0.8829294101769558,0.25032083999645494,0.5818964242935181,21.784908294677734,9.189445048517332,9.367991196647104,-0.3221042932640731,1.3180774010259073,4.555930137634277,14.271249771118164,5.542011179161664,9.713884116905982,0.8134266331188864,1.7518745861628657,-0.3869131803512573,10.069878578186035,-5.3491181513047525,10.133943900209593,-0.9652553834885703,0.8911750215168346,-11.208852767944336,1.88149893283844,1.709156278668474,7.882357467848253,-0.42301023417513006,0.896522935324775,-2.4434375762939453,6.500000953674316,1.676102989722598,6.6627192789884555,-0.0396691365119698,1.020848789861354,-2.2369048595428467,5.560635566711426,-2.317464733815658,7.074506567882883,-0.4751551786446187,0.9850603343662989,-6.057794570922852,2.092177629470825,-0.5550602356531139,6.201031719607393,-0.06188192274397392,1.0009875058425637,-4.213861465454102,3.1901330947875977,657.3787370756789,388.4570098192702,2.762433897630035,10.43673956237702,406.09766756699184,776.5509101354662,1217.7870086752735,1099.924729938551,2.4459185922337023,6.640885374620645,531.25,1429.6875,0.03339557068960201,0.020230580264200455,2.758991608876686,12.48931697780658,0.01953125,0.041015625,408.74875178988947,372.16542322077106,3.794453533355588,18.6773289223158,208.6136245727539,458.14349365234375,0.01905386934978781,0.013795309362175646,2.247854296155814,6.069362315852256,0.010298170149326324,0.023048484697937965,0.0,0.20925499081473917,10.018558159511667
66,1,-349.1951470178798,71.52852134025787,0.3160490595736631,-0.4978208039033767,-408.7509002685547,-298.11549377441406,126.21150680380227,35.345350136027484,-0.8315209520265299,1.4125731888535134,109.37277221679688,150.4198760986328,32.170158106691495,23.17354533883106,-0.5963416473724132,0.22694508045058415,16.648193359375,50.45668411254883,34.733991901568835,21.483402555381932,0.20330690030305937,-0.4895504584849055,18.921411514282227,50.47104835510254,7.149555500764285,15.412950940359684,-0.7459613410263506,0.532788015526791,-2.3049696683883667,18.10140609741211,-5.619207367212635,18.42799906165462,-0.4257301588183483,-0.2648736540530323,-17.90279769897461,9.100340843200684,-3.1233232439064085,13.047679255460434,-0.5145130676536279,-0.08053688744756782,-11.527477741241455,6.626339912414551,4.665613898967785,10.875932829932355,0.20177695110504804,0.07582039366597382,-2.6087441444396973,11.689861297607422,-10.177292801026521,12.086579837315844,-0.39642838367338207,-0.19851766091480405,-18.46659755706787,-0.6079312562942505,6.02554811486536,9.444958834116841,0.21291779891803161,0.6246673440832322,0.22011958062648773,11.633949279785156,1.2019938696767152,7.957570327068087,-0.1591383790457596,0.3152717053702818,-3.8953888416290283,6.442322254180908,0.12493463669666832,7.545030577623377,-0.27602381616130567,0.41483728006141884,-4.491231679916382,5.052981615066528,1.7081839743189198,7.2829763428000085,-0.282792701121456,0.7069904141111709,-2.6165428161621094,6.461945295333862,947.7686223068528,580.0882500075103,2.2842298912921346,6.282719482496605,579.5843081803936,1092.736522532306,1798.2499346380816,1355.2642239717748,1.3662722300426144,1.2137932098209925,757.8125,2457.03125,0.05213360705581908,0.04048570223834707,3.304080785513657,15.932170608363197,0.03076171875,0.05859375,668.4177555800495,724.1790461600875,2.4058459764595783,5.1663970075571015,279.75779724121094,636.2214508056641,0.03171644343455675,0.02640019278435648,1.386422188314926,1.8903099991532972,0.011149384547024965,0.04439648427069187,0.0,0.18284010124613204,10.201524008176953
67,1,-364.4507160994288,75.56341872344537,0.2977337541144674,-0.8142481868814397,-440.11419677734375,-306.6592712402344,117.62816947370766,36.49636835182206,-0.3467642279134114,0.14682637409566857,89.37864685058594,146.5734405517578,39.78730985914436,25.640643436254894,-0.8792510172015853,0.6166801323446585,24.39521026611328,58.14060592651367,33.690874456469835,20.84273082539046,0.2767260265064168,0.4893150036300544,21.36487579345703,43.97947692871094,6.903786970388427,15.970147660665594,-0.8845373996091295,0.6731830564650938,-3.1021676063537598,19.302021026611328,-4.697635956829814,18.841596315707164,-0.5151574375598733,-0.46187289419179267,-18.788806915283203,11.323404312133789,-7.78914272870156,15.157876572307746,-0.519835898863027,-0.42603336082257304,-18.710575103759766,5.234055995941162,-2.478888475191701,9.34773330198608,-0.48686902064232745,0.34241679225778343,-8.329306602478027,3.8407912254333496,-3.943984707898426,10.249940792681173,-0.45958546281471196,0.03595756425582275,-10.907587051391602,3.1895809173583984,-2.562643802616294,9.908236111066405,-0.6600571418373593,0.5419431954486953,-8.468399047851562,3.97406268119812,0.7685558029969598,7.686921512952976,-0.07779061343889096,0.9231126806721175,-3.5821871757507324,5.121055603027344,0.8159253546741186,7.32657342245756,0.3643234835420114,1.250806765427642,-3.4851861000061035,4.583649158477783,-4.573431704435474,7.409029440359105,-0.4999152271891078,0.8537826417957657,-8.643974304199219,0.05616120994091034,789.9240615003894,527.1605888493227,3.0807429669726,11.107775889224932,496.2660870217537,846.910198099279,1374.4672076436036,1213.0848367513986,2.049366181298319,3.781005901001917,625.0,1695.3125,0.04884477476113739,0.043048684269778724,4.269418878450047,25.022482862158398,0.0263671875,0.0537109375,658.7112046817414,801.987638907993,2.679744589968438,6.3377619957701175,259.16971588134766,593.6342163085938,0.034037263798478753,0.030947169181473434,1.2375350576090087,1.6904839716363078,0.006383069790899754,0.05273056402802467,0.0,0.14911247469674435,12.60513807252573
68,1,-344.82678076155696,69.26586073123097,0.2118589562018325,-0.641279494892212,-400.4042663574219,-294.7547912597656,130.66569954804768,34.314280490687,-0.766349174387827,1.2945161139177683,113.62263870239258,151.24796676635742,43.75695387343679,23.485521800090655,-0.547660687875907,0.08239130996781974,28.448128700256348,61.89354991912842,46.2934834332075,23.477589481260942,0.27599085698810866,-0.4948529001895028,27.895610332489014,63.21335792541504,-2.010362062878364,18.389432844878794,-0.37856842032866544,-0.37865855685823835,-14.783986806869507,13.028209209442139,4.580746065462324,14.637397037331027,-0.5620856570939362,0.329420289971766,-4.511202931404114,15.381500959396362,3.680264947669981,12.733172213606494,-0.2473358921698332,0.23040008774803944,-4.215563058853149,11.847889423370361,-9.690209257120017,14.613072179019087,-0.4485442280114525,0.025440185738577092,-19.051175117492676,0.4175817370414734,-6.734722409777547,12.189736213751072,-0.3203408355845957,0.03999137217121129,-14.452893495559692,1.4310600459575653,4.480378200736011,10.58982150080969,0.2712686908053152,0.3808110093940935,-2.369916319847107,10.787213325500488,-4.120075047245065,10.475737843874088,-0.3039100931882025,0.16858253376623322,-10.934896469116211,3.246428072452545,-1.5740936387135351,8.286840484837287,0.05383470998158038,0.3406169211179306,-6.981350541114807,3.6340540647506714,-5.125870500355672,7.864754501947347,-0.35120334246117246,0.6212418483278266,-9.870829582214355,0.02276700735092163,862.8010905891416,526.0043757735375,1.7716794818841226,3.903833839096972,478.67032274536666,1052.0128914306229,1738.5608666834996,1389.6677637261068,1.030951546468067,0.2638076153575333,562.5,2726.5625,0.04371134311679396,0.03069534660598389,3.610449762477281,22.81859223554797,0.025390625,0.0498046875,538.7277545974821,666.7347237329556,3.1888329970303553,9.555539533004193,235.25048828125,507.1588439941406,0.03433528088206389,0.02263102575887623,1.7251344085199296,3.4391877702050593,0.018127139657735825,0.04312310554087162,0.0,0.1986405146073734,7.936983524270432
69,1,-331.3806094538281,87.96459127220302,0.04345066167364941,-1.0999556783248128,-415.1510543823242,-260.64464569091797,130.60111865466138,36.14711747928677,-0.16725795685035408,-0.42179637767323097,100.31720924377441,159.92938995361328,26.382562709113735,34.27419953959738,-0.66382836437105,-0.32462637527935145,2.760546326637268,55.27444648742676,25.55430493821505,23.926450646912645,0.026476232457265332,0.06389891443050555,9.499003410339355,38.974472999572754,-4.751383542882693,23.739631194046922,-0.47496775577009487,-0.40603445300625696,-21.69514274597168,17.055665969848633,-2.868692368011882,19.772574698605858,-0.399025259528638,-0.7264976703080479,-17.940715312957764,14.678676843643188,-8.350576803945795,16.554428125060763,-0.5123890809855826,-0.47229200705739327,-20.335896968841553,5.6952913999557495,-5.239494044464542,10.153484161527661,-0.2087210353969634,0.3298901709684432,-11.674992084503174,1.2635039389133453,-3.8312743675783145,11.046604583712192,-0.44061273151617736,0.2672342344389125,-10.651496410369873,3.3880341053009033,0.9350361642029544,9.684956311815073,-0.39473646312135513,0.8499219102796545,-4.552725076675415,6.775290131568909,5.22038028163192,9.238227139571595,0.32532312411925346,1.3396878678388067,-0.15901637822389603,9.951815843582153,-3.3199780331916657,8.946180990759805,-0.519828569222284,0.4084112621450817,-8.69421935081482,2.5848796367645264,-4.453384545003278,7.326209888820482,-0.2743616306588626,1.0217119272113706,-8.580632209777832,-0.03235386312007904,846.6101319332231,448.62114776911636,2.7620206345474565,10.467004485237824,575.60073533526,964.0985923583158,1531.3052120141342,1151.627548877832,1.9623266336904197,4.008116270245399,742.1875,1929.6875,0.05525628726810954,0.03695664429362646,3.52736061057571,21.07565682850612,0.03125,0.0654296875,587.4741972914142,575.0804293961654,3.4706226282055064,14.090956647450511,271.052490234375,651.8436279296875,0.044865676402558605,0.03846113155793359,0.9153476489427459,0.27788722091544393,0.008552195969969034,0.07017681561410427,0.0,0.14155334156963947,11.76767767322693
70,1,-383.203453654172,80.55187447961139,0.42736703179612967,-1.0196884484647846,-462.7922668457031,-316.45526123046875,133.76268389507905,25.7955765032489,-1.2094208882246333,4.005965489800311,124.90372467041016,146.6241455078125,38.39216157699825,25.900804410095294,-0.4912880140849818,-0.5385466463914517,19.61090850830078,61.421287536621094,39.556448039027266,20.32835460584658,0.9184765005260679,1.0548512507417138,26.618549346923828,49.56829833984375,15.296790560073704,15.81362631262598,-0.858014312689399,0.3894670885930691,5.476406574249268,26.906166076660156,12.1183527679435,13.680108801243493,-0.7105123507730725,0.008708018347599378,2.8222274780273438,22.44149398803711,8.451857522144586,9.656347303507939,-0.2432944153910484,1.467930999040342,3.8153419494628906,13.564650535583496,3.4721289276891985,8.27570648649173,-0.10413475873912818,1.193265531252492,-1.0854886770248413,8.18892765045166,-3.3686303080109004,11.316448067815276,-0.7638783747593418,0.24734962082801504,-10.568729400634766,4.808661460876465,8.102374813044289,8.981824597964064,0.5576570745750629,1.6979301391233443,2.9739606380462646,12.393075942993164,0.8604255668876218,7.928118564994526,-0.6372709346389199,0.6185122418050972,-3.601227283477783,6.255758285522461,-0.08883899822774707,7.95337887158546,-0.42817590313622034,1.4547942780025327,-3.9447519779205322,4.4546003341674805,-3.29047386812005,7.038673944093684,-0.6485646753434531,0.9143749923332631,-7.057436943054199,1.3023858070373535,678.3779491497372,439.61047190212753,2.238795049596474,6.938098575114257,372.4841677255726,834.2497600832505,1287.7581926001433,1140.8591989633837,1.6005131600631144,2.394442554799973,453.125,1890.625,0.03007843708675409,0.024874019968566096,3.9598837756409857,23.05661423304319,0.0166015625,0.03466796875,508.13969158213365,647.912245611272,3.2673699169865835,10.486536729010037,207.90567016601562,464.8428649902344,0.027531485684485737,0.018756408247798097,1.347253967712619,1.8703802615205483,0.013945485465228558,0.03808347135782242,0.0,0.21038663611638597,8.147284385631885
71,1,-337.40472918529844,76.1366405329714,0.215692390153953,-0.8928138463809963,-407.1066131591797,-278.4982604980469,124.1024913499935,33.72129156496684,-0.5889518544274953,0.897371093364848,102.77672576904297,149.63148498535156,34.88909863936379,27.67229627124702,-0.5717209590072103,-0.26387483789132116,15.376951694488525,58.235931396484375,36.68574436895379,22.412151994436503,0.5476857347216153,0.3636256916352596,22.494129180908203,48.74693298339844,5.222477122121271,18.71171288175386,-0.930010138024052,1.014015577820233,-5.997189998626709,18.889263153076172,-1.6899573341326182,15.801679081034745,-0.5254803247980626,-0.21341971930593706,-12.372101783752441,10.82842206954956,0.4579761445632933,12.536052937198486,-0.6076465479515458,0.3127915471630045,-7.0541253089904785,8.927349090576172,-3.458594957678951,11.032277924661967,-0.4048851784622459,0.38265697187104575,-10.286345958709717,4.022013187408447,-8.676038956920147,11.729906484259606,-0.37173911246060565,-0.5193911254720298,-17.22837257385254,1.111655831336975,0.982331754634437,10.253968754029803,-0.306319869288225,0.6817177817213267,-4.948948860168457,7.248898983001709,-0.5598869718076183,8.48328966005421,-0.1608417632264726,0.7584669154672614,-5.850442886352539,4.95197319984436,-1.119467659923843,8.33996910695001,-0.10515939819944957,0.5438476142742363,-6.115095615386963,3.9165234565734863,-1.021106817603321,7.993381761775297,-0.19255246514487306,1.229377086197645,-5.423472166061401,3.6425567865371704,796.7986383185303,507.3999485941113,2.5173627817363298,7.749292574823123,476.17787095552603,912.5072749467363,1488.172867819827,1231.5417696179782,1.7370738906380594,2.765553730192903,609.375,2007.8125,0.044686827249350095,0.03487190107871782,3.456770937765579,17.19733616385902,0.02392578125,0.05078125,606.0672587751124,703.7989224710433,2.8215512426117826,7.574117846284315,240.47761154174805,575.4355163574219,0.04143223128899513,0.03129381232446663,0.9831476578547265,0.886603008109935,0.012022124137729406,0.06135438196361065,0.0,0.15762955744617937,12.045035365010277
72,1,-371.6290986178438,73.61317572397598,0.6349199341422623,-0.4648673823510281,-439.1697082519531,-316.4734802246094,127.92184200312849,31.429162485171744,-0.9780252040767506,3.3832593781062332,117.15150451660156,145.17355346679688,47.683529767324124,20.238387227383363,-0.8366982657851877,0.8817695578994615,35.79961395263672,62.307281494140625,31.553123170708204,20.2915009880669,0.667213600524865,0.8167481554294969,19.733469009399414,41.904937744140625,5.185141468575182,16.17547602305893,-1.0329551562697346,1.077182411951342,-4.432792663574219,16.90987777709961,8.526845086067896,14.047956968990242,-1.0297887682800804,1.4488648418532168,1.935791015625,17.351396560668945,1.8280592682280088,10.804908314558542,-0.7481589444247613,0.8243738007316779,-4.1091485023498535,9.021071434020996,-4.8116959637009105,10.691396834714011,-0.7508932767974223,0.910320024870686,-10.733415603637695,2.2178564071655273,-1.3343144076805349,10.60103935424209,-0.6804299894149362,0.85906136518176,-7.38284158706665,5.468799591064453,3.480201649256873,9.242567393494046,-0.10968797343653915,1.007361642288629,-1.770767331123352,8.855730056762695,-1.3547995146666167,8.714175270027782,-0.6490345925334653,0.6021047741895766,-6.394102096557617,4.650771141052246,-5.423877134266393,7.949008988480315,-0.4976103124186524,0.35807683823077685,-10.468761444091797,0.20887085795402527,-1.2015183970983363,7.0525561730682105,-0.08395012814624972,1.2036870280687024,-5.1087775230407715,2.8092315196990967,817.3386012819158,558.9807152516031,2.7073599876161616,9.145744963938455,464.0802659218823,948.0701334265169,1548.8996029165892,1372.6237805182889,1.69203809544128,2.2559194236536904,617.1875,2093.75,0.04205138959842715,0.03789015009702442,4.617488565899743,31.104751026627497,0.02294921875,0.044921875,507.1606157805049,629.6010298377996,3.7742548711299357,14.527077417735704,227.96021270751953,491.0786590576172,0.024779930600641688,0.01997510446592669,1.7683703976892455,4.195250456808466,0.009486814960837364,0.034492965787649155,0.0,0.1815648941287001,8.808674034633833
73,1,-335.9289389263745,80.25336546318273,0.21735500840351393,-0.7981306068220708,-406.0155944824219,-274.7813262939453,126.98333838094314,37.698968907553954,-0.9195476763861508,1.7379506823102284,110.24002838134766,152.99916076660156,36.98495773905646,28.413794713887107,-0.31469479594657174,-0.32587098237347556,17.127290725708008,59.86962127685547,30.09927230632639,22.30927225904188,0.6050286387865357,0.48399974163544535,15.853689670562744,41.73690605163574,0.036845495523607996,19.052296638944355,-0.6744986016603891,0.14876200733330425,-12.832489013671875,15.17420244216919,-1.0448477379534027,18.77704699253747,-0.6445166449179911,0.05480827804730204,-13.140564441680908,13.534038066864014,-1.9505903518398586,12.560891142887513,-0.5163756404658203,0.116590041951536,-10.072113037109375,7.306334733963013,-3.3350733139797715,12.305145162786935,-0.2648316223637656,0.29176232525622137,-10.870167255401611,4.246852159500122,-2.5439973989059994,12.191694503460214,-0.38624593439003513,0.10759804560067243,-10.47500228881836,5.553177833557129,8.034494863618933,10.588856589927861,0.38018239288047,0.9883055869310775,1.7692674398422241,13.688815116882324,-2.187653641066995,9.797526402206817,-0.2138185082239219,0.3010852552160119,-8.498692512512207,4.5830981731414795,-4.1947564075282555,9.021929117393132,-0.012453068339720968,0.4309998094947747,-10.149312496185303,1.577211320400238,-3.991357575255202,8.599289720394589,-0.16620982522644273,0.5600728749089177,-9.057225227355957,1.2875917553901672,960.1096117264912,676.2359770012009,2.5841515432310813,8.062898325560761,544.892135962785,1099.394058826962,1818.8746412046953,1491.2633580984748,1.5136043960157888,1.6546011085579524,726.5625,2554.6875,0.05663916070013281,0.05565729307691257,4.15793505100591,22.380099541447986,0.029296875,0.06005859375,586.1265001623311,644.0379033886427,3.190719602435243,10.547733736184096,242.2533416748047,619.2445983886719,0.03747374413000512,0.030553136046277723,1.3635454121796984,1.7002956198793315,0.012352246791124344,0.052851805463433266,0.0,0.16521691773905747,10.716579504314543
74,1,-428.9581502140507,62.87908437196123,1.5778898225296212,1.7961537167425288,-472.65970611572266,-406.7145233154297,135.40539193451244,20.92917293780097,0.701841050246244,1.76128261531957,122.46881484985352,145.30023956298828,54.266983576867645,19.908028640735314,-1.9823790100377199,4.959727366026693,47.607117652893066,66.53600311279297,29.31134085260465,14.19943596248437,-0.08883880902141504,5.051703161120249,23.859848976135254,34.74825668334961,15.851860012436191,17.0436837139365,-1.809810702979352,3.4684903301407486,11.933257102966309,26.318464756011963,15.022434932351242,9.271794363559964,-1.1336641658040572,2.2198071881591117,11.932669162750244,20.546324729919434,1.2152674340348062,7.896902179821915,-1.05667086106416,2.8672964726760277,-2.1766175031661987,5.948253154754639,-3.499378453185382,8.044768271894167,-0.6191469067664609,3.16503503027904,-6.657985210418701,0.7391842752695084,3.3614903000157605,7.191229678124169,-0.6123685230446239,3.457238387907248,0.09319168329238892,7.354125738143921,6.2666632624935925,6.373308821026353,-1.1425223309431736,2.364945978911803,3.4033469557762146,10.41803503036499,0.2541354146119792,7.425553787690583,-1.160585009700718,1.7450806148296554,-3.276764214038849,5.384690761566162,-2.0246012885177116,5.085935509404893,0.17139917625686482,2.101869062102552,-4.96357262134552,0.8941854983568192,-1.7950867639782715,5.696871990787074,0.0756549534288348,3.0494611595980032,-4.822136163711548,1.0121734738349915,494.6677320554066,250.0389669075806,2.9740819858192755,13.352050254985972,351.77966429806173,556.944803437747,748.4022779739272,660.5746097607971,3.361026368764874,13.21982695471992,445.3125,726.5625,0.025620045576453015,0.0133442193526363,4.243963476469941,30.898444467253434,0.0185546875,0.02734375,350.79469579449716,308.592373177943,5.805898272988114,47.01677535712602,203.99424743652344,390.6843490600586,0.0206569828680377,0.019971438553130574,3.243895139564946,13.198163092637987,0.010179109638556838,0.02330729505047202,0.0,0.17665526369973714,11.503555223648311
75,1,-409.14739023749047,57.23005228002072,0.7261590717952967,0.5533981616416765,-455.81317138671875,-372.5580139160156,138.34329012000683,30.756663822667935,-0.5905558141227831,1.345684374781217,120.84051513671875,160.2191162109375,47.00720778231041,23.50070509344198,-0.9446309288447066,1.1192256948220125,33.90253448486328,63.665618896484375,26.454375647238646,18.517489120726964,0.19551009807318734,0.3038802263742775,15.048538208007812,36.87942886352539,7.938085989565779,14.182307223080286,-0.8480711100435344,0.7216801953980476,-0.24185991287231445,17.742183685302734,2.3341784508735937,16.233541119575527,-0.7979872569475412,0.4996021468453793,-7.3144354820251465,13.731590270996094,0.35419654047429827,11.022521871244415,-0.46309946962056203,1.4463616475754186,-5.818129539489746,7.017335414886475,-3.293646360999357,9.448969070645374,-0.16065267179600914,0.7533731358284022,-8.90251350402832,2.264906406402588,-1.3942662393785032,10.89565850226505,-0.4801465556132055,0.5408877136495818,-7.910572052001953,5.850192070007324,9.94323391191735,7.959233466358855,0.18227833645971378,0.4153472569424159,4.960913181304932,14.679722785949707,-0.8792082073698102,8.394032369865306,-0.39477517698182213,0.27690179420179817,-6.319339752197266,5.194938659667969,-6.333725746727471,8.778287765251903,-0.36765011661381225,-0.06646859757907286,-12.319665908813477,0.10838693380355835,-3.7638094778822233,7.523424716289962,-0.11293684896420933,0.6664288668700271,-8.357131958007812,0.9212349653244019,719.6518795020534,486.06824156755783,2.7737351420488383,9.267489189537752,437.0687101922979,786.6893297299233,1308.0566374684854,1290.350573208651,2.2389216730035932,4.53428709627286,585.9375,1414.0625,0.03874391297716401,0.028679061633905486,4.543334228254054,30.282732031153586,0.0244140625,0.04150390625,484.4658845897185,517.1364037056368,4.119785164675882,18.894420338674102,236.8762321472168,532.7514190673828,0.020132266894449843,0.017724938287932923,2.197586052922635,6.080959562446054,0.00794750452041626,0.025656232610344887,0.0,0.18086294432991223,11.407296963130273
76,1,-383.7763121916938,68.37221269280556,0.19506903806367368,-0.9610737464544243,-452.0155944824219,-328.9074249267578,137.09312103875786,31.02191121830365,-0.7809754107356242,1.5356602237084909,124.39213562011719,158.11471557617188,30.69965776241087,20.274212193317346,-0.6965162746321413,0.6176259697859248,18.031785011291504,46.18832778930664,34.25874709690061,22.353159355019628,0.7292232481052718,-0.055677057043718836,16.108181953430176,48.347442626953125,-1.2060344908899363,16.77223969977362,-0.614188585214095,-0.10344047736963757,-13.338257789611816,12.850595951080322,5.298968082564408,14.436187282264456,-0.5750444446838495,-0.3304358791476387,-5.1496992111206055,16.490750312805176,6.5698098011902815,11.224116092756496,-0.2721178718728741,0.7983455978058727,0.7462426424026489,13.144506454467773,-8.487143658978887,11.634233971053527,-0.5292136780898173,0.2435615525023156,-15.761177062988281,-0.1976952999830246,-5.403593711619239,10.974495757037943,-0.42938719964200267,-0.3366361912528757,-13.419390678405762,3.4170658588409424,5.865120731441305,9.24418730536951,-0.46717965775280557,0.8787205360115276,0.8448354303836823,11.619961738586426,-1.776354593979992,8.265365649466652,-0.31760512797414947,0.23731997670571436,-7.044719696044922,3.927005648612976,-5.407360963347398,7.928599849992254,-0.34425568762158465,0.16247309799090504,-10.655248641967773,0.20136147737503052,1.1535042823694848,6.896045100833233,-0.3268828112895356,1.0047863844556533,-2.7408863306045532,5.36412239074707,846.0744399285735,479.5675503345167,2.4995602198316154,7.223942587851827,558.3962359228467,924.5713084661975,1637.059305445588,1172.2443365529218,1.535003524776689,1.7714378560798592,820.3125,2187.5,0.04878168952615026,0.036867072747058346,3.509405047792241,17.28566214660399,0.029296875,0.0517578125,615.5614393263902,714.1716748280221,2.831364272385423,7.439269739892275,261.2823486328125,559.7738952636719,0.021757894923030218,0.019507645756468385,1.4142515601084438,2.064020443665239,0.005950519815087318,0.03231705538928509,0.0,0.17937742588354386,8.613897900831345
77,1,-366.00252025570995,69.03783961079755,0.21504311760297462,-0.6986314177232433,-434.9364318847656,-315.1224060058594,134.31429766732805,32.52834339973223,-0.3104007652644665,-0.03473203822575943,107.58966064453125,159.4644775390625,43.54539564028027,21.349278246994484,-0.9737236618852309,1.309015838867487,31.114093780517578,59.42681121826172,28.59085623234107,19.51791266769147,-0.18055492969683434,0.2858257813900731,17.637144088745117,39.67851638793945,5.63741413460424,16.56047990548207,-0.6172849480553878,-0.15400042936992442,-5.820515155792236,19.371044158935547,-1.6809839437214904,18.389950825817913,-0.48690411800206945,-0.47810716622420957,-14.553272247314453,14.498588562011719,4.1287592337826275,11.479027826719147,-0.34978206245251137,0.6089146022512546,-2.996323585510254,11.397955894470215,-3.4002272198119337,9.543381826646542,-0.4502881346456432,0.10822250155028446,-9.634965896606445,3.32324481010437,-6.954603845327753,12.553019263606263,-0.5155126236740601,-0.16423058826186399,-15.688211441040039,2.601778507232666,4.447079490985217,8.491061871664044,0.28851325696439817,0.9288597110283305,-0.6032710075378418,8.950321197509766,-4.059690131828731,8.392922147606527,-0.619683838032823,0.5725626888026216,-9.084815979003906,1.9758936166763306,-5.908474389669633,8.04403176113291,-0.24757032979035645,0.31342690251495986,-11.066254615783691,-0.4142000675201416,-5.042553733239717,8.176802764134923,-0.731255943072374,1.4051314930418064,-9.361333847045898,0.17994379997253418,664.151108549141,389.7670139962154,3.4524979864133325,15.429931070698249,454.09240476296645,711.1538987345351,1062.665048496034,993.0935228262755,2.9350105589979925,9.021902043555752,570.3125,1000.0,0.03748291993491322,0.02609843386553714,4.5373984358788935,32.89506595322352,0.02392578125,0.04345703125,476.3951186922494,510.9560055460545,4.155310942375372,19.06215974226599,229.80636596679688,502.9471969604492,0.044204429590642025,0.03819023674841053,1.0969845181580518,0.8264365170275081,0.009976050816476345,0.06586208194494247,0.0,0.14554320271740312,13.118509617775048
78,1,-329.63438423631703,87.99782794961193,0.10757526862120886,-1.182144340204139,-423.150390625,-257.25238037109375,128.86310658819514,35.96094392526024,-0.39018578148578864,0.221220414465785,101.10487365722656,157.72158813476562,40.92610435623685,24.018297603276533,-0.7956352552150309,0.4556224475724533,26.035015106201172,58.90557861328125,28.224235944360686,21.028909536922452,0.35746224003918975,0.655993780494962,15.238531112670898,38.100135803222656,8.472194608582246,17.910661228508687,-0.8403591830178325,0.5175540342110394,-2.928778886795044,21.65835189819336,-1.08043501171024,16.755216855220368,-0.32506941029742836,-0.648782359260728,-13.436885833740234,14.030447006225586,-4.8409103553800685,16.00864678291185,-0.4878130261308904,-0.48134963309971024,-16.44039535522461,8.963441848754883,2.6278052109243335,10.621755626059217,-0.07445431392503757,1.1132938768792568,-3.491840362548828,8.513476371765137,-14.6088638770113,16.522660961854506,-0.3462114159297735,-0.8751757801135658,-27.597667694091797,0.83240807056427,3.660135277851947,11.045585588534946,0.18758592548006445,0.9731691481200695,-2.2023658752441406,8.995227813720703,0.6161706077778178,10.054714800010204,-0.6655393929916323,0.8629752053059985,-4.412890911102295,6.708296775817871,6.0882885611838455,8.680273867614943,0.6723894897039769,1.1688730544507937,0.490686297416687,10.998698234558105,1.7175560454359335,7.6342974022925665,-0.0858875580003031,1.0286563833002687,-2.418229818344116,6.111637592315674,767.4271642568586,458.89874751977857,2.6884358096600423,9.680112179366015,479.4960412719388,881.2054217649106,1322.3464760509883,1109.519870263313,2.130125053368505,4.503222991956679,617.1875,1562.5,0.041370590034120906,0.03341858632258328,2.9705112903034445,16.651627351493232,0.0146484375,0.0537109375,579.6937661101758,574.9711127623473,3.193634040824702,10.814960596771323,289.2015075683594,585.8475952148438,0.04427310015001581,0.036829907985623175,1.3069425571676594,1.7760741447554853,0.01395232044160366,0.06500209867954254,0.0,0.19432707074379407,7.501392446353017
79,1,-375.4262625325056,63.58347668035244,0.44047851652884285,-0.35555818192364974,-427.9561767578125,-330.4324035644531,132.50363898901136,31.812052963815486,-0.8120204612051778,1.6020649567702492,115.7825927734375,154.1608428955078,38.70403073185353,19.403994363378576,-0.6768374993655251,0.6759992142857145,27.01739501953125,52.829063415527344,23.291950913839322,19.492734606802188,0.6137437255824133,0.29983380373130153,10.405393600463867,34.50285339355469,2.6101312731311705,15.193522422823316,-0.863587558569701,1.2364582707577503,-6.53098201751709,13.300960540771484,5.244972215992937,11.740338208845365,-0.4110831483184811,0.4746939648952675,-2.191826820373535,13.365857124328613,1.7805337046505334,11.604256255421577,-0.4439999776313887,1.1618438399740754,-4.7638654708862305,8.980411529541016,0.654197074998815,9.376487901926948,-0.012550517545747297,0.5827781207722746,-4.7915167808532715,6.211184501647949,-6.7984291493951625,11.029133133105647,-0.5729032661600384,-0.01925000977806013,-13.956226348876953,1.4244961738586426,4.23790374701748,8.759928212396243,0.23346867308421304,1.0037696187257037,-0.9299505949020386,8.99268627166748,1.4506328883924529,8.145027248939778,-0.046333600246678625,0.7608016634863337,-3.455514430999756,6.390048980712891,0.07658310044452925,7.3293676495155715,0.1393709747969822,1.2745520813626987,-4.312437057495117,4.251131057739258,-1.5953998961919413,7.0168101407861005,-0.34080239820409575,0.8886602537372741,-5.586738586425781,2.8269078731536865,850.0965357597755,506.4817465562623,2.5718034555944933,7.801049603089009,544.6940357796559,941.4749454837249,1593.4776202043295,1223.0124113088639,1.7867578605876735,2.670011546617525,789.0625,1960.9375,0.04645136011288133,0.03877037496956928,3.6814588689891616,17.22708753992894,0.02734375,0.0478515625,634.8409275991436,747.2930171348877,2.960294996725511,8.17716531635088,263.0173645019531,591.26318359375,0.020284540898837227,0.016857384984075418,2.061688609805409,8.25013735002825,0.006954486016184092,0.027851862832903862,0.0,0.16712766354755537,10.332122281265281
