speaker_id,label,mfcc_0_mean,mfcc_0_std,mfcc_0_skew,mfcc_0_kurt,mfcc_0_p25,mfcc_0_p75,mfcc_1_mean,mfcc_1_std,mfcc_1_skew,mfcc_1_kurt,mfcc_1_p25,mfcc_1_p75,mfcc_2_mean,mfcc_2_std,mfcc_2_skew,mfcc_2_kurt,mfcc_2_p25,mfcc_2_p75,mfcc_3_mean,mfcc_3_std,mfcc_3_skew,mfcc_3_kurt,mfcc_3_p25,mfcc_3_p75,mfcc_4_mean,mfcc_4_std,mfcc_4_skew,mfcc_4_kurt,mfcc_4_p25,mfcc_4_p75,mfcc_5_mean,mfcc_5_std,mfcc_5_skew,mfcc_5_kurt,mfcc_5_p25,mfcc_5_p75,mfcc_6_mean,mfcc_6_std,mfcc_6_skew,mfcc_6_kurt,mfcc_6_p25,mfcc_6_p75,mfcc_7_mean,mfcc_7_std,mfcc_7_skew,mfcc_7_kurt,mfcc_7_p25,mfcc_7_p75,mfcc_8_mean,mfcc_8_std,mfcc_8_skew,mfcc_8_kurt,mfcc_8_p25,mfcc_8_p75,mfcc_9_mean,mfcc_9_std,mfcc_9_skew,mfcc_9_kurt,mfcc_9_p25,mfcc_9_p75,mfcc_10_mean,mfcc_10_std,mfcc_10_skew,mfcc_10_kurt,mfcc_10_p25,mfcc_10_p75,mfcc_11_mean,mfcc_11_std,mfcc_11_skew,mfcc_11_kurt,mfcc_11_p25,mfcc_11_p75,mfcc_12_mean,mfcc_12_std,mfcc_12_skew,mfcc_12_kurt,mfcc_12_p25,mfcc_12_p75,centroid_mean,centroid_std,centroid_skew,centroid_kurt,centroid_p25,centroid_p75,rolloff_mean,rolloff_std,rolloff_skew,rolloff_kurt,rolloff_p25,rolloff_p75,zcr_mean,zcr_std,zcr_skew,zcr_kurt,zcr_p25,zcr_p75,pitch_mean,pitch_std,pitch_skew,pitch_kurt,pitch_p25,pitch_p75,energy_mean,energy_std,energy_skew,energy_kurt,energy_p25,energy_p75,jitter_local,shimmer_local,hnr_mean
008,0,-302.4867068487196,109.86822570001026,-0.29643516196871383,-1.0265899264867515,-395.8414993286133,-217.80971145629883,101.12876020817451,69.0563616421754,-0.37010127468057324,-1.3550950100913963,26.018136978149414,160.83666229248047,5.3598511658571475,29.828592000509573,-0.18865600990937367,0.3503391322062752,-8.717889785766602,23.226623058319092,-1.4691756380857648,24.17066684596721,-0.5047933374736961,0.04357981574675751,-13.491410493850708,13.467026233673096,-8.14699824162216,16.44268962592001,-0.4039544804534049,0.10559669937791805,-18.668088912963867,1.455566167831421,-18.464527948970098,19.073898067237828,-0.19622282948960362,-0.7054251354742234,-33.04836845397949,0.05094240792095661,-8.224113767935037,13.757705380368181,-0.32080695239557866,0.06800755904407652,-17.700234413146973,0.8869575411081314,-7.2010135723315365,12.889777499286517,-0.34655804317536165,0.04739340148633664,-16.24667501449585,0.7832275032997131,-10.211521887290642,12.6254201930724,-0.0651021642399922,-0.5115768106891032,-19.51634645462036,0.40961459279060364,-8.720579041727355,9.940849044119402,-0.18157925812096812,-0.41103475061514283,-16.07618761062622,0.19460024684667587,-10.532388149727904,10.067175345925765,-0.14125864833371995,-0.372009784551786,-17.619898319244385,-0.9745159596204758,-6.434467359172793,8.619885461394171,-0.25630111978268416,0.166171112872735,-12.251917362213135,-0.045887735672295094,-8.502370313128186,8.238648463316387,-0.27304528205947304,-0.4999804108234289,-14.591176271438599,-0.6684718132019043,1281.7072247417618,809.138564320637,1.8804103946503246,3.7035454277249933,730.1617140359822,1608.0737661443134,2429.8936086683416,1832.0184311214264,0.9587103297583233,-0.23911299856819834,968.75,3898.4375,0.09990718975738065,0.08188628460229198,2.6261566911070306,8.011789799116352,0.0517578125,0.1015625,1045.9714512922342,924.439298901921,1.3804115968675805,0.9060225112515923,390.6291198730469,1412.8999938964844,0.07086093538588953,0.07047092534749998,1.5196943168515928,4.039657213410104,0.0057539017871022224,0.10906811989843845,0.0,0.12921175871655935,11.872448898046153
012,0,-295.2569487155666,128.82088102948427,-0.22770021240597646,-0.9027754882337997,-396.7726287841797,-197.6187973022461,101.57513224801208,76.54341680203883,-0.5155464324380944,-0.853592745821059,32.300071716308594,167.61936569213867,11.015594631364891,32.88734331484158,0.33784201516016443,-0.14474268265322232,-12.02297329902649,32.41456413269043,16.17616391398639,24.73938119405212,0.6300073117443483,0.580697832226905,0.8054599314928055,29.958529472351074,-5.723638615873488,18.420058242393775,-0.40345972462894997,0.06436520943975266,-17.513530254364014,6.609813451766968,-7.525633282350892,15.16777702916003,-0.1720369616591044,-0.183991850569992,-17.809670448303223,2.786292314529419,-3.050271571254159,13.451762961644485,-0.0007226939059533275,0.04196377089378389,-12.13868498802185,5.1945579051971436,-9.327795207391407,12.572798762815328,-0.04715517396876718,-0.1846946772376561,-18.279356479644775,0.3744520917534828,1.6065168948641806,12.408007526864544,0.26487211147462586,0.2530785599448686,-6.816118478775024,9.29805612564087,1.715834155851998,11.943946004660635,-0.04414873668784085,-0.09757596492572151,-5.69924783706665,9.676079273223877,-8.622876195665325,12.898639288146276,-0.7879213027059085,1.0872313144185544,-15.45596194267273,0.411993570625782,-6.145313456929812,8.686530675365715,-0.23755775287434397,0.10166166405447585,-11.899893760681152,0.17446382716298103,-1.3780725556685183,9.007259865998854,-0.044454822194220076,0.7434919514663352,-6.638965368270874,3.7961296439170837,1513.0516334867498,1129.3796706812163,1.6029446108774232,2.0585089083817207,732.835368129226,1991.0312891447113,2680.406781161473,1956.156663918389,0.8770100098386031,-0.4175511011419317,1078.125,3835.9375,0.13287059578611898,0.12736083528947206,1.9042544589226253,4.004636135178182,0.04638671875,0.18408203125,1481.273181344526,1149.572733015147,0.6347357249849161,-1.0113145347309742,492.15308380126953,2541.5440673828125,0.07185557197320572,0.0695450586447212,1.016296046900405,0.7126150001724358,0.006297765183262527,0.11201905831694603,0.0,0.08996539377745061,12.682890622014611
019,0,-226.59427777334525,109.75385398854134,-0.5283669812138369,0.04611647307499123,-292.66925048828125,-148.8372039794922,70.61535906905945,47.06814050856053,-0.6477809263462772,0.42757010884863167,41.57695770263672,104.42840576171875,-14.213090433870642,33.01523369503938,0.5991011129614426,0.4785229563306177,-37.948974609375,7.212366104125977,13.112277981876947,25.35907953245945,-0.04605928278741949,0.31050311700074307,-3.7556259632110596,29.62917137145996,-18.57916275316629,19.03976588385662,0.06408623800204512,-0.053634615662094376,-31.851537704467773,-5.689939498901367,-9.153727065631376,20.796755412518092,0.0671560158029755,0.21986418034834987,-22.524688720703125,4.254605293273926,-18.220180987911863,16.8084999256143,0.04819856753007554,-0.017399827841147797,-29.92879867553711,-6.912849426269531,-1.7933759603625574,14.290367432225356,0.2238136141890954,1.3770334540735867,-10.257218360900879,6.084022045135498,-12.651679497919144,14.130363990774011,0.058780357807506414,-0.056290770348199626,-22.569843292236328,-2.7123196125030518,-5.894352463382883,12.297606992554666,-0.0388693891146577,0.05844948934274674,-14.03017807006836,1.9324475526809692,-8.3691344473023,11.085610638784141,-0.2228505999541027,0.07581835243585022,-15.058183670043945,-0.5076677799224854,5.247440961150887,11.272028409525413,-0.046076787035882784,-0.13625435616445003,-1.8269381523132324,12.944914817810059,-3.239854953883174,10.499098979078237,0.2896098354585194,0.6607105491112439,-10.188610076904297,3.1067986488342285,1891.9653033497937,884.7047788258448,1.5109731162047477,2.351193637332999,1300.9944402069536,2251.6338090273944,3457.9672523961663,1423.4610924889905,0.3820069271468461,-0.6080697865217273,2351.5625,4539.0625,0.15281643121006389,0.11270865204448328,2.0046856547687,4.419893717683211,0.0791015625,0.18701171875,1557.329133303455,1086.801331587069,0.6039487959726187,-0.8158492582048913,601.0179138183594,2294.931396484375,0.07699658614743245,0.06378220520268123,1.0572933746705033,0.6588500574394529,0.025769729167222977,0.1060720905661583,0.0,0.11997276253737943,10.095444837826475
025,1,-269.36000158312254,69.6232459839133,1.4886590520467227,3.2330071464902472,-315.29837799072266,-237.72599029541016,93.73280393842086,30.81704223382923,0.038685861803392355,0.8401342609223272,76.5608139038086,112.40835571289062,6.961460562435032,22.430382786370618,-1.8077149391317044,4.9968568767287,2.002731144428253,18.80349349975586,25.996645121504983,19.490391105093206,0.1618556780152362,2.9135454782204793,16.008016109466553,35.31403636932373,-2.9316172558598526,16.568499477077648,-1.7551930217059466,5.578315725213583,-7.168128490447998,6.060371279716492,-1.9368390498210803,14.602929675446907,-0.8881874359899176,2.10872872309728,-9.003027439117432,6.318485260009766,-7.149053818045186,16.057441555480302,-1.0613453553545287,0.8055891198186917,-17.12524175643921,4.619652628898621,-10.293656363487768,13.391956577977417,-0.5534201226104533,1.4379107106150624,-16.0389142036438,-3.1067296266555786,-4.944278642690482,9.852819649749614,-0.2685049331905385,1.437736711163561,-9.891944885253906,0.39280644804239273,-1.2221049205258185,10.069826814768573,-0.04352706064233696,1.8858998461003829,-6.238124847412109,3.656055450439453,-6.9343469693058255,9.563397785913052,0.17718365879069045,2.009625779470219,-11.732046604156494,-2.297139883041382,-2.6215016051813844,7.851766314781636,0.07415468520150698,1.9257504549440077,-6.911463499069214,1.3769130408763885,-4.003920907026533,8.409162890827815,0.046420566922001326,2.4808181359960706,-8.418642044067383,0.22854048758745193,1607.9125856749763,562.9335145052261,0.6670263567041818,1.1407739144499596,1148.1926546866282,1951.1372624576807,3301.6692124204887,1154.2519235861519,-0.3774570727669228,-0.6221530077878024,2484.375,4179.6875,0.115424734395924,0.06616297120734753,2.0891866247886104,6.9720860102669935,0.06884765625,0.13916015625,1175.9550184201346,969.0300944547383,1.1086006768541035,0.16269453912540222,436.88658905029297,1651.8500061035156,0.04730215509931358,0.07747456948534652,3.9466950238545175,20.749369141760877,0.006964732659980655,0.05691045615822077,0.0,0.15412238805464298,8.200443846996299
027,1,-190.93947518107686,48.89661184513215,1.528065532447197,6.322973380016107,-219.2568817138672,-175.50053024291992,92.67958616025463,24.834504253989767,0.9017130369885287,2.5434654031929753,80.45623397827148,98.57190322875977,15.504464150353677,13.73560139115367,-2.4216055999328656,10.251014250902763,12.723551750183105,21.47497844696045,16.68087991865466,15.093068729422827,-0.9834959934584121,3.3386910607745754,12.935009241104126,23.4918851852417,4.033434184555678,12.607409854925985,-1.949128874769574,4.8685793295011655,2.234784960746765,10.802809238433838,2.2119438984395923,12.265586318996286,-1.6811949180234114,2.643760603969226,0.003668006509542465,9.676120042800903,-0.3449190232839184,9.149793124698304,-0.44115734489872044,2.739583675050878,-3.5995073914527893,4.142035365104675,2.884250145695982,7.590074266709225,0.3317043688710107,3.5122071541793636,-0.7928103059530258,6.01065456867218,0.5273130137453115,7.701652873788555,-0.2734762236283815,3.1672055629715903,-2.7920888662338257,4.241158723831177,6.199230555127049,7.869049970669856,-0.6896616457144076,2.326800403001145,2.6233094930648804,10.955683708190918,-1.5288379178057325,6.633508832419456,-0.6181946648786074,3.8895100421523816,-4.793483257293701,2.263228952884674,1.0561684835138618,6.035126860530476,-0.5583509268080936,2.0793300575127196,-1.4615050852298737,4.390957832336426,-3.628596968307247,6.537945960180858,-0.593040367160232,3.285255151538646,-6.4947264194488525,0.0022882185876369476,1779.5869711155597,456.11245898420816,0.9190960914827596,5.217824633477683,1568.5490130414055,1975.0695017708856,4083.0070548875096,1216.2644223298832,-0.9727260136973038,0.5339703069339681,3585.9375,4789.0625,0.11026462646673778,0.04722658611873853,3.1852303459320654,15.571722357884624,0.08837890625,0.119140625,834.2937756025879,701.8503315441944,1.9611903205709842,4.058999282171859,359.87245178222656,1005.0119171142578,0.05598195854435719,0.07389281982164311,3.1471320556017686,11.90324376007386,0.02029065228998661,0.056490927934646606,0.0,0.179486214270403,5.600640715668923
031,1,-214.36849251533994,47.530562824677894,1.5635623742465403,6.440794589405558,-243.3972930908203,-201.33328247070312,69.26498137100221,20.847063514254668,0.38822103952985904,1.4260718647044257,56.03437042236328,83.24618530273438,13.842629087161585,16.35690813188651,-2.1943680913420427,8.872430398933874,10.16486930847168,21.89472198486328,14.819111949124343,12.32146840618771,-0.6380156306520665,6.094063904976068,11.117774963378906,20.06852149963379,2.836765957283349,12.906383303371625,-1.9828269485461099,5.7158580958508765,-1.0627247095108032,10.58056926727295,8.619327877461323,11.834010102402134,-1.6566883980563356,6.038353675583874,4.346165180206299,14.848846435546875,-3.686023176018887,10.694630852421323,-1.09695965056408,1.4801984730438607,-9.198383331298828,3.59554386138916,1.9167404007673217,9.147493310971027,0.6435591867968883,4.681621894240652,-2.6843814849853516,6.545536041259766,-2.460712170663371,9.359699053992292,-0.4929606167682246,4.133291541129927,-7.087185859680176,2.4447789192199707,-1.286739031354367,8.271537452461057,-0.9367713910118043,1.7192301595413326,-5.545985221862793,4.0268402099609375,-2.056876183147177,7.169010497559997,-0.5182743303513926,2.812687659537792,-5.5766167640686035,2.0218076705932617,1.5372718817396196,6.9936107144526956,-0.43339700490106164,3.9874279284650047,-1.5384395122528076,5.343865394592285,-3.653591713607076,7.448219836706418,-0.5411667285016539,4.479113224271879,-6.517141819000244,0.5121142268180847,2144.8307353035007,554.7191245005649,0.2377970007009858,1.1294544955241843,1718.6979342605505,2521.954105560064,4719.562968072527,1097.2193042339024,-1.2232553321348796,0.8281180801904533,4164.0625,5523.4375,0.15428917643870713,0.07162503237097516,1.2601538356804647,4.482608744901155,0.09912109375,0.1953125,1250.202379823911,992.0788471967031,1.0838349835143701,0.27047681436487725,451.85731506347656,1753.6166381835938,0.05108221520741893,0.07848982161962642,3.699209932230791,18.403532218481207,0.012190952897071838,0.053122155368328094,0.0,0.1476304631990083,11.896823855385904
032,1,-336.55156764926346,60.69995942042876,2.819322182552108,9.974799956431502,-373.8102798461914,-325.53065490722656,76.51044627242344,32.23226769986146,0.0632111492122938,2.3040280333372944,61.70592498779297,91.75412940979004,40.96728930995451,23.485620673587412,-1.0305725798215792,6.995125520082793,35.36155605316162,49.67014503479004,16.442668271493503,17.432746762748327,-1.7899356737336423,5.437909621291794,13.97469711303711,24.25473976135254,8.836322669344689,17.77702810258198,-2.298186632145593,8.9901580593411,3.208922564983368,19.334933280944824,12.991826911491106,17.488195805523343,0.11814318786418472,2.9421777114635326,5.643941879272461,19.725744247436523,-3.3909566894878487,20.806834563078002,-1.377029892688979,1.4369121695574458,-12.692205429077148,11.713401317596436,4.84671276295594,13.712293185045787,-0.025663649019692963,3.5680773639015912,-0.7373735457658768,9.352291107177734,0.6502164146754428,13.494283937007406,-0.9561143935284921,3.3983012998560254,-3.9714322686195374,6.870080947875977,2.6835950232599517,12.648610025799151,-1.0980134713081915,5.65760185436166,-0.9965989291667938,7.621046543121338,4.326378087053677,9.434907907253907,-0.25406661011207154,3.7740979953828306,0.8214690685272217,8.081239938735962,5.396773219315381,9.742565170307635,0.981289842228156,6.767453556888121,1.1334834694862366,8.927783966064453,6.482546769921392,9.544020485591986,0.785463108087334,4.457733920824517,2.026779592037201,9.685784101486206,1552.937186410588,845.7557845721517,2.549921211379111,6.469123799552872,1155.535604266146,1453.4133947382009,3633.7195807271305,1403.3873090631141,-0.6091860839196288,-0.35961161681393294,2726.5625,4429.6875,0.05629359790363565,0.08975540400581801,3.05436454345106,10.10824762140224,0.01123046875,0.05810546875,906.3438351630493,1069.2834804481665,1.8866035454034205,2.3432796068080997,217.20748901367188,965.115234375,0.04190681937993144,0.0742067346570705,5.955951341914132,44.21584945603054,0.01699471566826105,0.032357445918023586,0.0,0.1690406362635116,9.647196090157562
036,1,-350.16239436259156,147.89482188268315,0.27840546509545533,-1.3715749437386984,-505.7942810058594,-219.28695678710938,67.05505984649349,60.62605950021352,0.1657200404991054,-0.1565249858616724,23.57502555847168,114.30562591552734,4.884632472388314,34.71934708550684,-1.0032476958371175,1.1533086046833976,-12.171971321105957,22.484806060791016,17.071534986967478,23.791452146281582,-0.32929572050742,0.8455708031492364,9.991840362548828,30.529945373535156,-6.943689027437818,27.500254909047786,-1.0012061012402014,0.09933893087424694,-24.470272064208984,11.728059768676758,-4.803200613914105,22.455368520920718,-0.7958451707336199,0.30889030966430253,-19.97296142578125,8.976175308227539,-5.660202611513499,17.287284350779085,-0.6711188477366119,0.24108313903242395,-16.88202476501465,6.188767433166504,3.0442962251839125,13.795738579101595,-0.07524069359701022,1.2462157931757014,-2.47131609916687,7.912760257720947,-7.391474591912781,16.080943155223196,-0.7984980632448231,0.7168831115901808,-16.281982421875,2.734990119934082,-2.6186943474349924,13.677499871740153,-0.632154822955729,1.7661702033591329,-8.61012077331543,3.223283290863037,-2.2671847183174045,10.834108111748117,-0.13167568303971794,1.0713557499764397,-7.3218865394592285,2.1365573406219482,-7.896968347694704,13.44682530026837,-0.8435194169035442,1.5929165920576072,-14.684198379516602,0.14418397843837738,-2.2917616133080507,10.58195732428323,0.06241422383942602,2.1816652159037977,-7.043278694152832,1.8487271070480347,1782.552280285177,894.3491577803945,1.5130941428478824,3.6882687089657917,1104.811514636815,2127.3986770772435,3651.4673284502696,1729.5335834472432,-0.16918023704343027,-1.0449807087133343,2265.625,5062.5,0.14487760215882806,0.09702964386389412,2.3707038915916137,7.9207124243751,0.07763671875,0.1708984375,1108.7272875176468,993.5692749480534,1.269532967508192,0.5320044739630791,367.9051818847656,1561.3384399414062,0.0635322109228526,0.07707535668622949,1.0898659112718498,0.10947116839715632,0.0005553271621465683,0.11389735341072083,0.0,0.10291605418123208,13.164240535065774
047,1,-183.37447316233929,81.35152322326282,0.0009748178768750443,1.388686043180142,-246.08029174804688,-123.94113159179688,77.17746071123545,30.474075355048598,-0.8571001535531265,0.5190715710923075,60.58599090576172,96.55818939208984,4.471555585282254,25.032699811701114,-0.6780223794264463,1.1725846544774328,-5.77610969543457,18.305152893066406,23.82822337459565,24.533178563644135,0.5475973180237266,0.507776944262357,10.190084457397461,34.45634078979492,-11.631979594416224,18.55900524717981,-1.1621671361122912,1.8107906610632716,-20.663890838623047,0.18231149017810822,1.2775993176135643,12.900154616034952,-0.22210336100816191,0.302814741277285,-6.42138671875,9.517149925231934,-8.868205534010157,10.584410903591339,-0.5060144269885261,0.7883207358409248,-15.124565124511719,-1.3875823020935059,-5.86722725782573,11.820723853889085,-0.5330795289812414,0.5697313929720855,-12.044441223144531,1.4425327777862549,-7.741486794095911,10.601965171166853,-0.0846346673545973,0.4287465129984236,-14.169378280639648,-0.666725218296051,0.36188553509843446,8.785838101718562,-0.11135399311657218,0.6037287253475498,-5.0735979080200195,5.903542995452881,-10.479373517085055,8.26890937280914,-0.07407925352729468,0.10570222258328243,-15.946012496948242,-5.031418800354004,-3.495527049013233,8.523839513870586,0.3002700037378253,0.181815090934915,-9.138280868530273,1.8575332164764404,-8.668129874052436,8.303273231338533,0.5218063382780328,0.5209376487991704,-14.30306625366211,-3.687070846557617,1990.402181529334,694.5704805472517,1.7266830362479788,3.5372687104259146,1581.081398374778,2209.977947981912,4095.067970822281,1089.2690507708228,0.5986894102084055,0.422934509650454,3421.875,4531.25,0.14364819918766578,0.08541547747068952,2.414202821541176,7.25963047154495,0.09521484375,0.16357421875,1231.3557599604871,1024.8409614003695,1.0476856285399376,-0.08400715868927788,435.1857223510742,1755.208740234375,0.06697049643700005,0.06932964823702542,1.8429988452482897,4.041432657522052,0.01698232628405094,0.09753173589706421,0.0,0.16723535617211055,6.010157521702301
060,1,-389.63637097726973,92.32863222871744,1.6458200688160318,1.8572896416145257,-444.5680847167969,-357.31756591796875,58.93131955263165,50.01113796288722,1.134774634256633,-0.27231466027556417,26.27403450012207,94.89736938476562,21.89155046116783,18.55612755774206,-1.953901283131647,5.89328687247591,21.81924819946289,28.027183532714844,16.67680445558461,16.57357077701907,-1.880154300139704,6.997294684666782,17.621421813964844,22.33435821533203,9.253830659046288,13.952604994191423,-1.886427707859863,3.209841945932113,7.420479774475098,16.901752471923828,4.39521162299763,15.501508752223035,-2.0029125692056793,3.8876604580030873,2.075085401535034,12.681303024291992,2.1323861241324895,12.009292380764423,-1.8062492035102335,3.762914938600149,-1.4751429557800293,8.936422348022461,2.4129521388873436,9.144806817058633,-0.7301961368024545,4.785495134548925,0.813936710357666,6.397395610809326,0.6992123802534437,8.294446217456835,-0.568551679029689,4.607189299520874,-0.708844006061554,4.38745641708374,0.0482703308780012,6.928982456089727,-1.0750279336380866,3.7016021414280056,-1.3611470460891724,3.149146318435669,-0.444655137069177,6.510025012976841,-1.3685772713092652,5.939502870116483,-1.6819279193878174,2.395427942276001,-0.5539208140821484,5.8489389384272,-0.5995730169864129,4.622363332448672,-1.9316272735595703,1.77582585811615,-1.6662690349167228,5.674340590032946,-1.4831604533517224,3.6938270103671185,-2.766176223754883,1.2615044116973877,1450.6330087559472,471.83638091671304,-0.1841336955220263,1.1063555779241927,1027.6917823693675,1766.5051396042202,3535.25323560486,1575.0292419679424,-0.8498245788802827,-0.8960712828996202,1875.0,4671.875,0.18666504680071316,0.08383544865160593,-0.3976276387053411,-1.0359562157243623,0.1083984375,0.2509765625,463.30388582405067,495.4611611110926,4.511794776912315,23.647329134186347,237.75250625610352,480.9884719848633,0.044269489533531374,0.08771584209176993,2.5486987181928398,7.109296615270624,0.0011590986978262663,0.04610481485724449,0.0,0.08791492517871094,17.476909488900855
063,1,-312.0139746007943,52.91859104726409,2.701709150627066,8.769216643195934,-340.3954772949219,-306.11685943603516,79.56777291486759,32.55891474511102,1.594074543212788,1.7325696680219504,58.97593879699707,91.67707824707031,16.045340146906305,17.600833491563925,-0.6748766032464476,4.564694864849009,10.889961004257202,21.180352687835693,15.966287484134336,17.66319171856472,-1.6123924772715055,6.57843394377662,12.933663606643677,21.75813579559326,5.956842593839484,13.340285226127344,-1.7476857730555457,5.713156555130295,4.181120157241821,11.946027755737305,4.0002463984736565,15.542000108969724,-2.1780513409825493,6.116176585885652,3.302360475063324,11.392036437988281,-3.0599631028881498,13.82403543146652,-2.306304924559456,8.295758401378306,-4.526379585266113,3.651271879673004,0.46805940837700766,10.183555963774825,-1.4602581119978992,4.166216128700765,-1.9834187924861908,5.59971821308136,-1.7587862729675847,11.446657842673575,-0.06444274866473006,3.9089357582014967,-5.146909952163696,2.488152801990509,0.31357743382444697,8.641940186042007,-0.7228118972398088,3.692532741886364,-2.619056522846222,4.418042063713074,-4.6604628149433855,10.477953040953205,-1.4392133044758308,5.427866753087569,-7.434769630432129,0.7768992781639099,-1.5859118803625576,9.460334845936613,-1.6932085589609982,4.782579236089894,-4.253540635108948,3.798761546611786,-4.167621345950826,8.599182246413264,-1.253555791073056,2.796424578213724,-6.482485413551331,0.6251560747623444,1973.8484317824016,727.5198045367074,-0.7474928645971237,-0.7947600060199846,1264.0347910207408,2504.9042102519406,4256.4443456064355,1831.7637106007874,-1.047558073990926,-0.5817050155334433,2726.5625,5507.8125,0.15414700649752475,0.06628884345203263,-0.2264561830909551,0.03434267236972577,0.09375,0.2021484375,1474.7000084319343,1016.7854042342674,0.6960208722487015,-0.5201196454099004,617.9392242431641,2141.8406982421875,0.04839367859698325,0.08642726782336116,2.371092875546155,5.359956858987328,0.003910322557203472,0.04825665336102247,0.0,0.12370721752220791,14.274721175711008
072,1,-322.71621303514235,124.35518197061131,-0.4782278955107417,-1.1734305912113265,-442.3158264160156,-222.35513305664062,94.31972201390059,68.11863432978573,-0.4508719260274827,-1.0481434486219694,13.003645896911621,152.3815155029297,-5.903623044360128,30.026005605284148,0.06380694889901088,0.06146526866419233,-26.681365966796875,9.058916091918945,4.455820682673279,27.84834737567322,0.199728376505818,-0.1060044099827433,-13.128387451171875,21.779830932617188,-8.668760805887672,19.2427533184078,-0.6585374643698293,0.7050426139703756,-19.57443618774414,1.861510992050171,-15.314800073333808,17.929586284047474,-0.32177380631545843,-0.6947784685724496,-28.641216278076172,0.2919349670410156,-15.567250670736286,17.02327398622234,-0.49257259529565645,-0.37599416391837037,-27.89929962158203,0.04480728134512901,-5.823830185878488,11.833984584689738,-0.3399073032445898,0.32849182571552626,-13.364316940307617,0.8432307243347168,-12.047435294769262,14.412262567864449,-0.49652088117446125,-0.21512108272743946,-22.837055206298828,0.007416270207613707,-4.468644718746005,10.351371101205892,-0.05273866954427149,1.0083355052188816,-11.260238647460938,0.6772814989089966,-4.854183472609671,10.27246060669794,-0.30263173225543616,0.18917330131052523,-12.042189598083496,0.46257561445236206,-8.014366101829008,9.862473158799043,-0.6265957666836433,-0.04615304753594929,-14.728447914123535,0.0,-2.7003891433021177,9.060797391555685,-0.2540133884665732,0.7858005673835429,-8.008750915527344,1.748591661453247,1370.846113418608,785.5417572808686,1.448104729708812,2.21333968427105,819.1982376226835,1933.7091482410287,2684.4460774865074,1749.1940187414482,0.6187449766061458,-1.0947828373790807,1242.1875,4625.0,0.10706573462798766,0.0781736130135102,2.5862229341546095,9.187971608385118,0.05810546875,0.13671875,1095.4160692877342,970.802254529687,1.2821934417697076,0.6086250047282511,381.400634765625,1547.7070922851562,0.0742869993685059,0.06689289413108528,0.6381945464118197,-0.37756274306898696,0.006043283734470606,0.11718396097421646,0.0,0.0862087913284795,16.549879605487863
074,1,-329.1860821345521,80.85319766804886,0.22411561710718597,-0.8688870198780929,-395.5243453979492,-262.71569061279297,131.33698761935182,43.72713115841685,0.16954937800986228,-0.8830884669578913,96.47845458984375,169.0581283569336,12.344578658495013,28.65037382068894,-0.7205773442824388,0.2648236361845573,-5.155293583869934,33.83383274078369,26.60260572726034,20.083544024479618,-0.16143617012013545,0.4338454424788907,15.124884128570557,38.714247703552246,5.36520836069684,17.807224889553574,-0.29654293060793585,-0.20051830372573054,-6.670375347137451,18.929638385772705,-11.449546636716976,17.82695080490913,-0.14267391701319168,-0.5431896597506207,-24.622068405151367,1.8779000043869019,-1.0849038487097848,12.588255086281976,0.0192750902156138,0.00703103473408806,-9.668531894683838,7.108820080757141,-8.867681454907924,10.916606758294032,-0.1094807071077211,-0.08771361234812369,-16.020119667053223,-1.5843664109706879,-2.1531305211677005,11.168489900989234,-0.42520873888593497,0.1387332184231238,-8.919979810714722,5.503301024436951,2.481764007275006,9.720749059296958,0.14421446658097462,-0.017238184559553726,-4.19157338142395,8.92732048034668,-6.610666959376248,10.992184823751895,0.1318840656366678,-0.4208124549467924,-14.766280174255371,1.3347071409225464,1.130772771494245,9.507310627781806,0.22741486911327058,0.32126722206020686,-5.024649262428284,7.232759118080139,-1.836912237525162,7.9842682879471445,0.17086387177972365,0.09888556932054016,-7.388041853904724,3.3357498049736023,773.1804156274212,289.32133874290935,1.9669036863095304,5.959975601677309,573.8477997640857,885.5362865379317,1427.1041754422915,748.6581760494875,0.9599001126011962,1.4803937363722888,781.25,1906.25,0.051713591578032854,0.034253316873855355,2.7661372166477074,11.003745906921845,0.03173828125,0.06005859375,795.6224858440564,767.1293891145771,1.9686664584240965,3.18586474181523,312.5699462890625,866.4334716796875,0.06531431835240063,0.07569651885091891,1.2156220537386546,0.4880856820738271,0.00868121744133532,0.11442937701940536,0.0,0.09684828056033351,15.547691639273756
075,1,-385.257113351935,107.40396602465584,0.5509058223194089,-0.9857890139665537,-488.2995300292969,-294.78643798828125,81.7915935986598,70.6898956878722,0.28477891949145895,-1.506107060340631,15.205099105834961,153.63540649414062,24.366604844654503,28.108840735013036,0.3103399739373073,1.3629404776868403,13.153046607971191,40.970848083496094,5.185557165741921,22.64643181325873,-1.1802107826235277,1.32086578208495,-2.978743076324463,15.501428604125977,1.6624663089221645,19.84565747351423,-1.0173412236612835,1.9291067911292892,-9.361967086791992,13.086261749267578,-6.327578032864883,21.36246979622995,-0.7676927542927608,-0.3329460262986106,-22.390378952026367,11.280948638916016,-5.7734355279785605,19.001370002610884,-0.8501131296549814,-0.3959447738724138,-20.953052520751953,9.946533203125,-1.0820129251173833,13.655070720184714,-0.628998954790072,-0.5955513209566692,-12.498006820678711,8.961647987365723,0.8313820594619856,12.569335668812696,-0.6129092537951715,1.1528471565641327,-7.019294738769531,7.90838098526001,0.4467431841160469,9.394499328592982,-0.6584860710048422,0.14195670469675337,-6.317789077758789,6.491151809692383,-3.838256141337246,10.993088150329553,-1.007332455811422,0.4808237292848414,-11.320013046264648,4.970434188842773,-4.823237280182452,11.154047253654754,-0.9223221483756282,0.4627358902085641,-12.08772087097168,3.8725290298461914,-5.269247701775886,10.035132717687686,-0.7864078201006084,-0.07636248174028282,-12.597002029418945,2.8010799884796143,1099.386998705724,813.0544738109269,3.6823554822547964,15.650887754408856,660.747615381079,1133.9316308567327,2063.358448616601,1560.2249947075952,1.5597255806426842,2.462730457695555,796.875,2601.5625,0.06132696702075099,0.09903705156881881,4.089245800649859,19.324606546880094,0.0107421875,0.06396484375,715.3885507728795,702.9157525017821,2.3910143380920745,6.008031474863401,280.84654235839844,796.6342468261719,0.05936809589252568,0.08036677925513026,1.5851686755042882,2.4932510858094563,0.0009436779655516148,0.10617475211620331,0.0,0.10661530303518266,14.614164752047968
077,1,-257.7954111034766,47.97382766243127,-0.6026016152870444,6.03633712754392,-283.52488708496094,-235.85552978515625,117.70937505970723,30.141540140815245,-0.4053609097693386,2.6836587513010723,99.15935897827148,135.1392059326172,13.354681913196565,12.614780105966979,0.17156266938597703,-0.0050028694206014634,4.560624361038208,22.15650463104248,13.751826042026629,12.584112115373683,-0.21122058933279136,0.47035133166269105,5.727919578552246,22.234209060668945,11.814621024291686,10.712222421482975,-0.7918449080661983,1.3935491450591861,5.685805797576904,18.811654090881348,12.31488121092576,9.947500189979367,-0.6906574547011233,1.815756892428305,6.388338565826416,19.06341552734375,-0.5864619491616128,9.02326900555308,-0.04754514475464593,0.4041813547168731,-6.4808549880981445,5.373019456863403,5.565609499592318,8.100202666743751,-0.01149032728435717,-0.020985835558330113,0.14462289214134216,10.955775737762451,0.09522168573676697,7.995328694754287,-0.13839345199803021,-0.14478170658168477,-5.445425987243652,5.796385288238525,-1.3151729233613318,7.358175553418919,0.04624273285813265,-0.2374155120542123,-6.441266059875488,3.695268750190735,-3.785413350504677,7.094188705666119,-0.16076168228324497,0.05496464317628158,-8.505325317382812,1.054806649684906,-1.2518873414380753,7.180992387997079,-0.0668884965901941,0.6732867425383406,-6.478058576583862,3.650087833404541,-3.802642584735437,7.275119899806688,-0.03809497149894132,-0.27471025617417766,-8.76374340057373,1.4515302181243896,1154.2303114382667,454.4355633662507,0.6979707358138643,0.589005294027952,762.0810060808401,1514.5351383309908,2436.4099953902887,1257.2709799103054,0.40072642331856595,-0.48457198964490855,1265.625,3464.84375,0.06895359557467733,0.041727528361645304,2.7953137114618847,12.52630412886969,0.0390625,0.08740234375,722.7115039870374,533.088018026087,1.604629385255773,3.829845680406904,309.3062057495117,997.2304077148438,0.06182833529705984,0.06775236262386802,2.2434888334593333,6.753715088473166,0.013975025154650211,0.08628017827868462,0.0,0.12799825067877466,12.210496239849007
090,1,-377.81495539601883,64.6618324096508,3.7317216864324405,16.85144810791075,-407.2713317871094,-379.34962463378906,73.62823129865168,25.671795583935886,0.4459026101988772,7.352736623423281,65.37148666381836,77.28240966796875,24.44629689847219,21.797202698106325,-2.1970101525081573,11.764323181636131,23.320898056030273,30.720301628112793,13.171115107702208,20.31371107302298,2.1896232933546753,9.258238435535915,5.035803318023682,13.959864139556885,5.2353867624916335,16.539555966117536,-1.7212599202429197,10.93896938152302,3.942025661468506,10.40799617767334,2.6353083297750506,16.416445235762655,-2.2373348442111753,7.2354851545089485,2.9039899110794067,10.104779243469238,1.3368405172256856,14.090257143994801,-2.602147124801065,13.11873910439547,0.41716721653938293,6.79631233215332,-0.6296906551542357,11.35105788127434,-1.2111727364542553,5.079361799767785,-2.594205617904663,4.278462648391724,-1.2855187001254866,12.697360459925811,-1.5688721197788862,6.749185459457641,-2.638256788253784,3.6244144439697266,-1.3374299020029488,9.406480720616528,-0.8788613027232148,6.84603508959542,-3.6278449296951294,2.525132656097412,-2.0963323737467343,8.946365653598958,-0.5434573889214518,6.058812219701098,-4.441035032272339,1.6387270092964172,-2.823250826674713,9.778117285986255,-1.215816428304746,6.1242197388964446,-4.968193292617798,1.1584226489067078,-2.2172555190808008,7.120117544029521,0.13792032598268322,5.469794234604818,-4.987946033477783,0.7767263352870941,1677.7752724687373,645.9405768113702,2.4359883341652884,14.69542462334621,1505.8949346444363,1807.2827163442307,3662.611970684039,1253.068092408805,-0.950218539142814,1.3029536305978917,3164.0625,4359.375,0.1179613630451502,0.08236781806921184,3.734946518691644,18.76675493665838,0.08642578125,0.11669921875,893.2612566878009,683.161745233025,1.816339307065141,3.880762398781865,407.1028366088867,1147.0642700195312,0.03232037985266129,0.0811372744603137,3.7983643443095025,15.779140302599387,0.00223951181396842,0.011518793646246195,0.0,0.15895577601858538,11.236529481147402
098,1,-346.4220679774069,102.88015875317866,0.20092776524595893,-1.0975742025275275,-445.19456481933594,-263.7481994628906,126.9413949716981,49.665018808396006,-0.2046382730311844,-1.218765316686587,81.15382385253906,171.30092239379883,11.238631617393732,29.545233909438767,-0.4123864814575737,-0.6920563117127929,-11.312990665435791,38.067593574523926,13.225042746248068,18.975371834622024,-0.5156120566868552,0.3944887102247372,0.7456188946962357,27.87208890914917,0.9511977694211687,16.095844395834686,-0.23089214531980773,-0.6071531467785825,-11.226388454437256,14.158615350723267,-11.802886377756439,20.20545709612085,-0.28069336033124703,-0.8056228294647259,-27.244349479675293,5.90753436088562,-5.873832816751978,14.131522938749692,-0.4862647809334682,-0.03881906907353505,-15.80736756324768,4.568104147911072,-3.39273080820997,10.445530442135428,-0.1985186072636979,-0.2973446383830538,-10.682456016540527,4.034445285797119,-0.21064709421554306,9.234777594319649,-0.4840767329901636,0.411172246396903,-5.51651918888092,6.003458738327026,0.5052695601648458,7.359518888909116,-0.0936098812783302,0.016218123125545603,-4.319970488548279,5.429689645767212,-5.729233116347453,8.748025300162796,-0.47586892117852647,0.3891481718919736,-10.998197317123413,0.39733368158340454,-3.7162670188889044,7.897440480113741,-0.2950548697466133,-0.08146926551775868,-9.077700853347778,1.8084313869476318,-6.172242510975462,8.489143101814511,-0.3846038199533292,-0.1081380531277154,-11.721422672271729,0.07677747309207916,696.8072891975459,242.4869991320203,4.946526662088343,56.01878584377802,542.5164964854844,794.2805601799971,1162.4374270995334,608.6294114416776,2.8558987967642953,21.18301267742045,757.8125,1468.75,0.040281684365279936,0.027165523386158075,4.12865566280786,41.49052167488147,0.02490234375,0.05224609375,581.410527314687,457.3463923424375,2.7564968146594544,10.359324885891791,268.6398468017578,702.2739562988281,0.0673041485186729,0.07394852127262885,0.8844575936064417,-0.40461186036821184,0.004016546881757677,0.12538479268550873,0.0,0.12655860806118432,13.478913628768742
106,1,-381.1784370623778,124.95004888812393,0.41752386064318986,-1.0194579979266454,-513.7378540039062,-277.4649963378906,79.93371482883784,78.79967457777468,0.1722892305471014,-1.2718773716002747,10.801776885986328,159.85934448242188,28.277148726418584,27.329389404893895,0.32717578982911394,0.418110910192218,9.384037017822266,48.419315338134766,13.424208329342788,18.124094998972485,0.07774821942072416,0.952081501093236,6.71097469329834,23.391658782958984,-0.6288193337370465,16.960520697896317,-0.8155863039486466,0.37615568798447585,-10.86069107055664,9.547913551330566,-6.147239650785923,16.45690240832189,-0.6514438758625777,-0.3249010541975901,-17.8830623626709,6.951450824737549,-8.133140946781237,16.454346375651447,-0.7133202819716102,-0.03514919499724156,-20.059717178344727,5.788008689880371,-1.2746247941858642,11.50941622696715,-0.5341254822882768,0.5860602184740111,-8.422052383422852,5.528205394744873,-5.5994126705617475,12.250834918140553,-0.7225554029126389,0.08531972610346461,-14.4246826171875,3.8617656230926514,-2.5371274143311036,10.097152891399366,-0.537291221059567,0.8267785608850207,-9.082467079162598,3.2927443981170654,-3.0732987915573746,8.451569386956871,-0.33200510048553183,0.8212121320194847,-8.389724731445312,2.1259493827819824,-2.2981938028806903,8.921787390161475,-0.38811484337207053,0.801300312002827,-7.4054107666015625,1.9934200048446655,-2.529541657853337,7.1615746427570945,-0.23636997041473298,1.2649649045241649,-6.688426971435547,1.0185354948043823,1482.9965575365138,1190.1617533002905,1.787402076910449,3.114366573699222,575.0910426738805,1649.752712024565,2958.586075638507,2159.4348961033247,0.2623069508460167,-1.2975825330716018,695.3125,4437.5,0.1261262125491159,0.13280165280037623,2.6782591600272507,8.261740195218664,0.04150390625,0.14599609375,1060.3129277680434,1065.6577163160648,1.3202499645838233,0.4206540972493076,319.71143341064453,1581.3607177734375,0.06098634788109752,0.07889542323600905,1.491022416198087,2.0406377087543017,0.00036298867780715227,0.10533947497606277,0.0,0.11200463215708256,12.935587733401302
110,1,-388.5245630636633,109.91290428873322,0.920841023003328,-0.44947792529034425,-478.76287841796875,-302.2029495239258,63.6249311013664,73.33573271891568,0.6183542781465564,-1.2799982136847405,0.5778526365756989,134.4019889831543,10.30992614055571,25.122721112387946,0.504822839799707,1.0240807719864273,0.16026335582137108,22.27415418624878,8.442723184430255,20.397721252278014,0.8620030673645708,2.6941434219315417,0.11050193384289742,14.346388816833496,3.6508999407812674,13.679975001369835,0.016245920890430993,1.455431447883175,0.0,9.30684757232666,1.2477461996229557,10.632865001789627,-0.1938802077392433,3.7469733833290366,0.0,4.387818932533264,-2.2113002137542557,9.53245451066102,-0.772517919182459,1.8686308548788695,-5.939334392547607,1.033786028623581,-5.323201519730579,10.588660703860285,-1.0197657772825162,1.0515000706407527,-11.488882064819336,0.5368272215127945,-5.3040121711997825,10.121999397208137,-0.9042695499098353,0.409739199484354,-12.101901054382324,0.459136500954628,-3.2350498949045674,8.118084540817607,-0.7337307372999663,1.3073352143883374,-7.699450135231018,0.4509308561682701,-2.754651279038697,7.431563075803944,-0.8586365815277952,1.8343871384947281,-6.426360607147217,0.38809286057949066,-3.093369402832771,7.793293544727963,-0.7362148172192808,1.6392773778810819,-7.053745269775391,0.28103184700012207,-3.3653389834460046,7.058320161358616,-0.8275134597961737,0.9729787345112371,-7.639583110809326,0.17284813523292542,1236.1286039596187,682.3597488046388,0.9088682217876957,1.473482241996824,595.7471271353687,1614.8351823832172,2738.8446215139443,1763.2779578087948,-0.022195031439545404,-1.5133126960982226,884.765625,4304.6875,0.09625968781125498,0.06433941213886733,1.8594701593369773,6.032006665318836,0.046875,0.1224365234375,955.1891723785968,978.2243564556045,1.5681221363610731,1.339997459507778,300.83502197265625,1209.73779296875,0.053771534017538807,0.08429480812587054,1.631135022710187,1.7971363627107415,0.0001386313269904349,0.08089875429868698,0.0,0.07684055685167118,17.224205994907447
112,1,-348.31358256059536,124.1577920970375,0.3764529220175902,-1.144258958035351,-468.35485076904297,-243.3649673461914,86.40941543377663,68.34097599804426,0.31903120947652813,-1.092252769012684,27.8765811920166,150.43850708007812,20.225423996988994,24.29635849127967,-0.6180362754855145,0.8748079019985058,10.241905689239502,35.21263122558594,12.15242887785313,21.58236489166193,-0.00792055658679763,1.1143041157550995,0.4488226845860481,22.331713676452637,1.6694620747644284,18.96271931349855,-0.9192249725735753,1.0398929530342755,-8.478427410125732,13.155159711837769,5.233220571153834,14.669655211603317,-0.8583578336368023,2.1658371706793877,-2.0350690484046936,13.412810802459717,-4.34869201317198,16.4330655211352,-0.6598552760443074,-0.036253941886692065,-15.230091571807861,7.329303860664368,2.0893384188570736,12.577211085242052,-0.3173985020800682,0.6293787646365807,-5.149211406707764,9.322602987289429,0.6214852354868619,12.340599024443836,-0.053389064513471834,0.8990429483347953,-6.970745801925659,7.1293275356292725,-4.179217565178325,13.157151355258652,-0.22778756302057593,0.09299447584978404,-12.640034198760986,3.572079658508301,-6.214711367454458,11.114914542626748,-0.12899458417930368,0.18302079968536855,-14.00436806678772,0.8936804980039597,-7.891035806381461,10.082007653757906,0.013470199351695347,0.20915716946137275,-14.991432189941406,-1.1553629338741302,-6.516323249718871,8.919989551959462,-0.5732077056749558,1.8796382027937009,-11.775285005569458,-1.1539091169834137,1414.470232962174,992.3586227727533,1.637821805889857,2.180947854764624,710.9504182223191,1686.4278578138692,2776.5200124861267,1865.0812778531701,0.6860164691755709,-0.6496444907355454,1171.875,4013.671875,0.10135304305979467,0.10898624754541576,2.2084246988563847,5.0223054619435175,0.03564453125,0.11962890625,1246.9350914132729,1097.6394412069653,1.076582875907919,-0.10646835234578722,384.06512451171875,1823.6451416015625,0.05607873452464263,0.08275093843976228,1.9675196825402164,3.8663752878980127,0.002135573304258287,0.08207917213439941,0.0,0.09837635477366899,12.346591083156438
116,1,-386.48578023740924,123.02124410378087,0.8433711246879688,-0.7553775591532612,-489.86387634277344,-277.3868408203125,55.61301059667862,54.70382345102695,0.8793405569319803,-0.4451581756802203,9.799174785614014,97.32780075073242,1.0455768905722735,26.786597906266504,-0.9973320705072433,2.0616866657067376,-4.127924203872681,12.861113548278809,10.111940423483807,20.814975866399042,0.8964443659573106,2.2528316394508012,0.653312474489212,18.643792152404785,-6.545975648699438,20.132576478198594,-1.3194767698172778,2.0211653305917094,-14.693957328796387,4.260922431945801,-5.007914475511973,17.171597001878013,-1.1847245305910066,2.003634759705271,-12.22497272491455,4.10099196434021,-6.6965969732650406,17.164175785884126,-0.9833450659325058,0.8743351335156793,-16.463890075683594,3.5082563161849976,-0.816143218887952,13.483537372933473,-0.5492508601207691,0.8643595861997273,-7.392795562744141,6.167999744415283,-3.7015657861672455,12.454159995525648,-0.7188081639381094,0.9966513780749087,-10.276573657989502,2.9347333908081055,-3.540024880436026,10.148036051650589,-0.5828609228870881,0.9871800628258383,-8.999117374420166,1.5619067549705505,-5.657866866378019,10.965122844730331,-0.45513138833007466,1.0056235782922398,-12.524470329284668,0.5169757306575775,-3.2580908078022515,9.526876201843649,-0.18526336268688293,1.233897766370271,-8.57088851928711,1.134767234325409,-2.9808297479461507,9.804568041632404,-0.12695488589061166,2.1661362368972163,-7.676939964294434,1.239679753780365,1604.4595096677165,666.5453226127815,1.0018009469338112,1.8747785998801492,1133.3793722640705,1843.3292877602375,3067.375598495212,1274.6526659497079,0.041524385862143215,-0.1396341957725653,2246.09375,3625.0,0.13620375021374828,0.0820208541830591,2.1229446557937375,6.094545722679445,0.0849609375,0.15478515625,1294.268422493682,925.3447197854939,0.8726605437964772,-0.08684468937662615,545.8060302734375,1884.9478759765625,0.05230942387656591,0.0852190995878172,1.6118700823903311,1.498320303757482,0.0007616223592776805,0.08662059530615807,0.0,0.08675666558099569,16.228159004088106
123,1,-345.4084871406349,113.05180246384688,0.6083184017403253,-0.7914424235734128,-435.4867858886719,-243.0258331298828,70.58131149951066,44.21962650740026,-0.11136889288259652,-0.13937493941346268,39.42475891113281,102.5146484375,17.007956967013808,23.70339742977209,0.4446520013669906,1.5982177607273664,3.966923236846924,28.373905181884766,7.15308124631475,21.926231896685405,0.8320976551980259,3.2135903063032183,-3.1935930252075195,14.25246810913086,0.44819992123044583,14.372325297394212,-1.0551123566742584,4.221818902591086,-6.2293901443481445,8.648824691772461,-3.0353798806981884,12.566608344600402,-0.319543068165702,1.0490298185109772,-10.242389678955078,3.6615891456604004,-7.4715022870435925,15.234964884745613,-0.8680135010473057,1.3044996560583968,-14.849953651428223,1.5519728660583496,-3.185808148972094,14.36110179782212,-0.4133773340035595,0.7698182205095274,-11.477659225463867,5.400211334228516,-4.217785489893115,11.43273808432864,-0.16546749752152795,0.7534609118703175,-11.205317497253418,2.0658140182495117,-5.0552706436954065,10.901622298805709,-0.7544326954643141,1.9484947879069106,-10.585714340209961,1.4056916236877441,-5.380203482200687,9.8954722217016,-0.2927824605589688,0.5035352286856121,-11.174491882324219,0.4059246778488159,-4.329512044933712,10.058174718123587,-0.04031652846132813,0.9413137141058345,-10.189449310302734,1.6290394067764282,-7.796545172273879,9.49013390987211,-0.29628411649832476,0.6717098792318068,-13.299222946166992,-2.0337140560150146,1596.6678889014502,775.1828741224194,1.9263038864559436,4.607784347230811,1120.8340931386292,1796.9282019945215,3257.8470176730484,1575.0130148462226,0.49898446952032627,-0.3199923720407929,2156.25,4257.8125,0.11373333563451153,0.0785443040858345,2.4803206680233707,8.535896263382662,0.06884765625,0.1298828125,1004.2406330603487,814.9147597215458,1.5327015420396317,2.0781088734685413,405.2975158691406,1304.031005859375,0.053090763797202394,0.08447480800867854,1.7779775322115317,2.483622948609826,0.002514689927920699,0.07796301692724228,0.0,0.08483029133668733,16.91635457492247
126,1,-303.6381596026237,101.23848595703674,0.12101513467759632,-1.0467602084320413,-394.88262939453125,-221.31033325195312,83.2706311713136,50.02805533063644,-0.18453545814255468,0.21386736737755774,50.515506744384766,121.29985046386719,0.835044774180305,25.598989497002798,-0.42275580355705,0.03871568972629458,-16.45652198791504,19.799259185791016,17.14186157933225,27.747194749351735,0.7632951535807802,0.8778416562741209,1.0216355323791504,30.562625885009766,-4.192581394405919,18.81384436584215,-0.5933039192073971,0.4057590363759811,-14.82601261138916,7.096076011657715,-2.9315761284948696,19.117824968538,0.07352297094838765,1.4718480341668387,-13.15025520324707,7.1362504959106445,-7.486415249412149,16.909023669952116,-0.5586683755976839,0.6377552464941711,-17.274627685546875,3.02217173576355,1.3603842630511656,13.555882028139692,-0.1887828271113489,0.7860791720860498,-6.425570487976074,9.38674545288086,-1.5921163084129881,13.535755029201344,-0.35878710123379204,0.5032870774701141,-8.974478721618652,6.460840702056885,-3.5024245311599707,11.925986728567457,-0.13157989968945166,1.1847708238175203,-9.810653686523438,3.107083559036255,-5.201200176370616,11.867962381055754,-0.012217671274139719,0.5504550738547414,-12.145792007446289,1.9262588024139404,-7.269910761576182,10.725603296121529,0.02816984244776077,0.2911003202260911,-13.891356468200684,-1.146385669708252,-6.248444547398483,10.223219523672828,-0.07888878867051813,0.5876142408995344,-12.611084938049316,0.10968244075775146,1597.013655531563,780.8765066259958,1.5267916057949853,3.0237639138016545,1029.1519770634154,1834.9057669576614,3021.4406232050546,1302.8878236437988,0.3735935704161874,-0.11986810555967731,1921.875,3835.9375,0.12488248716614014,0.09068969914665669,2.139270394296522,6.296003409997686,0.06787109375,0.14599609375,1287.8233953379806,1012.6854937317969,0.9929558188635231,-0.02784537999098502,485.20240020751953,1881.4944763183594,0.06405993461564621,0.07581881299605522,1.3650731456622143,1.450855668828872,0.005327598191797733,0.10945161432027817,0.0,0.10167888550709167,14.93004189136855
151,0,-229.16591747255544,48.66434591551552,0.3868990227516603,11.291958154316578,-247.16771697998047,-219.03683471679688,103.46381736603946,23.845072796172534,-0.5148362055412631,4.713027242228667,94.82939147949219,112.29704284667969,30.13352913808246,14.305189744076321,-1.6571783136084244,10.447404298612874,25.374503135681152,34.79796600341797,19.05957785290279,10.817246393372354,-0.6598634257599854,11.400357144033041,15.05540132522583,22.710734844207764,10.966459284468968,12.016248223379414,-2.259054751593532,6.200449103844219,9.859506130218506,17.006244659423828,13.270621224289876,10.157152347155664,-1.198474454336036,4.879453459566297,10.71418833732605,18.266448497772217,2.1481512197460804,10.356173383289535,-1.4698551844892422,1.8518689256891676,-0.7784987092018127,8.687272548675537,3.042207747897609,11.013949653048291,-0.6976887797790319,2.977804018324081,0.17652099579572678,8.750673294067383,0.507354204806369,7.782284524310139,-0.46934264433539896,2.5986011641345543,-2.298963725566864,4.544682621955872,1.4135528201478231,8.430338557020537,-1.129972731609498,2.39824706446037,-1.0516498982906342,5.9960246086120605,-0.9937164361454491,6.710000557090318,-0.2739749205610955,1.6296724296256304,-4.123228311538696,2.639465034008026,1.3558793103108897,5.635661164197841,-0.15538401709713506,2.394747106714444,-1.4193939864635468,4.509901285171509,-4.803732579170513,6.640517264419244,-0.7594176934441469,4.118529914940635,-7.463376522064209,-0.7668230533599854,1398.053960727136,437.0002525312293,1.628096648369229,7.98925270979243,1163.6725138411482,1565.7422716547617,3340.155921398528,1292.9874255872523,-0.5569404396981803,0.03857280127534812,2515.625,4101.5625,0.07161406989353312,0.03993195679045672,4.343601593620809,25.649230148020564,0.0537109375,0.0755615234375,536.4072817919716,523.8600721988255,4.0708402496511065,20.08258454693279,266.3588562011719,611.1689605712891,0.06101182618068377,0.07483919742520641,3.112976438947316,13.109278610406136,0.02279776567593217,0.0690145194530487,0.0,0.16833958353181877,8.783651037960691
152,0,-331.71800505617773,97.4560147610373,1.0455692339674858,1.0955390545317911,-419.57621002197266,-266.90409088134766,52.83893566517201,54.39052349457012,-0.07434983832958059,0.3186455716822363,21.058716297149658,96.6835708618164,22.432840838377967,26.22377928541454,-0.14607825329129892,1.7829137640917017,15.147356986999512,34.72624397277832,16.094651050012917,22.460802818850812,0.13097057687919605,1.9927334877739638,9.17389464378357,24.772799968719482,0.6985041630878018,17.95958976640333,-1.1698236256053722,1.496888915342649,-7.728919267654419,11.357669830322266,2.848643873223834,15.878893208135517,-0.4369205105613931,1.9189743121465597,-3.4724579453468323,9.418853282928467,-8.535950476009214,17.97377685360184,-1.068717321209173,0.848743695486903,-18.589730262756348,4.357941031455994,-0.3912573171857199,14.46422608517233,-0.018126753545386887,1.4428376733256219,-8.164105415344238,5.8530226945877075,-6.1951307891669325,13.936124902726595,-0.9262323187048411,1.1392807885553085,-14.189118385314941,3.411478281021118,-0.43060231192541515,11.06603343275554,-0.17283779507948752,1.1555434646563842,-6.473826050758362,4.963669300079346,0.4740265612007199,10.081166253331201,-0.1329693064202931,1.694275818171639,-4.3913267850875854,4.830044984817505,-3.092642755973018,10.660658935597663,-0.7189776644932985,1.2625703678711666,-8.25475263595581,2.753584861755371,-0.3987998035027276,8.514686911652944,0.1423735411031286,1.7207811839738465,-4.33425772190094,3.131492257118225,1916.1848871470713,1020.5839021426025,1.3125618347617385,1.8336395739620865,1105.6599412639562,2232.585129478297,3829.765549224054,1753.2019540702956,-0.45455156838942096,-1.1668232734276933,2085.9375,5187.5,0.14556156606146944,0.10846967058259054,2.0885177230407583,5.326707836732238,0.07275390625,0.16455078125,1067.3122183405817,991.7023148917075,1.462869753815773,1.0964576817541944,374.44781494140625,1379.85205078125,0.04921341933259559,0.08223245126095574,3.254914371100189,13.868497676890538,0.0015794090868439525,0.0621307073161006,0.0,0.12425756961103655,13.677780345352703
153,0,-341.97596572379086,122.40189843754911,1.139886777328403,0.7160049375027615,-441.9838562011719,-257.2615661621094,57.00304611277445,44.770139549883694,-0.19889553379450087,1.277538888105049,40.264530181884766,80.69566345214844,12.244656181047914,25.304020465155347,-1.323503904283748,2.460441014326393,3.5295534133911133,25.6474552154541,13.547235814908388,22.752555345271702,0.2608227901167416,2.7205901019492353,6.666994571685791,20.72198486328125,0.006869424014501418,17.283966800758815,-1.3811152111977592,2.53474152593642,-6.343213081359863,9.61772346496582,0.5424197148092817,16.04189916064293,-0.729903781989395,2.2794822048413046,-5.0843095779418945,7.658967018127441,-5.498663244759533,15.791655821910098,-1.1941198497768577,2.328668119435048,-10.807769775390625,2.9271650314331055,-1.0381507282232816,12.442087340789039,0.2215335591443107,2.575331280185665,-5.896852493286133,3.4796483516693115,-2.8489668682204266,11.752993437813648,-0.4245789365135515,2.177834459464,-7.25775146484375,2.5386812686920166,1.012243853543646,11.544634194794643,0.34714150519962644,2.3659179497350893,-3.4266281127929688,4.652259826660156,-3.00438105932926,10.386325116285951,-0.39789277669929257,2.220575448953783,-6.99941349029541,2.1339094638824463,1.753551562283107,9.373263375039663,0.5147740912657379,2.7576210480751895,-2.7758638858795166,5.123024940490723,-2.0114726971311603,9.6445769011734,-0.6003797319073445,2.0014733163868454,-5.637432098388672,2.644953727722168,2148.5184973129435,800.9934710980364,0.7860338775374005,1.5329439542557486,1585.605246782593,2429.2783608242808,4301.854216373397,1456.3922565154878,-0.8690940034791478,-0.34688879711995657,3273.4375,5265.625,0.17631584005927528,0.09766344792971478,1.8882533691987993,4.877205140981115,0.11474609375,0.19921875,1474.3186083053338,1090.2200452845364,0.7167735317130408,-0.7177244197684503,555.7716064453125,2259.042724609375,0.041267693977775355,0.07824537326696676,3.3845511357103977,14.731218368609905,0.0013724234886467457,0.04361336678266525,0.0,0.1447921467546234,9.193262273792088
156,0,-310.3283875054504,99.86329595468743,0.980751133479379,0.29257129139987015,-388.1658935546875,-238.0782012939453,74.94510414413986,47.38487812924881,-0.03685479560519233,0.6960160696705322,47.980804443359375,106.02157592773438,8.691285558362774,33.43787048083608,-0.858293098951934,1.0304849716003694,-7.464644432067871,30.951854705810547,12.395234701963751,24.715927778786494,-0.13231767778937528,0.9553688153746926,0.15614134073257446,24.392871856689453,3.336354158424012,19.329328005354377,-0.771492522102116,0.9598081557842297,-6.353790283203125,14.861644744873047,0.2049066215575412,20.962668141701208,-0.8936089589185904,0.8074719272613069,-10.404027938842773,13.119688987731934,-4.250971236753907,19.61522910347132,-0.980208514758423,0.904639344881291,-14.355045318603516,8.102410316467285,6.061850434236414,14.525084824669976,0.6575805388790656,0.9303605179277152,-3.141796588897705,13.544898986816406,-1.6224255012937738,14.232816683261365,-0.4214078157815003,0.7104844659450849,-9.514912605285645,6.834488868713379,4.782180746181563,11.35091302792489,0.04432160041315862,0.5050181156259503,-1.9710545539855957,11.764110565185547,-0.467980171435465,11.413432808404893,-0.425805439072796,0.5539068780380587,-7.794707298278809,7.24003791809082,-1.4626001444323433,12.881350564633921,-0.3605840756549649,0.09657009627599189,-9.518691062927246,6.779399871826172,0.46422427213208056,10.38345249561242,0.010440621737119866,0.6161701476890724,-5.889054298400879,6.437889575958252,1685.0092574543676,865.1389043770072,2.266460423193027,5.7012036336541545,1201.7407880549683,1824.1841078292005,3293.816660806376,1353.5665032079307,0.3855011145628771,-0.2515521278729813,2257.8125,4101.5625,0.13122449857887952,0.10203250415814137,2.3479939133047547,6.218319938801573,0.0693359375,0.14794921875,1206.7531529407568,966.1807695152561,1.028761758342911,0.15736228603729696,436.37144470214844,1789.4699096679688,0.047844873374721854,0.08063980348262141,3.2734157977061513,13.636210134502246,0.004729640670120716,0.05605717748403549,0.0,0.1366996116537421,10.077331816986964
159,0,-359.93876992366404,128.62687925511614,0.7266711412414814,-0.5088542014804585,-477.1177062988281,-254.3062744140625,63.34684268784493,54.56825529560962,0.7519504886562765,-0.5863043247659796,21.90956687927246,106.65497589111328,7.599150617041388,30.107769061071952,-1.0891081313218034,1.9953098429529073,-2.304049491882324,20.32521152496338,13.091831242193871,23.277756307113165,0.16063283818147311,2.541168744420145,7.660459756851196,21.096970558166504,-2.203045389945243,19.512658380714132,-0.9964970459137305,0.7320883638550977,-14.490671157836914,9.312430381774902,-2.821490015009834,18.408764413176048,-0.983269818786048,1.2171856717533123,-11.376650333404541,6.706291675567627,-5.988943614221741,17.54531981732198,-1.2277488602294497,1.422242950223378,-13.972171783447266,4.062156915664673,-2.171109437777092,12.65619047530658,-0.6991559792057802,1.900131591645028,-6.84818434715271,3.80520761013031,-1.1312984363703038,12.081449326465778,-0.4541727695184931,1.6081006080397255,-5.821728706359863,4.261457443237305,-1.3115089174227241,10.75904547484831,-0.8199277000347759,1.6568836252253094,-6.12627911567688,4.10440731048584,0.6159755386787236,8.939568794096544,-0.526971983130065,1.8809961973452038,-2.356988787651062,4.506267547607422,-1.3567380692770215,9.948077812456102,-0.49048925737518373,1.4107640149637266,-5.033834934234619,3.109630584716797,-1.1108015158806017,9.11627473646166,-0.5360329461497305,2.232185135561508,-3.9602067470550537,2.5150818824768066,1584.1413839676463,715.4478052231877,1.3987910669738897,3.3674218014347757,1036.2933032343326,1778.501972100864,3202.1624843652285,1427.833589949221,-0.09651531736325138,-0.3449127501557103,2027.34375,3968.75,0.12320108515087555,0.07212827292782928,2.1736713842207336,6.36944564615272,0.07763671875,0.13623046875,1147.753264151892,928.7198254339277,1.2882509036870562,0.878771026973272,454.9225769042969,1536.5570068359375,0.054073246810423636,0.0826118357664129,1.9488265409834153,3.8075631322701344,0.0005952822684776038,0.08373438194394112,0.0,0.1275990218723819,13.357677899156453
160,0,-333.21969109934093,133.75540678451597,0.06096727176789353,-1.4804050906113493,-478.8221130371094,-218.48284912109375,77.24718106117831,59.66659709742575,0.4244512275943493,-1.0447437107226147,23.98280143737793,126.8726577758789,-4.087878135845642,29.63091246832456,-0.07263258089189785,0.6969296295203162,-21.80683422088623,6.712299346923828,-2.9877061820194584,20.547823058632417,-0.010020461625706339,1.5545421120727516,-10.700345516204834,5.9515509605407715,-12.123539596372874,16.174120498729373,-0.8057384584603836,0.8144234536629371,-22.313149452209473,-1.9920416474342346,-7.420389182366631,16.69912887145078,-1.0769911847253295,2.050762912327606,-14.933512210845947,1.9592148065567017,-7.690584825128023,18.02258858058677,-1.1738116488066748,1.4576527222197733,-16.68016242980957,3.8362892866134644,0.07858773322380927,12.035519378454454,-0.2652265846202141,1.668249383623941,-6.221976280212402,5.783613443374634,-2.703798396973941,12.157207327443706,-0.5055892632881978,1.4367717613447981,-8.642526626586914,3.565580725669861,-0.8187647670879227,9.418217224366371,-0.18852593720757,1.7967307184127046,-4.943915843963623,3.384253740310669,-5.637933567870783,9.81196440017969,-0.6874576809987846,0.9975632097747273,-11.14625597000122,0.6274295151233673,-5.027022516369595,9.752885726710888,-1.0899768258749873,2.1799671871467767,-9.139082908630371,0.53093621134758,-5.610959895116595,8.425498802425155,-0.4073840717305884,1.157910062098372,-10.75500774383545,-0.6020639836788177,1576.4579177294354,695.2409677864003,0.9872919450059294,2.152290600787139,965.2161741833906,1880.9773705704665,2981.050968483257,1459.988383520801,0.2367746214418005,-0.4115759783673263,1640.625,3781.25,0.13036404044238345,0.06935376228826055,1.8550669851261492,7.414989485679447,0.0810546875,0.16064453125,1232.609406300767,799.318887317227,0.899747477804001,0.3411962945479887,611.0347595214844,1716.8070678710938,0.060369060699056634,0.0792173691628729,1.6367186274682148,2.6111428293261447,0.0006510446837637573,0.09950543940067291,0.0,0.1153471218679014,13.268101369956325
161,0,-280.186269059548,136.38641205366432,-0.35695376983359905,-1.0221497695825634,-390.26171875,-168.79125213623047,97.26755547030614,47.20356972804763,-0.4336767153757417,-0.15135515099226993,61.265432357788086,133.42837524414062,-15.351327083761303,31.269152564317583,0.08687843116948725,-0.6203766218334694,-39.55497455596924,10.052649974822998,7.571925610497307,20.472895970740257,0.13100261408619832,0.5138562484542675,-5.571921110153198,19.727893352508545,-15.398381818644703,18.92354711281839,0.33871003214459483,-0.3314188518493526,-29.26451826095581,-2.035320967435837,-9.192557306867092,16.973549295897573,0.07854715037499861,-0.4924751424388254,-22.028550624847412,3.022375166416168,-13.245312607338509,16.688741819908454,-0.15245070189017107,-0.3661468496312934,-25.0894718170166,-1.835246354341507,1.2989415760510243,12.797475488526375,0.13300169765903114,-0.17070624275027813,-7.457345485687256,9.82345175743103,-7.104329943427673,12.797220263067986,0.011316212678784363,0.12582225965769034,-15.492944955825806,1.1888283789157867,-2.9971457830916806,10.6987601976141,0.04928470807754335,0.12692189988140612,-9.88239049911499,3.7871917486190796,-6.685658138327731,10.716812213296498,0.2457049368389845,-0.15283732670298278,-14.383498668670654,0.6096410304307938,-1.36597394691422,9.509721747443724,0.03683013331159563,-0.1972384169254111,-7.982304930686951,5.451964497566223,-3.008145167212933,9.87183238586829,0.08286549987381849,-0.23611030021452084,-9.70284628868103,3.752818286418915,1422.5469147737729,719.7646406712513,1.9430922232612584,4.101528999690113,969.9961421226471,1593.5823403675133,2598.963341346154,1305.6015519793327,1.0457495580022023,0.43936684112040236,1710.9375,3173.828125,0.11749408428485576,0.08988828925461084,2.49980525534231,7.260961507334805,0.0638427734375,0.14013671875,1328.405055512372,987.4684462116398,0.9679275036639382,-0.005740903078304438,545.9389190673828,1934.9540710449219,0.07362838074200576,0.06764736916884954,0.578180500563358,-0.7964394600722735,0.0049917110009118915,0.12379715964198112,0.0,0.08016777767570145,12.346026433415195
162,0,-140.1956707784539,41.42229671912723,1.2501120410187347,8.395530321901528,-167.93084716796875,-119.87240600585938,77.89132822457209,20.34218067647704,-0.44496089630650604,2.3310005207499973,68.09965515136719,88.90990447998047,15.601783061086808,14.595150218974194,-1.7162197262015122,5.671380333731939,12.870613098144531,22.595333099365234,14.243117557649937,14.234099874821784,-0.027785538463255537,2.831843432961363,9.099852561950684,18.985926151275635,-0.6835343798093673,11.028910669311724,-1.4477575123373707,4.550900662597592,-4.695206522941589,6.138841271400452,3.2088336061221456,11.263082126696567,-1.4770786743992712,3.172264270805236,0.28465382009744644,9.363868236541748,0.011243833295468773,8.57884014920598,-1.057069723457076,3.963074357500952,-2.7594966292381287,4.347658753395081,7.517210593519507,7.634155472606594,1.1585353940893512,3.222233091197369,3.186818778514862,10.396408796310425,-7.0920742092852835,8.953991872199776,-1.0116604933700786,2.237358571487399,-10.93472695350647,-1.654745101928711,-1.3036325475399737,7.604869840383407,-0.35348101010092603,3.0372942138978782,-4.879060983657837,2.9767022132873535,-1.8814816292725625,6.7419852711831,0.7280972916514521,2.6093987056262087,-5.724917054176331,0.9140710979700089,-0.6988793216884863,7.22335525639499,-0.7451346152029744,1.9647313763316774,-4.102554202079773,3.531232535839081,-7.201287681558531,6.854980035285578,-1.157579480532039,3.3022671609544254,-10.401479244232178,-2.7558645009994507,2119.34640259669,496.214616029469,1.1912180646505603,3.48812178161368,1798.2888657344554,2329.0769350613746,4694.95931283906,1014.4248330382895,-1.0236536676679946,0.4249677293149552,4148.4375,5414.0625,0.15335320305436256,0.06452872238821886,2.01280538318671,6.379249522767045,0.11572265625,0.17138671875,1077.7753941398757,842.7484399296593,1.3193138951103944,1.2015519878544048,438.75531005859375,1391.241455078125,0.06673104689640934,0.06930935100947452,3.260845903525292,14.037044168187794,0.02794788684695959,0.07836323790252209,0.0,0.17198536824443494,5.523275993886132
165,0,-389.8059799453481,121.18592169670983,0.7883858822336075,-0.7533859644694352,-488.8405456542969,-280.05377197265625,66.81955530168361,79.68847182862554,0.6203209058299013,-1.3504091092663921,2.3896279335021973,158.14959716796875,16.908714516482487,26.20922770144739,0.9394959351792006,0.5032643768233167,1.7819408178329468,32.801246643066406,1.3975043223795016,17.126137391405376,-0.34460619291488503,2.9171906156609095,0.43159741163253784,5.454697132110596,-6.396481066998227,15.058572867486195,-1.415121686696701,1.9340239541592936,-14.403703689575195,2.469376564025879,-4.228495571000564,12.113086209594542,-0.8397209075840925,0.8928121032221048,-11.672769546508789,2.3442208766937256,-12.189491999940005,19.106198159095698,-0.9954664223563597,-0.23307509214457323,-26.29399871826172,1.7116079330444336,-3.282425527305568,9.897880432335953,-0.7659123651510296,1.4108732858169963,-8.762945175170898,1.7788584232330322,-2.5359792328338324,8.762467871453445,-0.9523126407145449,1.5827103381649916,-6.627856254577637,1.6550607681274414,-0.15248453342536553,6.571463063899994,-0.37152787218902317,2.0909373156683113,-1.4134373664855957,1.85524582862854,-2.3498863300065187,7.021365059889617,-0.8853268267052776,1.7487348004187693,-5.724627494812012,1.0191895961761475,-4.902296733277396,9.396032165875118,-1.1034903073124318,1.2883153786293677,-10.01400375366211,0.5681999921798706,-2.0076698407606144,6.832919343043675,-0.9968671821285261,2.536244755573099,-3.6784098148345947,0.717221736907959,1333.7928590166937,737.41571656805,1.9146470758235825,6.258459276372609,698.9547940738937,1618.322125734178,2971.6802214324766,1748.9518694078854,-0.23150379753438471,-1.452453901211282,851.5625,4335.9375,0.13816410521459815,0.08625388849081454,1.877241424174563,7.09911165096622,0.0654296875,0.18115234375,614.1836374068797,687.3794995985083,3.3800447252637875,11.573049580619763,279.0723571777344,619.3209228515625,0.05417574681832387,0.08347353301955182,1.7745799602593815,3.027497078085741,0.00019687312305904925,0.09627902507781982,0.0,0.09647168734736179,13.631149999471035
169,0,-380.517284572685,127.42427908673987,0.476927159595887,-1.2890571195551517,-499.56605529785156,-260.04190826416016,69.75760653372095,82.28398545955562,0.3440634929502844,-1.284519373754576,4.833694934844971,158.80834197998047,11.785396845865305,25.47992703265559,0.424112295238977,1.3943732403735432,3.8062323927879333,21.54818058013916,8.659715918187624,21.160628689759413,0.5252491558500672,2.0590343782139486,3.5185120701789856,16.278419494628906,3.980549771256955,15.84457452770528,-0.7610516076721249,3.168984460477131,2.068221688270569,9.679774284362793,1.0072647414657763,13.318904421914548,-0.5936964054958281,2.324197960521552,-3.440817177295685,5.324883341789246,-7.137243480482913,16.948446512919375,-1.0814337396094458,0.4986542906798568,-17.15616512298584,4.036348819732666,-5.837788411658432,14.01197316189564,-1.1044436375316173,0.7536638211510525,-14.455419778823853,3.6902434825897217,-2.406986527445618,11.44118409231183,-0.8768731814017439,1.2186420033837537,-7.9905290603637695,3.6057769656181335,-0.5429083089925185,9.718934983395096,-0.8686650689970687,1.8364115918002968,-4.386766791343689,3.498410999774933,-1.0197662806552965,9.455512507937291,-0.8390775184315328,1.5309304361434277,-5.179108500480652,3.2265946865081787,-0.1312734964595623,7.435139047911599,-0.8874913084037418,1.8119685363624924,-2.9996634125709534,3.141962230205536,0.5837527428312829,6.742507206768162,-0.5394251012341021,3.2999494611334432,-1.9928712844848633,3.0638562440872192,1763.8916975772136,1026.1021034107944,0.3842359382477546,-0.37629362022572366,688.2572680599255,2481.7459253329694,3625.8143123040754,2201.778486563483,-0.29369330206298655,-1.7031324822051999,1101.5625,5593.75,0.1624725246130486,0.10713519182687076,0.8085504802711321,1.1717005536392993,0.06005859375,0.2265625,1179.964585086852,1164.2847837795148,1.146614926838416,-0.12638936794686728,339.22845458984375,1748.853271484375,0.05743065766983707,0.08118674367857184,1.6621808361027963,2.653803416524303,0.0003165333182550967,0.10211664251983166,0.0,0.10224429150300787,15.09271997109295
170,0,-363.2893277164755,116.12143631753179,0.59582647947567,-0.8918508083707088,-476.09669494628906,-263.2572021484375,76.20370878933541,69.33962770935896,0.2512394070152068,-0.9342946818500435,14.923225402832031,137.1840591430664,18.864120081495976,19.994920441310484,-0.5804000430202007,3.3039505360048587,11.6499342918396,29.750652313232422,11.933750531632741,20.80051444167185,0.14007938222839114,1.720393359543964,2.9769608974456787,20.47572135925293,4.164459811057552,18.690003072268677,-0.757497340904376,1.3598974686085548,-4.594725131988525,12.065839767456055,-0.3436826896898421,14.258304921820733,-1.1707168244730493,2.2130493564667058,-7.901000022888184,9.137346267700195,-4.305079596563899,15.411947210895349,-0.9804195419013084,0.21831815745406713,-12.860967636108398,7.404932260513306,-5.082197226957861,14.714614422179427,-0.9554528024537555,0.5902775875571247,-13.897525310516357,6.001922369003296,-1.921046821638337,11.365554891568022,-0.7250530594379799,1.2849748869685236,-9.257469177246094,5.291818380355835,0.018990411540678945,10.053562804719979,-0.22982911018310187,1.8035869756529523,-5.611115455627441,4.937745094299316,-1.07261226505481,10.622227790693637,-0.20662292998769255,0.915971236171786,-7.050940275192261,3.7923951148986816,-0.8726222876363134,8.859109392653247,-0.3586743247372129,1.7047934287362523,-5.334387540817261,2.806044340133667,-5.7889742311213945,9.629196635426839,-0.9191607513969272,0.6419777134911482,-11.823585987091064,1.126656174659729,1619.7470714857952,916.445262355404,0.95341668343672,1.2976668874922712,765.9168595178844,2291.5558268945006,3351.2165590405903,2013.2632547382,-0.011549046600087052,-1.5885923848492187,1265.625,5343.75,0.12037988641605166,0.08284849581464375,2.4253803682567416,9.35010950977724,0.060546875,0.14990234375,969.4744613306473,986.6992064128516,1.6089759608231775,1.3948933964610895,319.81319427490234,1166.2465515136719,0.054131532151757214,0.08257377330102146,2.2936213205730387,6.408131855702139,0.0006803394353482872,0.08261210471391678,0.0,0.12032383479517404,12.976840964447906
177,0,-371.34537125099564,114.7596458349284,0.6208964629977206,-0.7150367780142313,-485.0645446777344,-287.883056640625,71.97551226373315,68.02205906433345,0.3184449761636414,-1.3488532382550367,5.069595813751221,135.3582305908203,19.467996830609277,29.4491640532231,0.2531815590200642,0.40048363116183383,2.284282684326172,39.44432830810547,9.63839651163293,21.269782940878798,0.3124667569652992,1.426413469057887,0.8382527828216553,20.860294342041016,-3.804143622587331,16.82710003673063,-0.7546117424229625,0.4113176157616074,-13.637245178222656,4.943836212158203,-5.451607530206551,16.496754091282725,-0.9340179108002306,1.0041819899140823,-14.041458129882812,3.535068988800049,-9.7531697560734,15.998270550762985,-0.8549945074096797,-0.019148185783937066,-20.945270538330078,1.8320705890655518,-4.047788854658082,12.180548186396194,-0.8322250756262648,1.6040391690140252,-10.364570617675781,2.031367063522339,-5.588481237510682,11.575399022514402,-0.9315320101028621,0.9343609726866622,-11.859285354614258,1.190510630607605,-0.20019187039639202,8.644894710269478,-0.024872204280906748,1.55246949554805,-4.2985076904296875,3.3171496391296387,-0.5348444680372874,8.484089962366385,-0.2903901742986398,1.582693167628472,-3.9368295669555664,3.129502534866333,-5.760473725515599,9.167480812268236,-0.8147192584995926,0.529752210807978,-11.360638618469238,0.1538790464401245,-1.4145875604300904,8.220591858344859,0.06161695470103165,1.4918173263608736,-5.313607692718506,1.6786222457885742,1475.376534452721,915.6751484970631,1.411583180598928,2.25507976721876,729.4612903258787,1888.6445212769063,3000.349765974766,1949.7579536705584,0.23548937671338058,-1.2455205642960847,960.9375,4585.9375,0.10478968730921856,0.08999151807021648,2.454698441687237,7.529509221147423,0.0498046875,0.119140625,871.7633788372949,895.8335377413828,1.9238523957518732,2.7679942049418598,333.0497741699219,864.9209899902344,0.05407308733262716,0.08411056608835533,2.250504473259116,5.1817891094930815,0.0003510590177029371,0.07278722524642944,0.0,0.08712438744327486,16.117451340924273
180,0,-300.42017919170075,126.63829337431575,-0.16701383512612009,-1.0735656366506638,-422.4523010253906,-201.37709045410156,109.48310655532752,60.83641946694839,-0.7114662637028893,-0.07943996457911551,60.918922424316406,157.35397338867188,17.69200045889039,28.325905850556275,-0.2029910777551182,-0.19882656053620895,-1.94156813621521,38.1824951171875,21.745354308775465,24.322398602806306,0.4181489969111935,0.17296487531699833,6.303025245666504,36.5518798828125,2.1577435388492208,19.962241874668056,-0.5851702204612823,0.24812906314746508,-8.90414810180664,15.171245574951172,-0.4367087537153554,15.979480621955606,-0.3916848541651902,0.6233375156763481,-9.846986770629883,9.536237716674805,-7.427544130500972,14.97680510776774,-0.020444879774444244,-0.20993909614875417,-18.130680084228516,2.927445888519287,-12.199504208273021,16.854030304529672,-0.13873275956812015,-0.6150348840337427,-25.047401428222656,1.3936350345611572,-7.541041799892987,13.24022356704399,-0.2011258181330138,0.15809870903590184,-16.286731719970703,1.8816938400268555,1.270958012970252,13.0708587647067,0.07333733858504422,-0.06442309762471421,-7.085882186889648,9.681754112243652,-4.1041695680358465,11.474870118859444,0.1552082605788065,-0.16232416068037736,-12.441802978515625,3.2007436752319336,-7.663367869238747,10.524467066366727,0.014025251275030107,-0.13071133973971527,-15.192070960998535,-0.00788840651512146,-2.879457778426813,9.639247423058851,-0.14632938046291308,0.0017937247136994294,-9.434383392333984,3.428173303604126,1144.85174947751,714.442895614341,2.3114558817239055,5.665965033204824,732.9813869486227,1267.9313444361055,2133.5392441860463,1383.1918259117074,1.180921517884139,0.7747839970534138,1210.9375,2851.5625,0.07880024886763115,0.07415898589560711,2.879819605624002,8.921223961096445,0.041015625,0.0771484375,1077.1892936532456,1072.3932869531136,1.3710653984593768,0.539524412494945,343.3424377441406,1406.2881469726562,0.07320286260005694,0.06809360129656039,0.9524249151515563,0.6602390256110304,0.007549339439719915,0.11275608837604523,0.0,0.10514253233058107,12.102403745040123
186,0,-331.5523741025554,136.86879619152862,0.015649092973519272,-1.2365032264632492,-457.4411926269531,-215.29855346679688,112.94464286937118,62.653439596816554,-0.40191326903487673,-1.1975101731493834,57.025856018066406,167.58619689941406,-6.786462511904169,35.55519704906687,-0.3179134155200746,-0.4155816698120316,-33.024803161621094,17.486324310302734,1.1353751165935626,20.53412414261084,-0.07808174642628048,0.38318138406628766,-11.67300033569336,13.059271812438965,-11.726248291160086,17.596204204007428,-0.334079708060094,-0.12148204879727009,-24.21310806274414,1.9593310356140137,-9.531718582485187,15.730936007769774,-0.09303384958666609,-0.038543709530891146,-20.916244506835938,1.7565436363220215,-10.589203308056259,14.953161046753765,-0.23161179349262678,-0.4392380061558576,-21.54705238342285,0.8312511444091797,-7.735729734814085,13.151437894024113,-0.2730290679970031,-0.19917714379817086,-16.957733154296875,1.270908236503601,-1.1394772162634004,10.988549756638344,-0.1947638528294651,0.07232637691584154,-7.933182716369629,5.486591815948486,-4.291185818442341,10.699201961007114,-0.5044005798266137,0.996860799689943,-11.371880531311035,2.5341796875,-6.773329144688458,11.2037432219407,-0.09870810093932836,0.38249593358314327,-14.248409271240234,0.6719678640365601,-4.80064889217634,11.088269021723997,0.3551460793011668,0.7411420464591316,-12.018608093261719,1.3087587356567383,-3.5955652773567537,9.556558343024756,0.0023803373386468343,0.41927396143546325,-9.683492660522461,1.9227957725524902,1090.7352996087666,478.95491619346495,1.7056082383494993,4.136216114853563,750.916358194392,1293.6021453687729,1978.4189356435643,1194.3309671400282,1.4919315377492577,2.7870908624674673,1125.0,2632.8125,0.08088064665841584,0.038984850971110846,1.95338913133806,6.271150366347026,0.0556640625,0.09423828125,875.7966526168402,688.0998147004589,1.8750839850109413,3.9045734217504746,411.76036834716797,1075.5886840820312,0.06678632636080765,0.07440042007534842,0.97842332723176,-0.20337912694173443,0.002986848121508956,0.11328413337469101,0.0,0.1044159683044184,11.197391272213716
187,1,-307.9228793466621,129.13278958907955,-0.10055397527181197,-1.2390826620556519,-448.5975646972656,-201.17623901367188,81.03781013207752,69.04005462965767,-0.24035036889816333,-0.8122652287403831,8.361473083496094,138.81161499023438,8.704160125723085,34.049176674838876,-0.38088751511666596,1.1061117822953692,-6.495046615600586,28.988027572631836,18.461806131829572,30.815139257918453,0.6154105371675483,0.44985338366841043,2.9719176292419434,37.396514892578125,-17.649342217287273,23.717029313177658,-0.3729943953334815,-0.7371987135368099,-35.961822509765625,3.765322685241699,-6.21120350875931,18.77365264887334,-0.21432082882151238,0.7040647791846202,-18.672428131103516,4.210668563842773,-20.94040377317997,23.022202621360268,-0.4400958628727953,-0.8314510059203166,-38.69513702392578,1.665649652481079,-6.011016332088438,16.314855494024542,-0.13995161617221186,0.5337199880566672,-16.706703186035156,2.7912609577178955,-3.9852744996817457,12.180151402066931,-0.37665500925425854,0.7832212129506302,-11.178997039794922,2.401946783065796,-7.1506072366239986,13.978368606020057,-0.530663810834876,0.684201916913505,-15.513955116271973,1.4674561023712158,-1.5153513007519848,10.648732686841155,-0.3347924952650784,0.6417636780969884,-7.224799156188965,4.160861968994141,-4.652889124036058,11.318799124935238,-0.4958798356566923,0.74547325068046,-11.208538055419922,1.1159913539886475,-4.622473325007124,9.613784894526377,-0.1484252964725587,0.4766843890591632,-10.892474174499512,0.36356210708618164,1512.0476653519995,827.8153010133605,1.688292667654222,3.0282174991396325,919.7804519541772,1760.0447119148585,2963.6093073593074,1551.7749613962044,0.13657863605751133,-1.1570020703951827,1484.375,4265.625,0.12028129304407713,0.09081807626567216,2.455666098486194,6.492834693521143,0.068359375,0.1279296875,1126.8869048219813,1060.841677848711,1.3452933821469322,0.5743271688900937,388.8290557861328,1616.5596923828125,0.06499507288032377,0.075591422062623,1.7755419720654888,3.9291747493479896,0.0036225244402885437,0.09623416513204575,0.0,0.1325605210618347,9.42344032415674
188,1,-325.5475904116122,90.96849936400753,1.1198297642185795,0.6589994784578721,-387.7186508178711,-274.9872360229492,95.09890492230515,45.366547167195385,0.23107549193898066,-0.6299519542151826,62.03606414794922,127.32836723327637,13.073044049284396,30.155841440521577,-1.1959344791995399,1.4029022922030983,-0.9783167243003845,34.066344261169434,11.03641367693888,18.719042109452776,0.9210532801220109,2.6027137761438706,0.3022841587662697,18.825071334838867,6.766988707096006,14.263894933792791,0.3845078362927343,1.203975072939591,-1.7090119421482086,15.17151165008545,-7.160514038107955,13.375590909851788,-0.5885501817814421,1.142834637791946,-14.360652685165405,1.27594655752182,-9.740394474359855,11.819303085664284,0.09947147427461604,0.7922433245759932,-17.04840850830078,-2.95345139503479,-10.544362903152301,13.09800746521557,-0.6333454390369219,1.4129687514890792,-17.103819847106934,-3.040803551673889,-2.9736310899375695,12.230218116307816,-0.35481028890734007,1.4829533929230463,-9.411525964736938,3.947467565536499,3.864783972391637,9.981192248401642,0.026395433977834563,0.23363108341998062,-2.3072391152381897,10.672109603881836,1.4205378242142188,9.614659719225244,-0.29076183572552733,0.5833914504551663,-4.516819357872009,7.419250130653381,-0.4743027662774879,9.415468557949312,-0.2179107085974844,0.17524079146685034,-6.470340728759766,5.582541227340698,-0.4072169395756708,8.932784301746436,-0.1350681300858402,0.16730365752945087,-6.111929416656494,5.056583762168884,1008.4442296740827,339.01715510005585,2.4984400341648585,12.688918101342141,787.383879648215,1140.634340215708,1770.8172333848531,735.0704081476595,2.0760674060598756,7.646132533739285,1335.9375,2017.578125,0.06779656859785549,0.03548005261514076,2.5699800988915324,10.616260984354154,0.0478515625,0.078125,807.9331112179729,644.9827327638909,1.6657361203650294,2.629822818864354,362.60128021240234,1039.7683715820312,0.046956994182101516,0.08678449050314511,2.9236373468946746,9.276281685114872,0.005483137792907655,0.03331402596086264,0.0,0.14146318410700157,10.555677046735033
189,1,-266.44444901174114,64.73183655514002,1.9814506063360997,5.366876090161666,-308.13916015625,-243.85731506347656,87.02912920989598,34.68504450145738,-1.6888071997906922,5.401940772718545,81.16997528076172,103.34979248046875,17.540637301786905,23.125675216344252,-0.3138029954357507,4.2849456470557366,11.09372329711914,26.39080047607422,22.756975337994064,20.988249549129787,0.39618822939646686,2.0921909650273127,14.291139602661133,30.52383804321289,-0.5078142277306475,18.511420206792327,-1.185557578372224,2.0663611258910333,-6.163172721862793,9.144452095031738,4.840765578944312,18.597506535632203,-0.15772182981893346,2.7205429263956553,-1.9477801322937012,12.437416076660156,-8.126393634609638,18.43094565481851,-1.3103864485328651,1.8275274294898853,-15.026535034179688,2.6770126819610596,3.7792223739047204,14.409887254072547,0.8200460590463028,3.8836907451736256,-2.756220579147339,8.60247802734375,-1.0160274803725855,13.858830207733332,-0.9466513803189042,2.251214128802907,-7.6536102294921875,6.657184600830078,4.530474509119638,10.605612229812156,-0.7114022086651559,2.556856087934232,-0.12543943524360657,9.896577835083008,-0.7347840619008562,11.407354794984013,-0.19007533908005517,3.4658414758384675,-5.39577054977417,4.0363874435424805,0.1889847026225671,11.020904032713151,0.2513326203048063,2.3395399817292226,-5.064547061920166,4.797735214233398,-2.3807637249182396,10.058543627845323,-0.14897987345381078,2.6492977439276384,-7.294109344482422,2.4457287788391113,1809.647717842976,819.0038106361138,2.157643845482426,6.192139152903872,1360.7357855767068,1906.371485485048,3688.870051319648,1251.016193734757,-0.4294171689303825,0.12579111615313332,2898.4375,4460.9375,0.13423381369134899,0.10696745040906298,2.6977893176471723,8.146231142715042,0.07958984375,0.13427734375,993.3787181346344,943.2275248126266,1.6045968997372937,1.6327311017223902,358.58233642578125,1237.1236572265625,0.05070139567471516,0.0803638796401362,3.887821030374388,19.237273748625196,0.008817438967525959,0.056894343346357346,0.0,0.1813099363854904,7.890279132985851
197,1,-231.68398813492203,46.92598460128749,1.89978814187669,8.038202413850128,-259.9628601074219,-216.5617218017578,73.44837931165459,36.931606013187405,-1.4361468302509295,4.198189675215285,69.8262710571289,88.68624114990234,15.43963187171259,18.40941886617782,1.053746077971448,4.455461588780413,6.846797943115234,20.575008392333984,19.045021148691426,15.766506867408035,0.2592038978790567,4.444849710146296,13.312612533569336,24.41362953186035,2.851123738168084,12.157879998536417,-2.0728093077587535,7.267743093074284,0.586543083190918,8.877070426940918,14.669998200618606,13.519477309513956,-0.508222927664924,5.554924694053092,9.788985252380371,18.965652465820312,-1.6077629612188835,13.374638507877249,-1.6412584130433217,3.6157853047488597,-5.097445011138916,5.922806739807129,0.7468699026400241,13.474970183790214,0.7891566837071784,3.420000854376136,-5.161579132080078,4.396229267120361,-5.372329511803456,11.39114832299801,-1.1760528675733652,2.70964403025911,-9.424659729003906,1.5637011528015137,4.511661189166645,10.676165178589047,-1.303927867167494,3.279185849997271,0.24467350542545319,10.902935028076172,-0.18553193309524108,8.382814745991691,-0.8514826593308268,3.4412999608787,-3.9748501777648926,4.727293968200684,-1.1091620099724355,7.111964159771847,-0.18196426277468608,3.494784524496022,-4.571062088012695,2.5797698497772217,-7.478895385567612,6.969863743053887,-0.020493652882422695,2.88586276271269,-11.182092666625977,-3.749014377593994,2101.387406693438,894.2810386161743,1.6620765340135872,3.6331724526590596,1638.8587411831518,2184.931299521745,4230.4893843965865,1194.4303443260037,-1.1375137654138843,1.1717093655296447,3851.5625,4867.1875,0.16340100886326697,0.12932724918745425,2.2307312473464953,5.016252602304865,0.09228515625,0.16357421875,1123.349928841318,927.3977160481925,1.3155651987449735,0.9614521040348922,420.9117736816406,1444.9097290039062,0.053488459023228845,0.07992750562019915,3.0959485583895643,11.78114821892594,0.01147546712309122,0.057827796787023544,0.0,0.18252503491980882,9.107487585818026
198,1,-388.21404045214854,80.38212302555061,1.5039625865744746,1.3437821880962924,-441.1683044433594,-352.74488067626953,49.69692207349557,50.28145847981998,1.1764475155720326,-0.04169679844344909,14.477902889251709,79.80771827697754,16.874554727770512,19.701903024842764,-1.0446118657892836,5.679049987307433,12.050800561904907,22.92339324951172,12.017746688456413,16.126264808363374,-0.5969260303773654,6.632667454422682,10.153668403625488,16.02265167236328,6.791454462549344,13.31860374306023,-1.7382661429956066,5.036046732204387,6.874249339103699,12.208202838897705,5.2444082879875005,10.846900938779786,-1.7710402226380237,5.242404310818683,4.288525581359863,9.93497347831726,3.7856537685233076,9.985018736659327,-1.118066942925306,3.507521169156016,1.7438008189201355,8.100541830062866,3.9773535576479357,8.55646639524115,0.20799975073902233,4.366200640046511,1.6535215973854065,6.590392589569092,0.9237999582824125,8.271168331269939,-0.7619823702848966,2.822135759755751,-1.4744099080562592,4.671472549438477,-0.5120115106207229,7.766362372188331,-0.7664132343292308,2.383884277582636,-3.229285776615143,3.244147002696991,-2.6596610359607538,8.14182249169325,-1.1583835673258742,2.638278546247447,-5.496974229812622,1.7992709577083588,-2.8759047236304616,7.385878320624616,-1.0697499308958052,3.0976500613205653,-5.014651417732239,0.8573379367589951,-3.037524853902669,6.796847908501619,-0.8007115795451557,2.690190814822147,-5.072564601898193,0.10557381063699722,1150.8614756430957,474.27414266210263,2.2782926164110844,11.092402492935362,936.250453454452,1287.0511772708155,2447.5449248357754,1127.6270050145315,0.25772323314305706,0.9044585010474782,1656.25,3085.9375,0.06704824485219808,0.04322447028711955,3.7239588718193124,19.429947414863243,0.04638671875,0.0732421875,696.3695421077888,685.902207035769,2.3950248470066593,5.949195336679901,283.9474334716797,794.5752868652344,0.04049289654006073,0.09117752796485516,2.92951591816124,8.741767125360171,0.0008082385611487553,0.019509602803736925,0.0,0.08880129649983443,18.600428633206086
200,1,-210.838191489333,51.482216565227624,0.19563470389393225,6.134761243275445,-241.69215774536133,-186.98576736450195,78.65333565805636,35.80063577530787,0.9589948320252834,0.03702923029295846,53.77053451538086,100.9087085723877,19.558050141171023,15.698794962920424,-0.24033164573104268,2.8728802481393396,12.513777732849121,27.073365688323975,14.055749724748596,15.958954849823444,-1.5181493773037695,3.5673177998410326,11.457130432128906,21.756166458129883,4.991816957921008,13.162806623731493,-1.5457862816846475,2.9798104734441955,1.0916327238082886,12.910093307495117,5.60549594079131,12.52011826151583,-1.4393491617019243,2.389608467594382,1.3931136429309845,13.366644144058228,-1.7844204294968427,11.208308244827986,-1.217668291747971,1.7522576191579793,-5.8730679750442505,5.122336030006409,4.8747217778839635,9.136572016674192,-0.7527929502071322,2.657393750244048,1.7025534212589264,9.572213888168335,-1.9524463815165802,8.726511823693283,-0.9048054599898995,2.1889195331420996,-5.186252951622009,2.8490840196609497,1.8283716864779611,6.9606450905891295,-0.7588620038013328,1.9292105332899006,-1.1975017786026,5.963948011398315,-4.430667319080736,6.498205773992976,-0.7945649095916348,1.6661014094933844,-7.468280792236328,-0.3533414676785469,-0.33091271790654875,6.521949023631231,-0.7356618607076534,1.9756026242988716,-3.428300976753235,3.6424724459648132,-4.609039444600314,5.7885484574754935,-0.6283821692340948,1.5327985353072675,-7.510587453842163,-1.0010268688201904,2062.7246583553638,748.9234416837944,-0.20630571881997636,-0.46970427325770014,1277.1330121361234,2628.705968257799,4417.294702271684,1756.4335437066215,-0.9239472068053318,-0.7582192058771611,2960.9375,5718.75,0.15771036204967875,0.08042139515342978,0.5270345253156267,1.9716922332751148,0.08203125,0.21337890625,1373.3881851334033,1001.1967656985191,0.8197685548329913,-0.30643749635362383,538.6266021728516,2008.2950439453125,0.06069839419859171,0.07656248566143706,2.0464981352162144,4.915498161152397,0.011332283494994044,0.09271069429814816,0.0,0.12706103577368572,10.406261989518594
202,1,-295.10643911927076,58.31657477108302,2.9328396738243265,11.373168342469256,-330.513427734375,-281.6817626953125,74.96512068818622,32.430876511455295,1.0380915784192755,2.530325446853837,55.594491958618164,90.75361442565918,10.428017831249338,18.57313743614862,-1.716526550004292,9.208550826042158,3.9783881306648254,19.439128875732422,18.449831220088527,20.04688153685465,0.49768356135359615,2.8407262611775,8.171908140182495,26.66612482070923,12.006916129987967,16.06489602367441,-1.96787241712423,7.459770237550607,9.404296875,19.22594928741455,0.6560656024683442,14.403902492290065,-1.6173912826317964,4.776492599731786,-2.84291934967041,8.111632347106934,2.9325986628701806,13.771047621258967,-1.0190586458734183,5.011842556004698,-1.7222423553466797,9.197666883468628,-6.996279814693515,14.429922144131083,-0.7114605322435752,1.611890496682415,-14.424803495407104,1.486186295747757,-7.801940384397793,14.387820013244681,-0.7696175668367526,0.3831147554210723,-16.768607139587402,1.9451460242271423,-4.945154846384506,13.883664212496203,-0.7975170447968165,1.2871145595239941,-11.936079978942871,3.0876464247703552,-7.647205543347397,12.013846561251652,-0.5658387953604576,1.7926115595283845,-14.546020269393921,-0.608758881688118,-3.0263348885126553,10.610136983751145,-0.08996495115320269,1.779306314898169,-8.709705352783203,2.953516960144043,-9.19035930204851,11.246433021747759,-0.9464719411614032,1.3482631658824307,-15.47776174545288,-1.8907848596572876,2032.0471005249365,763.3605166980532,-0.37586246772249615,-0.48374119566295626,1352.1232379922087,2620.6086561734633,4282.058427918632,1841.0532518755842,-0.7413495230908775,-0.9015509589352213,2777.34375,5820.3125,0.16436076614091982,0.08496877928236456,0.33426735228376203,0.2601411125976818,0.0830078125,0.22607421875,1501.7104762134934,1011.060852334544,0.581934829812531,-0.6865760644277672,619.9376068115234,2223.0227661132812,0.04767109890702347,0.08057920147279098,3.1160148394851404,12.275142349103781,0.004183731623925269,0.059319693595170975,0.0,0.19727532252652025,9.297184784919274
215,1,-362.52499413969485,87.31793636426617,1.4551526016971212,1.5395842058756601,-426.330322265625,-319.4332275390625,72.42214982399761,50.96530299002875,0.4080582307332147,0.4846446159280462,39.88922882080078,106.67893981933594,25.82003837895633,36.04495771671231,-1.146385240664558,3.0622160225088875,23.278671264648438,39.7794189453125,12.60805936577558,24.45765656451245,-1.1008511360984463,3.1165527805530298,9.699913024902344,22.484392166137695,8.048591220423658,17.622149761347544,-0.751851902064637,3.4428841474090923,1.8929190635681152,15.585472106933594,-3.4262265664570184,25.09530829048226,-1.5690959064576573,2.353688701140361,-11.095205307006836,10.84969711303711,-6.52793189040274,21.1916954558013,-1.4911568202800625,1.990341066606879,-15.438470840454102,6.89524507522583,-1.532468916969794,14.6765148627476,-0.5756094639318559,2.141795575865224,-7.652174949645996,5.325524806976318,-3.0888393771342697,13.685034037930743,-1.1130046129802762,3.4334321385986932,-7.40352725982666,3.8171539306640625,-0.10553639214012629,10.440697296446826,-0.24152919252238342,3.3439702020737245,-3.908269166946411,4.0230607986450195,-1.9982325759083088,10.042224978282563,-0.48660832941672394,2.424896578770979,-6.133431434631348,2.6542627811431885,-0.19229993280228178,10.92260755384773,0.5126862031573528,2.7918749022286926,-4.59105920791626,3.2881197929382324,-2.2856202355466264,8.434212944443724,0.17813116679243932,3.576613729949541,-6.0899457931518555,1.0011025667190552,1768.4484206828,965.5803823156059,1.6281510457673234,4.358289293377963,989.1086693378479,2197.8657121880156,3676.585608646189,1931.3511205523275,-0.3411124105562083,-1.4016671153663047,1726.5625,5234.375,0.12955655100492985,0.10471429475094157,3.181209512150343,11.960306311788955,0.07177734375,0.1416015625,845.9725700828936,717.5509965260244,1.868044242421066,3.845134740191396,345.1584930419922,1109.4230041503906,0.046921130523477975,0.08546853843675462,3.1284240386302615,12.474572632767297,0.0017230567755177617,0.05452535301446915,0.0,0.10717518313888108,12.833784691895765
224,1,-326.54668409903616,133.18341637319247,0.35419780140067036,-0.9540540976746903,-473.8446044921875,-223.38095092773438,51.090323687839714,58.28788190195028,0.14655986863031878,-0.4441986016235142,8.399109363555908,100.32947158813477,5.992652966709926,35.12988845229118,-0.09885345315024784,1.0259060783079335,-9.669785976409912,19.236604690551758,19.152872440769077,27.7700416042125,0.40897159375000436,0.44340262254410545,5.3647637367248535,35.9053897857666,-15.154903149979642,26.147798798653852,-0.7611658689787265,-0.39921541462316723,-34.39810371398926,5.522096395492554,-13.433134972543193,23.695994079934074,-0.527494173679604,-0.22058439389041729,-30.701004028320312,4.254949569702148,-8.442083653237622,19.753387449892234,-0.6769252487415749,0.583802995794986,-19.529312133789062,3.2905551195144653,7.502893597960992,14.301343586633433,0.5372845247743014,0.8236664493477295,0.6239002645015717,15.32916259765625,-4.864530988755564,15.622872297706197,-0.5394234924872222,0.7181340790812638,-13.967698097229004,2.2758034467697144,-0.6561213524113327,10.880133853098469,-0.13171417092904728,1.702249450207212,-5.129378795623779,3.7582991123199463,-1.5358293971348784,11.843219929873927,0.019498759219961363,1.2745880804132526,-7.185825347900391,2.7305619716644287,-4.6782574245153015,13.273880743288936,-0.06025862125382242,1.854140532745781,-10.876985549926758,0.4158170819282532,-3.4176943105218345,10.175426992540379,-0.1365620016351617,1.062032352540875,-8.715293884277344,0.5205296277999878,2077.8693890107775,980.2428976804675,1.0340841006923127,1.4549236368706264,1294.672514880479,2484.891901220848,3999.2415411286465,1689.5316717284534,-0.3888042045831106,-1.214146476796863,2496.09375,5445.3125,0.17204920268412244,0.1110110918206735,1.8479481011522645,4.334576994506845,0.09423828125,0.199951171875,1275.6433583328405,1055.788594594824,0.9410636115106471,-0.3744380846507682,439.40924072265625,2053.232421875,0.060697299113486786,0.07710845730792608,1.9466093527954516,5.582003848820484,0.0004915152094326913,0.09291699156165123,0.0,0.11410919804760784,11.923869775589223
228,1,-253.1333864172375,63.7173051975479,0.6151318806755378,0.4286551638594882,-302.12646484375,-205.27398681640625,102.70804974163525,41.56940458797878,-0.012347134257804785,0.772940882799706,81.62067222595215,129.04111099243164,20.234180443527595,16.599725923028927,0.4423101983160027,0.7667634123482374,9.283835411071777,29.62812328338623,23.255919755624856,15.065812765757137,0.19868728792468354,0.7769934783284973,14.685739040374756,31.299611568450928,10.16993080868979,13.19952620970404,-1.095754247406161,1.3645489005916565,4.285006165504456,18.826528072357178,5.78623858488223,11.564653607782128,-0.6299788995059482,0.5504402868381058,-0.17899379134178162,13.361146926879883,-7.015532585659323,11.285594398034393,-0.9076189172202608,0.8676479743786292,-12.148605346679688,0.3590085655450821,-1.1968283641815805,8.714641367426065,-0.6092407053702976,0.8962803352994486,-5.670348405838013,4.283899664878845,-2.6788022715830735,8.177574882932271,-0.1373652854416199,0.6909075329894647,-7.405329346656799,2.1117149591445923,-1.8198235802077785,7.273609320039613,0.13062621272339836,0.42615035625118347,-6.460461258888245,2.7331018447875977,-3.7475984215468787,7.292325356699625,0.4179297717482909,1.5144077219882766,-8.368844032287598,0.4863315150141716,-2.1058687112577585,7.032993706240675,0.45745731144743657,0.3843355984410084,-6.986872673034668,2.081680417060852,-9.242822595680087,6.8085603749019725,-0.12850126199663525,0.021210200033073168,-13.706535339355469,-4.937925219535828,1462.4569970173422,694.4711265407192,1.1869760381383279,2.6811502265462153,841.6672788660585,1789.5436916209555,3147.204336011342,1580.9899725097403,-0.26911186819027644,-1.0553323442644438,1492.1875,4289.0625,0.09047994631675331,0.07280064721297083,3.196283249669675,12.049275988160495,0.05126953125,0.0966796875,899.4701806329309,952.5574747076066,1.8428684571494551,2.416703532624175,301.4127197265625,1047.458984375,0.06144962705632684,0.07620937698867265,1.9065187704888074,3.6579957730666237,0.01179899531416595,0.08891656063497066,0.0,0.11761719308063805,9.452979615826884
233,1,-322.55810014304706,119.12836405607722,0.7089431105257195,-0.5689474689141765,-435.60888671875,-229.3765869140625,46.021145818516295,54.94997888478451,0.32211972229932484,-0.47301657912407924,8.290421962738037,92.54020309448242,11.523338956713738,24.896238056821034,0.11473030521064775,1.7339491013663384,4.416876792907715,21.94313335418701,9.346763452284035,21.490466007212483,-0.12700741723761508,1.8917306625007217,3.347650647163391,18.790225982666016,-0.1821899593792553,18.19034755010328,-1.2344165171316341,2.429455394149425,-6.239657878875732,7.991646766662598,-4.113569957420577,18.547558439192322,-0.9445211149472833,1.3144717352963458,-12.861330032348633,5.087211847305298,-14.464402644660488,21.438723257641445,-0.9157947479360576,-0.008398616003884918,-29.53666114807129,2.3673702478408813,-2.3929326987310016,13.579603905083015,-0.29404898591711937,1.9153416138224841,-8.637584209442139,2.863342523574829,-5.039832373760115,13.17158488318112,-0.8875143689726184,1.5252555978410554,-11.409912586212158,1.5494341254234314,-2.660462415210072,10.21303372176339,-0.5658689037580218,1.8920407194941857,-6.868476867675781,1.7519748210906982,-2.047524699729716,9.529433616903315,-0.11396563995391801,1.3374232900959457,-6.017755508422852,1.458314597606659,-3.6438824440119384,8.65524775452483,-0.34888942961836633,1.6562552412808698,-7.620236158370972,0.16908184438943863,-2.460681946686307,9.473276764417948,0.09226873272603425,2.3427074410926654,-6.174508094787598,1.018069326877594,1989.9357386294566,932.1730940347471,1.3329797836007296,2.1446861397697834,1298.2893440902128,2226.9102301609646,3948.3924539770755,1584.3691672157686,-0.3787203056833232,-0.8742888266362097,2500.0,5031.25,0.16117572155045154,0.11054509916708476,2.1014325063590156,5.143479828684434,0.08935546875,0.180419921875,1285.1088650008478,984.4351540776851,1.010291706548886,0.13391087877909857,492.0134963989258,1779.9902038574219,0.049125395232501264,0.07972342518159069,2.896537426509128,11.829389744814033,0.0006586089439224452,0.0670674704015255,0.0,0.12235401441055274,11.049184286703767
246,1,-331.37511082135137,108.9029033460722,-0.054066687785930885,-1.283160268222012,-445.0640106201172,-240.55455780029297,98.19344813123706,61.57215555687499,-0.17168297502639718,-1.3066821282474828,39.994346618652344,152.52810668945312,-3.5185849024899025,29.836576093225066,-0.4182410600961156,-0.13055988036341093,-23.683920860290527,15.362712383270264,4.353581169493467,21.350645037976086,-0.2842239049642904,0.7121282681769654,-7.002786636352539,16.640015602111816,-1.550740788908002,17.86420531767826,-0.7567911496493684,0.608210701048316,-11.698468685150146,9.638541221618652,-2.1769860743923495,18.00616347976646,-0.2485935548949669,0.6830302847367653,-13.025590419769287,7.740720272064209,-10.5940458157873,16.672780583607963,-0.5850092916249702,-0.15029507112591256,-21.832889556884766,2.107964038848877,-0.6160354840790643,12.864312214298081,-0.02056268114162872,0.47688676365978866,-8.593400955200195,6.027223110198975,-0.9813641575638868,10.900910863873655,-0.11634437185060766,0.4782218620226808,-7.624773740768433,5.530582427978516,-5.151886321633568,10.252293555322877,-0.1508112707886551,-0.02683837944560752,-12.128900527954102,1.2139647006988525,-5.664075214344068,9.830557632649713,0.04824977097886397,0.6752756576430663,-12.177801609039307,0.38146378099918365,-6.326512152531162,9.1086768835331,-0.03364213839260638,0.06503662869712779,-12.56596565246582,-0.15946842730045319,-5.392949356736763,10.005824978422178,-0.1601456762722071,0.03611197979078762,-12.2486572265625,0.7578853368759155,1141.4114275316128,593.2081398400526,2.2696911129829855,6.45964007280798,773.8971862268744,1278.4624411560437,2118.5488687464867,1154.5677169423252,1.1654289700363805,0.9057231062690976,1328.125,2593.75,0.08431318946739741,0.07134554254314471,3.189029264923766,12.492492922550927,0.044921875,0.0927734375,1010.0580065099621,850.7758464213916,1.5220501252348018,1.9864525342178885,362.9350891113281,1368.9295654296875,0.06376855356653838,0.0770153038551789,1.541055544171239,2.4686977822695066,0.0037110428093001246,0.10765951126813889,0.0,0.08322658771828846,15.87251995959966
249,1,-359.7206780928311,121.12955344720773,0.5662155679957133,-1.0215616460368955,-475.49554443359375,-257.0950622558594,65.04923597619673,61.14116220231967,0.3945312851862293,-1.0211449658197111,13.057713031768799,118.8484058380127,5.977327830387872,32.13653278382625,-0.6043815117470469,1.4596581922774927,-4.4995951652526855,16.534705638885498,4.044216690337222,23.289057408684233,-0.7274237606899708,1.1616104874123732,-7.249145865440369,13.55553388595581,-5.140690956509746,21.22566906211013,-0.9476779813252448,-0.03688663716608387,-20.367454051971436,11.344286680221558,-4.541501100382507,20.248195923947492,-0.772243311965423,-0.23093074924528034,-18.393343925476074,10.599157571792603,-8.256080339229785,21.131669027000438,-0.855505550586234,-0.3343899193668438,-24.12954568862915,9.47312879562378,-1.179724632669101,14.332816428366757,-0.7902346834486348,-0.07218576117541398,-10.853313207626343,8.824745178222656,0.14590513885789655,13.28793500786583,-0.8781576276438295,0.887455725589219,-7.40700900554657,7.909693717956543,-0.44643369181880727,10.620377618523113,-0.697516157782473,0.5883973878628366,-7.416023135185242,6.617916941642761,-1.8002226959986358,10.473405241758927,-0.8219318638342544,0.009203799128280732,-9.38532829284668,5.528135299682617,-1.2022590564316074,10.35049837829914,-0.7555961377173558,0.596755321679542,-8.123093605041504,4.738183617591858,0.29534846683755317,8.619295609877733,-0.8508887983998867,1.19646377885024,-3.3838776350021362,4.034129977226257,1361.7044808410192,801.4342047006658,2.5846543922453313,6.878312873770483,968.4387057689964,1316.2369508684974,2709.8339405829597,1490.3453593380593,0.9641882856570244,0.48986195629861173,1554.6875,3216.796875,0.07828593574831838,0.09504968090961513,2.5475087621309527,7.6143588362408945,0.01171875,0.0908203125,1223.9275366771935,1036.5363471844983,1.1589579435878783,0.24959899511365835,449.79882049560547,1731.8718872070312,0.05603218041108928,0.08252259884835281,1.9331476850394904,3.602431843861127,0.0010351816017646343,0.07928409613668919,0.0,0.11997565153699653,14.301249373646824
250,1,-345.1466614106954,112.75948900313716,0.684719800543879,-0.522661785036691,-455.9469223022461,-260.2894744873047,76.73086981194412,55.508342780630954,0.0949152179104601,-0.43111665194324456,30.349839210510254,121.26847267150879,18.6488602652494,26.66919758151547,-1.1209888419836764,2.083797012806393,10.572729110717773,32.990580558776855,20.996630241091434,24.10795975940975,0.2786797275794138,2.0654595445206008,12.310518264770508,31.796945571899414,4.0227618768901126,19.59174624250528,-1.1690926161080653,1.7420871921288903,-3.4699496626853943,14.24371337890625,-0.5661511040147995,20.124489750405996,-0.926384273741036,0.6398222568870193,-11.234362602233887,10.602373123168945,-2.968339632991505,17.718836975455922,-0.8513034689916691,0.3353847919379467,-13.886663436889648,7.878427624702454,5.17215875262285,13.663671324960271,-0.00024481594320513304,1.6211626983385052,-0.49063740670681,11.543048620223999,-0.42119532358182277,14.666138147505231,-0.9048727988285855,1.2914184578863699,-6.42713475227356,7.200800180435181,2.7250682121918146,10.157777095518258,-0.11150699536710339,1.0862196290851402,-1.9507101774215698,8.04771375656128,0.9590007956174861,9.366730326340369,0.06708939286108534,1.2410257308867125,-3.6628113985061646,5.34306001663208,-0.7133831673541962,10.665688097134316,-0.3138911562392649,1.1618854969289103,-5.298383355140686,4.334429860115051,-1.536786529217983,9.18852491757028,-0.27393249639106004,1.1744606576234586,-5.852741122245789,2.7868030071258545,1450.173825928322,824.4469266918213,1.7657998583561545,4.632519335419963,838.0215207661713,1819.7496883875106,3067.060237556561,1695.711291401689,-0.033789252545009335,-1.2811620363024132,1492.1875,4570.3125,0.11000928691789216,0.08895248525005006,3.0860921232438008,11.59775062860767,0.0625,0.1181640625,941.9290058059883,791.3381844758312,1.7693008743530247,3.0012765248249984,397.40660095214844,1178.4093933105469,0.05873806371078243,0.07893908940863491,2.085619134733664,5.666781553154678,0.00112839465145953,0.09070873819291592,0.0,0.12029334103331736,12.98033437664469
253,1,-356.1796113937876,120.55327561391547,0.7739067843742589,-0.5789645158205978,-466.0579605102539,-259.79341888427734,54.12723688918448,65.91619749789548,0.4298259728784232,-1.0855330108237657,0.29926126450300217,117.48694038391113,9.249451525757378,28.045639773147766,0.40945099479969466,1.1198458907379338,0.0,22.74824333190918,3.4897149293059435,21.853041499971905,0.6316991888702613,1.8859261942206755,-2.732547104358673,10.474699258804321,-13.758707155951354,21.0312301670156,-1.0555448433292147,0.28959981549887726,-27.089346885681152,0.3590932786464691,-9.14295271189255,15.545518912634748,-0.7577372776109265,0.1749352642369102,-19.826122760772705,0.42402391135692596,-12.12951010988495,17.366122950402193,-1.059886817841096,0.5346612805105382,-23.80405902862549,0.2663799300789833,-5.900420876914165,13.081046664323889,-0.6006178783877232,0.6529120439414879,-14.064520120620728,0.4914557412266731,-3.2095924276622445,11.801491213268491,-0.58221553220817,1.3325072032292082,-8.541767120361328,0.972229614853859,-1.3682745754342025,8.521554609489826,-0.5112873676851376,2.6139522767920864,-5.004960060119629,1.2070002853870392,-3.089791770918566,8.711720026752884,-0.8293114650526044,1.5907013375207715,-7.290076494216919,0.4802347868680954,-3.3938396785500244,9.202340492438411,-1.2651039507221837,2.419649753082255,-6.907804846763611,0.5719563513994217,-1.8334309851866668,8.017167086140615,-0.5830633094315069,2.585889169702556,-5.30137825012207,0.6725658178329468,1644.0732877335283,966.307767850934,1.9435424475427578,4.533001900957175,934.90853542989,1832.4181205631476,3298.731894388686,1739.2979549917857,0.004253681058339384,-0.9773431797808625,1593.75,4500.0,0.13127102817062045,0.11323615021313717,2.960597356405106,9.885931758264798,0.06982421875,0.12939453125,1089.4605366575186,1030.6515745979032,1.3739862805305436,0.6943100583731252,368.5927047729492,1499.1560363769531,0.05203203631456738,0.08531299879722595,2.3612792231676867,6.695063755183899,0.00016354332910850644,0.07432844117283821,0.0,0.09154513848765687,13.963137480764253
259,0,-194.8088001189669,55.240848952315446,-0.8188301228362089,3.810324549140269,-234.8155517578125,-158.578369140625,91.83835031463377,39.10202921772485,-0.19725665739491327,-0.29572716921734177,59.98561096191406,121.72003173828125,7.152258142916906,23.42892695588169,-0.926191667943385,1.7261100830771596,-3.6338963508605957,22.235172271728516,16.74730299741751,26.57782012744612,-0.08233198112325463,0.2854194942989903,1.9136451482772827,31.31675148010254,1.1982898081072622,16.217439177704016,-0.7449517563956799,0.4682490270429276,-8.964522361755371,12.118534088134766,2.493943279017524,17.06864681104466,-0.6815349501884876,0.2985979240675931,-7.861589431762695,15.388294219970703,-5.9587274805057335,15.282964533534724,-0.6180496429999539,0.09371993828617864,-16.144319534301758,5.367955207824707,1.7499229553170628,12.962904663134662,0.08120487803891545,0.5113571182079935,-6.477694511413574,9.044622421264648,-7.586210800608233,13.052343905896032,-0.26555988611738157,0.29414475304171583,-16.11113166809082,0.7017835378646851,-6.318968198439916,11.096428783408898,-0.3941884919354921,0.02920685276413426,-13.813691139221191,1.970811128616333,-3.7971249175284005,9.045301341301878,-0.13596391470522845,0.8010864452374173,-9.290475845336914,1.707895278930664,3.806046961767497,8.555065827230766,-0.004257188083290852,1.0684807819152802,-1.1539666652679443,9.168806076049805,-5.571571072973296,7.988320003262824,-0.3718404084712516,0.8394723550163392,-10.069707870483398,-0.62404465675354,1758.6109390343784,719.7050514080178,0.9260532700118832,0.7058961993989992,1173.0858373692956,2368.474179758333,3450.9850944510035,1556.100794989307,0.09825351154876916,-1.361317310142895,2062.5,5046.875,0.13743474210448642,0.08053418626115548,1.7106592141607697,4.373997002022359,0.07763671875,0.17919921875,1222.786210298361,993.1505625635541,1.108133916788849,0.32395804188649535,429.8072052001953,1812.3159790039062,0.07508916356220101,0.0660084398740337,1.6501435658052832,3.7486542176956483,0.020479971542954445,0.10523664206266403,0.0,0.15486266537693374,8.582834905287664
261,0,-126.83315747336945,27.19074389487063,1.6757732781798371,10.060384072341424,-143.7666015625,-118.13910675048828,73.06906228246986,16.178051920655587,0.8360871929423627,1.643401486089239,63.46725273132324,81.49121856689453,15.631736361818021,9.740810220192916,-1.4264053148111155,9.441670650885472,11.718714952468872,19.99431276321411,14.386936384340213,10.946392765534881,0.9890226347471851,5.444197653806347,9.632684230804443,17.267498016357422,2.0367563455961775,9.60219853717267,-2.0053929645574256,5.881620924939343,0.23544875532388687,7.160918354988098,9.310472495270616,7.851922185240349,-1.2068570924852209,4.027019912336463,6.663432598114014,13.536082029342651,-0.14893853126390222,7.8245866802898405,-1.2088391754829804,4.1626020562331805,-2.8188462257385254,4.222926378250122,4.276060336930065,7.528303420294475,-0.8853661153661313,1.8784956948369658,1.2289426922798157,8.799759864807129,-0.1688943682947425,6.560439303833413,-0.2806886151168448,2.101640328514156,-3.3021103739738464,3.495189070701599,4.444944268258475,6.135229763183847,-0.6093545056991808,2.1056457984720574,1.8495836555957794,8.077895402908325,-1.489777177149288,5.983512549465579,-0.36948884103348073,2.58736380483088,-4.333688259124756,1.9958197176456451,2.577072994490267,5.801574293008897,-0.27711837273596207,1.9532401765177916,-0.30096638947725296,5.904548406600952,-4.0656118225313325,5.981927476727571,-1.4485799713496015,5.085994871488625,-6.413637638092041,-0.4891453981399536,2179.8455228852977,428.74640681259467,-0.4863121603020342,0.9045347467797815,1889.0730685520919,2451.642738019643,4933.752568122837,887.8480383532008,-1.5600834393069174,2.0522864317639753,4500.0,5515.625,0.1533528364240917,0.05149933843726325,0.5815084939305074,4.256209206355709,0.11767578125,0.1842041015625,996.824309112907,767.0251274934762,1.5409461749003828,2.3153396736198566,436.9525451660156,1309.3106689453125,0.06995597739613721,0.0662416973747941,2.655531762018459,9.590708279682381,0.031616708263754845,0.08483342081308365,0.0,0.17937024441105667,6.649672403143222
262,0,-310.82088754659367,101.7188128256914,0.2806241735653857,-1.3305747992283263,-408.58170318603516,-220.67219161987305,115.78090703520829,45.63413940086764,0.10025975619106477,-0.5590381265980615,81.29578971862793,155.46294403076172,20.56985019453061,20.031783843318596,-0.5381065778601194,0.6028243543288436,8.582504510879517,33.85376262664795,12.12862723470371,20.074577072785324,-0.37617549032968356,0.9670379583583788,1.6645506024360657,23.508936405181885,14.639774205407228,16.612426875643564,-0.7613844872507382,1.1459700994995075,7.487363338470459,24.70486354827881,2.858341079863303,15.654873877224901,-0.6315793280423336,-0.11669483474991216,-7.054781675338745,14.330431461334229,-3.1883753498650003,15.651918820507865,-0.5293376969979801,-0.22946902107693123,-13.409548282623291,8.864601135253906,-7.816134251341054,15.671479438992456,-0.5553102552620967,-0.08272959825283355,-17.586528301239014,4.453407406806946,-3.244287723977851,12.509511107310928,-0.32064208751328904,-0.16831989432002903,-11.553232192993164,5.802669525146484,3.3884071191319096,10.074544331512175,-0.038220081638340064,-0.16662183703391298,-3.5113072991371155,10.286766290664673,-3.8269711658358574,10.842939551878267,-0.08679170227290094,-0.2362978869063861,-11.341508150100708,3.836068630218506,-0.11511433376078932,9.657804508090797,0.0725928561386855,-0.07461745087546623,-6.942211866378784,6.401296615600586,-6.536904861630495,10.716773649208156,-0.14588790123849107,-0.41420160110015214,-14.059049606323242,1.4257724583148956,1206.593416109772,648.864938204438,1.8166566781796762,4.283536611305261,733.8884082409743,1473.337582674117,2447.109820156695,1557.1539917544942,0.927466270255,0.23868885659786043,1240.234375,3363.28125,0.07871378928507834,0.0621660383770298,3.1826907193713683,13.302144615601588,0.0439453125,0.087890625,979.0244695956039,873.5757272817721,1.542230290417139,1.7805675845251807,355.32794189453125,1322.363037109375,0.0636230757776492,0.07714429818247356,1.3897629314992856,1.3138866926950925,0.005511145223863423,0.10429170913994312,0.0,0.11202384528304903,11.97284638391364
263,0,-310.8582732745192,82.61380351759344,1.3244687913320632,2.870885649231516,-370.29559326171875,-272.4058380126953,101.89214606346054,38.211222478233424,0.34307302955950897,-0.47596031378955805,70.11920166015625,130.97100067138672,19.70894432364201,21.451903198636973,-1.3392246912097827,3.1928625376801785,13.48426866531372,32.386640548706055,15.666718159728175,17.715762807420496,-0.1605506709595687,1.1446302506707333,8.326278448104858,25.74406862258911,8.78681786692786,17.690603681744903,-1.813626618622195,5.4611313689865515,4.9363402128219604,18.363646030426025,8.735073917439546,14.665451284853226,-2.1808281692983784,7.393653605296036,5.569193720817566,16.58693790435791,-1.8614178634121676,12.651532694725388,-1.336645479031438,2.6311455839241207,-7.112520217895508,5.957469940185547,-3.361605498680464,14.015096732385974,-0.7598267267719728,2.1195246939178185,-10.221863031387329,4.875857949256897,-9.257644426818429,12.140782431552182,-0.5316512763207274,0.37780747350501853,-17.318256378173828,-1.0118267238140106,-4.368457493314054,11.343502234212473,-0.04945919635735616,1.2186163283876663,-11.062657356262207,1.4888175427913666,-5.2402509015439795,11.564772345958032,0.486828226623098,1.7524258379244788,-12.02064037322998,0.36154358088970184,-5.687252516096288,9.902235596086596,-0.504903390394341,0.630976302837273,-12.093546867370605,1.4180761575698853,-9.484905567581087,9.942160315014672,-0.39205587319851776,0.6747992872852633,-16.002476453781128,-1.9780819714069366,1478.4401914915418,631.9942753237209,0.20535466359780705,-1.299505034887525,894.4616142218139,2130.847542909924,3242.132013494318,1825.1180029776785,-0.054600921795058335,-1.6155764510562676,1296.875,5164.0625,0.08963775634765625,0.04277869708488088,1.0155337247667604,2.0165517464168774,0.0546875,0.1212158203125,723.4180415753984,591.2824137874891,1.8923865636679358,4.387098117751692,313.0879135131836,973.2754058837891,0.05153982311086028,0.07835818402007522,2.6952910811121624,8.281021442713193,0.0044733197428286076,0.062262157909572124,0.0,0.167299476267386,9.855793963297113
265,0,-170.77434641058534,30.506183668496483,2.4845629137687695,11.808088611362093,-189.79338455200195,-160.7035140991211,100.86699419952996,15.78464896260797,0.2713263109831122,1.6976543757297708,90.91999244689941,109.85802459716797,29.723132314534336,10.652084228625233,-1.3355811550033798,4.708143643086998,26.308541297912598,35.38962173461914,6.088131967938682,10.594635881072467,-1.383022105578613,5.537970710957296,2.767795205116272,11.332006931304932,7.405851524124572,9.045545378647757,-1.80849097942689,5.814346220252215,4.1081976890563965,12.902194738388062,21.858270155726846,8.55027384314391,-1.4422502692379426,3.8906763149313726,18.653130054473877,27.00342559814453,-4.521977625942386,8.533380307450997,-1.4874107427329808,4.471710081376764,-7.440211057662964,0.4938528388738632,12.782426516017098,6.540385396149351,0.5882288207475765,2.1296912104839016,8.89962387084961,16.055950164794922,-1.9703858468822193,6.814709804339136,-0.5556267922035487,1.2473661150694655,-5.407154560089111,2.1767264008522034,2.8503755466279297,5.809424946824146,-0.5925021827063263,1.519908132408549,-0.5364768356084824,6.6096285581588745,-2.2976086269796268,5.202428896819112,0.2086817046423183,0.7991285716530809,-5.643501877784729,0.795581042766571,3.238483854095742,5.109600490710614,0.015774639784282896,0.8600477076159754,0.14490976929664612,6.321377873420715,-5.111867779181738,5.014913013836511,-0.4568646294648302,1.8013832395722131,-7.923185348510742,-1.8606376945972443,1517.3781723668787,333.7926196126302,1.274469993902939,4.5177708293793595,1295.6830796115523,1685.6136351957975,3903.986762282804,1081.4680410110375,-0.8018974223311107,-0.053043609308467854,3320.3125,4662.109375,0.06009048269922109,0.022094788206298885,3.594864465420521,19.650412195548054,0.04833984375,0.06396484375,443.6887041694817,353.859488110478,3.5591885659407967,22.602523444152524,237.67179107666016,539.3502502441406,0.0836612259229191,0.05207980184009835,4.429215817629891,27.80394103142875,0.05772511754184961,0.0870031900703907,0.0,0.22757944203824396,3.483891795108681
273,0,-274.33416109826715,148.40051513553382,-0.1735918931469115,-1.167978939528628,-435.46343994140625,-156.47733306884766,54.257694178153756,67.14653286106909,-0.3111983455865891,-0.0940959384563933,19.867153644561768,109.2120246887207,3.101513547196511,37.730776357500666,-0.2303792428796924,0.0685946084209359,-21.27130126953125,21.73925018310547,24.013733817968284,28.435449844101335,0.7550581790476102,1.076253089388163,9.412777423858643,38.235918045043945,-20.411232383780973,29.971222471122818,-0.601959039582846,-0.11893128802225528,-40.461853981018066,6.815357446670532,-0.18209125101566315,18.40699496316788,-0.0515322561727855,0.5818103484751234,-11.1211416721344,9.074275493621826,-15.177982071556379,18.710383549435203,-0.44798362971822975,-0.4142364095221325,-28.49927568435669,0.6045722663402557,-5.744502049025153,14.974386443997313,-0.1716685803985956,0.6511895806741088,-15.180489778518677,2.2224850058555603,2.3553232440800453,16.9156912438049,0.44033638067098985,0.6302352065499366,-6.782789587974548,10.83812403678894,-1.5565075233439953,13.33838500890391,-0.12292554967245763,0.8910873882616972,-8.730228662490845,5.290643572807312,-1.8783712471832255,11.681725745700788,0.1018758246022201,0.7572207098632893,-9.095160007476807,3.794673264026642,-6.0074125685976965,15.119290797036664,-0.7116120871078188,0.5336401649629599,-14.421618700027466,2.9167439937591553,-2.1561297240819037,10.716447433297038,-0.1492106836640426,0.7055911495210916,-8.11486530303955,3.267813503742218,2280.7078274509317,1075.225343552941,0.8858691997731147,0.34568729925693553,1460.7662644727193,2795.109223473012,4150.683700711938,1459.4230268988354,-0.4459056537673938,-0.5844558090796976,3064.453125,5177.734375,0.2085469006708653,0.13372951664925772,1.2246053055138715,1.0828082264060033,0.111328125,0.2708740234375,1694.697974640136,1191.5431883628057,0.4700690068528723,-1.149960248145967,611.1816711425781,2715.4384765625,0.06742868641814279,0.07186885255344339,1.4503099724450663,2.75244802825425,0.004837204236537218,0.10381632298231125,0.0,0.13205842447826419,6.491079324067314
277,0,-386.88576159583926,81.0268043860219,1.0841573095297101,0.27691779747339496,-448.4469299316406,-322.6959686279297,66.70819195474077,64.59961649970053,0.6089845548883228,-1.354108263304655,13.309979438781738,136.76982498168945,26.369334341801075,23.627359227255102,0.4578790147787703,0.12127520123513902,11.853631734848022,46.34270668029785,11.759293656417917,19.42216608993943,-1.3280375406236533,4.324659092114863,9.487559795379639,17.178680419921875,4.972165884435651,14.392227637566071,-1.3840307764656123,2.436627791656517,4.434038996696472,10.923022270202637,1.220436643730535,12.138488152963161,-1.275457119865036,2.2487619640942036,-4.100286602973938,8.171268939971924,-2.359241053997419,11.781597485144152,-1.1829486824331301,0.673067805534898,-10.678903102874756,5.949982643127441,-1.7782668257532914,10.374617453853505,-0.722055883615357,0.9287063428712723,-8.11564016342163,4.394710302352905,-2.873204894426396,9.932406841128635,-1.026867177223479,0.3963652147913863,-8.449384927749634,2.949310839176178,-3.3436389910906756,7.815038106378034,-1.0038444513737217,0.8919670923494181,-7.50531542301178,1.3912445902824402,-2.548910979819909,6.505076636664855,-0.6740560038869637,2.1558190760591653,-4.626026034355164,0.6767494380474091,-3.3935734395229495,6.186503838546942,-0.7517708317004391,3.484117368625202,-5.441531538963318,-0.24379826709628105,-3.5846216224651726,5.74554509552646,-0.0034779940782533425,6.889332510236402,-5.28011155128479,-0.8121302723884583,1061.8012955171823,437.62235593862863,0.06081013701621891,0.3350088123623247,608.2728856165382,1411.6013772848967,2423.370939113597,1513.5507509533033,-0.2601474198337063,-1.7545346447859853,693.359375,3757.8125,0.12752670839608435,0.0714039636548824,-0.04914613691423627,-1.3110625470773636,0.0517578125,0.18896484375,415.2429030847486,280.13839035653206,5.990017898069063,63.399816660147536,253.1535873413086,497.2949981689453,0.05074357840021861,0.08503961757349944,2.277147445022211,6.195839523199734,0.0006082160398364067,0.07687301933765411,0.0,0.15051062344848887,13.94932276150213
278,0,-258.8116689664181,39.69060052864616,0.5034849161509589,-0.60823250048723,-299.0113220214844,-229.33285903930664,110.38385753410164,38.41039926405342,0.31511540947985794,-0.6141522260570711,77.76885604858398,139.76092910766602,32.08643370950333,17.980678982344802,-0.34607884805225336,1.4879291500892826,17.118356704711914,45.8173131942749,22.335002087961847,13.537131348353372,-0.12246212085909038,1.605210128873761,15.5769944190979,29.31723928451538,8.22592512825852,13.336921199607058,-1.7002062106099525,3.5212696252294577,5.668805718421936,15.821954250335693,6.759193885740694,13.279296089429359,-0.7954191750806429,0.3566004820852937,-1.0964159667491913,16.52760601043701,-7.33023873196967,12.837853629651866,-0.6296685734631804,-0.3104557752328816,-16.63089084625244,3.386006474494934,-2.583185530746373,11.917196497819456,-0.20404479564875866,0.7679576887946093,-10.641410112380981,5.831843614578247,-3.189537321256526,9.782021368502077,0.05620037960801298,0.7247395797736171,-9.93439245223999,2.535903513431549,1.2550009089374097,10.536905178665014,0.08744013848695407,1.152466830455567,-4.87531840801239,6.580126762390137,-4.726098413365919,7.750689990375085,-0.04252462275601711,1.4850640207689043,-9.741809844970703,0.3748825490474701,-1.3868614889193918,7.2189119167992795,-0.16506102874416553,0.8401063924886776,-6.233492851257324,3.5446593165397644,-4.535457193007188,6.81171949763903,-0.31744048311288475,0.47053930452375026,-8.60717225074768,-0.2895103543996811,1389.327474208496,687.0006635550217,0.7177196055009342,0.5996645474571989,731.6959975423104,1987.5673172676422,2955.1146320093458,1857.9919452631068,-0.010935169831945318,-1.6320221499733258,882.8125,4843.75,0.08799387138580607,0.05760271902633806,2.790777154108175,13.489714335408806,0.046875,0.1173095703125,786.5765762767397,716.771231112553,2.2784222719426253,5.86731374554129,326.22718811035156,1006.2583618164062,0.06843963834983688,0.07289900465475589,1.48647665445664,1.806584955232763,0.009336214512586594,0.10187112726271152,0.0,0.141459503195645,11.338807142689236
281,0,-322.81256488889886,124.3607479248579,0.6083914767501393,-0.4028347988035663,-444.73822021484375,-219.34172821044922,89.64354778538086,50.65552838478089,-0.15295695825177802,0.6076903478475462,59.62437438964844,131.09837341308594,14.873863623434712,24.062168678189156,-0.6928120538980382,1.811642239655467,6.073800802230835,26.383909225463867,13.044608121262728,22.35186651764023,0.8023890632343672,1.3609526431389636,1.84896719455719,23.65622329711914,-2.590997738164404,19.578021190348593,-1.0316878374297784,0.800896907322151,-13.753780364990234,10.191861629486084,0.3041519211223407,17.0356441268889,-0.6446953782208362,0.9986499573883307,-9.370229244232178,10.201387882232666,-13.487945903708106,20.053383094829524,-0.8820766537561843,0.11199221541806326,-26.692703247070312,1.1750291585922241,-3.6909278815207274,14.144323774539926,0.17616105743251156,1.7995045694708232,-10.20583963394165,1.9459816813468933,-4.841256074314285,13.519584048520686,-0.8259412519901251,1.2214678036970028,-11.491706371307373,3.168539524078369,-0.8068809250095863,12.324283271470353,-0.18100388945495316,1.2815360939170803,-6.789119005203247,5.457162618637085,-0.08235696629769561,11.324266753458097,-0.30645036001405607,1.669559741639672,-5.485278367996216,5.634160757064819,-3.224275138747433,10.400185390877457,-0.7677015722998941,1.9064273866754897,-7.357598304748535,2.1209686994552612,-0.9815459693564145,9.606059651426063,-0.04509159648073635,1.4694131984065422,-5.181748390197754,3.7153459787368774,1545.9720776953563,763.8850901883442,1.8150992350424986,4.684652640287795,962.4418259277275,1762.9239708953562,3074.585921325052,1412.0788411841636,-0.014140726381459351,-0.8307680031699705,1703.125,3968.75,0.11917176177536232,0.07949216426323172,3.074526790109946,12.94838079953602,0.0732421875,0.13134765625,1055.40229119702,809.6585391318008,1.4301352844680781,1.8576752256712492,452.21014404296875,1420.7601318359375,0.055412248605558566,0.07510697441245355,2.0353488506162973,5.375057456447395,0.0014826807309873402,0.08438217267394066,0.0,0.15943880350187734,8.123881992563692
285,0,-325.6838521653531,85.75078336228702,0.8649597815567222,-0.06834563731544563,-406.4382553100586,-261.0360565185547,63.340212159917925,49.130590481638315,0.7214059952306994,-0.7053906094580884,24.531354427337646,104.0476245880127,25.711049884283806,21.33368135307193,-0.19433992382728682,1.6503034120938214,16.427746772766113,38.58316993713379,16.60801956362511,17.072037542267328,-0.5378281515549437,1.9015226487924952,10.664021730422974,25.327995777130127,5.23221281230194,18.201899529801953,-1.064911068503123,1.0936540324403525,-4.590109705924988,15.943526268005371,3.950434901053086,18.321798699481125,-0.9182666360137992,2.0499627530614806,-5.379366040229797,13.398559093475342,-5.550958478195574,17.072295159438013,-0.6710123434361996,0.22707072797862837,-16.645440101623535,6.5249024629592896,-1.6201992475880793,13.304028335109933,-0.6652726803147664,1.2558172474193583,-8.773231983184814,5.404016971588135,-4.201264153640973,11.975016096032784,-0.7955467113847574,1.033252929098575,-10.985246658325195,3.0247808694839478,0.16523216168085733,10.537411826140886,-0.07282827359859581,0.7897209313911508,-5.792750239372253,5.469424605369568,-0.12880798048047604,9.594202760598995,-0.036313503790927265,0.7852505711873672,-4.870894193649292,4.379770874977112,-4.516907674002498,10.333509901322019,-0.4032736205566842,0.6936522217114836,-10.759939670562744,1.0290872156620026,-5.324118473315977,9.410805065907926,-0.3447657326595756,0.7052685817093272,-10.837369918823242,-0.21560820192098618,1688.9693148862941,798.9745885039381,0.899957015590962,1.3593035979276182,992.6251369503584,2097.260417817356,3585.635914522059,1747.9166892898716,-0.4112642976343266,-1.1006055526900955,1841.796875,4789.0625,0.1231231689453125,0.0861865641465197,1.9453443681541658,5.134474464836751,0.0638427734375,0.1544189453125,1030.88016646483,977.6613278079403,1.401022830405833,1.0758940923201887,320.4549255371094,1455.52294921875,0.051766075537849315,0.07726229989587434,2.3320478003117384,8.463143800962236,0.002711972047109157,0.08603503927588463,0.0,0.13701161967192904,13.05740817871779
286,0,-310.358948736995,135.78263633813347,0.12747396041066195,-1.4149845910996095,-460.9789123535156,-195.25607299804688,55.519351212736844,51.67360890521204,-0.17064398610639597,0.2559333844661875,15.198060035705566,97.2129898071289,26.841219585344625,25.937320109040144,0.4333537755503476,1.015356748622616,10.779582977294922,42.63397979736328,9.614271214083217,24.704244716136383,-0.23374964667440137,1.1311144070900685,1.8225061893463135,22.102386474609375,1.7563455695034456,18.88798159486011,-1.021941141723566,1.5922057898676742,-6.34120512008667,11.599050045013428,4.0416109955025785,16.13941554799803,0.06619721238331706,1.916801178672058,-2.9091185331344604,10.26080846786499,-13.169933399572404,22.937339548043305,-0.7681694065049779,-0.40818007146889634,-30.249619483947754,4.804823875427246,-1.0610417594841193,15.081293898770895,-0.4037631732246666,1.2054878990482223,-8.286749362945557,5.4928436279296875,-13.363138751713448,17.87189945587749,-0.7192220319755488,-0.3331507212315481,-27.16824722290039,1.3874437808990479,-1.1184465353122592,12.28043882269314,-0.45395966991453407,1.3618744210071618,-6.608725070953369,4.396965265274048,-4.614368229268522,11.541555040479764,-0.33039835128087564,0.8356591815421686,-11.48579740524292,1.876657247543335,-2.504560398887664,10.528968787312627,-0.22902489601813406,0.7246128345607907,-8.69142198562622,2.858550190925598,-4.496816778532321,10.216169431181152,-0.6576997938707496,0.923382663020083,-10.315508365631104,1.5114402174949646,1956.6937915143897,818.9038472341028,1.1485664349601838,2.0696728483703994,1415.667453689512,2232.042076165001,4140.20497311828,1524.870324012291,-0.8778689579640045,-0.23263249304973055,3382.8125,5093.75,0.14414548846915676,0.09159471811864835,1.9856486871640435,5.311371464368438,0.07861328125,0.17138671875,1110.4611150615262,954.2165269372335,1.445913708725769,1.2692274587939014,414.67755126953125,1439.1837158203125,0.06476010985308273,0.07578976766480405,1.5298918483549264,2.9214762734379027,0.0007742468733340502,0.1023639403283596,0.0,0.13361716786775982,11.489398630407099
300,0,-416.6837113406966,62.903491789157506,2.4943954871042893,7.960941776288504,-455.27166748046875,-393.1296691894531,68.72012343149139,47.77155215561009,1.0905102301961112,0.2824549023648184,35.181318283081055,101.64968681335449,42.39398749842447,22.611361366247767,0.8214764026798008,0.6795650132807327,28.877466201782227,57.05356979370117,28.930231656824315,22.760298542064433,1.4062229878188561,9.941946155750351,21.98103427886963,32.35092067718506,11.42127377718364,20.563400037174834,-2.436345398709527,7.878954426088571,12.45796012878418,19.665334701538086,-0.37140165767502864,23.39805856242921,-1.3497343933204888,0.786568121365034,-14.06562352180481,15.765187740325928,-2.7626088416591017,24.488894036501918,-1.4691936294338148,1.919614126486561,-17.222146034240723,13.365543603897095,-2.5349411669441797,20.237957063943885,-1.4419855599683267,1.3311181057493773,-12.705087661743164,10.860960006713867,-0.8173678403083119,18.43387380888891,-1.4370794578684407,2.636505418872151,-4.803947567939758,9.066853761672974,4.099203182167927,14.477141396687468,-1.1071687494909639,3.9105153708397893,3.2371389269828796,8.655812501907349,6.773415548723868,11.7325060959497,-0.022562023097597965,2.7972890182140953,4.213501334190369,8.604270458221436,7.571483701565066,11.31679976538011,0.11285516441742165,2.676775114633572,4.114690184593201,9.544987201690674,7.637864293692155,8.843256291330608,0.3134737536560178,3.3594772760508436,3.7629756927490234,10.407891035079956,1049.8975675229804,389.8947135524935,0.7801257059423679,4.144781235399342,648.5431010817524,1280.555735889207,2382.531198854337,1278.7983231709404,-0.5506556017772034,-1.4903862143731963,656.25,3429.6875,0.03283991087868249,0.040979144728025545,3.408921795129863,16.95213215273618,0.00927734375,0.04931640625,627.0319687712343,729.8648252628017,2.5013538625165883,5.205866629213791,204.85720825195312,554.426025390625,0.046952162519266524,0.08701583051949736,2.593065943195728,6.806986509920554,0.004464279394596815,0.04268491733819246,0.0,0.19516841197087495,10.30411259154001
307,0,-251.30274676978235,104.13089794117951,-0.33009235038501017,-0.859004324639633,-341.3853454589844,-170.72964477539062,113.56946185263772,62.39295716058366,-0.6931288351538679,0.025518440336287807,75.53705596923828,162.00958251953125,4.6675106490415805,30.869513452581423,0.00849179704071888,-0.060619091927344826,-16.340961456298828,26.610660552978516,13.8953503152183,28.996513213761965,0.4672569618924474,-0.13444294655839872,-6.7512664794921875,31.843822479248047,-5.3124985528547946,23.015767523923202,-0.23165743935911884,0.011084514438572501,-20.258089065551758,11.119333267211914,7.210744244334533,17.861193773679624,0.11007191687859703,0.08599885548151454,-5.034313678741455,19.041610717773438,-14.6289953675944,17.7556332357383,0.035529408723175164,-0.6103262932792748,-27.269088745117188,-1.3689249753952026,-0.799251722202873,15.724301061464933,0.014586127453341513,0.03691925461930223,-11.608710289001465,9.619977951049805,-4.1999884150196705,12.73325560655479,0.0023378044109807765,-0.149421414057477,-13.147603988647461,4.441661357879639,-9.172762919245663,14.045212146682452,-0.18248528438269235,0.0910859228202181,-18.644580841064453,0.5891948938369751,-5.183489803945084,13.313299034177442,0.09705366457266368,0.29121487274426583,-13.839635848999023,3.0973126888275146,-5.404410336025042,13.090728690711412,0.08785120987902896,-0.15964872725570212,-14.928735733032227,3.6711254119873047,-6.1379454488921334,10.763134723649559,0.0017514955157042172,0.23557726209384766,-13.369543075561523,0.8604738116264343,1424.3857110168465,912.4154580257454,1.5789383131698294,1.7554432441998955,810.4045150618267,1709.0021787718815,2628.4404691211403,1588.9955416203763,0.7797051000100138,-0.7137502605355097,1406.25,4046.875,0.1251303629750594,0.10538567357609949,1.8869084823365503,3.2605440407531745,0.0576171875,0.146484375,1285.590828730086,1077.9336673844234,1.055501800614323,-0.10345112697220005,445.85121154785156,1803.1069946289062,0.07555594198552852,0.06547912574625586,0.8483742178885748,0.5815345927003612,0.012744419276714325,0.12346568703651428,0.0,0.1010624422097237,10.81844554790405
308,0,-349.7641741276529,115.50219997436109,0.10278926391182598,-1.382080624016832,-471.4068603515625,-246.09523010253906,102.07339417169662,66.68216548439126,0.06168050712834438,-1.4204352678223224,39.62170600891113,165.53560638427734,13.031572087898178,27.787815708012054,-0.5901604779865341,0.477668551737084,-1.3814309239387512,30.16785430908203,10.255684510893065,24.305285050800233,-0.344541976241925,0.4610384945085033,-3.540559470653534,24.10674476623535,-0.9083250622774879,19.177345615383807,-0.6325353566783986,0.1569008136600476,-13.068580627441406,12.28093671798706,-11.451299116977173,21.326844848959198,-0.5260578518080681,-0.4919909300659402,-26.75002670288086,6.561026453971863,-3.940000220064311,15.93583183463759,-0.6323225135373521,0.6598401681193304,-13.60535192489624,6.19084095954895,0.12988472413010954,12.327437486096724,-0.044521482240251986,0.08190713777059244,-7.752949476242065,7.448204398155212,-0.0988506698737596,12.61936514220894,-0.10870758019264336,0.3082796895381019,-7.242571949958801,7.439679145812988,-3.833548755166273,10.435894993645332,-0.1930745941125522,0.502102312878244,-10.099594116210938,2.623908519744873,-6.2521528524120695,10.556577744186969,-0.1489732519502155,0.6557993837473703,-13.0585196018219,0.04687757417559624,-6.730980123165838,10.462064563426438,-0.14169652056145862,0.35561149771313527,-13.323065757751465,-0.7377689033746719,-4.013896320719115,9.140367254290199,0.019509773595063035,0.46348732395068515,-9.547088146209717,1.359138160943985,1149.0783630891701,713.9739746320276,2.4752624744271943,7.378625050763127,692.4763540215488,1316.9933123138162,2134.0730705676515,1509.6473990808731,1.5641416274214996,2.44186810513618,945.3125,2726.5625,0.08630333124756999,0.07727905995894302,3.2524054462439893,13.033588737204628,0.0458984375,0.09619140625,970.1678628408458,842.9957024637307,1.4682854183524099,1.4967610929651496,359.98680114746094,1312.5664672851562,0.06589929438615706,0.07514095019021995,1.0703872120890436,0.5379422755366896,0.002218028763309121,0.11837899871170521,0.0,0.10708653076662374,14.3317751987931
309,0,-318.7226680283803,124.93615799779488,0.052355157144529575,-1.2013774690865415,-445.4128112792969,-217.8225326538086,90.82953683493108,56.36397789939047,-0.11952160920085511,-0.6904362443337337,45.18522644042969,139.71668243408203,-1.9578958898493468,35.41614058060378,-0.3966265863283876,-0.4175955350893177,-27.833585739135742,24.254526138305664,19.524854342184064,26.750541117497193,0.5885091466596605,1.0287928293259236,3.8881086111068726,32.52875518798828,-5.695015565810919,21.475727373569516,-0.4618889457325594,0.35642107290935376,-19.279199600219727,8.365167617797852,-6.573710053667418,17.044815170641467,-0.27909399490663334,0.4416898750216167,-16.492151260375977,4.462952136993408,-10.40726129288764,17.238988545603775,-0.24051868890293193,-0.05462316252005994,-21.718013763427734,1.8362451791763306,-9.625290616313682,17.709874311726853,-0.32367600137799324,-0.027380836063873204,-21.348729133605957,3.145866632461548,-0.9322802968843904,13.202113002758573,-0.2809058324296608,0.06480556589763298,-9.27418565750122,7.760632514953613,0.11313692211311391,12.4946580129691,-0.2251787083885652,-0.1552637180411245,-7.850300550460815,8.63895845413208,-5.2074345447871,12.3157317184463,-0.18805484808295125,-0.1849524919408836,-13.438940048217773,3.32094669342041,-2.44558863666609,10.538456972130822,0.03321519278958089,0.12596194871595445,-9.27166748046875,4.203497648239136,-4.159475833754025,9.951766692126476,0.09012775119475946,0.32805744579373464,-11.041368961334229,2.2202779054641724,1367.7326149070655,745.7231796883573,2.0323865402550765,5.418392099732754,881.5751067290662,1620.5844062332537,2626.022601220189,1391.7927929677815,0.8961218090497176,0.5122984872901908,1570.3125,3359.375,0.10420051866680533,0.08198838673707191,2.8288559234085646,11.067747942825704,0.0546875,0.1259765625,1238.3324443701094,1008.9591191516332,1.0042169743243876,-0.04175528517435989,450.6662139892578,1833.7703247070312,0.0663884756886556,0.07475360572176998,1.3288238092346287,1.541303167845725,0.003575880778953433,0.1097099669277668,0.0,0.09294079364902359,14.197985472338809
312,0,-154.68733880957691,55.09192755149391,0.32321539542074873,6.187807618365714,-191.16395568847656,-125.31489944458008,96.49776147022337,30.29400774928522,-0.9623190998189648,1.8044073502729425,87.42377853393555,112.74752426147461,2.5035373569770005,16.622323591139587,-0.11525203770348781,2.7927703123760006,-5.485738754272461,10.673513412475586,15.201374406197058,14.080273386961403,-0.05495612494098682,1.4951121773825875,8.00817346572876,22.608134269714355,-7.5249277439778135,13.498705401094435,-0.8656714323640032,1.2652605499277794,-14.696371078491211,1.514503836631775,14.518056180082624,10.916482619795467,-0.07150021039507798,0.9076776946491489,8.21895694732666,21.150548934936523,-5.353928492778498,11.924369229968594,-0.6303924808652323,0.27899321640366415,-12.057215213775635,2.9928499460220337,0.7457623093271177,9.567809884703625,0.5593821527891603,0.8811544696456068,-5.746798753738403,6.16108250617981,-7.3964419832214485,9.447364533659226,-0.37084705372781107,0.5071240029696931,-13.088421821594238,-1.0551473498344421,3.6640031130346262,8.571192972703473,-0.2533395171952107,0.23006954236145516,-2.2287410497665405,9.602328777313232,-1.0670295966834111,7.323899403553836,-0.09841821896002848,0.3981790835041332,-5.913914442062378,3.858104705810547,-5.15631015062625,7.224745562951228,0.2605157155669861,0.6288388208237454,-9.970977783203125,-0.7817882001399994,-10.903587246723122,7.11441098534722,0.12028007745584268,0.159024656018544,-15.703927993774414,-6.2534778118133545,1691.7830013953644,653.5941442136312,1.946483854829265,4.354157204564147,1309.2047418457237,1793.585003710711,3509.9902783462953,1115.8844984098778,0.24669135423329464,0.04979970025900249,2835.9375,4097.65625,0.12152606778295129,0.08358334375505222,2.6429507092099858,8.217759262827185,0.07568359375,0.12548828125,1046.0890330029167,881.3830562320929,1.6103453325758958,2.104269868764324,411.3046569824219,1319.764404296875,0.07362982657480659,0.0634865806036273,2.466833369129983,9.637042704931458,0.03175032325088978,0.09859726577997208,0.0,0.17293584126202247,6.149947307990346
315,0,-386.04378277035283,118.42860842238748,0.986965958259867,-0.42271036962483777,-474.2760696411133,-280.9324188232422,63.70411789540858,66.40309348028238,0.7496385906165896,-0.6349278818534843,19.13517951965332,125.66230392456055,18.12095418235359,20.372078020854957,-1.1427510815732556,4.393760448904952,15.298476457595825,24.59102725982666,16.27692990120883,20.134549459503937,0.001087268381841792,2.6889531728320692,12.740237712860107,20.70345115661621,9.576862153146877,14.502856733286643,-1.3906789080591666,4.2624995889924815,8.896692514419556,14.961365461349487,5.571168833421885,12.909553747858425,-1.4900700074594118,3.17802706825555,3.663861393928528,11.403127670288086,1.5878351615859472,13.773440545052532,-1.474427406859699,3.0729936749879094,-2.2271849513053894,8.534655570983887,-0.7465897532009663,12.1350929769837,-1.5592654616783659,2.53542413765539,-5.005536794662476,6.293497800827026,1.454811120667371,10.432889220447505,-0.6238305112076024,2.7141245381352617,-0.9696282148361206,5.3563666343688965,-0.0005292963959859521,8.825362941541696,-0.972505492570484,3.094114963598958,-2.2817702293395996,3.830306828022003,-1.4093158946580602,8.196382068765264,-0.6914773500603514,2.1837246749527806,-4.09958803653717,2.5669795870780945,-2.544384000892685,9.455321652754563,-1.202623116558028,2.9380873181698446,-4.728678464889526,1.9248643219470978,-2.3455482418850786,8.72423850896845,-1.061248005366025,2.5269272316114533,-4.544207453727722,1.726640671491623,1685.858658352503,792.8371216980481,0.4875745232429832,1.1924544796862033,875.2129375047122,2141.4282907044626,3808.247673185674,1946.9114193361893,-0.5884828974437155,-1.2590091042101386,1517.578125,5257.8125,0.15220016493873703,0.08077240591658602,1.1534137599314478,4.445529113165735,0.0870361328125,0.19677734375,931.1592089352274,1043.830528847575,1.6011537850495459,1.248135534260486,264.2045135498047,1128.0008850097656,0.049001721875134435,0.08546954980094634,2.1095244135811178,4.259737026858733,0.0007153851038310677,0.06788496300578117,0.0,0.10977815419393196,13.249925588028
316,0,-294.6031252473785,89.91010604505095,0.3461716759113872,-0.890025104935789,-376.71337890625,-223.69622802734375,127.0274357462674,42.235680981882155,0.03783771553888107,-0.39573190786826107,97.50895690917969,162.40365600585938,6.394752727868567,23.4369718078643,-0.6999044461989165,0.5844586282225261,-8.018919944763184,23.159873962402344,8.291840632118738,20.11793761725953,0.3756294162858408,0.7866001989684208,-4.177068710327148,17.685504913330078,1.8217675165727136,19.433026261288973,-0.8233676059147781,0.11702481355630256,-10.054508209228516,16.510746002197266,4.013524710821763,13.453532071247794,-0.15573725751814957,0.8281757417104396,-3.2403273582458496,11.962385177612305,-9.924380087714326,14.917796426658638,-0.8334880103351454,-0.07233036509377522,-19.466598510742188,1.7846083641052246,0.8414840085176132,11.507728354696699,-0.2738920967980026,1.007756719895979,-4.649626731872559,7.462466239929199,-4.0509930096260085,10.00677717092947,-0.7435807513624809,0.6419393459656368,-9.126401901245117,2.7561306953430176,-1.258842343262253,8.122279855771817,-0.5270205484406179,0.8499397856123303,-5.502245903015137,4.1331634521484375,-2.8637086346442593,7.440663482529271,-0.21181074167153097,0.3872102661396988,-7.113120079040527,1.7520567178726196,-5.124724403845611,6.675726808825196,-0.03769636300118013,0.2650235506969141,-9.237143516540527,-0.9378637075424194,-3.66210419277951,6.295991575429616,-0.1002495733581519,0.6469991898118601,-7.395415306091309,0.219073086977005,1228.453027327079,573.5696767314664,1.4371202933019502,3.6047677974325856,748.9900317116069,1464.4466372620482,2343.7926065939514,1274.4700707536044,0.524115416063843,-0.34732969549433745,1179.6875,3195.3125,0.08783010426995538,0.06071215312639738,2.9190891759766826,11.839645373436463,0.0537109375,0.1005859375,969.3872527853777,803.2236336927739,1.7010190434611574,2.8316477012087855,397.9371032714844,1293.7365417480469,0.05917640346980297,0.08060803927523044,1.8331793949866189,2.8411008401383873,0.004920913837850094,0.08076544106006622,0.0,0.10314511742786453,11.165909361977544
