speaker_id,label,split,mfcc_0_mean,mfcc_0_std,mfcc_0_skew,mfcc_0_kurt,mfcc_0_p25,mfcc_0_p75,mfcc_1_mean,mfcc_1_std,mfcc_1_skew,mfcc_1_kurt,mfcc_1_p25,mfcc_1_p75,mfcc_2_mean,mfcc_2_std,mfcc_2_skew,mfcc_2_kurt,mfcc_2_p25,mfcc_2_p75,mfcc_3_mean,mfcc_3_std,mfcc_3_skew,mfcc_3_kurt,mfcc_3_p25,mfcc_3_p75,mfcc_4_mean,mfcc_4_std,mfcc_4_skew,mfcc_4_kurt,mfcc_4_p25,mfcc_4_p75,mfcc_5_mean,mfcc_5_std,mfcc_5_skew,mfcc_5_kurt,mfcc_5_p25,mfcc_5_p75,mfcc_6_mean,mfcc_6_std,mfcc_6_skew,mfcc_6_kurt,mfcc_6_p25,mfcc_6_p75,mfcc_7_mean,mfcc_7_std,mfcc_7_skew,mfcc_7_kurt,mfcc_7_p25,mfcc_7_p75,mfcc_8_mean,mfcc_8_std,mfcc_8_skew,mfcc_8_kurt,mfcc_8_p25,mfcc_8_p75,mfcc_9_mean,mfcc_9_std,mfcc_9_skew,mfcc_9_kurt,mfcc_9_p25,mfcc_9_p75,mfcc_10_mean,mfcc_10_std,mfcc_10_skew,mfcc_10_kurt,mfcc_10_p25,mfcc_10_p75,mfcc_11_mean,mfcc_11_std,mfcc_11_skew,mfcc_11_kurt,mfcc_11_p25,mfcc_11_p75,mfcc_12_mean,mfcc_12_std,mfcc_12_skew,mfcc_12_kurt,mfcc_12_p25,mfcc_12_p75,centroid_mean,centroid_std,centroid_skew,centroid_kurt,centroid_p25,centroid_p75,rolloff_mean,rolloff_std,rolloff_skew,rolloff_kurt,rolloff_p25,rolloff_p75,zcr_mean,zcr_std,zcr_skew,zcr_kurt,zcr_p25,zcr_p75,pitch_mean,pitch_std,pitch_skew,pitch_kurt,pitch_p25,pitch_p75,energy_mean,energy_std,energy_skew,energy_kurt,energy_p25,energy_p75,jitter_local,shimmer_local,hnr_mean
1,1,val,-291.51288,120.777176,-0.05784134472859015,-1.0477909535895042,-409.49217224121094,-193.94552612304688,88.60207,61.452904,-0.22688163464213665,-0.7204365831335489,29.941553115844727,139.86688995361328,11.113634,32.35296,-0.29712674594308186,0.568918481320607,-7.023223400115967,31.537325859069824,18.14404,29.564457,0.44533514798960183,0.4755273872244552,1.393341600894928,36.201438903808594,-11.51828,22.672047,-0.4301054655455986,-0.2596331368752349,-27.440430641174316,6.680687665939331,-4.8984804,19.368668,-0.15003387811814964,0.7095118342564075,-17.302827835083008,5.94602370262146,-19.184221,21.96288,-0.4015491886121352,-0.7003121947763957,-35.565683364868164,0.7754423022270203,-7.255404,17.089497,-0.22924441323326933,0.42246625080788736,-18.343608856201172,2.7737525701522827,-5.811947,13.614297,-0.26240293963695993,0.6272391560406112,-14.288101196289062,1.7515790462493896,-4.671408,14.696445,-0.450988260674286,0.4856855896820971,-13.018832206726074,4.661419749259949,0.26523483,11.675914,-0.09687694453364154,0.7193058781417538,-6.128945350646973,6.714582920074463,-0.5932015,11.932167,-0.11649097602187278,0.5108168774567405,-7.832336902618408,6.212193727493286,-3.1968985,10.384608,-0.16875301344725988,0.5019792278812216,-9.54768180847168,2.8562312573194504,1505.871702935673,824.304199114694,1.761873104915796,3.42914932460552,933.8979750407491,1741.6083491894506,2943.2695559134545,1558.082948565485,0.32299658553970534,-0.8976433069718118,1558.59375,4144.53125,0.1181772734892331,0.09028265812853145,2.682232556021275,8.395330443672872,0.067138671875,0.12841796875,1066.0414,990.08954,1.4756053139095437,1.1606800335326968,389.6035499572754,1442.9580841064453,0.06569238,0.07439016,1.7641053293123141,3.7879025000332724,0.007265469408594072,0.09732685983181,0.0,0.15236376376500155,8.485836704062848
2,0,train,-324.5647,105.312996,0.9738777565351984,1.1228827688653902,-407.9106254577637,-262.90796279907227,68.57095,48.17183,-0.41030597255929174,1.360702016839739,39.54464554786682,99.82132053375244,13.831625,29.436697,-0.9496224537390917,2.55771544805365,4.172479629516602,28.635953307151794,8.299679,23.35946,-0.3933924761049238,1.5619005664620011,-1.0286672189831734,19.856457710266113,-1.1699677,17.813854,-0.7695783435029268,1.9093393364325963,-10.602715566754341,9.96816498041153,-1.5370612,16.24799,-0.5160033149058554,1.6933484926046298,-9.94950108230114,7.998151361942291,-4.0587544,14.804084,-0.6194949689762713,1.542071928334559,-11.728920936584473,5.2600327879190445,0.3267032,12.603335,0.23458604881637476,2.1877959629235555,-5.958938621450216,6.143458932638168,-2.9396534,11.920491,-0.13858786931763192,1.9463640103993196,-9.542498640716076,3.8106842786073685,0.22239202,10.104677,0.19985570197773003,1.7658957829570334,-5.1973539143800735,4.889705836772919,-4.3057365,9.947609,-0.439136720631154,1.7812538411855185,-9.56138625741005,1.5897225886583328,-3.333624,9.860723,0.10552191057241628,2.150211910444585,-8.653841972351074,1.576842039823532,-4.0799403,8.911091,-0.3268532345320359,1.804626090175459,-8.68205663561821,0.8044550195336342,1977.5803650312089,922.2261721723278,1.4339271559602251,3.4006015635219606,1330.7980624391203,2394.6228857249357,3970.6060485646285,1629.7542780482909,-0.3680769175067174,-0.5031982796235851,2756.34765625,5201.171875,0.1711928961669286,0.10297459504657416,2.1785365093060918,7.5889926842018145,0.106170654296875,0.210693359375,1217.1047,951.93646,1.183657028358841,0.9174095444903532,477.47205352783203,1715.113380432129,0.050768074,0.0764011,2.7192730222695336,10.33543187178509,0.005478146151290275,0.06221338384784758,0.0,0.12357469615567056,11.06613949774918
3,1,train,-289.6554,87.65382,0.09607406247016571,-0.49507330685287654,-357.2991638183594,-223.47074127197266,129.22742,46.82294,-0.6696177469393129,0.008474319990113166,100.8189697265625,165.38552856445312,19.108772,23.80644,-0.8974362007191046,1.461017181550572,7.264417886734009,34.92097091674805,17.43087,24.244427,1.0608516915977884,1.8446530824629646,2.446658134460449,27.060291290283203,-3.3714433,18.873549,-0.5069002874825894,0.46722153864130034,-14.177734851837158,8.732800960540771,-7.702907,15.940863,-0.25301274077087726,0.5319811011622564,-17.414819717407227,2.40241277217865,-15.353627,13.83595,-0.2844436316782729,0.2340734928930579,-23.98428440093994,-5.666285276412964,-14.200471,13.953014,-0.5767164863897519,0.5591372949152342,-22.384946823120117,-4.440557956695557,-5.64998,11.085667,0.15457836166936048,0.6226850627256448,-13.090417861938477,1.1226163506507874,-3.3386273,10.420451,-0.05126790109422383,0.4831528989572269,-9.798606395721436,3.178476095199585,-3.77563,10.427342,-0.18720794856084566,0.3966544703409114,-10.253945350646973,3.045586347579956,-3.6397574,9.480645,0.032726263095728486,0.5393387396132598,-9.546891689300537,2.237846612930298,-3.1828928,8.914488,0.10998700828086562,0.6265123497751204,-8.76490306854248,2.242437958717346,887.3634186297455,377.6994970549725,2.6624602137959665,9.419743298945193,668.9398645431835,969.0131492613023,1506.9508038258039,859.1384626734035,1.4543157255450798,1.7915317215582078,882.8125,1812.5,0.06611696439170398,0.04086895176735375,4.129201044156858,22.02811066125404,0.04736328125,0.068359375,726.07764,714.96094,2.5947363447247374,6.671097920935596,328.8642578125,743.390869140625,0.06523061,0.0747577,2.1201694881460655,5.864959203906164,0.013512552715837955,0.09147733822464943,0.0,0.16332756339402899,6.945551979293838
5,1,train,-334.48056,104.72409,1.1292713866520012,0.35838831583192277,-409.1816635131836,-267.76981353759766,66.520515,46.27606,0.6817662886493059,-0.1935544749014062,33.08236426115036,99.1613245010376,5.0176277,28.898228,-1.2066858949942616,2.00990410696903,-2.616192042827606,20.647616147994995,9.913429,18.725534,0.9381553935976963,2.8230102034863402,1.2930165641009808,15.706256031990051,0.6864524,16.899954,-0.5775716848711561,1.7634566210290528,-7.141350731253624,9.754674255847931,-5.0932655,13.697768,-0.9260942786369403,1.6126484673071761,-10.617682754993439,2.396580621600151,-6.6978607,12.448548,-0.5130118079367885,1.3360072781918233,-12.744104027748108,-0.1567559838294983,-5.0505543,11.5377245,-0.5257160668813945,2.4353370239276217,-8.853141315281391,-0.033297181129455566,-2.743629,11.211008,-0.6033597128166739,2.060918198636303,-7.151358067989349,2.834822788834572,1.5091666,8.827572,-0.36109306002511626,1.997572432386679,-2.370480924844742,6.085400015115738,-0.2596041,8.635963,-0.5840907254890304,1.5615988808838412,-4.147083550691605,4.103076606988907,-1.1602442,8.961792,-0.4498897954588204,1.6070184829113965,-4.882634222507477,3.1466314867138863,-1.286446,8.645399,-0.07063831915705346,2.1564377426013923,-5.230245053768158,2.676100604236126,1306.9750207931436,444.2728386319724,1.956482879355332,8.685848110168315,1069.2484592185078,1439.6990807150091,2614.4762006988985,945.9922398341836,0.7419314164163229,3.784899682933455,2031.25,3113.28125,0.10217063669732149,0.048001557290251046,2.0764983788698004,8.272320297415769,0.072509765625,0.119873046875,925.4032,775.3905,1.5295063993695401,1.8464533864257011,376.4871597290039,1211.3722839355469,0.04332529,0.08266667,3.160328862888694,12.623982891367941,0.0029703313593927305,0.042282369919121265,0.0,0.13454728044334013,10.956017735705293
6,0,val,-315.6599,118.74597,-0.17517028138779875,-1.1028784160675311,-442.1705271402995,-220.76083628336588,90.54539,62.44429,-0.20113529279885226,-1.0794506940282256,32.42610740661621,144.9410196940104,12.394992,24.772516,-0.2411311496239358,0.5014436851017368,-1.670779863993327,27.39690113067627,10.303693,24.70495,0.18323181016015275,0.3177259004215041,-3.6662937005360923,24.48125966389974,-2.247483,18.694048,-0.25618826479815576,0.11513551088816405,-13.621075948079428,10.070838928222656,3.0190623,13.924789,-0.2320079439460936,0.710467154784194,-4.458268562952678,11.681509017944336,-19.43441,22.118258,-0.39349544041648166,-0.516681454796195,-35.358629862467446,-0.046357532342274986,-4.758945,15.154659,-0.32071305052808213,0.1318940682711253,-14.373147328694662,4.927817026774089,-7.1881924,13.2871065,-0.18468955081365232,-0.09719222303924531,-16.58203125,2.2694397705296674,-7.2430673,13.249123,-0.4757282532243197,0.467437677568352,-15.038708368937174,1.139420708020528,-3.6142092,10.8171625,-0.04922514404035311,0.2391208301223838,-10.58498239517212,2.3528284629185996,-3.699894,10.596492,-0.056026194287911425,0.3844601431215772,-10.20410410563151,2.6671647429466248,-8.222064,10.196276,-0.32951338887186604,0.21366840528631062,-14.634603500366211,-1.663715124130249,1479.7876813138726,824.7013282897705,1.4650118261844607,2.4875131950850573,853.4315612642616,1877.4778370744027,2822.4754113070776,1618.7789693485963,0.5044458518673706,-0.22541094122400862,1369.7916666666667,3997.3958333333335,0.11665642878023648,0.08721160155875085,2.1056558860766112,5.542282041787696,0.056559244791666664,0.14444986979166666,1217.8519,1027.3632,1.1971027995276804,0.5576731600593791,423.69593811035156,1756.5298258463542,0.0667456,0.07323006,1.427061706458996,2.8407968187997654,0.003419245438029369,0.11011540020505588,0.0,0.09430913084008503,14.006144970084911
7,1,train,-342.95935,95.559074,1.156422482509793,1.1195269132585295,-419.94793701171875,-279.31356048583984,62.390705,51.19005,0.1668404808062405,0.7325417275672561,23.46589159965515,101.81100082397461,18.774397,22.532263,-0.9754867914487375,3.9941842249281554,14.71405565738678,29.47281837463379,14.303957,19.26458,0.1579559566080024,2.4579902334138497,9.205959916114807,20.290259838104248,2.350822,15.458061,-1.197907961900497,2.7564189990852563,-1.0886759757995605,9.414550065994263,-1.3803011,17.088314,-0.49094772182367935,3.5458739725848556,-8.425389111042023,6.5095436573028564,-4.1139283,15.160938,-1.411197618776108,2.1392117487434392,-9.313177108764648,4.637621164321899,0.8349046,12.180809,0.06541070033913648,3.3031853296272176,-4.090362787246704,5.237639307975769,-1.9984362,11.733261,-0.9304599310847175,1.9195530642150223,-7.88858962059021,4.432597219944,-0.4515313,9.617736,-0.5823108806984281,2.394711960723881,-4.444182485342026,4.044941425323486,-0.5213446,9.050755,-0.5771751259408571,3.217900101475746,-3.7279105186462402,3.080864727497101,-1.209663,8.476156,-0.20552766894329083,2.731094019913827,-5.053376913070679,2.126245230436325,-1.6718009,7.792097,-0.40761538149259013,2.723826902051511,-4.759420990943909,1.5051879286766052,1623.847584851362,716.9520410416885,1.425014291765447,3.9775087629826076,1113.0839268711597,1934.9863409806912,3472.2607274732736,1458.5524764592235,-0.4787768763736737,-0.46926570586569194,2320.3125,4628.90625,0.12229065232705841,0.07361533952851465,2.318191904304669,8.814627205824149,0.072509765625,0.139892578125,915.87885,835.96545,1.8029710783534973,2.7752640918466702,361.8729248046875,1100.6870422363281,0.042398702,0.06845036,3.0046752242564043,13.847294459709804,0.001270132081117481,0.06324784830212593,0.0,0.12735295134999808,12.383707577757967
10,1,val,-340.86154,108.66898,0.8633166863756758,0.29081162024762297,-438.14978485107423,-269.414444732666,63.894432,56.57914,0.26673578344892157,0.24521764462434809,15.373813017457724,107.09945716857911,9.49848,26.466778,-0.7742808302510428,1.8013651167959694,-0.3977725267410278,24.503432703018188,13.488797,24.534119,0.9910271122636782,2.213434120638637,1.3067793104797603,23.106938076019286,0.24111824,19.907175,-1.02845932813663,2.0811177401530347,-6.631185472011566,11.13904411792755,-1.59708,15.269449,-0.5376660974316557,2.02579788241028,-7.855171716213226,5.046487465500832,-5.0244303,14.317648,-1.0790691380185304,1.813073745376484,-11.325769710540772,2.7180656895041464,-4.2326994,13.229495,-0.5573218758479609,1.988482400582346,-10.200507164001465,2.0387972429394723,-4.387202,11.918413,-0.5441749901932964,1.57016174013212,-10.512934494018555,2.095670960843563,-4.089328,11.906737,-0.6695568273854711,2.1036733978458813,-9.546947407722474,1.7387030869722366,-3.7748008,10.463781,-0.35913900739459975,1.8526008391977762,-8.780576801300048,0.9576395824551582,-3.7934346,9.881793,-0.2600943473491097,1.6044210768510943,-8.603829789161683,0.4923912450671196,-3.3269455,9.590991,-0.5657114502961296,2.1250293153903845,-7.795179295539856,1.4308528482913971,1807.143903217815,824.5949251991385,0.9432909506266858,2.006201861414615,1196.3691731015751,2192.26938372373,3634.751192797297,1592.3357095896245,-0.2784565235001633,-0.366827168249834,2403.90625,4864.0625,0.15141194674379496,0.09186122988024312,1.7604766020283733,5.3662454427143995,0.0848876953125,0.1823974609375,1221.2651,1000.6172,1.1612053051001123,0.5292977451017791,451.0793975830078,1691.2445434570313,0.047284387,0.07472072,2.8271368512292483,12.789800180618103,0.001553611794952303,0.059693219140172005,0.0,0.13261530409239602,10.871297391338107
13,0,val,-367.8665,90.91674,1.489806777713781,4.590434705466182,-438.9294261932373,-310.4828052520752,65.258545,46.70732,0.6574696736725972,0.7283390970686398,32.10547795891762,101.6949028968811,16.509743,21.633493,-0.9345820206022676,7.52647365636657,8.180168598890305,25.534943342208862,9.598885,17.861471,0.41451426174056577,4.564459833087618,2.441601902246475,16.510273694992065,0.9047811,14.880656,-1.662291935233248,5.355273022991581,-3.6637115478515625,8.868799865245819,-2.5028076,15.040628,-0.9692968007356634,4.009672664998218,-8.46078397333622,5.734129428863525,-3.7157316,13.679136,-1.0479584657010512,2.5975165645049185,-10.189704954624176,4.469772458076477,0.64964867,10.696352,-0.4051453987674906,3.42125614893896,-3.768378123641014,5.746963784098625,-0.2462829,10.831713,-0.8731850148591194,3.4109287063037854,-4.466382712125778,5.420631550252438,0.22002175,8.8294115,-0.31635399767457767,2.6910484588717303,-4.139143213629723,4.544604830443859,-2.4654055,8.4129715,-0.31077212823692524,3.3482454711378504,-6.343530148267746,1.7766544744372368,-4.0414996,8.139494,0.04852101905625766,2.511211831342947,-7.970681667327881,-0.13285263255238533,-4.016298,8.230784,-0.17067201550285255,2.812314274094918,-7.970489919185638,0.11968063935637474,1564.6076743792844,657.7906756954143,1.426833304013062,4.981989282421274,1167.3364348206228,1747.4415014180936,3192.2475171786773,1307.3335702731301,-0.202345392425952,1.2959379696176025,2337.890625,3878.90625,0.11826387552124762,0.06971107553291914,2.5803412670118635,10.594051501936985,0.078887939453125,0.130615234375,983.9854,776.4551,1.5319924855875513,2.3165125608895556,412.02880859375,1297.5535583496094,0.042089246,0.06930595,4.412067646378126,37.790975171408654,0.0016467511159135029,0.0639166587498039,0.0,0.10351490610640421,15.276642905031514
14,1,train,-325.30783,126.90217,0.8336154596554322,-0.5157350175359414,-435.63903045654297,-223.54613494873047,39.141308,49.473225,0.08291338539788844,1.399570305717858,22.076518058776855,61.10159111022949,18.734432,24.456884,-0.652671588453342,3.2770079786205786,14.259927749633789,26.554444313049316,18.60226,21.779495,0.863660751677497,2.570003859297307,10.731953144073486,23.658459663391113,0.8236913,18.581633,-1.1500117537906502,1.2916481578007613,-8.487603425979614,11.712014198303223,4.0883064,15.67391,-0.5470791618685356,3.0750667561746,-1.3368294537067413,10.08189058303833,-2.589118,15.150738,-1.0288721394518054,1.1401139317268791,-10.797407150268555,6.512720704078674,0.37873235,14.662794,-0.16797579335916635,2.404911330329681,-4.807272672653198,5.798212051391602,-3.3754423,12.77653,-0.7061679006704338,1.1330071898540837,-9.524860143661499,3.389098286628723,2.2536523,10.397531,0.527397797676695,2.7725099010671643,-2.191782534122467,6.341675400733948,-3.0478325,10.704127,-0.4549623698139046,1.6200492152305142,-7.3482890129089355,1.8493404388427734,-1.6638598,10.559897,-0.2211779095711329,2.1375033519684443,-5.130457401275635,2.1831230521202087,-2.269404,9.955068,0.029529967890031653,2.0684644668923573,-5.844613790512085,1.3824975490570068,2080.4233722142008,980.9766780310547,1.3676060844401352,1.3955272896077098,1575.378119729809,2317.870082363078,4160.968931974589,1348.0229251810883,-0.34013510558924714,0.12270933553742536,3648.4375,4929.6875,0.15937174306842244,0.12273308176898957,1.9194598981175413,3.3202232227442297,0.08837890625,0.18408203125,1318.146,1120.9651,0.9566618963993025,-0.42905169150331135,423.7708206176758,2024.6644897460938,0.046739314,0.08240406,2.9439819379160737,11.48042324342161,0.0011272474948782474,0.060568537563085556,0.0,0.12899191335832672,8.57156406920851
15,0,train,-327.28067,100.277695,0.8137358234443157,2.8976694750639416,-417.40064239501953,-254.20806274414062,79.18126,54.664978,0.002525792511304603,-0.8336211640437746,23.61116189956665,126.43749084472657,3.7906857,27.418201,-0.6508182488713721,1.9380684125954073,-10.308282059431075,20.46557903289795,2.1806774,23.329523,-0.27122103794391644,1.8218119284184842,-9.996451699733734,13.441806602478028,-7.5734673,17.501646,-0.9023625756169839,1.2116281371327653,-18.004566287994386,4.984443199634552,-10.210049,16.997097,-0.8496277106195655,1.420871014912167,-20.47213182449341,2.678384521603584,-11.518671,15.207754,-0.7019914723490358,0.9097928637597498,-21.747552108764648,1.1133051097393036,-5.818659,13.3780155,-0.42139671376911,0.6952506718306286,-14.925163412094117,3.498729944229126,-7.063113,12.13632,-0.31391448124845556,0.8426141645756253,-15.399065399169922,1.7212809801101685,-1.2573858,9.862446,-0.2000380183011723,1.534622094090154,-7.156068301200866,3.9037602305412293,-4.5170074,9.567059,-0.5003902852227926,1.7134044253753635,-10.304755258560181,1.3473287522792816,-1.1743596,8.434537,-0.2176204721440269,1.681334622706067,-6.010582101345062,3.0396564662456513,-0.071509995,8.675697,0.3337191141856877,1.7766733814584583,-4.751557183265686,4.182969892024994,1615.1761860327113,693.2572506895477,1.1898767909437957,3.5319123205697287,1121.2211951918462,1997.1700765734622,3204.832058981265,1470.0711085681069,0.07971148094176925,1.4734978386708826,2078.90625,4471.484375,0.12840617259838188,0.07294247669894607,1.8296513498737252,6.0961977458667045,0.0810546875,0.15302734375,882.68225,746.4426,1.8237381596834292,3.727372860702933,366.0995346069336,1141.6587982177734,0.057421327,0.07271935,2.367207155092623,10.432423666678067,0.004803556523984298,0.08741970099508763,0.0,0.11270462222663587,14.158523405321853
16,1,train,-343.4405,111.47745,1.1892995610913508,1.815419480478238,-441.961217880249,-286.94749450683594,89.46228,54.62759,-0.32963696162204614,4.022174784698706,42.42778444290161,134.08183002471924,19.675003,22.221008,-1.1970886958732234,4.243328008528412,12.136636465787888,32.25913715362549,13.41473,19.953117,0.011771984076685414,3.7413110257920885,7.011280804872513,22.712721824645996,3.9585752,15.987633,-1.2165222388513763,2.9461546245430066,-0.7721406370401382,12.533332586288452,1.1466014,13.130497,-1.068099154343669,2.8752193467462637,-4.336970463395119,8.257472425699234,-5.5484533,13.464376,-1.2671457494926686,3.108221677235291,-12.721348077058792,4.11595644056797,-1.2052503,11.064045,-0.39357951130751356,3.663291389036085,-6.929600551724434,4.8849677592515945,-1.7729639,9.680924,-0.5339925470629444,3.3941382533005746,-7.405719447880983,3.8580736815929413,-0.5921248,10.249477,-0.9307781534907358,4.569826872814796,-5.206008106470108,4.571490779519081,-0.5074446,8.381615,-0.2608223126172192,2.8096690487788147,-4.2661488354206085,3.5934594497084618,-0.32159373,8.553286,0.052061353958914314,2.2863992703775478,-4.429939448833466,3.5690168291330338,-3.523553,8.599574,-0.7855413204389632,2.52062293327836,-7.480090141296387,1.0868866839446127,1588.2188144326146,644.5432643849931,1.20008989738504,4.25838982787047,1135.0108819107943,1882.0244860196858,3406.7219052753494,1417.9073574768586,-0.34000564214771606,1.068664715457102,2338.8671875,4394.53125,0.12597673582238494,0.06943952760273672,2.3181297297685006,9.402885810276281,0.082275390625,0.1448974609375,823.3624,804.55725,2.207872853987985,5.208745307615803,324.73741340637207,985.3590850830078,0.050865307,0.080151945,2.2791676938803325,6.602424299063277,0.002666211647010641,0.06613250501686707,0.0,0.12299585812832295,10.397607382574488
17,0,train,-325.28116,106.126915,-0.2835874723552909,-1.1073870386941989,-430.1147918701172,-241.68404388427734,93.71139,72.74704,-0.2693082350221413,-1.2597636382033286,12.2782883644104,158.57850646972656,3.8203573,32.60308,0.0785491149107308,0.22815663185421586,-16.50258731842041,22.9970645904541,5.524566,27.61678,0.06456030497929584,0.2714396447011178,-9.945918083190918,22.738444805145264,2.4675634,17.078506,-0.5200824626569442,0.9722008107511186,-5.737040996551514,12.815787315368652,-7.138341,17.375511,-0.5871998981004342,0.25786693347417744,-17.700594902038574,3.0292840600013733,-7.896093,16.599783,-0.5502916433617436,0.4058695503431742,-18.303268432617188,2.1512041091918945,-9.803681,12.95,-0.23531420673176603,0.024207615098631674,-19.125925064086914,0.5505946427583694,-5.6527286,12.012279,-0.23376651463533954,0.21920319341324568,-14.139810562133789,1.2947297394275665,-8.378519,11.294246,-0.2608686792555298,0.33982419249786,-16.30860137939453,0.1122661754488945,-18.803698,15.415177,-0.22456721234039928,-0.7496224513750871,-30.752782344818115,-3.7827813625335693,-7.748539,11.072133,-0.19135790612863274,0.15256257404532647,-15.34390640258789,-0.07661700993776321,-0.12578586,9.135564,-0.04229972175381546,1.13519853750162,-5.083025217056274,4.676178574562073,1359.1974724407678,965.2399224528687,1.8224435674625594,3.633544021413738,671.8252435566858,1708.7395509310231,2605.0286441756843,1831.8999023820265,0.7376566089525506,-0.5780879146803506,1046.875,4046.875,0.11398212474140675,0.10274557610076414,2.3849453611932496,6.874900623317201,0.0498046875,0.13037109375,1192.0013,1018.4035,1.0952113077547405,0.031024772427795,401.7381820678711,1705.9182434082031,0.07087268,0.07046226,1.1545251460479782,1.3929510692250417,0.004200216033495963,0.10964503698050976,0.0,0.08348186625628169,16.762936181906667
18,1,train,-368.4692,103.3461,1.6041709732321456,2.3851125914645133,-443.3574905395508,-313.11549377441406,46.22531,50.615852,0.7586158032260194,-0.5587133353811304,7.309263706207275,88.56694030761719,9.496397,26.777449,-1.086696032052421,3.0611248348958062,3.6091849207878113,21.573716640472412,15.504445,21.101837,0.8425852684834814,2.2300920437803953,4.0500417947769165,24.91917610168457,0.8747971,17.002731,-1.5104204560871173,4.689337895667095,-0.11500677466392517,7.7011590003967285,-3.6545203,14.831305,-0.9252744000209169,1.8469906469800543,-10.003097772598267,3.639839768409729,-7.9021854,15.524691,-1.2275569700900737,1.2339443925947737,-16.24595594406128,1.4316096901893616,-6.200722,14.185009,-1.0212674729885944,2.069671940688929,-11.195236682891846,0.5496849566698074,-2.8348007,10.574278,-0.25118221864645657,2.2517950660408923,-6.045939087867737,0.45926035940647125,-2.1385267,10.575109,0.004573982507755574,3.2913685901014205,-5.172183036804199,0.447839118540287,-3.5843058,9.474538,-0.5153754625719357,2.7639899744444545,-6.5282756090164185,0.055390022695064545,-1.8522298,8.022802,0.05439411886223102,3.552553570921666,-5.036406517028809,0.4258711561560631,-1.8169675,9.096538,-0.03202539990660188,3.527848273351311,-4.905772686004639,0.8113120496273041,1612.8241746116998,643.4218058290995,0.5133562389470799,1.0956655974605622,1062.6254189147303,1997.6921291868343,3291.7708507700036,1410.466509678441,-0.4734047860425783,-0.9335662564280383,2039.0625,4406.25,0.13587966474514562,0.0737864275685469,1.3408953845674536,3.3032079013546998,0.08251953125,0.17041015625,982.7219,869.3306,1.5224386126571574,1.538968614647743,369.0370788574219,1276.844482421875,0.037770845,0.08567711,4.090540260740322,19.746102910607554,0.0005365134129533544,0.03655196260660887,0.0,0.1259344865335083,11.50734120257855
21,0,train,-315.83124,96.34885,0.1817067574578369,-0.046299194877572704,-392.11297302246095,-246.05366744995118,87.13019,56.26487,-0.20618780148616916,-0.12425498102580627,46.81062593460083,130.23430404663085,17.995127,27.969538,-0.4379376554450431,1.5618852599374062,4.383425226807594,34.801160621643064,13.777532,23.773302,-0.020510189125264165,0.9887579769521349,1.3091715425252914,26.696515846252442,-1.6823013,17.92809,-0.6960200757667615,0.6414258669329589,-11.734094953536987,10.876036596298217,-4.5405607,16.38426,-0.6457796250186292,0.793505259629931,-14.288989448547364,7.115599179267884,-9.036764,15.7311,-0.6217919109402763,0.7134625900620928,-19.369289875030518,2.7162199407815932,-5.1555223,13.8081875,-0.044618264342413186,0.48934637735157194,-14.513705348968506,3.8082852602005004,-6.3905535,14.05542,-0.37676442118910225,0.2721517211221383,-15.758397197723388,3.272769157588482,-4.1792555,10.334582,-0.20402311156645708,0.4321963495230651,-10.900489926338196,2.6736589908599853,-5.2451468,9.741888,-0.16252194732097436,0.7080546746698888,-11.595768189430236,1.2814843326807022,-1.8690331,9.399843,-0.20158345777478437,0.8812472452649468,-7.401497101783752,3.8571604609489443,-3.486424,9.609594,-0.16091467188525857,0.9920801456075676,-9.229200720787048,2.2924765944480896,1601.6508618350858,917.4489509744562,1.4277372125264707,2.378743229092035,929.2017395054772,1906.6300860759206,3098.1268280153877,1761.4778921389116,0.33646898954483306,-0.5862763774817681,1560.9375,4310.546875,0.12334911444923549,0.09958493406433322,2.2985772838443324,6.593652804166949,0.06220703125,0.1384765625,1114.7253,1007.42694,1.3235263171183358,0.8503501692687916,375.62889709472654,1617.2680603027343,0.05977183,0.0699349,2.1570030294461393,9.491982406080972,0.007875782134942711,0.08926682509481906,0.0,0.11960356431097988,12.426549435613389
22,0,train,-359.3789,111.14065,1.143753516614013,1.9302028294828382,-458.55444590250653,-290.76624298095703,54.62055,48.238186,0.39838577286502636,1.2327368837644155,20.245261669158936,88.95224857330322,4.9894023,30.704107,-0.5236322738221336,2.48529496872313,-12.131948630015055,20.592090129852295,5.7993407,24.342093,0.14636809661146968,2.415435094013732,-4.298334002494812,15.516541639963785,-4.114994,21.638346,-1.3643507544998268,3.0889105236883005,-13.25008467833201,9.14432430267334,-7.7540717,19.979033,-1.116679266356207,2.0024434203820722,-18.027363287905853,4.659829169511795,-11.604306,17.425919,-1.2567729480386236,2.4907160873427254,-21.587517460187275,1.790172537167867,0.33649778,13.993587,0.08920490255312914,2.782934677519505,-6.024158974488576,6.651347557703654,-5.005973,12.900887,-0.9587273348788453,3.059365850947092,-10.548508067925772,1.8673847218354542,1.3033346,9.291844,0.32582730393568626,2.9446531194280308,-3.0946704546610513,5.379315376281738,-0.6839811,9.367269,-0.09669259374880301,3.0231479993751873,-5.1650161643822985,3.648412903149923,-0.57591444,9.188665,-0.03360730835220229,3.017908805989649,-4.797005424896876,3.410406251748403,0.73227787,9.235122,-0.3309218181597021,3.3435123706440755,-3.0837985252340636,5.358376065889995,1936.3727279999073,861.8141030228861,1.8982910987340207,5.243005036400477,1419.4486686497803,2120.0440988493806,3932.8014196221106,1466.7552022412326,-0.5370662425513297,0.19091384142650392,2817.7083333333335,4937.5,0.1520734715864367,0.10494452770342032,2.993039824382988,10.71452727822079,0.095703125,0.15966796875,1016.9678,883.61456,1.4727233095635939,1.476209893881572,400.3312276204427,1337.5055745442708,0.043635886,0.06666497,4.546356590487014,42.19775129814584,0.0012826742167817429,0.06551606316740315,0.0,0.13312361166460404,10.943853162458824
23,1,train,-229.62152,87.19667,0.7485530552847841,3.030080340687935,-302.5461483001709,-177.73977088928223,68.47575,35.05256,-0.6100107209687521,2.5147191159498723,46.460007667541504,90.88200187683105,6.3181496,21.258625,-0.4760343796416892,2.8214412756799785,-5.776401519775391,18.211626648902893,10.397139,16.25072,0.9792640663893781,2.855636905300189,1.7282384037971497,17.49738836288452,-8.774585,16.733883,-0.8767713538577082,2.2953099320615267,-17.82831621170044,1.372434601187706,2.061362,12.258232,-0.4839444488130903,1.991906808433055,-3.9900598227977753,8.222490310668945,-10.264581,11.821989,-0.5370963148250085,1.095044177588969,-17.114070653915405,-2.3052271008491516,-4.631909,10.705582,0.058110265546542084,1.167857808292455,-10.872779130935669,0.9420019239187241,-8.337294,9.991788,-0.3307760731371204,1.0291894679940494,-14.51470959186554,-1.7370188236236572,-0.063527465,9.110305,-0.20196300133485598,1.402471941261123,-5.200360685586929,4.810356140136719,-7.5268035,8.649577,-0.10246134291953718,0.8742441535852676,-12.976486086845398,-2.626635730266571,-3.185411,8.197815,-0.05047833734573054,0.5824853113673174,-8.316914439201355,1.4718077555298805,-6.5037994,7.821662,-0.10271455553229349,0.6147702803925825,-11.452803015708923,-2.0140181183815002,1926.458653873453,656.8384864751811,1.3913402242768556,4.6249767212387525,1538.303051626886,2181.8079979484246,4000.233874018304,1127.4742389484302,-0.46773974437468335,0.7694014847900963,3417.96875,4699.21875,0.14657185050471414,0.08157124619589087,2.1801306889015697,9.042098328372779,0.09375,0.17578125,1215.8451,928.15356,1.303928583256753,1.5623822983988014,496.7205810546875,1724.1260375976562,0.05515216,0.07563956,3.1416282702370086,12.792447915631845,0.0145611910847947,0.06540980050340295,0.0,0.15745985147339533,7.394669842152731
24,1,train,-350.97455,136.4295,0.7710510109066728,-0.7541478050405884,-465.73881912231445,-235.74020957946777,59.114613,56.619694,0.3787822679494845,0.39950159799848106,28.474673748016357,99.42460441589355,9.853293,31.016432,-0.9373362460737124,1.7519164592054106,3.0829009413719177,23.622478485107422,22.032158,30.036684,1.0762323778867535,2.130534396402099,9.995288372039795,28.746708393096924,-3.0398996,21.766026,-1.2775070338962478,2.0083317728850414,-11.243054509162903,8.64502239227295,-3.1973495,18.44868,-0.6741237647703442,1.9658733899880687,-10.18080997467041,5.339449942111969,-6.724365,16.845905,-1.2807933037670427,1.961074431543365,-12.05327445268631,2.296292334794998,-2.9843316,12.370662,-0.5704450872636515,3.1219660216945995,-6.507062911987305,1.7930784672498703,-4.807468,12.343304,-1.0060150629933444,2.058839582747546,-9.113464772701263,1.4553882032632828,-2.9215426,11.354447,-1.056943688563475,2.4635371402060997,-5.572287678718567,2.1027713418006897,-4.1618476,10.510382,-0.8112098289359999,1.884897466651397,-7.922136723995209,0.9466199427843094,-3.8995428,9.320015,-0.412696094314206,2.62322827083231,-7.524953603744507,-0.20771510154008865,-4.875727,9.157453,-0.6935545671566997,2.400918630440007,-7.452407240867615,-0.9917721152305603,1762.480483028436,753.9786072160655,1.7199908604806113,4.744962947215083,1323.2471682239743,1870.9915777198162,3561.937187186065,1277.7168902512558,-0.6433437436748182,-0.3340509590629266,2613.28125,4328.125,0.13499173888109034,0.09062368801987725,2.8285486352432416,9.15992223970975,0.091552734375,0.131103515625,1075.48,911.4824,1.3962262596591488,1.3422259092211781,403.70885848999023,1454.2810516357422,0.051994562,0.0831327,2.0733169967540572,4.623019800118128,0.0008687107911100611,0.07691868674010038,0.0,0.13836741237459566,9.280988256535798
28,0,train,-362.7151,94.1667,1.6438538287797966,4.4634108947794084,-444.1129341125488,-314.47142028808594,73.11841,43.3233,-0.4580416935276155,5.547550372172106,35.9944885969162,108.9466781616211,14.024847,24.261717,-1.467214420452614,5.5503691723994955,7.584839224815369,26.85883378982544,7.8840938,18.755833,0.890709795619071,4.529499408902151,0.25043924152851105,14.473629713058472,-1.135179,13.458142,-1.8638873118731465,7.351482249627543,-6.260085701942444,6.047732412815094,-6.2712708,14.321862,-1.3770159453138273,3.3618804893128837,-13.538480043411255,3.1858740895986557,-3.7554016,11.904377,-1.480787258656311,5.541361665324226,-9.591234162449837,3.29117688909173,0.34190488,9.893822,0.7893424227102288,5.302528100418082,-4.936068281531334,4.213549852371216,-4.3273935,10.150102,-0.7981997662283845,3.2803403399833577,-9.21185839176178,0.7924305498600006,-3.8496716,8.310579,-0.2939433908079,3.842996664057767,-8.106945276260376,0.12398916482925415,-2.7711208,7.703619,-0.49430152914217496,4.299955532681809,-6.804144740104675,1.1713746525347233,-3.9789536,8.407725,-0.8034424049749267,5.4429239611794955,-7.924028277397156,-0.07593369483947754,-5.667615,7.261419,-0.9953358126698757,4.157446864010215,-9.514949917793274,-1.560934141278267,1723.623325179401,630.7611317607262,1.3486077280630815,6.215349613129446,1284.167206446322,1946.2251546751131,3626.770169277327,1338.2578245974244,-0.31231129396210844,0.263121817764582,2556.640625,4468.75,0.12938891761796914,0.06497999945386766,2.552163344593128,13.12250226792499,0.0927734375,0.140869140625,954.2883,775.56555,1.5902584646816273,2.27127118094802,402.71532821655273,1229.043472290039,0.039228354,0.06578734,3.822039655088388,24.919609868197142,0.0014822454249951988,0.054281265824101865,0.0,0.11837880489434094,13.196245586225078
29,1,train,-356.88666,106.569626,1.1709280304247178,0.8545855781952296,-442.20975494384766,-284.1168518066406,51.953476,58.386658,0.7170366262722049,-0.11803976213522227,12.445335626602173,94.53187942504883,11.267672,23.59111,-0.9756355884537147,2.7953108145046226,8.504499197006226,21.675857543945312,16.437698,25.999111,0.8442971812595866,2.4420706761366784,8.39588713645935,21.60161590576172,3.4686654,17.541046,-1.377166136780024,3.3529646271976565,0.07118278741836548,10.592580556869507,-0.80785275,16.843576,-1.3384180236632013,2.5342208003296953,-6.805484771728516,7.960451006889343,-5.0770802,17.499258,-1.41183100394431,2.1602378980591967,-12.715572357177734,5.986893117427826,-3.8881493,14.926891,-1.3354319851039311,3.334362913677583,-9.561666190624237,4.774578511714935,-2.9107263,12.335415,-0.984778902547071,1.9830382129784585,-8.11047375202179,3.771897315979004,-1.1992269,12.089087,-0.8345236563226913,2.344079527112963,-4.865761160850525,3.5599544048309326,-2.0215998,9.271015,-0.41699540990722994,2.7018449557838844,-5.907441258430481,2.161110669374466,-1.2348955,8.99241,0.03995119762623055,2.9977228016956707,-4.847427248954773,1.7964626252651215,-4.214404,10.031263,-0.8242040745176962,2.9963476105089306,-8.27519977092743,0.6595965772867203,1582.5077800136473,701.3267396876133,1.3692530426931988,3.254818306540626,1129.6843567376482,1767.2979214189913,3397.2724668398205,1440.8517230669768,-0.4359967684016488,-0.8215515402051489,2085.9375,4457.03125,0.13428548346734542,0.07516191483997378,1.9872979773930428,5.8562596929572805,0.082275390625,0.16162109375,993.99133,998.10913,1.5588966453289472,1.358410856473023,326.0055618286133,1262.5962829589844,0.038013496,0.07249236,4.1258728345685425,25.42763120607676,0.0007046423706924543,0.04604287538677454,0.0,0.17163985652477595,9.169660810221337
30,1,val,-199.32083,81.978584,-0.6316181659948148,4.025616060172559,-250.11209869384766,-145.11491584777832,81.211914,51.193222,-0.7930065250688096,0.4636399853293405,51.758864402770996,120.26481246948242,1.868658,24.116089,0.17556199177494705,-0.2318397528548619,-16.232543885707855,19.38979482650757,5.9310217,24.587164,0.16189522251660157,0.26389973554000434,-10.363494634628296,20.738115310668945,0.9420428,18.374706,-0.4783918768765819,0.4185486717694453,-9.501070529222488,13.495865643024445,-9.113362,14.997214,0.028409190739448205,0.30586560100243787,-18.935606122016907,1.1107105016708374,-18.226727,16.703829,-0.36127630811268974,-0.022891734812605646,-29.21566915512085,-6.118556380271912,-10.032673,13.441553,-0.06264724672365195,0.29655230786523834,-18.748377799987793,-1.780876338481903,-11.698502,12.602928,0.1956672046328865,0.3256569747904099,-20.16226100921631,-3.6418036222457886,-4.0423756,12.660942,-0.303008371594288,0.4355256014471134,-11.436249732971191,4.617957070469856,-5.822505,12.593823,0.3609537168090882,0.5119655253531421,-13.941189289093018,1.8962831497192383,-2.5018907,10.882578,0.16913002187355117,0.2138298587276244,-9.73801064491272,4.582054018974304,-11.676848,10.178932,0.10580674819083158,0.5274196450090651,-17.90894651412964,-5.388590112328529,1985.2582904526457,930.8256052111599,1.2709080350334645,1.2235216648388596,1308.5902658728064,2358.2223468521493,3860.3889326290696,1640.495999959181,0.08466303048956304,-0.9120812106764083,2548.828125,5332.03125,0.16199678262200323,0.1120526546983392,1.7665995996540793,3.3197262875249605,0.083740234375,0.203125,1339.9017,1017.6326,0.8887597273705069,-0.2279410908499655,493.2626419067383,1898.558853149414,0.07191371,0.064957365,2.1505481801477737,6.994838820670667,0.024214680306613445,0.09561267495155334,0.0,0.19223817827983514,4.041603005185041
33,1,train,-330.7596,101.80324,0.5904567139792107,0.18564226165207653,-416.7416198730469,-257.89839935302734,77.98581,53.335144,0.1453897799901541,-0.4658797312544293,34.78542003631592,120.2444061279297,12.980153,26.336605,-0.3270655542937783,1.5508321854377456,-2.792913353443146,29.338374137878418,23.153904,24.70521,0.8198643236395483,2.3830354361393606,7.813834726810455,35.17122249603271,-1.7928741,19.80169,-1.1543386116708343,2.8510059965302768,-10.564261269569396,11.144088840484619,-2.3574643,18.630291,-0.21320653686332586,2.0055353982861357,-13.696020603179932,8.199597644805909,-8.726456,16.458647,-0.6974766817839256,0.9653870643869219,-18.805435943603516,2.671992039680481,-4.724841,14.866298,-0.39000176898230315,1.2584317391279802,-13.758169507980346,4.537012726068497,-4.4311237,12.257591,-0.3910141027516524,1.6648053265859324,-12.028297317028045,3.6851979374885557,-4.237376,13.203891,-0.19845794809195372,1.6507668695946798,-12.174133209884166,3.101078248023987,-4.8656383,11.16558,-0.37674135838834955,1.362459510094575,-11.348238170146942,2.038164162635803,-2.287257,10.180342,-0.44496486564610194,1.875434990413662,-7.758438742160797,3.5926586031913756,-5.7685223,9.834255,-0.37180067393461197,1.8959025890326089,-11.504958832263947,0.3566240131855011,1505.110096378025,759.4935881591537,1.3284760370379933,2.5065054471811066,1021.6597156495438,1825.2268706692516,3117.592368250273,1516.1947337151955,-0.04864829959410788,-0.20174633926242908,2045.3125,4376.171875,0.1372257545581963,0.09361075590603866,1.3682737850012494,3.2499335222844628,0.0751953125,0.174072265625,981.0389,945.59686,1.657750506268411,2.3923005702346303,329.5939575195313,1318.3422485351562,0.056705594,0.07585345,2.2801755799802095,7.4713963007311195,0.0070976081013213845,0.0763584421016276,0.0,0.13420338044584418,12.186218409949346
34,0,train,-352.44183,110.528175,1.6756885813451508,8.580608258836621,-438.89367218017577,-265.64286575317385,66.058464,52.01184,0.6743933947875432,1.5677271828146468,33.656370842456816,104.3794825553894,13.823438,22.955359,-0.0227624088570095,3.832524114515239,3.9669742703437807,23.126278781890868,11.651302,15.59039,0.2682955169582922,5.631251944736301,5.620344746112823,16.381708908081055,4.184375,13.864832,-1.2710408071347217,5.278714533162715,-1.1178971886634828,10.812524890899658,-0.5500527,12.516159,-1.1679840309230625,5.223556088491796,-4.712797510623932,6.016879081726074,-7.636687,13.171759,-1.1177244762780458,2.722322459061254,-14.167683005332947,0.479330837726593,-2.5702806,10.142995,-0.6249541081660225,4.179970445511872,-6.667552065849304,2.5681268095970156,-1.6071184,9.003355,-0.580513752419263,3.5197244900737616,-5.280016487836837,2.692857450246811,-2.6160245,8.9179325,-0.9421130097786868,3.0186344111947827,-6.1874689042568205,2.03705090880394,-4.158465,8.031952,-0.4756999801825542,2.508944085386177,-7.759644675254822,0.1052166610956192,-1.9933777,7.741947,-0.6258376271426789,3.6032667439883093,-5.408094099164009,2.2210394218564034,-3.7667496,7.7825575,-0.7523114410152291,3.802704565283217,-7.289747667312622,0.6028866037726403,1591.1354041562804,794.365488579808,1.542090935549433,5.505416616323394,1084.0189525856192,1755.8625847800965,3404.6484096182976,1538.8263456234367,-0.0019631474510433565,0.5739922953047,2258.203125,4192.1875,0.13874099598810727,0.10023252510237765,2.1161260431026787,8.302530204073928,0.083056640625,0.153857421875,881.0378,816.85876,2.1770520489300194,6.39086141197675,343.4343994140625,1114.3803405761719,0.046753902,0.07451868,3.6924790091824518,31.382805183600205,0.0032118848641403018,0.06974274977983441,0.0,0.13772222155542085,11.420081127153663
35,1,train,-343.9749,101.89193,1.6332233475945315,3.0175758898098985,-416.23755645751953,-296.9138126373291,64.807236,44.52075,-1.096693382047678,4.083559367093305,59.05091333389282,78.11332702636719,24.552387,19.621387,-0.3247563979381022,5.363359832128587,18.12489652633667,30.103841304779053,13.529228,17.403233,0.6190330819695705,5.652458018613793,7.94281542301178,18.08629059791565,4.3773985,13.444702,-1.747804312669559,5.2496282605449425,2.041347712278366,10.925583243370056,7.4376144,12.995207,-0.5576793685369257,4.94382458864966,3.84282648563385,12.040534138679504,-1.8693321,12.631272,-1.5070021878907949,4.111757605136419,-4.360560357570648,4.522005185484886,0.8802468,11.482692,1.0130551400428058,4.305905217220596,-4.399218738079071,4.457694590091705,-2.2722323,10.6405735,-1.063030334258988,3.6541926366842077,-5.563552021980286,3.038076162338257,2.4983587,9.105797,-0.5125782706458715,2.8481713390442227,-1.0877934694290161,6.978650391101837,-1.6407886,9.257735,-0.95183030744536,3.7633215554468973,-4.840894281864166,3.4900184720754623,-1.2056901,8.47113,0.9047662700389906,4.778107624448651,-5.131062388420105,1.8967164754867554,-5.1462555,7.6345997,-0.28791258902971656,4.123098056224702,-8.261740922927856,-1.3465337604284286,2132.6364528748272,920.4987776965775,1.3599762363097838,3.1626992123666073,1705.519089854239,2267.981589189201,4445.563446967205,1417.3756803206802,-1.3426927168607705,1.1744268681523355,4120.1171875,5199.21875,0.16339683797617127,0.11459040801306428,2.362317544985186,6.479937475885645,0.10394287109375,0.169677734375,1053.8145,891.13855,1.5003905950854675,1.6197325054241278,411.45670318603516,1371.8229522705078,0.040601972,0.07448017,3.0106833815790326,11.911492389515077,0.0021658430923707783,0.0492205573245883,0.0,0.15750486197393712,9.883363692141373
39,1,val,-376.7497,127.31043,0.6296220567857151,-0.9356747867486548,-491.97740173339844,-267.4242858886719,68.65326,72.22337,0.3840385408972927,-1.450093157182395,1.0903449058532715,137.42760848999023,4.8305435,32.281532,-0.5560391800473206,1.7180295745431495,0.6083145886659622,18.282074451446533,19.216507,36.699047,1.2335300571044783,1.3505614234005971,0.8309155106544495,34.56308841705322,-5.9229107,18.499325,-1.258164475931281,2.550246340075601,-13.812357902526855,1.4815347492694855,-10.701116,21.41611,-0.8679900214571954,0.5774943250384355,-22.96599578857422,1.082113802433014,-7.8741317,16.478632,-1.1226829055602807,1.3789734165115455,-17.29175615310669,1.0411653220653534,-11.704429,17.003975,-1.0368229957543063,0.543702259085979,-23.27865982055664,0.8803459256887436,-4.523477,12.278731,-0.7598821821433792,0.8162031458162557,-10.449123620986938,0.9976513981819153,-3.0179558,11.743327,-0.5000431334943324,1.4789744143883858,-8.326674938201904,1.0124545395374298,-0.84333384,9.758068,-0.2201236326450891,3.106983276959075,-4.015609502792358,1.1043618023395538,-3.5115113,9.478969,-0.9472581982478326,1.5360196962683386,-8.056164979934692,0.9509017020463943,-7.083498,12.189702,-0.8138429022459941,0.5095982225085276,-15.100300073623657,0.8432776927947998,1677.7068863862899,808.3774418099696,-0.004827928633259099,-1.3835097744642535,855.2999062372647,2456.3456140231588,3562.5338040865386,2034.3250213874296,-0.18636180211607012,-1.6386525814233925,1468.75,5640.625,0.2095592792217548,0.13014739884136212,0.024071434130750826,-1.69679094662382,0.0751953125,0.3408203125,974.60846,1003.7034,1.5238589602343273,1.1670154959935886,310.7766418457031,1289.3828735351562,0.057469442,0.08173041,1.5719531119712797,1.8605315398150841,0.00020623909949790686,0.09336716681718826,0.0,0.12893530843085946,11.795920196366566
42,0,train,-354.7956,98.89485,1.0232510634300311,0.8106364451966026,-440.6182670593262,-283.4851541519165,53.30921,57.674065,0.41456341633290805,-0.30655663501612473,11.610238626599312,101.52150964736938,15.281624,24.989582,0.191263152039774,1.271409598236544,4.459721326828003,27.995779395103455,8.554625,20.786568,-0.05575948925966581,2.1461615676330044,0.9321259632706642,17.948834717273712,1.329654,14.964947,-1.3214523635494362,3.0725286425164953,-2.9448281675577164,8.985675618052483,-0.31245118,15.646524,-1.0318360150802688,2.7802258323017557,-5.439573526382446,6.998286783695221,-5.236107,15.030548,-1.1174964163033676,1.3336488052054905,-13.53162431716919,4.333182469010353,-1.3182318,12.7772,-0.43103425693313474,1.468592593301188,-7.6688036024570465,4.639582455158234,-5.559434,12.67544,-1.0123929958308888,1.1826272907031292,-12.613657116889954,2.556490123271942,-2.0589414,10.444166,-0.3817816671265338,1.5459474524189378,-7.54008224606514,3.087601236999035,-1.6633902,8.897993,-0.6483873801483182,1.8177247736002835,-5.875399231910706,2.7726765796542168,-3.5058491,9.398699,-0.7970301828895123,2.5839602574006073,-7.996970355510712,1.71973314601928,-1.5740979,7.457382,-0.32839071864238356,2.0747151471657572,-5.345173493027687,2.029872413724661,1775.9951329698865,954.4376882625598,1.3220637188457358,2.4725733955959313,1012.8863164013516,2130.327385993977,3639.089229398687,1824.8209176284654,-0.2426872525701104,-0.9887724370630933,1861.81640625,5003.90625,0.1333372172813181,0.10131716420151562,2.4375825397734836,8.526868634413331,0.0673828125,0.154052734375,991.86383,902.44183,1.7236201342585011,2.7260672130516586,364.6458168029785,1263.963005065918,0.04409681,0.07533762,3.5054995626023433,19.69820392491156,0.0011657602808554657,0.059545728377997875,0.0,0.10613817665519346,15.358511300027708
43,1,train,-370.26135,97.97284,2.2170683124755732,4.599079300560072,-422.8819046020508,-384.9632797241211,72.33978,34.0386,1.0357990873989946,3.580179843349275,56.47305107116699,74.60236358642578,24.730782,17.216051,-2.4077166172325626,6.889593037183921,24.485029220581055,32.65563488006592,12.992197,15.896451,-0.45541230605963384,5.490334572304475,9.12421202659607,18.281664848327637,6.245168,13.989947,-1.807766941096534,5.279034711787833,5.585502028465271,12.882526397705078,1.8482715,12.718119,-1.8540783746542815,4.245936470915656,1.0011303126811981,8.55379319190979,0.73242366,9.597656,-0.746419309540221,6.04686842712808,-1.4116044640541077,4.963999271392822,1.6421252,7.8783064,0.015172681260292503,6.507717809447957,-1.4190212488174438,4.275115132331848,2.0646794,8.689399,-1.0491845991145232,6.722366268327473,-0.30504901707172394,5.815352439880371,3.6640155,8.37007,-0.25976733040232675,6.847119453055491,0.5744606703519821,7.671372294425964,1.2058474,7.4132857,-1.171128187601835,6.897946904462776,-1.1527895331382751,4.9167492389678955,-0.6508043,6.716903,-0.19453486615594692,6.330493241105531,-2.917782247066498,2.2046854496002197,-1.7656379,7.5682573,-1.4777744221802538,5.487723775376262,-3.5743690729141235,2.1272412538528442,1793.520284357433,518.0181047661764,1.1573769592761738,8.001200996072486,1638.5941717078122,1992.049352822938,4170.69615496509,1270.853178823623,-1.2829160493162723,1.0367057418733454,3953.125,4875.0,0.11289581464555858,0.05050578147320452,3.743071719619422,22.38621654471656,0.09033203125,0.123046875,790.001,670.8539,2.1377365659801475,5.093296850946906,353.2278747558594,948.7539367675781,0.033274837,0.0813885,3.526119666918167,14.25307537920925,0.0020902350661344826,0.006816643988713622,0.0,0.1592549357647456,8.939092872570438
45,0,train,-347.1559,128.45695,0.6739532566692783,-0.5997655239751741,-465.22881571451825,-240.20533243815103,66.579765,62.32481,0.17644874087846782,-0.5275341629704324,15.240283608436584,121.89128494262695,0.19901378,27.465042,-0.8329768041928657,1.3912062947467032,-11.773410399754843,12.079262812932333,9.04094,23.475044,0.6080413909909014,2.253869319016645,0.713702658812205,16.102274258931477,-1.1145895,15.91985,-1.043724371827946,2.3383717621031987,-6.423259576161702,5.537412961324056,-2.9216163,14.925113,-0.796436095807254,1.6705859584790979,-9.100817521413168,4.233534197012584,-7.6196938,15.867187,-1.0315641760874776,0.9908465738463884,-16.400712331136067,1.9466012318929036,-3.6445172,12.101555,-0.26740417026606045,1.605750558436813,-10.011950969696045,2.046122580766678,-1.4644912,11.1966505,-0.24048458001565357,1.946171324844461,-5.5158103704452515,2.2223761280377707,-1.4182192,10.456786,-0.32411078249955866,1.6884779483534242,-5.612612009048462,2.4830753604571023,-4.717512,10.215279,-0.7417536305505464,1.1556043994001455,-10.02971076965332,1.0808294812838237,-1.6763531,9.091942,-0.40218822671785476,2.020057723075701,-5.673603296279907,2.1345518430074057,-1.3501191,8.663541,-0.3800257112836949,1.816433942675452,-4.335976600646973,2.1272266109784446,1687.4616939603345,675.7222151905927,0.7340134214250568,1.2818100526512537,1141.2695646650384,2049.218709895057,3458.773888507929,1500.157023405921,-0.3028434520370841,-0.9808354620495523,2114.5833333333335,4755.208333333333,0.1385164465541465,0.07481320597538983,1.8337210770746537,5.840759440618128,0.08951822916666667,0.16324869791666666,1159.7164,921.2746,1.2643562181148458,1.2222666261234114,444.34724680582684,1664.3694661458333,0.050020203,0.08144469,2.494358715337953,8.023232863541601,0.000618977156894592,0.06872197240591049,0.0,0.12897421885871296,9.98176313310781
46,1,train,-367.45154,99.53697,1.1920254678478792,0.6063754069834753,-445.43618392944336,-302.9400444030762,51.203064,53.045708,0.6595316003612756,0.23856902625612908,19.56354820728302,85.92899990081787,18.321598,23.006165,-0.5314636588281324,4.316505800000791,13.74825668334961,25.17972230911255,11.806007,18.774181,-0.490442508412219,4.2845585595887705,8.919070601463318,17.036792755126953,2.6129827,16.41315,-1.516277006772676,3.4346874146240043,-1.435599446296692,10.891031980514526,2.4464688,12.940904,-1.2488939360151854,3.7789436260922966,-1.1765039563179016,8.212223291397095,-1.8845154,13.183283,-1.2149378531846946,2.569834570172881,-7.0980257242918015,5.473483920097351,1.6874743,10.353855,0.05843545299759839,3.0562947677048804,-1.613412395119667,5.099239110946655,-0.36610982,9.986023,-0.6499226528974511,2.7462915953316482,-3.6732882261276245,3.830845296382904,0.31024474,9.404668,-0.31192940789790014,2.055410687471243,-2.8716759085655212,3.8230735063552856,-2.4149058,9.241316,-1.0507112057062016,2.3215102895590936,-5.630310535430908,2.4120617359876633,-1.9889448,8.562382,-0.6957289357214389,2.5459677825833436,-4.749146103858948,1.763007052242756,-3.167891,8.304928,-0.560577021950229,2.7409683247238523,-5.938469231128693,0.5046994052827358,1602.391757107022,743.1155934791125,1.7621408659890918,6.551870257312101,1105.1742606873286,1789.9331547441589,3303.9468149552013,1439.832068062411,-0.2108381535720778,0.014425189937536498,2175.78125,4175.78125,0.11620834552749217,0.0767480466440715,2.9477545117312225,12.518980328285444,0.0703125,0.12542724609375,948.62683,823.2202,1.7855985588064283,3.231399718940721,377.6315002441406,1213.571144104004,0.04672371,0.08675214,2.615959094980167,7.765759453351603,0.0008455477000097744,0.049427003832533956,0.0,0.10832600866948307,15.641852897644634
49,1,train,-290.34628,69.63172,1.1278964713650166,7.0723737708570855,-325.5723514556885,-284.9326648712158,50.908417,31.523968,0.8853945668486025,3.190416137183746,36.20929408073425,59.6208336353302,12.65345,18.287899,-1.3783495583307732,5.510725665641978,7.52317875623703,21.407028198242188,9.749326,13.978034,-1.8417956370161943,7.45261789256526,5.538329780101776,16.472772002220154,-1.8263588,12.497446,-1.9155844579477186,7.662741454175186,-5.461952447891235,4.838183552026749,3.179875,10.568796,-1.3157048283878947,5.576273162509218,0.3038119375705719,8.406027913093567,-6.068185,9.126313,-1.3210839345595982,4.030538240336847,-9.184855580329895,-1.0101385712623596,3.2459803,7.9883904,0.8766743495576614,4.338531128893598,-0.8259886205196381,6.323553681373596,-2.759842,7.7371106,-1.0060991330070217,3.4204846463106247,-6.195200927555561,1.6969220042228699,1.5471983,7.072756,-0.7740126092622173,3.4189437945607395,-1.8488024026155472,5.6291904747486115,-4.7798676,7.5793886,-0.7389250130087412,3.2570566216828114,-8.346782892942429,-0.2795555293560028,-2.3906376,6.846032,-0.8912844156978716,4.02240567976917,-5.331713825464249,1.559362731873989,-6.0240703,6.45453,-0.9319393844288226,4.079375234481395,-8.842685580253601,-2.38022118806839,2017.8699645494721,656.7282843467042,0.9376609107297718,3.0733681118020013,1625.1157820641308,2291.5013994615765,4523.8998363070705,1248.9648410105365,-1.053149623309553,1.051942986502139,4059.5703125,5292.96875,0.1664134727914107,0.08108561567626521,1.1168188767665876,3.198112098076285,0.112548828125,0.19903564453125,944.4816,886.8061,1.6850194609052767,2.3281875816293427,344.8773422241211,1208.8146133422852,0.041798197,0.061288163,4.389314279887507,30.303547523993025,0.011198148393305019,0.046156087424606085,0.0,0.1487011577657426,10.038791956887215
50,1,train,-386.619,90.98671,2.0380823733829527,4.261286628108174,-442.0886535644531,-351.8440856933594,43.039944,43.531586,1.0671353095060345,-0.24660669564282278,11.783302307128906,76.1083984375,11.448892,22.274757,-1.2482023951401222,3.8090009008495898,9.098272323608398,17.648908615112305,9.958525,14.867766,0.02487447847907764,4.651685815068651,7.398329257965088,12.938299179077148,4.2695994,14.8204975,-1.8721047721167594,5.28549827909238,4.9643635749816895,9.086575508117676,-2.2317395,14.729354,-1.5990161955378852,2.234354071994278,-6.547820091247559,5.881693363189697,-3.5598311,14.0432415,-1.4946570113234743,2.201688079295585,-7.230757713317871,4.030466079711914,-0.10741874,9.768951,-0.2879891731044124,2.827092726097302,-1.8531564474105835,3.01007080078125,-2.4717004,8.936221,-1.0447103685313293,2.266956172462513,-4.547075271606445,1.4933741092681885,-1.9311736,8.286295,-0.49481926249075864,3.963180577731147,-3.3714370727539062,0.9683161973953247,-3.0804234,7.413398,-1.0683337486921007,3.3420123661042975,-4.532333850860596,0.12358629703521729,-3.415395,7.7995033,-1.2222438391378012,3.491219410601234,-4.628981590270996,-0.16326498985290527,-3.8509946,7.940351,-0.9379071587338799,3.2955516494149455,-5.143153667449951,-0.40180128812789917,1332.3132251548607,461.8665784026212,1.6468630082874187,9.189044520087062,1104.2496599795209,1499.0977806201186,2942.235700514139,1208.3081751582986,-0.3347714793805763,-0.1645348303950409,2046.875,3687.5,0.07710500682840617,0.04133622818686378,4.0519766895975105,25.463030938499113,0.05810546875,0.08349609375,683.5049,584.8064,2.5883902547656894,7.83579949524556,328.69427490234375,826.07373046875,0.0344037,0.08853501,4.223253198434426,20.16158111757291,0.0005807023262605071,0.02631882019340992,0.0,0.07895745960386201,16.359702074694837
51,1,train,-372.3557,105.63629,1.4818235377550175,1.9582943470939678,-449.37568283081055,-340.88656520843506,57.453712,48.93518,0.21567122926016885,1.4768888417696764,25.73326213657856,87.9372546672821,16.814621,22.055098,-0.9336995408821502,4.232965871083135,11.117849513888359,27.44738245010376,6.960248,19.500042,-0.5642011731467313,3.196429746058303,1.5141194984316826,14.525502145290375,1.0312772,15.330769,-1.3162655614246392,3.0361034575308583,-2.659242905676365,8.537144303321838,3.822643,13.275262,-0.5902871817613773,3.9339052735159443,-0.13916248083114624,9.548043191432953,-2.8799355,14.244188,-1.4272996605787556,3.7539227219963367,-7.706291537731886,4.690771345049143,0.43768346,10.915938,0.22285380419721024,3.8081768218427916,-4.681853301823139,5.083569630980492,-1.6661525,10.424671,-0.9593206845445749,2.6759884100046483,-5.721506588160992,3.56807760335505,0.5152583,9.317409,-0.39673542333684975,3.5837585861322054,-3.3485008478164673,4.409508183598518,-2.2403855,9.071266,-1.007779667473188,2.9921139268661667,-5.997767508029938,2.340223539620638,-1.6668339,9.187526,-0.061366542882705,2.9698679097518372,-5.66807396709919,1.9947967827320099,-2.1997385,8.659784,-0.5578989846878637,3.2927412371993348,-5.562075734138489,1.7800250202417374,1965.6150662164746,909.3158105461464,0.9172564028646695,1.8600119402728867,1370.558092141377,2294.4420234605727,4067.8495218599282,1655.8004195422047,-0.8637614312160424,0.08748926990034772,3125.9765625,5208.984375,0.16078363194279072,0.10591887867393326,1.744049924704299,4.921037229421106,0.094482421875,0.185791015625,973.39105,915.68665,1.7520919056488546,2.79877216800531,347.7189140319824,1223.4711608886719,0.042168543,0.083188154,3.0365666637382103,11.199390077043093,0.0014589528291253373,0.03697657200973481,0.0,0.10164822661542766,13.92840616658607
52,0,train,-386.58447,117.75769,1.0798193165107457,0.12620136718972108,-475.3744583129883,-289.2272262573242,65.43919,60.786324,0.6817013345157233,-0.36039406048831135,24.620976209640503,115.43893432617188,27.623302,17.436062,-0.00441031850563689,2.339081481933791,20.413779258728027,35.64292573928833,21.917662,18.634281,0.7161385915872867,3.8722578492197375,16.02748966217041,26.488804578781128,8.555139,17.001225,-1.5041800022853493,2.5554307849751146,5.720783174037933,17.12029194831848,6.5952253,14.472383,-0.8847695167570808,2.077894404418842,1.3596440181136131,13.525390863418579,0.47509527,16.377224,-1.3824990984286503,1.9886964081864869,-6.28669673204422,9.83860433101654,0.30131102,12.68873,-1.2443156784081593,1.8773620589636968,-4.292322278022766,7.28525847196579,1.0807569,10.27272,-0.7288701389246018,1.8171386808414196,-2.1990167796611786,6.030132353305817,0.9362717,11.091555,-0.7427007891548454,3.531078775041925,-1.855016902089119,5.060594439506531,0.28145123,8.204936,-0.6645430156014231,2.5574887486901003,-1.9606581777334213,4.00979545712471,1.017404,7.434347,-0.08211274632052117,2.848597808022561,-1.4357454627752304,3.647374153137207,-1.088898,7.2491636,-1.067301802569849,3.645977912264102,-2.7022839784622192,2.065432444214821,1557.9481405991876,784.6752613821754,1.0353348802803426,2.778006240895376,815.7285255107979,1993.7985866157921,3487.8155796760548,1835.8048729423244,-0.4633666700254596,-1.195864046988341,1430.6640625,4882.8125,0.14339682806842674,0.08080121658757014,1.1559568270959066,2.8558569915934973,0.07421875,0.186767578125,836.94165,1015.46094,1.9062525024980093,2.271366711484703,258.3111763000488,686.5677490234375,0.05082167,0.084156275,2.0244560677444,4.118175438937394,0.0008696611184859648,0.07026581093668938,0.0,0.11233766952220149,13.607919888538987
53,1,train,-296.12485,125.45488,0.4215111841974569,-0.8931350640564792,-432.4881896972656,-200.22643280029297,45.766037,53.689457,0.14408508326187258,-0.1681456205243137,13.207833290100098,86.28893661499023,16.367292,29.355425,-0.10437040572216953,1.6975461523391386,6.502741575241089,30.301758766174316,15.177424,25.03502,0.17656966457745488,1.438463561797791,6.352053165435791,27.115839958190918,-8.012737,24.006992,-0.9164595540904931,0.5056383188684004,-22.499573707580566,8.55126428604126,0.8443928,17.728857,-0.3807943313829204,1.1584963550486407,-8.517807960510254,8.576210975646973,-8.488474,18.187185,-0.7599228654031591,0.33721823271660023,-19.941797256469727,4.357646942138672,2.187808,12.205134,-0.016842352694579954,1.5779791129448668,-3.083899974822998,7.438419580459595,-7.996818,14.864686,-0.7070261682615988,0.3769901923174528,-17.39941692352295,1.824133038520813,1.8353473,11.795188,0.2882425394899952,1.4097440001758006,-3.338192939758301,7.2900309562683105,-4.1184945,10.377526,-0.2998280739517558,0.4966033128532734,-10.125389099121094,1.0778149366378784,-4.4419317,9.815574,-0.4662175228706145,0.8945859620440779,-9.85968017578125,0.5321478247642517,-3.9449124,9.467525,-0.31615711376420036,1.2253084651666342,-9.079526424407959,0.3708742707967758,2116.851955247209,1005.8956987410121,1.0394830405607571,0.8319328194410098,1433.448660236084,2482.3625756047277,4159.445246051033,1549.884065313413,-0.5908512591285867,-0.5733392518428366,3003.90625,5195.3125,0.166015625,0.11700871626575034,1.6731259007360348,2.543031531538264,0.09228515625,0.195068359375,1319.5511,1107.1671,0.9489730374700694,-0.4019138402855682,440.45912170410156,2100.1155395507812,0.056408748,0.0801635,2.2762930844094686,5.838544732025989,0.0013479627668857574,0.0770377665758133,0.0,0.14293902623017649,9.213527887358946
54,0,train,-160.5804,42.117817,0.9325295700873103,2.909607538545883,-190.66453552246094,-138.5400619506836,67.430695,26.029358,0.2504455801794601,0.1288502144938084,50.27991485595703,84.70208549499512,14.865768,15.108545,-0.43826468384863365,1.2834160862905728,6.105470657348633,24.550803184509277,14.097865,15.664777,0.8436728567079064,1.5150169150846677,4.3073588609695435,21.605093479156494,0.029054847,13.864904,-0.8719266448827652,1.5436057172747653,-6.7970210313797,8.946280002593994,7.711332,11.938619,-0.2381635501294005,0.3256172265531725,0.2647522762417793,15.482955694198608,1.9810296,11.6964855,-0.4187512259320873,0.7032579790345146,-5.039870500564575,10.086827993392944,4.418011,11.091721,-0.24753405507986062,-0.007524941815287622,-2.6231671571731567,12.023955821990967,-0.43428868,10.247314,-0.17085206753697024,-0.13315092694622077,-7.493747234344482,6.744780540466309,3.0866368,9.942193,-0.14487066056846157,0.08844768490527866,-3.1820396780967712,9.93533444404602,-4.5927014,9.092509,-0.003582746552298946,-0.16905978965960067,-10.883046865463257,1.84763965010643,2.4523358,9.50119,-0.02915922696562084,-0.1033710333127913,-4.1896315813064575,8.937934398651123,-3.670881,9.555274,-0.40877850941353466,0.47140629649406796,-9.612356185913086,3.159286081790924,2147.5218132407017,585.7028531748113,0.016503844920203906,-0.3252390975908761,1644.07917319227,2556.0149593896945,4737.804795631488,1177.6264952372912,-0.9365383951936396,-0.17557430345160796,3875.0,5585.9375,0.1641588046064014,0.07280901989109022,0.4779155309746226,0.6177612069533214,0.1033935546875,0.2149658203125,1350.5726,1033.4403,0.8911016114391097,-0.3141867723861793,499.150634765625,1985.153076171875,0.07094916,0.069867805,1.9052783818846475,4.041975772705496,0.0248326538130641,0.09928189776837826,0.0,0.16659854741945027,8.506742626080632
55,0,train,-342.57727,105.34038,1.0643727362838973,-0.04941834985913074,-423.3451232910156,-266.7649230957031,53.01883,49.381893,0.7264952031095457,0.0162459433523221,19.705352783203125,88.9529800415039,8.04363,30.12761,-1.473470049682009,2.2576335511909527,6.067108154296875,20.846378326416016,12.286184,24.42992,0.10355934587300604,2.8685718268070053,9.85685920715332,17.14179801940918,-1.1117767,20.057814,-1.4649802270469288,2.3869397863523174,-7.671003341674805,9.007185935974121,-7.2618775,20.445389,-1.3197624183127605,1.4256979498597202,-15.80018424987793,4.774965286254883,-6.224315,16.177965,-1.5013272994019,2.4419021888186387,-11.341451644897461,2.229705333709717,-3.0458272,12.081662,-1.1022072329749897,4.3010744743170575,-5.732337951660156,1.3813453912734985,-6.998467,14.86717,-1.178789756104861,2.3608164085373673,-11.140416145324707,-0.026128023862838745,-2.7080584,11.16494,-0.5187240881767349,4.0613466258519315,-4.922783851623535,0.8094390630722046,-0.668611,10.065951,0.09153086687418827,2.457792343696605,-3.6224422454833984,2.1432864665985107,-1.4912504,9.545713,-0.359469237441017,3.3477906801890667,-3.775944709777832,1.4738012552261353,-1.2981663,9.244305,0.46798334227702737,3.8581770192351286,-4.066404342651367,1.030624270439148,1572.3062782172717,688.574208215597,2.485917884740702,8.485249653368154,1222.3632325647116,1642.9826462573365,3301.9432229694776,1358.0675086202855,0.1340088579699844,-0.12539182182053166,2312.5,4023.4375,0.11093734843830833,0.08117257255626503,3.4712034893954216,14.8034335286074,0.07373046875,0.10693359375,864.6813,794.762,1.8516184556943587,2.83127348263133,360.37471771240234,961.4914703369141,0.044960823,0.081894726,3.1835228160838374,13.912887140749248,0.0009876902913674712,0.05651650205254555,0.0,0.13967077438903033,10.0055511883646
56,0,val,-335.319,112.03936,0.28649584322607363,-1.1259046842529588,-447.85668690999347,-239.04499308268228,96.85941,59.748203,0.14681756206763227,-0.9820597375427793,44.77318688233694,151.09421666463217,12.573396,24.02321,-0.6914956106558874,1.2655009094649896,0.12780006726582846,27.022165775299072,11.355964,25.408644,0.1341962930186916,0.7533887691413127,-1.5412527918815613,23.117719729741413,6.018187,20.071838,-0.43600194043148216,0.8405131564493958,-3.3044040203094482,16.494155248006184,1.0040725,16.86441,-0.32332788321573286,0.6435163381850781,-9.007989645004272,10.723695119222006,-3.7272217,15.079449,-0.6619602532309731,0.22002490336817834,-13.063037077585856,6.711910645167033,-5.3754897,14.970451,-0.6575968484754764,0.6136864055466006,-13.232150157292685,4.469160755475362,-4.195807,12.712475,-0.38346979427631395,0.2933962744058567,-12.399410804112753,4.423682431379954,2.4008007,11.500739,0.12613740899521184,0.5292867343919953,-4.365983525911967,8.351566910743713,-2.1694994,11.154724,0.021640840372614868,0.7315402798725752,-8.979356447855631,3.8258524338404336,-1.5776004,9.644985,-0.09991427450999961,0.5678955208647047,-7.225579063097636,4.004996518294017,-4.8305655,9.246082,-0.29828105784843123,0.14778285925799675,-10.70873467127482,1.5218485991160076,1257.2180537477086,649.182145331074,1.7479146393591565,3.967347109463145,786.2797788635884,1495.708715689337,2457.4027880486688,1446.2352764003,0.706576633157411,-0.13471755332573684,1235.6770833333333,3412.109375,0.09625583127172947,0.06711042438628209,2.5683232281887967,8.859557070102225,0.0538330078125,0.11332194010416667,1042.8717,929.6216,1.3944228602947755,1.1006883954878457,363.72576395670575,1417.8623046875,0.06065538,0.07678267,1.7750190289936552,5.02043106588087,0.0024739496778541556,0.10040146050353844,0.0,0.12261006495076404,12.111328499591616
57,1,train,-377.33017,83.80033,2.2180306214003664,4.474553864786038,-423.7334442138672,-377.2082341512044,50.99994,32.64285,-0.3163298726797756,6.330839013489514,37.42095025380453,62.2571652730306,16.22608,18.398478,-2.0897914951491665,8.595053607401795,15.238782505194346,23.01075832049052,15.529656,16.150211,0.021548454870893446,6.617997809083593,12.780729333559671,19.631688753763836,7.954143,15.738128,-2.2435979819530476,6.3762254808104215,6.11544406414032,16.17729115486145,4.6950455,12.417989,-1.6037646402178816,4.856634092666764,1.0426700909932454,11.522688706715902,2.640481,12.556538,-1.918627167943021,5.910673238059832,-0.2386607713997364,9.565024693806967,2.7519429,9.174622,-1.5725066077150551,6.123147963908443,0.6266503781080246,7.320059219996135,4.2880073,8.3208,-0.2938238378054602,6.076208123152424,1.7294457803169887,7.236436049143474,3.8699083,8.010963,-0.5077750210709974,6.598740144096709,1.2689875109742086,6.810223996639252,3.063597,6.6012855,-0.5664967696967694,5.890647757537335,0.6595146159331003,5.892930070559184,2.5119421,6.447619,-0.9336192693928861,5.6380957870405375,0.3994551698366801,5.502208838860194,0.48134694,6.3428855,-1.0801787877111666,6.244548003579898,-1.5573237140973408,3.6407338281472525,2125.3074012328548,610.1184933045411,1.3487212950408995,7.627825660320398,1845.2708144442047,2340.609429160857,4752.120420330201,1217.9275889945966,-1.4379073319543965,1.8633747298282441,4427.083333333333,5432.291666666667,0.1601738843424177,0.07771151150707861,1.7256349094580026,8.777345868671793,0.1142578125,0.18611653645833334,1062.6433,1001.3806,1.3242387905047914,0.7998863138407616,331.3170928955078,1486.0128122965496,0.027310772,0.06431969,4.483632662743517,27.314081552708476,0.004429165157489479,0.007688323346277078,0.0,0.1264591814092546,11.819293868300603
58,1,train,-373.2619,95.70247,1.7301556383111474,5.114055094999266,-453.68596839904785,-320.2109909057617,76.4462,47.92007,0.37661493525721745,2.689603839884381,35.3982207775116,112.4054388999939,18.220917,18.92898,-1.995140462574761,9.46940103726843,13.525845646858215,27.18025493621826,21.678078,20.201782,0.8539658985872189,4.226616764401634,10.996456027030945,32.39654576778412,11.742191,14.323353,-0.8952633739873438,6.520769617417771,6.922062307596207,18.78195559978485,3.4465694,11.992134,-1.3337338428695706,4.666536335003319,-1.4650768488645554,9.573484539985657,0.20836937,11.779362,-1.2855250468048567,5.353239111937196,-4.650987450033426,6.361923456192017,-1.2837703,10.661865,-0.5371982973416594,4.3101590645921775,-5.856854781508446,4.178229138255119,-4.971052,10.851397,-0.8853911508377306,2.0823537343518237,-12.031420528888702,2.5369023978710175,-1.3751123,9.58505,-0.5098091649084459,2.4002764563922283,-6.576690638437867,3.833193600177765,-1.7311575,8.569597,-0.5474496454133347,4.589177928749234,-6.726741449907422,3.116642601788044,-3.6785269,8.51425,-0.03272138837743073,3.0628173614925416,-9.007743686437607,1.5616194643080235,-3.6121032,7.6684732,-0.8567105067902399,2.99394865730856,-7.768008857965469,0.9881897605955601,1551.5531708390592,531.7956273564955,0.721186903153981,4.3191688631832506,1190.0145797733726,1804.50466934957,3393.2001397804247,1229.5263874042093,-0.743004514050795,1.3420467187302025,2582.03125,4220.703125,0.1079220689200011,0.05386318295728221,2.016643393170172,7.91927385823211,0.0745849609375,0.12591552734375,913.3056,841.53613,1.543505269397147,1.7539201491864613,325.43177032470703,1233.1894454956055,0.040754218,0.06734945,3.974433712407238,32.26508816897824,0.0018838609466911294,0.05893747101072222,0.0,0.1486368709133027,9.962849370228371
59,0,train,-368.88785,116.90029,0.09093534399759114,-1.1524085369906805,-493.09178415934247,-269.6068394978841,95.32958,65.75416,-0.17215241394318315,-1.3926542344357886,24.89639711380005,153.06335957845053,8.217935,27.952578,-0.09590194689987548,0.643379449539173,-6.1201291879018145,23.227388223012287,5.6840396,18.409847,-0.08801191380810998,1.0106448842852889,-3.846702973047892,14.375222365061441,-0.60440725,14.903695,-0.614850332544726,0.8563726932714189,-8.329965988794962,8.699337164560953,-9.180558,16.249073,-0.5217912288347727,-0.1747915959124806,-20.558251698811848,4.571013689041138,-18.802681,20.503122,-0.2938247796039635,-0.7983513180817456,-34.59840710957845,1.437783744186163,-4.862944,12.264023,-0.3758395498092885,0.04638451108979528,-13.266024351119995,3.8015291889508567,-6.3946605,13.413726,-0.3702315181875782,0.09329810860880865,-15.612062056859335,2.9723317424456277,-6.0562015,10.658837,-0.41851404396550396,0.17582653994111666,-13.174516598383585,1.8947208027044933,-1.9887341,9.732441,-0.000820625943716069,1.0860009117821983,-7.780998865763347,2.775064706802368,-2.3217745,8.811618,-0.3244035125642057,0.5655481654008608,-7.417837142944336,2.2803993026415506,-0.88316435,8.148387,-0.3221805351538353,1.0924342774251166,-5.377266764640808,3.1595372955004373,1175.515314329431,595.2023186279955,1.344276871585297,3.160839029237667,692.146704649585,1616.6499459765637,2398.2851106147177,1605.226818305572,0.5891504959637897,-0.8343639788792281,992.8385416666666,3869.7916666666665,0.08051173755306494,0.048728766568336614,3.1697617278681975,16.25106157467218,0.05078125,0.09224446614583333,814.7482,716.50214,1.9894072404052183,4.215022360161879,357.0044581095378,971.0839284261068,0.0638757,0.076395266,1.2952953687533397,1.4457240570870826,0.0013695802190341055,0.1089707762002945,0.0,0.07413746796736999,17.764321746141324
61,1,train,-391.31625,83.361,2.615016495151222,6.85778376492131,-433.94610595703125,-400.42396545410156,54.969677,25.807856,0.044721882167938265,5.740941732387245,40.4061164855957,64.966552734375,17.579561,15.717171,-2.392987268647788,8.926065623300202,15.7916841506958,24.56330966949463,13.349373,14.797371,0.6984567267984191,6.7323422441671,8.538863182067871,18.100088119506836,6.808756,15.156355,-2.5169852787265583,9.838131940245201,4.343663811683655,14.041999816894531,4.053144,12.331505,-1.9712151348729936,6.894915669638554,1.2584373950958252,10.691981315612793,1.4663248,11.0512295,-2.023034856630269,6.506088578976136,-1.8850293159484863,7.806455135345459,2.8014197,9.547533,0.41468235799338055,5.639901570509375,-1.5414636731147766,6.5919647216796875,0.69439197,8.916605,-1.1839192883521272,5.991893936319382,-2.497986376285553,5.05241847038269,0.89856505,8.496962,0.026253673052289733,10.822412504616842,-2.20805823802948,4.7124528884887695,0.08622122,7.504936,-1.1552095163138991,5.842263660566777,-2.8661996126174927,3.9703080654144287,-0.6180781,7.0191517,-1.2176922587053234,7.356707220762848,-3.3240714073181152,3.1247886419296265,-1.4888368,7.1668253,-1.5220304297876182,6.977225886740936,-4.066755592823029,2.391589403152466,2228.015188708652,509.40264324937243,0.034945687803938086,3.3477245204490975,1958.9721458142976,2557.3349957778514,4919.497908737058,1069.015337507021,-2.1132885204263414,5.714353084468767,4632.8125,5636.71875,0.17471542804017526,0.05627016423060496,0.8935281982254707,3.911070116686859,0.139892578125,0.207275390625,885.3362,849.47534,1.7815589643533036,2.602785569747238,325.5552062988281,1059.0421295166016,0.022000918,0.06319966,5.291189302186362,37.04339781588174,0.0016150993178598583,0.004213417298160493,0.0,0.14406849910597158,9.83703610205426
62,1,train,-373.65292,111.84424,1.7023196053292196,4.426227830229805,-462.84173583984375,-312.3654327392578,58.56682,49.167473,0.8616706932813584,2.5256125010126422,24.237173318862915,92.81191444396973,15.352523,22.195524,-2.0584803437724153,11.603433941073074,13.132355749607086,22.915346384048462,9.548267,17.115168,-0.7726038114463888,5.530051491162555,6.605108678340912,14.54927396774292,1.9728978,15.798983,-1.7722861911296144,6.518250630584165,-1.1476430892944336,7.454836308956146,-1.1734965,13.0895195,-1.474912799146201,5.113863444847941,-5.419567823410034,4.786679267883301,-4.146427,11.786299,-1.8252353720956465,4.947510102749131,-8.767508000135422,2.8245764672756195,-1.0265427,10.186871,0.3180877281267739,5.922176483853054,-6.075174666941166,2.978539675474167,-0.86721444,9.954246,-0.8961585624737638,4.98997281093334,-5.306572914123535,3.796126738190651,1.9367682,8.768774,-0.17661432587189613,6.536254879028142,-1.7051382064819336,4.619751036167145,-0.394549,7.7425947,-1.11976516490889,4.180572785855613,-3.8868914246559143,3.405245415866375,-1.8304704,7.8368587,-0.09645257326182312,4.901512439954935,-5.445394903421402,1.6562881357967854,-3.6933937,7.729633,-1.065302227123388,4.566070096501534,-7.371529400348663,0.632645770907402,1851.3301530187164,707.7687311776784,1.0416356648295853,5.617276164668866,1358.5385427656618,2164.0243642212627,4172.486567951557,1565.6892026920523,-1.0420297110255907,0.3497078951032664,3095.703125,5261.71875,0.15175214480235152,0.07719294660459612,1.588155897547267,6.903142304297959,0.1063232421875,0.17822265625,876.37885,798.92554,2.130211538537424,5.448551015316326,335.22949600219727,1137.950912475586,0.039542843,0.074280575,3.4742353849480665,18.77927455122958,0.001013589197100373,0.05261671723565087,0.0,0.14043034556010034,11.266251909493214
65,1,train,-314.5036,120.44309,0.3880475689691442,-0.7522147447661801,-418.3347930908203,-220.3343137105306,76.09852,57.691864,0.10907916115066481,-0.6703063691249653,31.09403355916341,123.47002410888672,10.317087,30.261452,-0.1661803822888775,0.8306049074657675,-4.728501796722412,26.64189354578654,7.595297,25.416075,-0.14932838126852693,1.0628168452294713,-2.427685101826986,19.537898699442547,-6.9296412,20.791735,-0.704262545512233,0.5981032529588023,-19.523656209309895,6.727397441864014,-5.2805877,18.26608,-0.6849279836803079,0.5019202453482374,-15.707710266113281,5.749865174293518,-8.880591,18.285135,-0.16712840864247058,0.19043197474275728,-21.286807775497437,4.889736817528804,-1.2094642,13.119316,-0.12041604028512765,1.0492677742331125,-8.129391272862753,5.119864145914714,-9.678673,13.980021,-0.5452078207438849,0.7465005566830897,-18.11566702524821,-0.03739495202898979,-5.940752,11.44009,-0.13267741216841902,1.69953703587872,-12.12685497601827,0.2126652573545774,-3.9884777,10.2738905,-0.08848091383952177,1.1643901150522236,-9.163936932881674,0.7857409516970316,-3.8403609,10.347966,-0.1260611435466541,1.1441983239821594,-9.071093320846558,1.0630429287751515,-4.2595124,9.526547,-0.1508809922022447,1.48923016008281,-9.050890922546387,0.6428084572156271,1645.4614242853365,848.5019254472827,2.0398396476348637,5.855387404767165,1074.3147448607494,1910.2001799978364,3235.3296170775357,1581.3349489367813,0.21131397053754705,-0.46088267206885813,1942.7083333333333,4380.208333333333,0.13130688065548174,0.09770061488638786,3.010257235044268,11.651886212286529,0.07861328125,0.13887532552083334,1011.92596,836.316,1.5474512795627202,2.042380083900951,419.91898854573566,1307.3765157063801,0.05705768,0.07632875,2.5704165032896404,12.158660124635231,0.004585554367319371,0.0856959701826175,0.0,0.14750444397343235,8.342460191430476
66,1,val,-390.4153,67.100975,2.9820738261068116,9.320583865873143,-419.7011413574219,-406.3590393066406,21.276302,28.774807,2.193058100326263,4.731323404521843,5.844484329223633,21.319997787475586,7.517023,17.232325,-2.5031863349528156,13.808651300324545,4.933414459228516,13.550872802734375,7.500194,11.641384,0.31794093173076404,11.750373864632554,4.399682521820068,10.135345458984375,2.4136605,11.412442,-3.1103231476912434,14.03887873974261,2.961854934692383,6.6413421630859375,2.6608205,9.226122,-2.1824380498340763,15.93719867892456,1.9722702503204346,5.461521148681641,0.52464694,7.9091797,-2.423469485215497,8.10872749673242,-0.3527733087539673,4.294054985046387,1.2872604,7.130884,-0.022062216142673584,11.655981209514383,-0.87703537940979,3.8919625282287598,0.5201478,7.623498,-0.8529534753360579,10.964830249568417,-1.6968690156936646,3.458116054534912,-0.42646918,6.9108963,-1.8551140605217695,8.464048177680274,-2.3035361766815186,2.9976847171783447,-0.22256099,6.4671683,-1.434457979759319,8.52033398185868,-1.994737982749939,2.8097338676452637,-0.28738204,6.4957223,-1.518700764301631,9.84599931936326,-1.4967396259307861,2.567811965942383,-0.37810433,6.8228803,-1.379405463675251,11.025010551181047,-1.4847924709320068,2.4919257164001465,2216.9003070896265,534.226873084703,0.04310497766808076,3.485370015294813,1968.8111718299447,2531.59066070409,4921.83188805676,1135.4247363602135,-1.9461239517345883,3.230920473491407,4742.1875,5617.1875,0.17087206992757192,0.06062460509920487,0.561663256430081,2.9423870986577834,0.12841796875,0.2080078125,724.9228,777.19934,2.353996063832971,5.392185717683599,265.7772521972656,810.64990234375,0.015962401,0.054357044,7.03529584433891,70.16306514064637,0.000766854383982718,0.001948466175235808,0.0,0.10038020757486735,15.141689447791915
67,1,val,-338.8883,111.72043,0.8250251210380363,0.3914136556948663,-447.1463050842285,-257.1933059692383,67.90929,56.853447,0.33896137778454793,-0.2545083447850509,21.714277744293213,111.0070333480835,16.598476,27.589119,-0.8241853195795531,2.9925420461030754,11.399401694536209,31.09317636489868,10.033053,21.774399,-0.5661714974056862,2.4159640575614163,4.668792247772217,19.370593547821045,-6.3501124,20.959984,-1.0410473543993195,1.5136538940970623,-17.13523544371128,7.872210264205933,-1.9112958,16.252998,-0.7191993930406801,1.576957784937766,-9.771015853621066,6.537841558456421,-7.2347813,16.324202,-1.0354147755135017,1.1593078156253096,-16.191813230514526,4.644298791885376,1.1438534,12.104557,0.08973687243181537,2.158594930598654,-4.649242356419563,5.622387886047363,2.10939,11.16901,0.431738454743849,3.4261818161549678,-2.4291635416448116,6.399534523487091,-3.0705695,10.739174,-0.4803013650658679,1.468420151013075,-9.003206491470337,3.1308883726596832,-2.9051707,9.219006,-0.5694042119585048,1.898940719003338,-7.199102938175201,1.996065378189087,-0.59342134,9.4683895,0.15401926375174105,2.384541604120128,-4.827879726886749,2.6925328075885773,-3.2754395,8.717165,-0.5998672594999481,2.1067469818750157,-7.288849920034409,1.1167092472314835,1681.5807706392543,842.8501849265922,1.4322979699354192,3.4227052754045824,1059.1785690753236,1986.5551546019433,3498.8430387222656,1690.1435616242206,-0.34378667251997813,-0.9719039525438699,2008.7890625,4796.875,0.1224196204958703,0.08974666394676459,2.719309833588319,9.26294100680568,0.07159423828125,0.131103515625,1010.06494,926.4602,1.602170150712912,1.7272808730801765,385.1167526245117,1240.7930450439453,0.053943038,0.076155305,2.2670466170698487,7.8696054909495565,0.0012267060665180907,0.08125785645097494,0.0,0.1285499297142127,12.137051807379823
68,0,train,-337.07022,105.05123,0.9224657484933861,1.2563659477632052,-420.6037953694661,-274.1488622029622,67.79667,53.056057,0.3186661242023152,0.32420154813247654,29.317223230997723,98.20619678497314,8.69995,29.60573,-0.6857623489961746,1.8637207949007533,-5.8459053834279375,26.380788326263428,9.250811,21.558886,-0.24923917764305062,1.911638240106236,0.10446929931640625,19.443992137908936,-0.84845096,16.94649,-0.7955963674496283,1.536345971402654,-9.604218085606893,9.781524817148844,-0.6627746,17.021315,-0.9601601757326356,1.9254215263155903,-8.197701305150986,8.834365049997965,-4.144968,16.368855,-0.9827396392326683,1.7656741003912941,-12.093376358350119,5.828905502955119,2.1483781,11.9931135,0.15398121496758135,2.3401138468892726,-4.273323059082031,7.643248240152995,-5.01051,12.198848,-0.7146605585227293,1.6314863811413793,-11.17083708445231,3.0150908827781677,1.5068127,9.562898,0.1570729377606791,1.875539451810815,-3.459770917892456,6.309154788653056,-2.6308427,9.066418,-0.4585474621158303,1.739517427793895,-7.895304441452026,3.0199802617232003,-4.7806406,10.238848,-0.5388242254411781,1.5868465715513669,-10.65978886683782,1.9675331215063732,-1.596677,8.241815,-0.27893798435347184,2.565775626322887,-6.304512719313304,2.933941741784414,1731.7356286269944,890.6362871988459,1.9559811906202664,4.798646843571962,1190.748606259113,1930.9250050457933,3463.514244293299,1522.4649383558951,0.12180406647368096,-0.16949320177032354,2416.6666666666665,4369.791666666667,0.14278520705761918,0.10400880623969316,2.2147951462995508,6.324068730484355,0.07584635416666667,0.16813151041666666,1017.788,901.9331,1.5222726179934762,1.7418209821813708,374.27966054280597,1337.5148010253906,0.0456814,0.06983889,3.79759860447912,28.676038668839315,0.0031999147371000922,0.05847813468426466,0.0,0.1112488262296693,12.510335466635794
70,1,train,-400.95285,95.268425,1.7655203252820977,2.05936728297477,-454.8070373535156,-404.49242401123047,50.72567,43.424385,1.410135950021692,1.0394378579258854,25.087626457214355,54.983717918395996,19.093727,18.71506,-2.1849976556209967,8.272138297542568,18.216090202331543,26.196831226348877,15.060811,16.985687,-0.048297949034438126,7.693636092404782,11.948978900909424,17.357219696044922,3.9229043,13.249404,-2.4463085571757723,7.345028777332997,4.838215708732605,9.713506698608398,0.5185566,12.948955,-1.9196412066413144,6.3598474781813845,1.2342796921730042,5.7796690464019775,-1.4136593,10.109346,-2.2227691633918214,5.929712055991226,-0.8533748239278793,3.388193428516388,0.55930036,7.954484,0.7475476614558715,9.204103670193131,-1.2129512429237366,2.650872588157654,-1.4317273,9.292291,-1.2647519587374294,6.183004324179484,-2.2517090439796448,1.8690941035747528,-1.5688127,7.582468,-1.2439741746737187,7.255915400847776,-3.0027544498443604,1.550414502620697,-1.7003136,6.4109173,-1.17301514775372,4.290550442705706,-3.3550243973731995,1.4313490390777588,-3.388325,8.115288,-1.830770925104656,3.9512681633421387,-5.059749126434326,1.3009231984615326,-2.1745365,7.560149,-1.6318145298187707,4.7670639266197306,-3.6498172283172607,1.8654775321483612,1618.7249636315262,514.3280171938444,0.46676207922637175,4.075736706129291,1420.9477802565384,1876.0675707289413,3703.411627435065,1301.4371601530797,-1.2209753950956894,0.20649331939504467,3318.359375,4570.3125,0.12270840731534091,0.0523606888753375,1.8779239272894277,11.935994134040307,0.09326171875,0.14892578125,673.1048,580.71814,2.9748608843494675,11.152509329306625,321.46484375,795.892333984375,0.03830253,0.09081048,3.0784979024064825,9.709972907965675,0.0008464711718261242,0.011878781951963902,0.0,0.10857780009641375,15.322759577358239
71,0,train,-334.1926,129.05103,0.4663706017913284,-0.4719046250134255,-470.17615509033203,-231.25631942749024,87.2474,65.54132,-0.017968958299408328,-0.8938639042873385,24.95698997974396,147.49367980957032,13.576117,27.592133,-0.2880205939262721,1.1497440859780346,0.012644147872924805,30.28615484237671,8.645138,21.983374,0.4143688271786166,1.446956058751558,-1.9846052527427673,18.724799156188965,-7.407289,22.557262,-0.8863335628371237,0.9328490794873165,-20.44129749536514,8.283422160148621,0.71248275,14.377626,-0.6395395635536553,1.703595208959598,-6.411014372110367,8.584378647804261,-6.621679,16.674225,-0.6889094404253404,0.5610594210915123,-16.550014591217042,4.125753277540207,-3.4056022,14.715261,-0.3829892453312615,0.8507829078637906,-11.389237809181214,4.768156468868256,-1.9349816,11.460643,-0.08408251896326527,1.0694458462864274,-8.121552872657777,3.6484539985656737,-7.3862853,13.537605,-0.4926327938603031,1.0002227082373687,-15.17945294380188,0.6728970527648925,-3.516068,11.2211,-0.17773944178960585,1.1082166981585335,-9.584068155288696,2.2274593353271483,-3.809775,9.615766,-0.05789434901672409,1.1136447383436316,-9.219725930690766,1.0069887787103653,-6.217659,9.767435,-0.08826326740895449,1.12850049461973,-12.167455911636353,-0.6101851969957351,1490.371370905032,826.0373716103675,1.357208735674328,2.0918252981089758,844.912154113588,1924.208520821195,2987.344743055375,1787.9888328867733,0.25363779872864206,-1.2584294788054124,1314.0625,4590.625,0.11548145207085563,0.08284790455740432,2.2845524322801416,6.625927129141134,0.0635498046875,0.134033203125,1003.45264,881.4208,1.6109125172452359,2.010699194918687,393.9537658691406,1239.7775451660157,0.05762019,0.07710284,1.9687483897267153,5.211560884168347,0.0012477072683395817,0.08837721589952707,0.0,0.13255278197906406,10.869124828889996
73,0,train,-366.3624,133.47313,0.902473242811279,-0.19724514807527274,-472.94091033935547,-258.0535634358724,64.02274,54.750137,0.620612893532527,-0.5297166334006757,23.29876438776652,110.68120384216309,10.798721,24.163794,-0.9220720601492162,2.4460364049768155,4.751023292541504,21.585227330525715,24.322067,26.1841,1.4532776316620393,2.7170963427307733,10.112905581792196,31.37339210510254,2.6313236,18.669708,-1.5048215689736335,4.466113068614617,-2.0550586382548013,11.254130204518637,-1.1706598,15.181697,-0.8329211491486476,1.324624867431409,-6.84718843922019,7.475379625956218,-3.466551,14.907643,-1.109672641308958,1.4701655409054066,-8.782005389531454,5.296030044555664,-5.9651856,15.943746,-1.0391143340792486,1.1005596535706406,-13.729663292566935,4.063685953617096,-2.8970919,12.203701,-0.7086802456873639,1.6088749557699338,-8.624827166398367,3.949389417966207,-0.4826493,11.23956,-0.8226512637361166,2.9811910118214815,-4.038590480883916,4.477605263392131,-1.9964412,9.542619,-0.4967343653034833,2.3516384128498484,-5.822116067012151,2.6759019692738852,-2.1198416,8.513286,-0.5186250358149005,2.216697661146228,-5.745560606320699,2.090987960497538,-3.5927207,9.319981,-1.0489810440400753,2.280194996701267,-6.757721424102783,1.4917296717564266,1672.1095213013975,658.057211511997,0.5558902420856833,1.3331690067622124,1161.1944290452595,2001.0976279422655,3549.8154352365214,1447.4536016226623,-0.3124882896492269,0.011619824015472568,2406.25,4535.807291666667,0.12498711785680394,0.06400644423392625,1.4544403294611865,4.515626335199131,0.08256022135416667,0.14644368489583334,1014.36945,919.26666,1.4455538346003072,1.2275891917474315,363.09474182128906,1374.6578877766926,0.05141228,0.083083406,2.132236379029742,5.340336399302418,0.000939124176511541,0.07659130543470383,0.0,0.12380124821741656,11.226274299637028
76,1,train,-334.93335,103.08515,0.9144814621519894,1.5048781823074948,-422.86871337890625,-281.91523361206055,76.568275,54.364635,0.022102001864158758,0.6692231808576642,28.695670127868652,116.05434481302898,24.051126,27.428354,-0.8199042898134644,3.099511833891525,11.39661106467247,40.7016404469808,14.910838,20.376665,-1.0083388562707307,3.289123091139597,7.788992861906688,27.05204184850057,3.1213744,17.529104,-1.2031184192289437,3.9172307728018354,-5.111910899480184,12.959582408269247,-0.37768683,15.8628235,-0.03312390368099009,2.373221984287491,-10.142108678817749,9.369670629501343,-5.614389,16.584105,-0.8621294642646036,1.1594588780815165,-14.757417973130941,6.545207401116689,3.620946,12.44247,0.12241648088091028,2.1294193634862637,-3.2167059580485025,9.819761912027994,-3.6651754,12.166043,-0.7794687412531115,2.011848159890285,-10.546982352932295,4.165754199028015,-1.8814775,10.129607,-0.6295403730515626,4.47553203029335,-6.843610102931659,3.3677784403165183,-3.697684,9.618583,-0.6065388972203558,3.031035739525881,-8.76968315243721,2.2404315372308097,-2.324196,9.774182,0.14636217093358272,5.0014205462504675,-7.796877523263295,2.640730952223142,1.2835448,9.362285,0.049797528658268475,4.232687620334647,-3.2988094886144004,5.606184442838033,1460.5962964239864,897.1729822201102,2.3438791242707873,6.991417133580678,874.9603568438946,1741.4894120219517,3155.228850739226,1686.5067557552404,0.027589880325421184,-0.3152733095058167,1859.375,4554.6875,0.08948192605623086,0.09683320485525633,2.9077083956331538,10.776744125204651,0.032552083333333336,0.10135904947916667,953.6678,943.8154,1.646906039074933,1.934365316066313,296.88305409749347,1234.4722544352214,0.056089845,0.073907904,2.8659648115424132,14.937797839287237,0.008932590523424247,0.07402559975162148,0.0,0.12745475725203373,13.323799393920517
78,1,train,-330.45142,125.83532,0.5075278464065271,-0.9906517195352907,-456.5729103088379,-224.20617485046387,53.27503,54.100334,0.356692762384906,-0.9488546669132097,5.247461259365082,101.31173419952393,-14.884041,42.155502,-0.8208621677520535,-0.06802171341176466,-42.69260883331299,7.934718310832977,1.4697351,25.850937,-0.10488296154339347,0.8899050588391852,-8.076258331537247,10.352962374687195,-8.143616,21.637836,-1.1158033779802752,1.073114908416041,-20.004287004470825,4.309466302394867,-9.899097,21.528103,-0.910257589003669,0.8425932661843587,-21.99484944343567,3.3389495611190796,-6.9120502,16.493732,-1.033168665631089,0.8910393066577071,-15.631914377212524,2.776946932077408,3.5970685,12.335701,0.16042064982295653,1.7975733288140425,-0.5865414142608643,8.269054412841797,-1.7582009,12.18103,-0.4177514047921917,2.1614345555756755,-6.883265137672424,2.8928253203630447,-0.69851995,9.462263,-0.29129962041596497,1.412692756600339,-5.476857960224152,4.202854335308075,0.77629566,9.835768,0.05040705652276729,1.995614756636734,-3.0517085194587708,4.539667129516602,-1.9989715,9.787611,-0.21914844506569406,1.9762273110747444,-6.325231909751892,1.9853017330169678,-1.6010275,9.328285,-0.03733990666827895,1.9247216240371654,-5.53142786026001,1.624398559331894,1783.3563803392067,734.0688469355532,1.4563112201318231,4.230149842394204,1268.5092827724043,2040.2484819301667,3471.7535524248724,1519.6082689667041,-0.05670069575152793,-1.1029293082359581,2082.03125,4644.53125,0.14804281114500736,0.08370597884748651,2.985943959977413,13.615974746343861,0.103271484375,0.160888671875,1153.4432,867.6865,1.2011498356702695,0.8773652351699328,496.7203063964844,1573.9846801757812,0.055596,0.0816371,2.036685402813025,4.460847266970847,0.0005611793822026812,0.07983262278139591,0.0,0.13212578769462097,11.675811178060506
86,0,train,-342.31845,92.50598,0.4912880501976392,0.5702964105121635,-425.00245056152346,-278.28377838134764,82.0554,57.08008,-0.04243330681806584,-0.7898458160521187,28.191783690452574,131.0811325073242,21.21001,26.409588,-0.3421259708907383,1.6120490360177413,7.375978028774261,38.36314163208008,9.618718,24.181026,-0.2678245928047473,1.1351380902626214,-2.2122607469558715,23.43309803009033,0.98581,17.495884,-0.826838403569964,1.4514388863909626,-7.834146293997764,11.440263414382935,-0.0841651,15.707056,-0.6378910366716423,1.1918738865348057,-8.427780705690385,8.712827563285828,-5.316337,15.298065,-0.743120056599225,0.7948579378536095,-14.298941946029663,5.177414041757584,-0.3860442,12.753002,-0.017852127145766995,0.7694647915900642,-7.868434172868729,6.900330221652984,-2.7930603,12.736779,-0.22133026480729262,0.7386317743949083,-10.51925265789032,4.302956485748291,-2.7932544,10.745786,-0.2579166952468359,0.38767913038352536,-9.69304654598236,3.7786450684070587,-6.3271117,10.409786,-0.28848573246154446,-0.07478267626943377,-13.403397107124329,1.5447261109948158,-6.204698,10.850079,-0.23524176805068336,0.2238940788523484,-13.259252429008484,1.4245415955781937,-5.4688215,9.386782,-0.3623728895554472,0.38640280883307854,-11.657001495361328,1.0525226920843125,1426.926764859471,908.6506542049916,1.5777478158459624,3.108623140185397,756.7901041513189,1842.681515022221,2889.816725485377,1902.145014571674,0.30508547702893996,-1.017332766474026,1143.75,4515.625,0.1095176310232457,0.09637620461539431,2.532870521666503,8.304190233724556,0.04873046875,0.1290771484375,1000.1714,933.1966,1.5838635316306686,1.8759744332480697,338.6702392578125,1317.0576904296875,0.05962051,0.07279545,2.2793059904092776,10.136739824554933,0.004684603509667795,0.09001815803349018,0.0,0.10951146846410179,16.01474311951366
87,1,train,-357.309,96.6788,1.7646983888192735,2.697010078181913,-424.01998138427734,-325.40633392333984,60.432816,36.14335,1.014783061324082,0.39377914889681787,31.566965103149414,78.83687973022461,13.473977,21.643238,-1.8298942665391569,3.8068609569553047,11.945135593414307,24.10728168487549,10.748084,16.831741,0.2396102396607254,4.831323814702886,3.0729868412017822,15.565972566604614,0.96690977,14.757716,-1.765424575049246,5.282486856603342,-2.359478533267975,8.531805753707886,-2.2738338,13.591936,-1.3777662375490238,3.828157586023984,-5.426976680755615,4.528613567352295,-2.8230872,12.266242,-1.1971574145840997,3.941069989258107,-5.184672951698303,2.7289679050445557,-3.0743625,9.908688,-0.9938934279081407,2.7665188972164643,-5.928233504295349,1.567875236272812,-1.9859056,9.166152,-0.7550616248676285,3.532465943610598,-4.457837343215942,1.7684188485145569,-1.6830862,8.914777,-0.582081639751335,3.9456261422745946,-4.30586576461792,2.0139458775520325,-1.418071,8.128045,-0.2967972905681661,3.106450295724388,-4.692248582839966,2.137298285961151,-2.157389,8.603282,-0.1538330101849787,2.857005787376341,-6.166339993476868,1.5019379258155823,-3.7855253,7.656593,-0.4227158062026333,3.9427468938643147,-6.513686895370483,-0.43212734162807465,1529.8602181398944,461.3877334025911,2.0714403276776423,12.503846779451942,1332.0568810632806,1717.544306101396,3208.227422248804,1092.2567046108863,0.20110514006969335,1.1319494580183598,2640.625,3960.9375,0.10755796295604067,0.04404369382535112,3.2100693266179507,20.110149295902502,0.0859375,0.11962890625,920.4762,681.91077,1.5038736286449648,2.3963531771769704,418.1360778808594,1206.7254638671875,0.035520732,0.08653222,3.7996465049669714,16.483856246566077,0.0012152251147199422,0.019168946892023087,0.0,0.13689707239373963,11.32804118217243
89,1,val,-344.9669,113.10993,0.6927289385869987,-0.9073347616588112,-442.82415771484375,-244.29993438720703,60.499905,53.126724,0.09366199738065464,0.46041271121240035,33.4140510559082,103.08124160766602,26.964272,22.55352,0.09931357663981244,3.732888609161777,22.45100212097168,32.46384620666504,24.034916,20.305662,1.0954922164841028,2.302715346548907,14.338342189788818,30.67440414428711,3.417843,15.91011,-1.3882315963128136,3.296270482811728,-1.5008856058120728,11.046443462371826,1.5380483,14.020219,-0.7121664515093371,2.7653792840209235,-1.8278072476387024,7.099429249763489,-7.3085923,15.64617,-1.3262334540934728,1.5080059527395449,-14.84514307975769,2.6168052554130554,-1.6292564,11.13442,0.11894575396586998,3.064014403705765,-5.943006157875061,2.7355146408081055,-2.9859571,11.473806,-0.6907742022350272,1.494448796371839,-7.712939023971558,2.6071501970291138,-3.170044,11.216238,-0.8402464512510399,1.8554897316877836,-7.415014982223511,2.242091476917267,-5.599965,9.864509,-0.7378834263942231,2.002602342359345,-10.423120021820068,-0.005320394411683083,-4.183446,8.638517,0.09757001043218103,3.192844523476384,-7.244441390037537,-0.9272582530975342,-3.6791809,8.71773,0.5335072222590229,3.1561566262549254,-6.867304801940918,-0.8393588960170746,1927.0582332118922,968.1684803816878,1.1407079068993888,2.196158028996309,1098.8985538719703,2212.1694059190554,4050.702214898835,1773.2566267187244,-0.7326563736867039,-0.8209637332607631,2414.0625,5195.3125,0.14115220004981607,0.10310313137009204,2.442995029724815,7.819584149853586,0.0751953125,0.15380859375,1004.912,922.6262,1.6413791203433867,1.9262482381539066,376.321044921875,1302.419677734375,0.055856664,0.08272222,1.706677365655532,2.624746552829789,0.0012113688862882555,0.08957152254879475,0.0,0.148529605546113,11.513246571530702
91,1,train,-355.56372,97.4387,1.2944072122142136,1.2470903791508692,-427.12254333496094,-298.6577568054199,73.683876,45.810226,0.9125838700753949,0.2721227543958103,38.29634847243627,110.86879603068034,7.3946004,24.699934,-1.869184328278022,6.207549814641638,6.193442260225614,17.31233263015747,9.301856,19.267258,-1.2881237547397013,3.420813628226893,7.133801420529683,17.414483785629272,-0.7369961,16.910767,-1.507129287291087,2.4006792007443924,-6.613104025522868,9.063313603401184,-2.572111,15.281247,-1.496364360521546,2.9624114586210744,-8.87486751874288,6.34070344765981,-2.327629,11.755745,-1.3148378530579716,2.805654507111239,-7.446333726247151,4.66885111729304,-0.04445998,9.559965,0.06234940363763434,3.089650112987975,-4.646567344665527,4.299220502376556,-1.4183993,9.538489,-1.2054338374769002,3.4732501127147883,-4.880436619122823,3.481169253587723,-0.5616338,7.4367185,-0.7363647956806952,2.576680127801733,-3.8738784889380136,3.271182060241699,-3.6736462,8.448388,-0.7939209314408965,2.6407795122942814,-7.318662762641907,0.8311585088570913,-4.444792,7.803756,-0.8394563489147457,2.876300943494711,-8.086888154347738,-0.23849329352378845,-4.75105,7.6569214,-0.5864201696957839,2.3019202800119465,-8.8055473168691,-0.5087200601895651,1491.8185413175604,501.1821256281534,0.5024376828107507,2.4078623988063366,1094.2915373778017,1815.7323683725583,3360.753133209977,1417.854240174196,-0.34118557093359686,-0.2946316221848897,2227.8645833333335,4458.984375,0.13126309965213476,0.05750003066206191,1.28792161625986,7.080562443228874,0.08544921875,0.16682942708333334,681.6439,644.2915,2.3410412324495447,6.149685021894025,272.4440638224284,800.2156219482422,0.050809372,0.08346591,2.228787368600834,5.768540110821295,0.004037491079846707,0.0650202779409786,0.0,0.1294130549231694,13.438841953041816
92,0,val,-322.9118,90.05017,0.7433164465357754,1.512753821219181,-397.1003532409668,-262.49338245391846,78.86134,50.356453,0.07429882658644521,-0.1792901598557271,40.40326690673828,116.99730730056763,15.219526,26.54184,-0.47612177216041,1.981552619675806,2.1377365682274103,31.32930237054825,10.280413,20.258322,-0.5765699333956181,0.977706048380436,-0.4825664460659027,22.82053244113922,4.8494425,17.316711,-0.6968876246311635,0.8029506529493347,-4.707390487194061,15.847463428974152,-1.6436453,17.320593,-0.7400631796805006,1.185220926314527,-10.99586796760559,9.646513121202588,-3.4973173,14.649958,-0.6933328007530523,0.7573234357689453,-11.399163857102394,6.520463094115257,2.8039305,11.70373,0.1723125126008703,0.6400570246699624,-4.10359251499176,9.174587488174438,-4.1019363,12.530428,-0.24446953543576586,0.684854365769784,-11.320894658565521,3.879821479320526,2.0380878,10.404715,0.09319659980951991,0.7814369453031331,-4.128235589712858,8.093888401985168,-3.564303,9.906227,-0.3022561635632034,0.8918154139085043,-9.220885396003723,2.58155620098114,-4.283755,9.752481,-0.07897862826670858,0.9799922962717805,-9.967424273490906,1.2854242622852325,-3.6899502,8.153191,-0.23328522249181188,1.1946622459400222,-8.33372437953949,0.8917803764343262,1619.9933136641457,980.832613183499,1.8742780446348983,4.2135002959573855,988.2868126586266,1873.4718551606966,3181.4846035104233,1712.4332537957057,0.34803549595337613,-0.026402919025096783,1994.62890625,4263.18359375,0.12560073608483688,0.11539501242515499,2.691452942017267,8.980501752036336,0.058441162109375,0.149871826171875,1142.1838,940.20337,1.2098411654079215,0.8813017904337572,405.7973232269287,1652.8959045410156,0.050571576,0.070170015,4.222558676091928,38.76375495137535,0.004724188431282528,0.07312321802601218,0.0,0.10203769950003598,13.655463383102752
93,0,val,-335.3343,124.50656,0.7572704317440708,-0.10441735534295893,-453.0803756713867,-238.6023406982422,58.320503,53.785385,-0.19921159029393823,0.7924141851725439,33.286970138549805,98.28592491149902,14.537809,26.35482,-0.6094775846877307,1.2023353472113048,5.468706965446472,26.72718048095703,19.493475,27.386925,0.7439493056276084,2.4124663347903255,10.442049503326416,27.985581874847412,-9.306911,25.17354,-0.9555705145184674,0.22976605470024758,-26.224331855773926,9.456573963165283,-1.2600727,19.602793,-0.49103003683365115,1.2413083108626897,-11.408104419708252,8.951662540435791,-3.8841472,17.3597,-1.0906997328836274,1.6937540487129668,-12.820573329925537,7.108680963516235,6.0612373,12.864014,0.3769686553902014,2.2793163528062195,1.1426010578870773,9.923399925231934,-0.5074441,13.810852,-0.7313188633750238,1.74023888844805,-6.094197988510132,5.8335044384002686,1.7106776,10.111838,0.009817141344234503,2.370782252482547,-2.619841456413269,5.73332667350769,-2.0862389,10.78281,-0.8720189219453796,2.0639014095983983,-7.315502643585205,3.9693111181259155,-2.5630262,10.472654,-0.3794235289505765,2.4013403819388945,-7.455504417419434,2.499455690383911,-1.7360512,8.32102,0.07127221152898909,1.943964332381762,-5.632841229438782,1.4527215361595154,1752.0674739201472,908.9999177138859,1.8059353088385905,3.779873538259849,1213.5704417998204,1885.4957920380684,3486.925795327535,1403.2568584902006,0.04119457459331444,-0.24249785748814134,2511.71875,4248.046875,0.1272166984152946,0.11287198479261248,2.3532777159939986,6.528048186684592,0.052001953125,0.1416015625,1187.954,1059.2819,1.2079659148139734,0.48788076676085557,385.33052825927734,1829.3505249023438,0.052090086,0.07935472,2.75878983449362,10.25102968721061,0.002287262468598783,0.07110998407006264,0.0,0.14369674282084327,11.118113706184015
94,1,val,-346.46826,98.04403,1.2232742465605408,1.8979604552520513,-409.2280019124349,-296.9088592529297,60.9305,41.73035,0.5195697427154723,0.8079117287292465,36.36891428629557,81.55535062154134,8.697692,21.792992,-1.1028983912662718,4.410873118335661,3.665220260620117,17.115882873535156,10.146491,17.190392,-0.2915807335173795,3.7685789984118325,3.851676106452942,16.40279738108317,-2.5684817,17.944954,-1.620090156332271,3.8372010548566284,-8.893249233563742,7.989452362060547,3.1502514,14.110404,-1.0039751212621362,3.4060819988264357,-0.6317190329233805,9.462262471516928,-1.1594831,12.404201,-1.1078883559544919,3.626742944456352,-5.810604890187581,5.501345078150432,2.886222,10.98603,-0.29343331164998515,3.3114543453643623,-1.1971744298934937,7.784949779510498,0.041176558,10.924708,-0.9706691934937175,3.539270132388527,-3.886151830355326,5.76762851079305,-2.484043,9.736857,-0.6949726297576023,2.437989096588902,-6.539674798647563,2.6673722664515176,-5.1327434,9.161874,-0.8413392662384768,2.309477512328432,-9.215357184410095,0.17380523681640625,-4.7821326,9.023221,-0.7608419908285642,2.4334996204113817,-8.889473756154379,0.42265333731969196,-2.7732038,8.114994,-0.5176982782180911,2.700084772486963,-6.407224973042806,1.2591549158096313,1738.6917802101043,667.0863717380324,1.042617949585306,4.285339068413002,1328.79413180586,2046.2266857005097,3753.7129916748804,1452.639081665844,-0.5059062815696103,-0.23896975803632556,2799.4791666666665,4765.625,0.12296440698681048,0.07069744116960326,2.118337787541124,9.06173557069793,0.08268229166666667,0.14371744791666666,945.94464,754.12335,1.5252685605018292,2.3317661077141483,385.8996938069661,1283.1061604817708,0.04481843,0.07814714,2.900893030822894,13.449494427192024,0.0025715746451169252,0.058390301962693535,0.0,0.10417407783096222,14.771828564355415
96,0,train,-353.51108,102.3745,0.3541792623416805,-0.9399230419515769,-465.9035339355469,-270.4597702026367,83.625,67.71176,-0.0022860397351049944,-1.4328228937592808,11.684621006250381,147.75551223754883,26.646843,22.605587,0.07342296413017559,0.13943311171214123,9.825679451227188,44.110897064208984,13.059429,20.56842,0.15820807402625814,1.0438685795133298,6.894463360309601,24.359910011291504,-0.8695771,19.902832,-0.7741430827575126,0.731638299824342,-12.070433378219604,12.702821493148804,-7.167486,19.620075,-0.3876174467535877,0.2625224170480569,-21.533079147338867,7.5930213034152985,-12.069457,19.003227,-0.5974065783104742,-0.6817715389272272,-26.90797996520996,5.194117933511734,-3.028977,12.841831,-0.43021687489334637,0.2896964835457001,-11.793105483055115,4.9735317677259445,-6.6739674,13.445688,-0.8165629903732081,0.29652833621400876,-15.608844995498657,3.6026633083820343,-2.6372752,11.526853,-0.4673875273493078,0.8942349508650533,-9.578523874282837,3.6601625233888626,-3.316977,9.852068,-0.6734618932240066,0.48135553805753584,-9.216481566429138,2.968628615140915,1.047427,8.042717,0.013384747984218445,1.110914064642102,-3.118353635072708,4.328265279531479,0.3317648,7.9108605,-0.1527006953186652,1.082751754775003,-3.9026539027690887,3.9640235006809235,1255.491951164645,764.7323308475702,1.740045428331925,3.921376916765353,679.5953996974132,1705.5698535366419,2403.107523696055,1727.6203680993162,0.707439025825293,-0.40927920423236586,828.125,3903.3203125,0.08919611491144545,0.07570421313869036,2.2758568402188812,7.570813299846577,0.03460693359375,0.123291015625,920.6074,1003.58765,1.7546596075051306,1.8226439613639758,310.4526481628418,907.9680404663086,0.06061609,0.07771462,2.0220215774093924,6.13024962692063,0.0007552041752205696,0.09873467870056629,0.0,0.12246418436701348,13.54380364072589
97,1,train,-350.236,147.9675,0.2779269731967124,-1.3720539004791115,-505.9812927246094,-219.2833251953125,66.97128,60.68549,0.166838312383229,-0.16341365564486487,23.35297393798828,114.30896759033203,4.8356853,34.702763,-1.001603215496611,1.1556319770782952,-12.193769454956055,22.440168380737305,17.04508,23.796053,-0.32665705675911816,0.841803680984111,9.94529914855957,30.53404998779297,-6.9634743,27.492476,-1.001002170891477,0.09988688760696007,-24.463459014892578,11.676055908203125,-4.8231463,22.447445,-0.7951000368542311,0.31022294308255827,-20.07098388671875,8.965250015258789,-5.6776958,17.281925,-0.6704081830083314,0.24294355344949814,-16.89311981201172,6.174991607666016,3.031966,13.796814,-0.07345724832443558,1.2456369258327413,-2.4858205318450928,7.888978004455566,-7.402644,16.077553,-0.7982665669325091,0.7179955377316309,-16.278038024902344,2.7251052856445312,-2.6325872,13.675549,-0.631139730402021,1.7658553404954693,-8.6171293258667,3.259678363800049,-2.2823253,10.833613,-0.12991873431287942,1.0729927440501328,-7.317795276641846,2.1137585639953613,-7.9146934,13.437247,-0.8435380411139214,1.597353216932758,-14.690406799316406,0.1211743950843811,-2.311569,10.579937,0.06580580340748238,2.186611587834702,-7.095702648162842,1.818516492843628,1784.443145929676,895.2395241160942,1.5055862745319357,3.657992019288561,1104.7676274416285,2132.496685146023,3653.7261468774095,1731.3643141935231,-0.17013357243208793,-1.0489775016925145,2265.625,5070.3125,0.14509633107652276,0.09719376288075547,2.365074936585272,7.8869989644750405,0.07763671875,0.17138671875,1105.1609,976.51337,1.2930375758675137,0.651417541909689,378.6141815185547,1520.2714538574219,0.06352943,0.07707772,1.0898078281646306,0.10934483908773451,0.0005491727497428656,0.1138971820473671,0.0,0.10292296628162266,13.16420141798911
105,0,val,-367.02737,85.29958,2.23458310476861,12.829355502950719,-435.7304102579753,-314.2258783976237,59.21225,41.398273,0.8286450951010185,4.142323377739247,25.004712184270222,88.629714012146,15.627618,20.254967,-0.9380981439083437,8.592137047992527,9.997256199518839,25.424901485443115,8.415542,15.385562,-0.6840915718691601,5.263761359960471,1.9055780172348022,15.067609945933023,-0.5652073,15.470675,-1.2440386230376952,6.190755995026841,-7.7085510691006975,8.729623993237814,-0.60001975,12.940217,-1.6968199972388973,7.9463418100385015,-5.6517500678698225,6.339013477166493,-3.0587788,11.025581,-0.9605494409706999,4.043629825488147,-8.201276123523712,3.9491068522135415,-0.57902247,9.642159,0.42127434193660496,6.340603473340805,-5.170008818308513,3.3943642179171243,-2.2914288,9.753125,-0.49434221280799306,3.5667491355266336,-7.1069469054539995,2.446954071521759,-2.6154253,7.7161293,-0.06741257963627471,3.4307049517180306,-6.28231547276179,1.404478758573532,-4.9778566,7.8844867,-0.8278078257235585,5.320326669406838,-8.777408480644226,-0.32704990605513257,-4.7763047,8.431975,-0.3365346057931842,3.4233542625150393,-8.923853754997253,-0.15707884977261224,-4.3877516,7.405995,-0.61765784414908,3.6376271523721138,-8.185789028803507,-0.2744254569212596,1780.902711553664,660.6208233542593,2.027550224317038,9.06742147523475,1400.8663590297974,2009.8083740465925,3737.8252039983345,1271.430156725594,-0.5867465621534208,3.98677023096941,3015.625,4429.6875,0.1339918615578599,0.07802068292941618,2.9167414630328974,13.53366560568299,0.08890787760416667,0.15576171875,819.83356,669.4024,1.8486821456042124,3.8986285017310647,352.53416697184247,1029.1686299641926,0.040990952,0.06688349,6.202552346381427,90.34320373953115,0.001832751207984984,0.05964570104454955,0.0,0.11305295970408132,14.657902066693191
107,0,train,-346.67957,114.87659,0.10514683369366196,-0.745111657265286,-425.4309425354004,-250.15372276306152,93.001,60.6063,-0.278086762186453,-0.4031608005772156,62.460357427597046,143.74218940734863,15.457529,19.618622,-0.6009957741238234,4.919722762386877,10.128728151321411,20.678927779197693,25.73814,19.46642,-0.014611005827521867,1.15746087738942,12.949118256568909,36.07615280151367,6.41611,15.6011,-1.1663835864095704,2.1255854859726893,1.707426778972149,14.62182903289795,-4.8981614,14.081608,-0.36526109186060457,0.890247546327297,-12.42095610871911,6.109934881329536,-1.9844241,11.730633,-0.9357042829564901,1.707627390328203,-6.6215097308158875,5.079425781965256,-3.7173321,11.336459,-0.5115645411811636,0.8343735112176776,-9.457437872886658,3.431207686662674,-5.204197,11.311356,-0.7830577616373069,1.8019695187488138,-10.265066742897034,2.050907142460346,-3.0896978,9.271568,0.035111120511707894,2.588314774832443,-7.163603514432907,1.6888520568609238,-3.7937133,9.120211,-0.21356456296866347,1.98899760359273,-8.067083358764648,1.4347783327102661,-0.98400825,7.691045,-0.08378663453048832,2.3672599515378163,-4.190674543380737,2.368027076125145,-2.5452116,7.4559107,-0.8547795409278603,3.011089743245646,-5.57931549847126,1.4465414769947529,1377.837094156543,596.3307464247027,0.6528004197216607,1.0673210639687056,761.0898429931892,1768.351161618195,2911.563634554303,1474.473076981532,-0.02581552146512678,-0.9306367813617478,1258.7890625,3953.125,0.10275311848942345,0.05606125265034662,1.337673859171752,2.936503273015878,0.05517578125,0.13006591796875,733.91693,782.7752,2.5868174719554466,7.920526384162037,276.4487609863281,781.0152282714844,0.057826035,0.08028209,2.121639199267789,5.472154648463235,0.011140069997054525,0.0811184560880065,0.0,0.14447061723363253,11.686708128343668
109,0,train,-283.53723,92.41741,0.11929833139997387,1.356321162226527,-357.3306833902995,-213.35711288452148,93.83212,53.290497,-0.4209496270275346,-0.23256533491585527,49.52893384297689,136.8799591064453,-2.3785064,30.262396,-0.010822593835539665,0.2567305556706769,-22.006142139434814,16.198928991953533,3.0481968,22.520365,0.08749070772920507,0.4766695035994009,-10.862094243367514,16.060664971669514,-5.4123263,16.925585,-0.2361436447709752,0.3907017571185187,-15.445458253224691,4.844780087471008,-3.191939,14.625936,-0.38210047734957303,0.5148874005363552,-11.764916757742563,6.276094158490499,-7.0888495,13.950799,-0.2941056284378991,0.30999144810889384,-15.639329751332602,1.4947805007298787,-3.571706,12.46746,0.1274277232760512,0.6994383469594316,-11.810260693232218,3.3381813764572144,-5.6958814,11.342692,-0.11266315591484148,0.2103677512095108,-13.382749716440836,1.2464273969332378,-8.313823,11.369022,-0.10286080405063426,-0.09409510539496264,-16.410165786743164,0.4138022878517707,-12.411365,11.874045,-0.16255329882807307,0.04939636568426368,-20.52661148707072,-3.634123560041189,-7.118651,9.652051,0.10957561022804303,0.6202534249186978,-13.34288231531779,-1.1105836940308411,-7.588737,9.451915,0.15702653706707562,0.6963204192749769,-13.498451073964437,-2.409666026631991,1482.2749245042562,848.0695068103045,1.6244579749435637,3.2584096167762486,896.9350734909589,1798.7072494221532,2815.6829860748985,1610.2453152193232,0.607662759242055,-0.3239031050039691,1501.3020833333333,3980.46875,0.12247689128096517,0.0989119321339817,2.294333100755178,6.581723278805303,0.059285481770833336,0.148681640625,1171.6041,897.02954,1.2449097816362933,1.1691636857300733,472.7167739868164,1655.026123046875,0.066985585,0.069527775,1.6642644643397764,4.989913154206045,0.010293936628537873,0.10446303710341454,0.0,0.10152218365273907,14.754675593350674
113,0,train,-342.15366,110.394,0.8565331723419418,0.5140344657356888,-447.5885772705078,-275.2012948989868,63.150608,50.406353,0.3832560664752244,0.07791274092369826,25.495932057499886,100.78015041351318,9.979288,27.326168,-0.9313854032012667,2.660564323293,3.3286832496523857,23.439117431640625,8.534313,22.641068,-0.18674493779561188,1.9505262850280687,1.4124923385679722,18.956316471099854,-1.0443892,17.437117,-1.0322672091593008,2.1235112101256677,-9.061502873897552,8.824519343674183,-1.7889282,16.719402,-0.9765839091545689,1.903251378603947,-10.273856356739998,8.565137453377247,-6.563028,15.66719,-1.0826527760607014,2.601134582946639,-15.531524628400803,3.4382917396724224,-0.6645111,12.130661,-0.15738946638588497,2.3094471466108706,-6.731105446815491,4.763534635305405,-4.845056,12.288399,-0.6197914655345576,2.051617866711254,-10.783000469207764,1.5580741856247187,-1.9370413,10.689309,-0.5200985159287113,2.1452847142755767,-7.297665655612946,3.327674277126789,-3.1960368,9.708534,-0.6823927057590568,1.9719924065704522,-7.735785961151123,1.6347169030923396,-3.149743,9.0631075,0.014298277487484246,2.1828533434088166,-7.646753191947937,0.7390731927007437,-2.7523828,8.989847,-0.5571939181520834,3.8857316610958526,-6.627206414937973,1.6167672351002693,1873.4149104632108,831.5880667335375,0.865160294952414,1.9291236221948196,1259.6321369979653,2244.566432928599,3814.3091437923135,1639.7120290365065,-0.41036918746421136,-0.6749284329867578,2588.37890625,5046.875,0.1509238613708853,0.08765515895919292,1.65839671077422,5.001092369129569,0.0931396484375,0.1759033203125,1168.5984,904.66113,1.2169327998048638,0.9802275924755653,464.07466888427734,1586.6444854736328,0.049913038,0.07660334,2.5956672188892522,9.452267530876266,0.0013278288370202063,0.06732061284128577,0.0,0.10879610143617552,14.226506527000412
114,0,train,-347.34787,114.0096,0.7307460732064139,-0.5267077921327197,-444.5740905761719,-247.87996673583984,64.6855,59.44232,0.32051296553840497,-0.4237553822606741,19.31623992919922,112.65036697387696,7.832114,27.84968,-0.5105966677932272,2.103131163108782,2.0816415786743163,19.185039615631105,2.7856584,21.672123,-0.4722168897452656,2.5121260190453647,-3.9245166540145875,10.86023769378662,-3.7229476,17.522713,-0.8939355650294865,1.2852918913655664,-11.120487278699875,6.380977296829224,-4.0320177,17.266878,-0.8348510172216494,1.6392196858803623,-11.808105826377869,6.000590562820435,-3.423394,14.688617,-0.9269261606285703,1.8718157517341232,-9.208775752782822,4.930308723449707,-0.37272906,12.799832,0.06301439870102574,1.9846373182902735,-6.924177348613739,5.310335898399353,-4.2335176,12.678305,-1.0348389364416313,2.1913320546373414,-9.503252267837524,3.166158986091614,0.4031723,8.628947,0.016092777855852485,2.031867368657749,-3.529721188545227,4.155279588699341,-1.9126289,9.160467,-0.6161807206965534,2.1205503411385322,-6.147493529319763,2.6447499275207518,-3.2914453,9.733691,-0.7489108632028366,1.6226917677623738,-7.867483067512512,2.001969313621521,-2.6630893,8.614364,-0.3711469251801403,2.5689114122199648,-6.0418274879455565,1.2866438984870912,1740.1033550518137,869.559384774484,1.3414521345372346,3.402723073894111,1107.1663859987389,2026.3050228714915,3544.823822523268,1719.8943222215785,-0.1198562858837752,-0.6867650853457464,2061.71875,4674.21875,0.14134058550834044,0.096385856344453,2.229535924284158,8.456611917110099,0.0840087890625,0.16201171875,973.85266,825.66327,1.5500749915019059,1.9950182611092053,387.6577178955078,1248.7067596435547,0.052220635,0.080966614,2.38387128543328,8.246862163162193,0.0011031745467334985,0.08090970404446125,0.0,0.10286369201625307,13.9598553868284
118,0,train,-332.00958,123.775406,0.44770218494944747,-0.5915208881866467,-451.9268966674805,-238.8728935241699,79.780045,62.500793,0.2630238106892171,-0.7479349672390336,26.803886508941652,134.67252502441406,7.1957636,29.467356,-0.6935753231691828,1.2694831324291171,-6.896636819839477,22.84241075515747,9.818182,22.582119,-0.07084805320095705,1.508282069844342,0.048329323530197144,21.176008939743042,-5.6348844,19.895634,-0.6924321554228583,1.3995661705314302,-17.06499787569046,7.734610581398011,-0.5849702,16.045706,-0.11631993329480395,1.988880459735396,-9.175299406051636,7.124575567245484,-10.894388,17.938005,-0.6778967349537628,0.4445598886344825,-22.108869588375093,2.534590223431587,-3.524591,13.588821,-0.07787013793664467,0.8403010556746512,-12.240375578403473,4.13524831533432,-2.7600331,13.153864,-0.20035177590526426,0.8486316487446832,-10.644053936004639,5.226902258396149,-4.085025,11.69357,-0.47374240160493264,1.5278467814668477,-10.947224473953247,2.7322214100509883,-3.0823672,10.348923,-0.2272356191405717,1.2587246232005929,-9.06155185699463,2.401281104981899,-3.9767227,10.976017,-0.16209979459339638,1.3732118417999224,-10.274095630645752,1.869009266793728,0.0105401995,9.337828,0.013503828380974761,1.6363527693147202,-4.609590423107147,4.91444031894207,1588.5133806607605,759.1997626685139,1.3114157064008882,2.9510350713605615,1027.1188789042549,1894.770689130234,3105.755972277272,1451.127980652447,0.1640531912090812,-0.1225331070858033,1877.734375,4069.140625,0.135387853810866,0.08811000645561612,1.9696525629335842,5.892157512853442,0.0762451171875,0.1634033203125,1137.4362,919.31555,1.3864047685616148,1.8224410724244096,441.8382568359375,1601.225115966797,0.05793353,0.07840816,2.0957721883677336,7.391615708804506,0.0025745441496837886,0.08942040139809251,0.0,0.10536524399263066,10.523622489264445
120,1,val,-331.98917,135.02151,0.14104669247418355,-0.8989864741230672,-462.7060516357422,-227.51239929199218,99.90941,69.58699,-0.15822013989963382,-1.2031901866455805,31.122449684143067,161.77005615234376,9.883679,28.282248,-0.2728271810352553,0.29684772113006985,-3.326270413398743,27.93089771270752,9.015627,23.988808,0.22979265592961137,0.9084254285669168,-3.3037120699882507,21.83598747253418,-5.83697,19.694818,-0.4831108836375724,0.23458449321131933,-18.543558502197264,7.217796468734742,-5.1346426,16.575495,-0.42321270639414976,0.5555861482904272,-15.398857498168946,5.04054365158081,-5.8163834,14.323296,-0.49145788327282514,0.10290741783622374,-15.35148983001709,4.15997622013092,-0.65641797,12.695815,0.012514983832044236,1.2101427182544218,-8.333930969238281,5.602682113647461,-8.046915,12.921312,-0.321765687415157,0.059474041838209236,-17.09378252029419,1.210259985923767,-4.3035946,11.611644,-0.0399721669371942,0.5395250357694227,-11.57100772857666,1.7323336005210876,-5.898982,10.186533,-0.27354293860997625,0.27040288452706357,-12.659441471099854,0.9057132601737976,-4.612119,9.092555,-0.08773115099690826,0.7667738943957944,-10.215179824829102,0.6850139915943145,-7.23304,8.923778,-0.27447113735393625,0.36582737107156094,-13.378515529632569,-0.8942846208810806,1356.1728841895783,785.9787413382167,1.412198586992947,2.3329503244253145,763.0424388499068,1770.6017600737018,2656.38021098674,1742.3332409794343,0.6131466967428529,-0.5957132965199534,1114.0625,4113.28125,0.1060218533161622,0.07615801831845015,1.9316969434428362,5.438811487140708,0.0529296875,0.133056640625,982.0499,889.43933,1.6594231716533039,2.185306391228704,372.41226348876955,1242.8786743164062,0.063792005,0.074803516,1.565943356463231,3.0814807206388735,0.003702821678598411,0.0993676096200943,0.0,0.11897212082855127,11.734165981915563
121,0,val,-354.72394,95.976,0.4773983037428814,0.6141208572215584,-440.1663513183594,-291.21442260742185,92.098076,61.5013,-0.033481421213501505,-0.5331963701935176,32.28601970672607,137.60177917480468,17.565145,26.903744,-0.14538611964996953,1.5043061173732881,2.33418045938015,35.39325485229492,13.040724,20.60635,0.09662750378691834,2.0088814419149608,3.493471845984459,24.446379947662354,1.5239471,14.756564,-0.7511600651999335,2.496723860582325,-6.138732123374939,9.988210165500641,-3.464812,14.625998,-0.822722009929541,2.397531977543395,-10.712280654907227,5.184851717948914,-12.043587,15.662018,-0.7243926330481214,0.9229033250379294,-21.833026719093322,-0.04174373149871826,-9.654956,13.176913,-0.14365145865931137,0.909659953473,-18.462924337387086,0.18936927914619445,-7.0339346,11.527168,-0.22629616812471118,1.1752300981459005,-14.588352680206299,1.2671733170747757,-3.8271625,9.51557,-0.3072030339559374,1.121438209464499,-9.965869998931884,2.4856805860996247,-4.6105022,8.697611,-0.4246686762596295,1.0624927798426835,-10.076351356506347,1.288718156516552,-4.178201,8.499884,-0.37207662643046924,1.679418950107553,-9.242462205886842,1.3089428186416625,-1.3032446,8.190639,-0.20773293561028344,2.0482928269844054,-5.859499049186707,3.1573626160621644,1224.189651688397,712.7989974549877,1.678257544826335,4.7526592102707905,730.6302509361778,1670.4876667747135,2455.816246394833,1617.4012978277544,0.6211363174190032,-0.02825798439947258,1195.3125,3831.640625,0.10754725228080311,0.07614596816289401,2.1095837107085167,7.813357647511149,0.05546875,0.1394775390625,861.8161,843.9681,2.1007279888768293,4.991061219596568,327.1681182861328,1115.130682373047,0.060703255,0.06587124,2.3391353283958853,18.235052042212697,0.0054944444389548154,0.09471806352958083,0.0,0.09710494199625522,16.21080877898397
122,1,train,-344.02502,97.09415,1.3972499541450163,1.3207751291985463,-414.1531410217285,-287.87585830688477,66.30797,41.003586,0.5007291859450295,0.7456695658960646,39.593716621398926,87.63737297058105,20.285954,24.767729,-1.4749559133599075,3.9064702744917463,15.621672630310059,32.53207349777222,13.110583,17.305687,-0.49405309239200024,2.6037803459531506,6.723213076591492,20.18288540840149,4.6282043,16.118855,-1.4316894628533792,3.4877781359666984,-0.4028940722346306,13.352155208587646,1.8717515,15.10213,-0.6698982244179978,2.503878622136101,-4.61936354637146,10.295050024986267,-0.3375559,12.134336,-0.8726884589656363,1.8355138139320757,-5.016023278236389,6.522427916526794,1.4021655,10.957303,0.49478120640855217,2.6634861269753127,-4.144209980964661,5.8622658252716064,-0.68530196,11.401777,-0.3175019967146615,1.8976108016850906,-5.568832516670227,4.839113116264343,-1.5964428,10.9946995,-0.7904987736075051,1.8943632196098932,-6.324963271617889,4.659087002277374,-3.8866146,10.789713,-0.8905244734008093,1.672787331156032,-8.775361776351929,2.4721521139144897,-2.722079,9.674972,0.1884485623089714,2.5353776975846682,-7.520859718322754,1.6889527440071106,-4.7559133,9.349629,-0.1730902964956432,2.113006574112874,-9.19418489933014,0.0476512610912323,1528.4901407195425,649.4234449500602,1.9166633377140516,7.239539693871318,1148.080597326852,1751.1552404358779,3199.9196326908377,1390.14581114503,0.3706058189493487,1.579263481347529,2394.53125,3898.4375,0.10578148011131583,0.06982412619553786,2.7289570343856813,11.163838503106273,0.06378173828125,0.122314453125,897.4208,783.1253,1.6862947066653873,2.6933551049004887,335.0951957702637,1178.3937683105469,0.045923635,0.08548267,2.836657988595073,9.90710931185177,0.0026346548402216285,0.0455729803070426,0.0,0.14091866592163446,12.44142662354381
124,0,train,-262.83603,38.545994,3.961873065538844,45.10481036448927,-280.9495658874512,-251.6042881011963,97.90482,16.75991,0.14647316853180137,10.146347991351522,91.52708721160889,105.70609951019287,6.3296766,11.494382,-2.7314841048055194,28.779287858758153,1.6430294513702393,10.614113569259644,17.57042,10.3586035,-1.8793669464294354,9.303237867950699,13.112938642501831,23.83941149711609,3.1792872,8.3957815,-1.627528486858643,7.621347015187055,-0.5023140907287598,8.103411078453064,5.630922,6.9336057,1.4452241117048705,23.529806802988713,2.1842783987522125,9.360735297203064,-1.4174764,6.5691195,1.1457932263904818,9.69360789544129,-5.251634001731873,2.1105724573135376,-1.8291752,6.858832,1.1972036775889343,4.249778365494032,-6.104129314422607,1.299597293138504,-5.9907637,5.8739724,-0.06421245836705128,3.6696974175367636,-9.506823509931564,-2.4949401915073395,-1.2002424,5.48352,-0.1958528947229621,2.0255105362650045,-4.5031633377075195,2.0740017890930176,-3.077411,5.6658125,-0.49802880150050544,1.6363931504065885,-6.322254151105881,0.7647178657352924,-4.0497146,5.189518,0.19705361711578234,2.868241287353927,-7.259732335805893,-0.9279633313417435,-4.6136823,4.9839926,0.01676397811042274,1.918137899642241,-7.642714709043503,-1.5885176062583923,1594.2995280349578,315.94306866526506,0.5810998177954019,9.936903105698336,1446.0228040017346,1695.1770644881929,3725.8105937150103,727.4121037774254,-0.6119120449222866,11.462376299696437,3464.84375,3945.3125,0.14104148900647226,0.044449063866052005,1.660911120281511,13.038868603398017,0.11822509765625,0.158447265625,682.2483,554.4817,3.1528462292108594,15.972074395544999,324.39794921875,863.0497817993164,0.041398898,0.049921036,7.828120498442118,99.55296293059115,0.021834904327988625,0.045967246347572654,0.0,0.16482926991526328,4.796065238699734
125,1,train,-371.38715,100.21444,2.3008343938157676,5.003539845613769,-423.4965515136719,-374.1519546508789,40.017822,32.744415,1.5380486986873327,3.8328651480456184,23.890920639038086,41.50089931488037,19.339336,16.66122,-1.4685048882480445,9.564928345573074,17.42799949645996,24.16006851196289,17.82451,16.713552,1.698805994770045,8.830202399267648,12.479923725128174,18.08455753326416,5.728036,16.227543,-2.6325972984881383,10.295836920218061,6.460113167762756,11.290080547332764,5.679464,10.022491,-0.3896074325984228,6.432490263188267,3.6429242491722107,8.237492322921753,-0.4907528,12.721596,-2.0481519317526695,4.724907643826397,0.29107947647571564,5.195145964622498,1.790978,8.456067,-0.935742910644506,7.403389675629938,0.3982573002576828,4.652909874916077,2.2063503,9.251169,-0.24214233996245152,7.773592408261882,0.31015050411224365,4.669590711593628,1.4994609,7.9892063,-0.8180580858660466,7.586330705173138,-0.20851010456681252,3.9720146656036377,-0.5379559,7.298674,-1.3900215522366417,5.9642593918531315,-1.7906972169876099,2.6162652373313904,-0.98691094,6.909702,-0.7859573035369285,6.240688132611385,-2.7138500213623047,1.525064468383789,-1.5175481,7.109534,-0.2970947064898258,5.493655626186365,-3.452069103717804,0.6807942986488342,1935.94433034418,557.1807007922503,1.1416569959400764,7.635570278586231,1783.9899192367668,2111.7387071312123,4299.236034292036,1067.0482421402573,-1.60600816777578,2.9798998486594668,4156.25,4835.9375,0.13615085297981194,0.06119367586679387,2.794768226271997,14.826728799581776,0.10986328125,0.15087890625,1150.6453,913.81244,1.2157545698536214,0.6081556310565936,459.62935638427734,1524.4681091308594,0.031789042,0.08235773,3.8531561068357583,18.11181219201572,0.0010932338191196322,0.007385662756860256,0.0,0.13936216230764223,9.837368033591197
127,1,train,-352.6582,100.87073,1.073710479794961,0.13998932861660007,-431.9107971191406,-273.55994415283203,65.050835,48.677265,0.9475370858826778,-0.046712066809221575,29.360792636871338,97.0505313873291,21.719585,25.53467,-0.8814567866021541,2.197270834931551,13.373083353042603,35.03543472290039,16.610218,21.979916,-1.131117050038977,2.4277816757666013,9.877237796783447,28.25216293334961,0.8872026,26.327394,-1.04659067334752,0.2328576774932296,-16.833250045776367,19.916099548339844,4.969623,18.428867,-1.007666559781933,0.7503869878207223,-3.5272329449653625,17.06408929824829,3.1973038,17.003305,-1.1532697154022822,1.6220136686388518,-4.868990898132324,14.393255949020386,4.489843,11.554961,-0.29835300362571143,0.7467989594816293,-2.346366286277771,11.984979629516602,-3.62416,14.083604,-0.6396797052491694,-0.15234207179710157,-12.811021327972412,7.41269588470459,-1.7412937,12.000585,-0.3020485718240247,-0.3677890936873873,-10.402878046035767,7.271578788757324,-3.2195663,11.77564,-0.4897293762897779,0.10396160691910472,-11.064605236053467,5.012338161468506,-3.7113926,10.306562,-0.4782120306534045,0.1072916944795641,-10.607943534851074,3.576214015483856,-2.6743424,9.681733,-0.7134450480698686,1.4078544568414122,-7.848958969116211,3.49616014957428,1461.6199889406496,653.5589241008057,1.227900956570353,2.056852843194612,973.8798036889498,1795.4913960702766,3215.7545336787566,1586.4819452093989,-0.08587762076655107,-1.185060152024541,1841.796875,4564.453125,0.09636723809909327,0.066113139643371,2.4791120024001216,9.072035810183783,0.05419921875,0.11669921875,948.8692,921.3604,1.6436814507903195,1.9091275341831935,327.158447265625,1193.54736328125,0.05136397,0.08374898,2.2815450262071373,6.196909571385371,0.0033763154642656446,0.07028845697641373,0.0,0.13574815495903222,12.587091109622227
128,0,train,-301.95648,108.445915,-0.2105996796870705,-0.5962983786492041,-380.0668767293294,-217.47192001342773,98.36136,62.51132,-0.33640070113266907,-0.7927346187887649,46.7154795328776,151.46471659342447,3.388819,32.403152,-0.13600348748603666,0.21297839924020426,-16.150612036387127,24.04415289560954,4.953625,25.12543,0.09518209094087361,0.4901649061141411,-8.679319222768148,18.34910535812378,-9.400018,18.898165,-0.5787411065262797,0.2630766442809314,-21.781697909037273,3.898132016261419,-10.685719,18.04917,-0.45937560944112565,0.18574816977109862,-22.44695742925008,1.9949919978777568,-14.964093,17.391315,-0.3601458135856999,-0.0038529532705672644,-26.89650360743205,-1.6653839349746704,-7.130281,12.951449,-0.13409413578827248,0.15824279152044993,-15.93206532796224,1.756620277961095,-7.309177,12.51003,-0.20988024926762247,0.18649061462422742,-15.695576906204224,1.0885913521051407,-5.7422423,10.57634,-0.03306947049420431,0.43615138199423403,-12.519510666529337,0.6203187704086304,-5.362091,9.374316,-0.02302832012470046,1.043798005715262,-11.343588670094809,0.46224674334128696,-8.348992,10.688739,-0.24120728283007223,0.2782216258975496,-15.273233890533447,-0.905663013458252,-3.0883944,9.036961,-0.04632146249628551,1.006854371369494,-8.396880626678467,1.9617264072100322,1370.2391173819303,800.1054365685005,1.767506801688211,3.6035471743098544,826.3190722871982,1656.3068019769219,2612.990395125258,1623.825607283731,0.7656443396062206,-0.25049330403858244,1299.4791666666667,3682.2916666666665,0.11635144991388004,0.08246217079007469,2.016787996464705,5.3218578399524405,0.0615234375,0.14306640625,1049.2379,919.79004,1.5515554281809978,1.7444948590744016,413.77372487386066,1351.1940307617188,0.06904606,0.06708562,1.2547086302390944,3.040383327297949,0.012207282377251735,0.10682549079259236,0.0,0.11454059513085545,12.524522603325329
129,0,train,-386.94598,81.07108,1.0833764034214475,0.27422640994103276,-448.56587982177734,-322.6542205810547,66.624275,64.66442,0.6084466239910005,-1.3549476889798304,13.149729251861572,136.78446197509766,26.290958,23.669407,0.46169099237446387,0.10757155438072408,11.709916591644287,46.33534622192383,11.689196,19.424416,-1.3174343812725773,4.303138522684606,9.335261344909668,17.137441158294678,4.9111443,14.376499,-1.3784316361671958,2.4396144703655462,4.445055246353149,10.842909097671509,1.169114,12.114369,-1.2746204824842131,2.267510559207838,-4.0881242752075195,8.087057113647461,-2.4027405,11.757081,-1.1855608353415572,0.6856835356215507,-10.686164617538452,5.882217884063721,-1.8143609,10.357334,-0.719004459249551,0.9424602730775367,-8.111403465270996,4.33216118812561,-2.9046006,9.919049,-1.0250737072510996,0.40138606306032143,-8.465664148330688,2.893621861934662,-3.371969,7.8024564,-1.0026888477775164,0.9001477788053998,-7.512672543525696,1.3471777141094208,-2.5759578,6.4973655,-0.6691660456950702,2.1680616879618455,-4.629545331001282,0.617535725235939,-3.4208052,6.1795382,-0.7484291104032377,3.5065256036788846,-5.4329787492752075,-0.2775106132030487,-3.612546,5.7384243,0.004871257826901187,6.938352226163765,-5.318001866340637,-0.849131852388382,1064.8714951011448,440.09108393200495,0.05425795019764371,0.2829556559430535,608.2674850869494,1417.5400553247878,2430.4237037435455,1519.6602092718363,-0.2603522289687994,-1.7566449949445786,693.359375,3773.4375,0.1275313306798623,0.0714062883563482,-0.04942523575354745,-1.3119275354434397,0.0517578125,0.1884765625,420.84683,279.15668,5.896354476578692,62.61213717376569,256.72171783447266,502.8754196166992,0.050738294,0.0850427,2.27701921851507,6.1951011244848395,0.0005980614223517478,0.07687273994088173,0.0,0.15068359208211407,13.949329032128182
130,0,train,-348.90506,114.1388,0.3505483468574877,-0.9769995264291049,-453.291254679362,-250.33629735310873,86.443634,56.516056,0.07693926915945899,-0.39474648134213713,44.46626488367716,135.00845209757486,17.994736,19.887087,-0.875727414793209,4.166984220295727,8.576666831970215,28.570048014322918,23.932503,22.069124,0.6773642546318485,1.465763869931476,12.240695397059122,34.4844118754069,3.1260579,18.115862,-0.869564752922977,1.0129248902009496,-5.947813431421916,14.49963116645813,-2.2608297,15.9571085,-0.565388729868861,0.8130127090863741,-10.981049219767252,7.100172817707062,-3.6165931,13.854093,-0.6712534260820999,0.8230457844023947,-10.895507335662842,5.256450653076172,-4.1907597,13.599037,-0.1537812570422548,1.370622493134096,-12.278923432032267,3.618747135003408,-3.9910681,13.626948,-0.3681922918286065,0.8142072970624961,-11.587673664093018,3.603792428970337,-1.7118155,12.265241,-0.12428898752042446,1.60258746391207,-7.5565857489903765,4.369027237097423,-5.9132953,12.413143,-0.34139350105883587,1.1099381077348578,-12.942677021026611,1.2401253879070282,-1.0811588,9.748573,0.1710230925005256,1.3729996417113932,-6.073671738306682,3.7937310338020325,-4.5579953,9.169152,-0.3945769418478895,0.7985523836023223,-9.647482315699259,0.9320968886216482,1517.5654213004866,797.3009079773227,1.1414758309216493,2.3097416196951803,838.2139414740441,1944.2612788435963,3113.706137914253,1669.0082546477618,0.005215806806200818,-0.6956341828642584,1541.6666666666667,4403.645833333333,0.12028639437553068,0.08167696921934203,2.089129118761114,7.549765486486716,0.060017903645833336,0.15303548177083334,1050.0149,968.6027,1.5126833706439156,1.7006060399819007,364.44078826904297,1386.6266276041667,0.060377374,0.07864634,1.5722180103825352,2.3297951271568,0.003199520127964206,0.09518813714385033,0.0,0.1120824306103456,13.575402712797617
132,0,train,-344.22217,112.919914,0.9323439953522455,-0.12197855242447031,-438.7590026855469,-253.86601638793945,69.885735,55.15359,0.316240571589799,0.3046232240712632,34.54963302612305,114.26681804656982,24.428497,22.537916,-1.1913893756837037,3.014194453933748,21.512621879577637,34.16814708709717,26.342657,22.302486,1.0715841061076443,1.7299675821240408,15.286216259002686,33.45588541030884,2.987764,18.827793,-1.3515359487096945,2.1077712286869206,-3.6649933457374573,13.094521760940552,3.3746696,13.323536,-0.7041680842726755,2.3651763065765237,-1.9155323058366776,9.564429521560669,-3.0989113,14.61046,-1.0196037031645255,1.18133995042623,-10.176588892936707,5.702261745929718,-2.5820735,12.331974,-0.6953835653175786,1.3341236989903742,-9.449957132339478,4.21047168970108,-2.1612625,11.004295,-0.7829609154923247,1.2545322015700244,-7.6219558119773865,4.106763035058975,-2.8512607,14.015135,-0.9151087389759308,2.007429552773853,-8.21062433719635,4.1682451367378235,0.16546297,10.347399,-0.2323729633323925,2.3070683863623573,-3.335097163915634,3.9667410850524902,-0.6948624,9.024864,0.07902766886155146,2.4772703165466536,-4.6720181703567505,2.713995933532715,-3.477689,9.439764,-0.353660981225403,2.5179627914754534,-7.0229514837265015,0.8240505456924438,1450.2388324947926,651.6313145082097,1.5244007032586153,3.960063794274398,993.5323807615123,1627.4250681269818,3039.2103546235535,1314.2034330360445,-0.2826527634341295,-0.2802481793636613,2003.90625,3875.0,0.10642083933470782,0.06631343200612515,2.653574286743578,9.85821440665689,0.06951904296875,0.115966796875,932.8437,910.06067,1.6802000506651136,1.8574941898657893,340.64473724365234,1082.9695129394531,0.045934096,0.07643758,3.006338893747552,14.399256533747426,0.0012845395976910368,0.06548666814342141,0.0,0.15071309436731722,7.782901181072651
134,1,val,-374.89798,103.21898,1.2965028028769763,1.9745332459450196,-454.0957736968994,-308.90734672546387,76.897285,47.851128,0.13003768495504167,1.8712863189498363,46.86506986618042,109.20903587341309,25.533396,20.614723,-1.2977436012246346,5.484121789045465,20.605207562446594,35.00594234466553,17.450798,16.879257,-0.1232457582478042,4.433733963309707,11.299572855234146,23.97807013988495,4.4891777,15.223234,-1.4829211131787488,3.3736327714034555,-1.3236986994743347,13.237577080726624,4.268244,13.093501,-0.19453383750298592,3.5340629076285315,-1.2541031688451767,10.56376850605011,-2.488554,13.907925,-1.002774944937143,1.5797906419855072,-10.207377165555954,6.734254002571106,-0.29053104,11.58209,-0.15399059424964698,2.806950639058294,-6.114790588617325,5.717163175344467,-1.2819165,10.979815,-0.9276089797399085,1.8966834712388332,-7.170786559581757,5.489715039730072,1.1429979,8.848527,-0.39487116089309676,2.3008288043861023,-3.0139595568180084,5.754336625337601,-1.6355926,8.501904,-0.8872856363674865,2.1556931856667054,-5.916601359844208,3.5367203652858734,-1.9697772,8.237662,0.022925710775800433,4.27570805485278,-5.550704896450043,2.0817665345966816,-1.7534797,7.6121907,-0.0925145976522565,3.569284167602514,-5.207225024700165,1.9381461888551712,1492.2553333758074,671.8468655140942,1.6089334404961793,5.335046328628637,1056.662712525875,1723.6258315501423,3184.015532819434,1385.2289358873597,-0.3203133016496772,0.8689162187364541,2274.4140625,4057.6171875,0.11840123353941903,0.07921742048632271,2.429712071604104,10.647374274130646,0.06280517578125,0.14508056640625,872.70874,843.5449,2.0965935275087983,4.334902268433758,335.7623920440674,1006.6929931640625,0.0466847,0.07568191,2.601759946204721,10.271231132688833,0.0020287407096475363,0.07054820010671392,0.0,0.11249586427399241,14.220971372949023
137,0,train,-291.4206,101.523834,0.46187016440816075,0.5089884868957669,-371.699369430542,-230.00836944580078,83.6107,43.414963,-0.11773305950305954,0.6272221129712929,53.708401918411255,112.8950366973877,4.7598295,26.76146,-0.8681151777118181,1.5530439609185573,-4.973125100135803,20.987849950790405,10.879184,19.819885,-0.47564972266054245,1.3548124684790945,2.4196720346808434,22.276936054229736,-5.5855947,15.459183,-0.7996324763563382,1.232959103834028,-13.898705251514912,4.857113152742386,-0.741791,13.367123,-0.41708859481963306,1.9660284137700277,-7.4958081766963005,6.576543509960175,-6.0500803,12.994062,-0.7459657826248294,1.4105188041001417,-12.297388330101967,2.1929008699953556,0.4783916,10.934447,0.5308488958809099,1.7468154528217827,-5.949177965521812,5.758199691772461,-5.740696,10.74621,-0.46681429382185524,1.601323411327427,-11.4235700070858,0.35090964287519455,-5.1026845,9.197194,-0.25646552453043875,1.0136724011548226,-10.481841266155243,0.40419885516166687,-8.844667,9.487636,-0.2352747431081488,0.9333562462761061,-14.66118848323822,-2.4796659871935844,-6.67004,10.028072,-0.25565263043147063,1.5316529144837114,-12.872257471084595,-0.5663076713681221,-4.5893726,8.46945,-0.0928341274923531,1.2166036089180525,-9.76867538690567,0.4127986244857311,1698.6518013309583,723.1545286924529,0.8240655892421629,1.0440727718828844,1155.6741722650343,2148.270590979646,3486.459200872938,1563.6327291556395,-0.023796744595820818,-0.7626312416906791,2290.52734375,4767.08984375,0.12940374956807502,0.07977496186941621,1.6175994767723574,3.9502586047283437,0.0697021484375,0.168853759765625,1236.5195,937.66785,1.2007842348577158,1.2972464119016378,494.27979469299316,1746.6578369140625,0.05914091,0.073711306,2.098138302349059,6.37530585185063,0.008081294923613314,0.07880526222288609,0.0,0.11212693209564811,12.881803516152821
138,0,train,-325.5138,117.13547,0.18912401246291538,-0.7102458033753791,-435.03685760498047,-231.42466354370117,108.67056,54.8613,-0.37837120850565414,-0.0508993840119607,68.7231674194336,152.7976837158203,14.129536,26.947002,-0.6842653258321436,1.0504355748107344,0.9071176052093506,29.657047271728516,13.723834,23.670086,0.3938636683576164,0.8484451087824736,0.6832551807165146,25.936467170715332,-6.405849,20.235441,-0.8644992391683817,0.4220369230479366,-18.32866334915161,8.418875217437744,-4.3197083,17.556343,-0.4351964158572339,0.37047260759582246,-15.237935304641724,7.490446090698242,-12.855333,19.02178,-0.6783567242050494,-0.012075817457633198,-25.361788749694824,1.5635984241962433,-4.783917,13.724358,-0.08245204770754819,1.1006816224669276,-12.464256525039673,2.5695717334747314,-5.1218605,12.856318,-0.5046317488294363,0.6103780756118009,-12.594446420669556,3.06011962890625,-3.0514038,11.112997,-0.1956132544562993,0.6327096533102912,-9.489259958267212,3.743149995803833,-1.8322424,10.57152,-0.13274445038267316,0.8371120456730228,-8.064164876937866,4.17264997959137,-5.794243,10.233171,-0.48715176487084466,1.331451312765152,-10.959858179092407,0.35798150300979614,-2.4092197,9.20513,0.14028947426686944,1.0553793773870728,-7.415769815444946,2.337833672761917,1239.103106778975,664.2420572526087,2.529889835479687,8.699628762371416,795.2461964670035,1373.756525468592,2339.3061476251532,1259.939756633682,0.9376417669727128,1.49711960111746,1257.8125,2953.125,0.09286336836922524,0.07094812784110824,3.4247471942604877,15.682195014074097,0.054931640625,0.10107421875,975.7335,840.86365,1.6738804081427991,2.4351071247698375,396.9019470214844,1204.2068634033203,0.06566843,0.07001483,1.2967633173331405,2.450785299050409,0.004458838404389098,0.1021722462028265,0.0,0.13038740925597744,11.061593226276932
139,0,val,-334.62973,120.162895,0.4456967840159456,-0.38034606433056,-422.2683588663737,-241.82568232218424,65.334816,57.62447,0.1798639768909295,-0.06830673318938112,28.03134806950887,106.90945307413737,9.659388,28.825197,-0.6200408055837684,2.1001473849851577,0.006160577138264974,22.486160437266033,10.688301,25.258148,0.12211382829541885,1.273120900117841,1.458663781483968,20.126384099324543,-10.191539,22.324957,-0.75421327119571,-0.07147330888270324,-26.005849202473957,6.141353458166122,-4.229101,18.49743,-0.9462515105095141,1.3228525675241212,-12.067252318064371,5.953991810480754,-7.322679,17.119308,-0.8484659694608826,0.7182872919216008,-18.057109991709392,3.949285308519999,-0.44014677,13.559563,-0.11250528503919018,1.5928618290329224,-6.727424164613088,5.558320124944051,-4.199451,13.101025,-0.6893602862209817,1.1603776447315068,-10.420599778493246,3.145130236943563,-0.5360258,9.990224,-0.013582830098853171,1.9643574519980849,-5.429692357778549,4.51231853167216,-4.1325507,10.101388,-0.5796115175292682,1.5186441125979584,-8.323716402053833,1.7300853158036869,-2.8498933,10.735931,-0.2668904941345737,1.9085219453900624,-7.449034094810486,2.309354543685913,-3.2680864,9.276048,-0.3025780466217029,1.5582481926987837,-7.7234615087509155,1.4642639358838399,1738.112169264452,953.8015666806964,1.7215845058885837,3.5674921754105413,1116.8683424591466,1937.1337912910549,3410.071483954886,1604.9462188345813,-0.13532424350506414,-0.5021404431595858,2229.8177083333335,4501.302083333333,0.14283791210783,0.115215533007761,2.62023724698769,7.64489268704411,0.0811767578125,0.146484375,1185.9419,960.05133,1.286880435017953,0.9478818518231581,467.38059997558594,1623.4108276367188,0.056629434,0.07989902,2.126216105154086,5.615695217775721,0.004376514868151086,0.08029533922672272,0.0,0.10293450370387931,12.749869571764911
140,0,train,-354.98737,104.374054,0.5331568663250218,-0.5655432056095373,-453.73760986328125,-266.54396057128906,83.789925,60.042633,0.22678058231266776,-1.0047295330058252,30.354742527008057,138.56856536865234,12.535618,27.348225,-0.7293773440298552,1.9606067172213377,2.009238123893738,25.442262649536133,9.411064,24.535301,-0.37891657631818176,1.6801635704626454,1.9358445405960083,19.250949382781982,-2.0295658,17.331347,-0.9568499404089001,1.1375194393589227,-11.184985160827637,9.279117465019226,-4.2932363,18.76465,-0.6878935848351573,1.1552182800924724,-14.1946120262146,7.028669476509094,-5.5534134,15.414392,-1.041789265468274,1.2498962932771258,-13.775511741638184,4.2199403047561646,-2.9654264,12.334974,-0.5512364665182343,1.747235299720609,-9.976966381072998,3.561545670032501,-6.0488806,12.642303,-0.6853398348396089,0.6691571659347055,-13.958235502243042,2.244472622871399,-3.4207594,9.851865,-0.44207877297861564,1.1136163985658882,-9.136752605438232,2.334840714931488,-3.42476,9.19866,-0.43537342487062647,1.268217426317985,-8.966216564178467,1.9005245715379715,-5.1933603,9.170914,-0.5277325408180364,0.8998711952922376,-10.569525003433228,0.4158397316932678,-2.5588503,8.857487,-0.3768171695945687,0.9174839434435595,-7.574928164482117,3.020221009850502,1300.6543606132464,684.410320099942,2.264924946885621,7.378522047192674,825.5942899023264,1482.8869611184623,2547.2070996620555,1383.8633153350272,0.6401880455924893,0.17905196365867315,1263.671875,3326.171875,0.10195586316173605,0.0780455950279584,3.2748244766166503,15.241537843773923,0.0576171875,0.117919921875,856.713,798.3318,1.9603109374145604,3.6071090316472185,339.64672088623047,1009.9703674316406,0.057560764,0.08042026,1.8288573794302496,3.5121921338321274,0.002240290654299315,0.09357743337750435,0.0,0.09995528980831271,16.15611841437878
141,0,train,-361.9249,121.573044,1.0087665555126653,0.06221269738258306,-457.8860969543457,-284.90895652770996,59.448917,48.255924,0.3938724628843051,0.3921123128418187,26.336181193590164,91.14385938644409,6.722137,31.581367,-1.1717161156232185,2.2852342232073273,0.7344270348548889,21.039045989513397,9.861666,22.127388,-0.20306078584806625,1.8921915527716953,2.6255724132061005,17.892492353916168,-2.3768568,20.657295,-1.1544236058849153,1.3724877066044385,-12.591411113739014,10.684476286172867,-0.6237345,15.927027,-0.9080960561953636,2.240323303555448,-7.008729696273804,7.935418277978897,-1.8648169,13.790158,-1.3162900049890136,3.403091589541725,-6.9116696417331696,5.787583515048027,2.7579541,10.248981,0.034845045116983026,2.6884518580637167,-1.2817315235733986,6.785847961902618,-0.5954717,10.519156,-0.7663877658778702,2.676050136074001,-4.351500868797302,4.34114134311676,0.40722513,8.475023,-0.3195936485976568,2.9242340753447187,-3.0312150344252586,4.114940106868744,-0.84315056,8.157946,-0.4422005938744552,2.1764826685105305,-4.25178699940443,2.986501321196556,-2.8210034,9.352737,-0.6227063029743989,2.059266879180632,-7.159001380205154,2.035631738603115,-3.1788316,8.447666,-0.36720156664101156,1.9954332290612231,-7.360367469489574,1.0978281870484352,1813.812602890765,767.8815385330107,1.200992290389613,3.2990162616468783,1325.5414276368635,2086.814821666709,3766.0101985694173,1550.2844119706424,-0.33782226682490346,-0.10754065854428807,2646.484375,4762.6953125,0.14423371574660537,0.08127387613926157,1.7846259711446064,5.396708819712117,0.090606689453125,0.168212890625,1086.7058,935.0099,1.3688152432666276,1.303293092635631,396.3614501953125,1504.2203903198242,0.049471274,0.08233349,2.4255992478916877,6.999247479385449,0.0011742710066755535,0.06233649025671184,0.0,0.0953726145647774,14.723052839456601
142,0,train,-370.19388,99.051025,3.0754084697666726,26.341152767497153,-460.80633544921875,-297.0771001180013,54.75464,42.999573,2.3121666881629657,14.277970500951135,20.855821927388508,86.67906745274861,7.3430524,22.245523,-2.065534121812473,17.819545415399833,-2.5726422468821206,16.052115201950073,8.56676,16.30205,-0.1271992319397762,4.771747498116798,3.672739267349243,14.920685370763143,-0.61531955,13.629403,-1.4675712669610739,5.938041474204216,-8.363357067108154,7.405233860015869,0.118961014,13.079189,-1.2724433004458298,3.5178283128730796,-5.571648915608724,7.106261730194092,-1.4498867,12.98943,-1.5550505052650543,6.277066275416254,-7.459112246831258,6.265350937843323,2.1384685,9.238718,-0.44129470339319266,3.041069543103816,-1.914283275604248,6.487240473429362,1.2200352,9.2921915,-0.896207014836114,7.45612003802263,-2.7332525650660195,5.471603552500407,1.4443094,7.859665,-1.016061062760169,8.240547047672804,-1.9331478277842205,5.03108823299408,0.08339278,7.2074,-1.0442423883781322,8.200362941917334,-3.125409960746765,3.788572241862615,-0.80869675,7.4626393,-1.1339383743744613,5.461821681421682,-3.7408875226974487,2.9839927504460015,-1.2795357,6.893884,-0.885391499799908,4.281164592727573,-4.2488946715990705,2.154715418815613,1756.9763210308063,562.0660410368525,0.020315587271370544,5.333128397779883,1334.45483570281,1976.5417306615893,3825.048627212693,1171.3995948349582,-1.4253342776872302,8.489783426306678,2954.4270833333335,4446.614583333333,0.16231031982832425,0.06231798991188133,1.017904634499031,5.3347978111747025,0.122314453125,0.18693033854166666,978.8704,767.6426,1.7561551730865876,4.186167952374777,434.3749707539876,1321.5804239908855,0.040292595,0.06950886,5.493920630705753,62.419542347862254,0.0009444496536161751,0.061728726354582854,0.0,0.1380137031838952,10.376407516947014
143,0,train,-280.18628,136.38641,-0.35695362031771877,-1.0221495804363527,-390.26171875,-168.79125213623047,97.26755,47.20357,-0.433676204818622,-0.1513554181892358,61.265432357788086,133.42837524414062,-15.351328,31.269152,0.08687842147374152,-0.6203762842759026,-39.55497455596924,10.052649974822998,7.5719256,20.472897,0.1310025628012447,0.5138558426016395,-5.571921110153198,19.727893352508545,-15.398382,18.923546,0.33871015191784504,-0.3314183415472347,-29.26451826095581,-2.035320967435837,-9.192557,16.973549,0.07854724659870642,-0.49247532521668624,-22.028550624847412,3.022375166416168,-13.245313,16.688742,-0.15245079093585986,-0.3661465916561113,-25.0894718170166,-1.835246354341507,1.2989415,12.797476,0.13300176675580566,-0.17070702819730554,-7.457345485687256,9.82345175743103,-7.1043296,12.79722,0.011316149156763286,0.12582237779737282,-15.492944955825806,1.1888283789157867,-2.9971457,10.69876,0.04928479046226842,0.12692187990207549,-9.88239049911499,3.7871917486190796,-6.685658,10.716812,0.24570482869526816,-0.15283678441730775,-14.383498668670654,0.6096410304307938,-1.365974,9.509722,0.036830222986221316,-0.1972388491244188,-7.982304930686951,5.451964497566223,-3.0081453,9.871833,0.08286548119743288,-0.23611059360439546,-9.70284628868103,3.752818286418915,1422.5469147737729,719.7646406712513,1.9430922232612584,4.101528999690113,969.9961421226471,1593.5823403675133,2598.963341346154,1305.6015519793327,1.0457495580022023,0.43936684112040236,1710.9375,3173.828125,0.11749408428485576,0.08988828925461084,2.49980525534231,7.260961507334805,0.0638427734375,0.14013671875,1328.405,987.46844,0.9679275249076569,-0.005740424563172031,545.9389190673828,1934.9540710449219,0.07362838,0.06764737,0.5781805114326901,-0.7964395826850139,0.0049917110009118915,0.12379715964198112,0.0,0.08016777767570145,12.346026433415195
144,1,val,-301.0692,136.30235,0.1539531184251692,-1.0992504672981982,-445.15240478515625,-189.96407318115234,59.24996,53.4423,-0.16278757879040043,-0.09681051571174026,19.483103275299072,100.75636100769043,17.558575,34.240322,-0.23755679860546752,0.6668179559739527,2.2770352363586426,36.59075927734375,20.442053,25.687393,0.3914177667547358,0.4360865933848008,5.118345022201538,34.37181854248047,-11.961567,25.977459,-0.6119010702071483,-0.26510917716813864,-30.341000080108643,8.975950598716736,-0.15565443,18.848785,-0.2511867832106409,0.3825427712925753,-11.437328338623047,9.718604803085327,-11.39505,19.176277,-0.6889719270965593,0.1943921466514027,-23.569053649902344,3.621651768684387,0.68673337,15.480601,-0.05585170834927325,0.5665844668855873,-7.766416549682617,8.556844234466553,-7.3522997,15.727667,-0.47394775423933033,0.35364526728008694,-17.376633167266846,2.5466827154159546,-4.390584,11.916224,-0.1595117474305825,0.497780038380631,-11.988293170928955,2.4414182305336,-6.974717,12.26177,-0.3765856892892392,0.6886686347270463,-14.47872257232666,0.8163225958123803,-4.055082,11.55434,-0.24465414532060625,1.119701996019943,-10.430842399597168,2.532636821269989,-5.9875975,11.937809,-0.30044338420484973,1.2011762278704874,-13.54099440574646,0.9205874502658844,1959.7493777667169,1023.6723465595214,1.5033749258900522,2.4777462643806767,1280.1095611545022,2259.0630490964704,3891.8444958148602,1614.7201056383792,-0.27686749995796234,-0.7347544072237207,2601.5625,5074.21875,0.1552536070250075,0.11819683744774434,2.181270247630465,5.760582698325843,0.07763671875,0.1822509765625,1211.2242,1030.5468,1.1532096407187875,0.3748956110052557,408.69139862060547,1726.2936096191406,0.064984456,0.074798636,1.7523194021315316,3.936012201397794,0.002985786588396877,0.09750044718384743,0.0,0.12540573188617607,10.612328875208483
145,0,train,-336.82166,92.85835,0.2798583779386353,-0.4479110188216917,-412.7220687866211,-267.6291198730469,90.574234,58.350037,0.01591781078258936,-0.7921077231333649,42.08471965789795,137.30511474609375,22.1151,26.98993,-0.2516140041722956,0.8849834316385099,9.565974563360214,40.990556716918945,15.708395,20.6981,-0.26827559183481714,0.976927023408179,6.637226492166519,28.65068793296814,1.6487193,16.674215,-0.7602456374050082,0.8327399353844287,-7.735758125782013,11.385053813457489,-6.667765,19.973768,-0.7539925619891465,0.8473373488181557,-18.340251863002777,7.695765674114227,-8.070098,16.204777,-0.5914728389578758,0.08879496664033382,-18.982227087020874,4.342794358730316,-2.9594631,12.9892845,-0.3448906155238575,0.7427585435949777,-11.238364577293396,4.1992992758750916,-7.8360596,12.719136,-0.5637085507892902,0.3716622704846806,-15.87075686454773,1.4972751252353191,-2.497903,10.400475,-0.08625079116595008,0.47207499390747865,-8.8783540725708,3.314914718270302,-2.5269675,9.145344,-0.039514154164242025,0.45816680505017304,-7.866851091384888,2.433869905769825,-6.7565584,9.983091,-0.4290641071871982,0.3871919510734958,-13.05077064037323,-0.08712298423051834,-6.2733326,9.071579,-0.21736665834750632,0.5175322529091417,-12.077501893043518,-0.6295662354677916,1350.1092059183552,763.9592215092755,1.8044240493067574,5.5037558087285205,770.7122788269585,1738.955324214223,2679.0605949588203,1617.5300999473845,0.5004619060691478,0.2279633418118322,1241.2109375,3796.875,0.10410034077079217,0.07976576941186497,2.7032533668426044,11.249945245130707,0.052734375,0.128173828125,895.9164,841.3268,1.7291880796540522,2.5173338201155646,319.6055603027344,1143.0075912475586,0.06373715,0.07127969,1.5182230163863133,4.342917290565689,0.008114695054246113,0.1049200240522623,0.0,0.10525151382785092,15.407157617917214
146,0,train,-310.38544,135.81027,0.12725485456633945,-1.415101963272251,-461.0231018066406,-195.24794006347656,55.483227,51.701084,-0.1699825910796612,0.25163172432161574,15.134366989135742,97.21990203857422,26.808697,25.955807,0.43455197466435025,1.0083857989637828,10.65573263168335,42.59756851196289,9.585438,24.705235,-0.23060343942916942,1.1294658129603414,1.8198089599609375,22.120285034179688,1.7290913,18.884205,-1.0191647198412384,1.5917106129463106,-6.355103969573975,11.607333660125732,4.0142827,16.136786,0.06988467705247822,1.919817768435939,-2.890960693359375,10.196516036987305,-13.19625,22.920223,-0.7686475930763478,-0.40570525574202776,-30.294557571411133,4.746982574462891,-1.0878799,15.077841,-0.3998951226576141,1.207994654223242,-8.306093692779541,5.472167015075684,-13.390313,17.8534,-0.7199562718617764,-0.32969171664022934,-27.16084575653076,1.3529892563819885,-1.1444232,12.280657,-0.4493594733480404,1.3609672321752386,-6.6421778202056885,4.369288921356201,-4.6407566,11.533298,-0.3263619417692647,0.8434913639842274,-11.504232406616211,1.8528945446014404,-2.5304453,10.522557,-0.22502631840454615,0.728858646092784,-8.704702854156494,2.8077938556671143,-4.5222387,10.207511,-0.6547226564849093,0.9300958620988071,-10.34316873550415,1.4528314471244812,1958.804360720805,819.3928853207757,1.140378888500431,2.048676514000273,1415.7501766193682,2236.9891331199788,4141.818760611205,1525.3976991899938,-0.8791474494551517,-0.23273566879911334,3390.625,5093.75,0.14443619128466328,0.09162946639159884,1.9756069699022856,5.275239123145166,0.07861328125,0.1728515625,1150.3197,960.57697,1.3452944038767962,0.9650867845810263,436.7124938964844,1492.4644775390625,0.06475807,0.07579149,1.5298131294485187,2.921181547985875,0.000770300131989643,0.1023634746670723,0.0,0.13362659849481223,11.489408325278902
148,1,train,-406.096,79.53207,2.764723956696674,8.162173751022179,-442.2012023925781,-427.06658935546875,34.177727,35.653877,1.8942718755387997,5.295584545477338,18.534568786621094,30.03299331665039,19.705397,15.591929,-1.6407603651070841,13.7680865010051,15.867684364318848,22.508804321289062,15.670507,12.7904215,-1.161581082681165,11.16048286126084,12.84718132019043,18.434606552124023,8.959495,14.302219,-2.965195955148541,11.273487789011968,9.650403022766113,14.184629440307617,10.064944,8.9992895,0.16724015940044332,8.153805328016261,7.674795627593994,11.91112995147705,4.4633203,10.09458,-2.5124120766392894,8.109275208538584,4.53286075592041,8.370813369750977,4.766087,8.858162,0.5156578818912843,8.750187419077681,2.404590129852295,6.507685661315918,0.99459565,7.6110764,-1.8011487352278492,8.567659422749326,-0.13142696022987366,4.1079254150390625,-0.024370153,7.561478,-1.8422140083565899,7.974105147595944,-1.2573347091674805,2.9647622108459473,0.03894631,7.064152,-0.49212187160413245,8.204770545529357,-1.7773191928863525,2.2956597805023193,-0.7667232,6.777738,-0.2679539026572439,7.488970509479223,-2.452471971511841,1.559460163116455,-1.9427598,7.2159863,-1.7289249028574567,6.096882608393596,-2.9641575813293457,1.2355756759643555,1891.8417002366575,585.9552393474552,0.9149893719369259,6.426430584695387,1737.055684087453,2101.694891701882,4440.816726377071,1256.047074752116,-1.9684983535788134,2.9464444477717704,4445.3125,5109.375,0.14013431342364532,0.06036374824408617,2.7255139804674253,13.99968315355213,0.11474609375,0.158203125,720.16833,628.61426,2.685643861838342,9.254518101526118,319.35162353515625,914.2285461425781,0.019665401,0.06039915,6.288001687700849,54.966435121022016,0.0008583127055317163,0.002427001716569066,0.0,0.15095940194597102,10.575064480553781
150,0,train,-313.09607,95.76175,0.713710578912023,1.3952511012068527,-407.90380096435547,-252.70348103841147,77.29593,53.80566,-1.0275989113283197,3.338913511268784,34.96112378438314,118.44189961751302,21.69306,24.907341,-0.14826090049827698,3.0242104903848728,10.150878429412842,35.22277990976969,16.011938,25.32405,-0.16099668487997906,1.3020777102952663,4.517854452133179,30.847933451334637,-8.485454,19.582968,-0.7600720561016644,0.7815474683127333,-22.519574215014774,8.567265590031942,-1.0425154,16.623144,-0.14769907070314411,1.1056622539671477,-12.123018185297648,8.95135466257731,-7.8099365,15.566358,-0.7746897520940207,1.519881254778009,-18.112138032913208,4.465951840082805,-4.4224877,12.776273,-0.029917863878901302,0.9807065243590842,-13.296073933442434,4.0992164214452105,-5.362065,11.935997,-0.3969304508745295,1.1907559748917984,-12.684081077575684,2.636469781398773,-0.50380236,10.235524,-0.1339469566347388,2.0174109563412546,-6.143580714861552,4.575650175412496,-4.614867,9.993908,-0.3748925913860031,1.1626086123171417,-10.826584736506144,1.4946220914522808,-1.3587683,9.665063,0.07585973061647402,1.9058362311957673,-6.457169930140178,3.510936657587687,-2.6825848,9.245771,-0.3338188036808423,2.7177444180106822,-7.892765998840332,2.076892763376236,1718.6974057196778,809.6654605879882,1.777277081060216,4.397671844185038,1165.0390121570333,2040.1350465743842,3501.065294392338,1490.0351289863822,-0.18983447021432684,-0.12411034347926304,2438.1510416666665,4661.458333333333,0.13889250887751345,0.0847117389527249,2.0906484348109564,6.593405031104074,0.08561197916666667,0.16129557291666666,1034.9921,986.17676,1.686090997985531,2.216221100665178,360.94612884521484,1360.4374745686848,0.05786254,0.07477286,2.551340930005201,11.61975080798284,0.004575771202022831,0.07925396071126063,0.0,0.09436560269450389,12.730868504598012
154,1,train,-342.07526,105.12939,1.5025021908597027,3.2113025531676618,-431.9474983215332,-316.5505561828613,51.59784,40.71596,0.6828696021827063,1.5078157466930024,18.6689350605011,70.30007314682007,15.84124,19.8178,-1.2528449854485915,6.320175311464508,11.187817841768265,22.587348222732544,17.972149,16.00558,-0.4331446664966908,5.425819257252556,12.620195388793945,23.17934489250183,7.139853,14.944275,-2.279534623177976,8.078523449114902,6.393152832984924,14.117864847183228,8.72246,11.705384,-1.6412162539056072,7.181803541056789,6.870538711547852,13.869054198265076,0.65538013,13.513508,-1.8204447196126399,4.341655808381368,-1.9635473489761353,8.081468224525452,3.2349343,9.674044,-0.04203618928591424,6.000089745514323,-0.1558886170387268,6.892056107521057,-0.20270091,10.158093,-1.5513339914374016,4.115921236774501,-2.499515190720558,5.061958134174347,2.2272494,8.772939,-1.7157990874221816,5.8416380384044935,-0.14133870601654053,6.734978973865509,-0.12839475,7.0373,-0.5789155186149282,6.311167884568837,-2.231263518333435,3.0395662784576416,-1.493183,7.399912,-1.4062177669563858,4.502724200691288,-3.287114053964615,2.1999151706695557,-2.6212962,7.5253553,-1.0322142835168302,6.4537627245335205,-4.768801271915436,1.298355519771576,1748.9951783838787,629.5184826346383,1.7281716517580246,7.797106076283794,1473.2369753218513,1949.0935794825027,4024.0520583270763,1308.282303349074,-0.7874839085175351,0.796922081861561,3625.0,4722.65625,0.17421521545427743,0.08822788989690024,1.1467370116897881,3.667399784458784,0.12164306640625,0.2041015625,748.3584,707.20886,2.45068281534521,7.072019929252412,317.8799057006836,881.1958961486816,0.037534833,0.084580645,3.776902527849267,17.146488566981574,0.0011494121135910973,0.025473422632785514,0.0,0.11032889950539268,11.822443895941007
155,0,train,-355.70847,84.06486,2.587694322359447,12.571652677860337,-416.33740234375,-306.01481374104816,67.39291,43.72697,0.05366300674080684,5.941437099481754,36.17853037516276,103.57567723592122,15.35643,18.098803,-1.5911599430053067,11.062542711199482,12.928644498189291,22.36541207631429,13.485871,14.827291,0.17436004754379,8.18189733042624,8.57157039642334,19.607552528381348,4.5046597,12.15461,-1.8797635812364213,7.377192513932999,1.51279350121816,10.398027420043945,4.448589,10.409949,-0.981340019443571,4.237606522201682,0.9548950841029485,9.208009560902914,-0.15686409,10.223626,-1.6274905408868463,6.154889889976246,-3.679545750220617,4.973814845085144,-0.8985594,8.802992,-0.4351735146370886,3.3316513219792268,-4.879155437151591,3.615817149480184,-0.56456214,6.7141457,-0.6213519561402886,3.7488907934748616,-3.466512084007263,2.3158458868662515,-1.0280328,6.7191253,-0.3701816668125839,3.566219198537874,-4.12136725584666,1.8658702075481415,-2.978428,6.8098025,-0.3194559068311774,3.643909941192313,-6.484720389048259,0.6675452093283335,-2.9974177,6.5118346,-0.6348380211524769,2.7088676622930365,-5.873034318288167,0.5525902509689331,-2.0424137,6.1462617,-0.1722981918927048,3.097358474515748,-4.7385484377543134,0.4428407649199168,1626.1921999429521,585.4470725019914,1.7719401536036414,10.46118367367626,1225.8072171675208,1837.3733857032905,3687.94788962598,1242.3657595321838,-1.1617231002224204,4.311872414759072,2625.0,4520.833333333333,0.12402479497367551,0.06805912759680594,2.9694473399796073,17.47281050243081,0.08984375,0.13590494791666666,784.5713,695.78864,2.6003637939783304,8.991160386958503,333.3234329223633,983.592030843099,0.039099578,0.07693112,3.88436817565097,22.80826065677825,0.0025871686035922417,0.04934597294777632,0.0,0.08515703731600327,15.940149854238811
157,1,train,-350.27573,81.95267,1.2867019664052362,3.6844468176992606,-421.28214263916016,-308.67515055338544,69.36129,48.21568,0.6202272753092354,0.8940766313514757,26.100956638654072,99.20628118515015,17.090029,21.44625,-0.9739641036122224,5.011974647202109,10.059023434917131,28.058426062266033,13.451729,22.93837,-0.12472767796732771,4.885278703882023,3.7578959489862123,24.242212057113647,1.2350496,17.697989,-1.522665866416616,5.5494457286644385,-6.353421611090501,10.62715995311737,0.6865602,14.511874,-0.5068605750058602,5.803947648837891,-5.663228754575054,7.6521815458933515,-1.6693574,13.026002,-0.5060497272468526,4.512910763762027,-8.707779156665007,5.285277167956035,-2.4038904,12.076571,0.29614858354716306,4.911437756699544,-8.765104830265045,3.6895732482274375,-4.4507174,11.224257,-0.5248204180034465,3.199704428391801,-10.784815529982248,2.4417954881985984,0.85047674,10.433168,-0.4362874434182468,3.81259959700024,-4.332483311494191,6.115231012304624,-2.2877245,9.366954,-0.49017341772047046,4.104381083694413,-6.888504385948181,2.599374011158943,-1.5819966,8.554598,-0.6882479127061609,3.903112871383783,-5.513319691022237,2.85404272377491,-1.4717512,8.452693,-0.7469994759550157,3.2104935825380423,-5.2822654247283936,2.986096111436685,1454.0565812966613,593.2220726708812,0.7186174198663394,2.0777345358487573,1042.0086169778544,1801.645940376499,3006.259793961755,1406.157775035831,-0.17063858536748044,-0.21274515298676167,2039.0625,4076.171875,0.1049218995030445,0.05735525579827405,1.7604379228120515,7.668664790965572,0.06819661458333333,0.12618001302083334,874.96094,742.4744,1.904913364013001,4.429691648311647,345.7071075439453,1175.3611551920574,0.048460048,0.070844546,4.831924481939678,46.39239822676479,0.005019759769008185,0.06602121321096395,0.0,0.10228959076894929,14.264965751667106
158,0,train,-342.99115,93.55676,0.8475092215740048,0.06884973243108095,-419.6494731903076,-281.68860816955566,79.471016,48.798817,0.38270107593040703,-0.43210877978467255,44.62389928102493,117.54432725906372,27.7558,22.04391,-0.7796380835870118,3.0292415546721756,20.768659949302673,38.66740703582764,16.693949,18.76214,-0.24216492558085242,3.017073918011414,10.955719918012619,24.12501299381256,4.509648,15.873147,-1.2042337230051428,1.5975021145431814,-2.9249597936868668,13.998902320861816,1.8954077,13.852688,-0.8510360140668036,1.4277340041185647,-5.017490018159151,9.995328664779663,-3.7203896,14.205306,-0.8957391149531304,0.5628637816117341,-12.052866995334625,6.155131608247757,-0.43295866,11.36683,-0.4484454470744312,1.3071412489530683,-6.212482735514641,5.665699899196625,-1.5595014,9.9398365,-0.6334331883942881,1.1918621981240234,-6.89167594909668,4.2698864340782166,-1.1402521,8.995611,-0.29018780616097145,2.0109757584447565,-5.328470304608345,3.3079251386225224,-2.8068085,8.412573,-0.4520954486438621,1.8362158266493642,-6.981275320053101,1.6744985729455948,-3.9548814,8.420585,-0.3349768269042541,1.2578261828039023,-8.302469432353973,0.45358638651669025,-3.2115529,7.6875496,-0.35626831987079066,2.0184616050418054,-6.814606815576553,0.5080593638122082,1421.6414315917234,691.9326688745257,1.4287077627355633,3.9783034825705874,926.3842375825707,1638.729943477645,2955.4860048725373,1499.3582459297754,0.17325826962201474,0.018115374590360056,1576.171875,3893.06640625,0.13279767044732552,0.08667599297912079,1.715993445304508,5.564676044515481,0.067840576171875,0.169677734375,728.66876,672.64746,2.8206156208989923,11.89564580942177,308.67029666900635,879.4568099975586,0.05252939,0.078770034,3.012983744267121,13.122504918016293,0.006940668114111759,0.06476235063746572,0.0,0.13777767342219321,12.217862690609365
164,1,train,-370.51395,123.035576,1.0305057686594281,-0.24760178851449796,-464.46050516764325,-275.96398035685223,46.364746,63.645893,0.9063957814196005,0.038463932298494985,6.418924729029338,91.65843327840169,15.752731,24.240458,0.44576369960988527,1.8423851680393601,5.545429110527039,25.938721656799316,7.874672,18.548445,0.04861683258232726,3.6352716784432837,4.237507522106171,11.249065001805624,1.5434238,15.424423,-1.2390299315755386,3.5351505556128835,-2.485669493675232,7.449624578158061,1.5657558,12.074101,-1.0008754947139513,3.1720489354650154,-1.1952271858851116,6.273542006810506,-5.90904,17.020739,-1.3308896525591891,1.8008990556697289,-13.014107783635458,4.258902529875438,0.33165693,10.961595,-1.1609627688939674,3.144928075166439,-2.257311383883158,5.004379828770955,-3.633273,11.36539,-1.0729341087903952,1.4305328479636223,-9.030867139498392,2.806186060110728,-1.4891237,9.6795225,-0.9728176116127836,2.762875367172809,-4.239197254180908,2.8822595278422036,-2.9964764,8.734746,-0.9451198611311344,2.011896805938669,-6.639988859494527,1.5825834920008977,-0.5762937,8.252209,-0.019931241113232783,3.8463666493801867,-3.767586608727773,2.820541818936666,-2.1053889,7.3611946,-0.6280804477780269,2.4113855540608085,-4.6195290088653564,1.255723550915718,1808.2349786985403,784.0568795150685,0.7625726035707013,2.129063861466159,1206.9404226522486,2132.8985249651037,3830.2527667787836,1608.844900730898,-0.7955822286769849,-0.27222614916013904,2423.828125,4871.744791666667,0.13487568258597638,0.08419044926215784,2.6141867800646184,11.692766938333577,0.08414713541666667,0.1527099609375,1032.5996,828.46857,1.6408289632149373,3.0598269065003048,413.2409083048503,1414.5016377766926,0.046580967,0.086731605,2.361224338801374,5.682246418771773,0.00039238892107581097,0.052784754894673824,0.0,0.12015516596137354,10.750173166566881
166,0,train,-299.8035,87.91978,0.6329350541223515,0.5262896196120801,-374.05281829833984,-238.94073486328125,82.015495,46.84781,-0.3095245030792511,0.6355850197009404,55.64774533112844,116.13330523173015,13.553075,22.562021,-0.15781319609680103,1.0344834452295897,-0.47907179594039917,29.105722586313885,10.906284,20.2205,0.7564162810211824,1.6140654182633727,-0.043783754110336304,20.38840874036153,-3.1120117,18.265812,-1.1967674781944693,1.8509382480570258,-9.555440545082092,7.390499949455261,-0.62823707,14.423108,-0.6542518605587792,0.8678214803947877,-7.774114161729813,7.85974105199178,-6.7364483,12.610938,-0.8693232925589043,1.3434544470806757,-13.614792267481485,0.9066679129997889,-1.1626521,11.147785,-0.2193689429304948,1.5002174187523263,-6.945680181185405,4.492788553237915,-5.1052155,9.47236,-0.6100849839623083,0.9173555884434053,-10.219210068384806,0.2629803816477458,-3.0757978,9.016193,-0.22943966136881022,1.8301123019411119,-7.720396121342977,1.2165779769420624,-3.4418995,7.8915896,0.2880223635745069,1.6718319100336643,-7.5308458010355634,0.2432048221429189,-4.6314764,7.3923783,-0.09977698953997666,1.1291515056379502,-8.90067426363627,-0.7439146737257639,-8.280719,7.535795,-0.4715897864328085,1.2057017489734465,-12.440869172414144,-3.8223910530408225,1650.855427769069,827.6869565606717,1.6236381671607127,3.629588646044642,1029.6550189032612,1940.1582673855075,3383.700025307216,1608.0681285925518,0.13622937751288217,-0.23181751213797575,2036.4583333333333,4429.036458333333,0.12129310980106851,0.09065706895685983,2.5714165852030364,8.963380627412986,0.06526692708333333,0.1385498046875,1061.0548,983.3223,1.4319655447484825,1.1583081754427884,367.30946095784503,1488.0382690429688,0.049079787,0.07683139,3.173768065571581,13.551914638201671,0.005356908868028161,0.05912771758933862,0.0,0.11604487465981105,12.254184340738746
167,0,train,-343.63742,112.92301,-0.0034104285398236143,-0.8648865635855595,-447.8621470133464,-254.50492350260416,97.31531,70.10529,-0.17752100286367858,-0.9954876789394835,34.00264930725098,158.63461303710938,14.555805,31.92473,-0.13237340874514436,0.9283719686000663,-1.806272824605306,33.06056340535482,12.691673,25.485312,-0.3113476342177209,0.7931003906417583,1.5221126079559326,26.42031955718994,-1.5307409,19.61531,-0.8204074682727338,1.5177715892651618,-11.63650107383728,9.334028999010721,-11.470021,20.204885,-0.6152745504365263,0.12712820947324235,-24.63098907470703,4.328185399373372,-9.479804,16.734972,-0.6554131345404867,0.03444303599162346,-20.55345280965169,3.7203517158826194,-2.4547794,12.380706,-0.07658402478891456,0.7534463959988447,-10.441911379496256,4.507614394028981,-5.4876895,12.451065,-0.4042555018449996,0.13824999028290272,-13.937751611073812,2.9241228103637695,-5.386225,10.760655,-0.33745475863042196,0.3428236023217557,-12.40159018834432,1.7658253908157349,-5.75169,10.480954,-0.38801920351380176,0.3331696882375952,-12.629127025604248,1.0911106119553249,-3.7266865,9.549742,-0.043670333861735584,1.1573457607774131,-9.42163642247518,1.48749906818072,-3.3413131,8.999348,0.03676683193509932,1.235530261791504,-8.703166961669922,1.3251455128192902,1342.435007898707,919.3022229322545,2.042742919620433,4.960786614132555,701.0361008153919,1663.512272651444,2595.2869610095836,1769.6475976005247,0.6111788072410623,-0.4642529977946466,947.9166666666666,3842.4479166666665,0.1121641907104227,0.09885230306634707,2.674179555291816,8.692603973354217,0.053385416666666664,0.12223307291666667,929.68256,820.75665,1.7951659513503986,3.2137839075251997,364.57872517903644,1196.2130533854167,0.06752343,0.07250744,1.2608608282757718,1.792921836804797,0.006192302137302856,0.10903013745943706,0.0,0.09615947674660634,14.676532375395396
168,1,train,-367.49432,107.110886,1.3886605432256336,0.724368881676968,-438.95655822753906,-315.72034072875977,54.02282,46.175514,0.6662458261296273,0.9884963281269019,27.616765022277832,78.56938743591309,15.791532,25.287323,-1.4720294011394086,3.432025394467191,15.669936180114746,25.805721521377563,10.426869,17.40665,-0.9788823821149055,3.639670978920412,8.798349797725677,16.788772344589233,3.859994,15.090799,-1.5235514059318729,3.2597067765957917,0.25289034843444824,12.147334098815918,1.6195759,15.125743,-1.4049267382713064,2.380799580190062,-3.044822297990322,10.192371606826782,0.49923652,12.548439,-1.6172591297754775,3.478057474544125,-3.5750300399959087,7.815542936325073,1.9696493,9.467231,0.09425431874484677,3.3489213993565623,-1.9069834500551224,6.049603462219238,-1.1811197,10.596079,-1.2827688947755136,3.120948884745274,-3.9506571292877197,4.041117370128632,0.654406,8.119359,-0.532212138937592,4.5855491389505545,-2.1637419760227203,4.012412905693054,-1.0736837,7.466952,-0.9583962157810041,3.949663201639352,-3.675530642271042,2.6961372792720795,-1.2007741,8.0614605,0.018379220675892316,4.164194496879566,-4.052317142486572,1.8944580852985382,-3.0704465,6.9065533,-0.9624833324805797,3.866027595007966,-5.227566480636597,0.5942991599440575,1986.1626937057554,789.9620997848898,1.2476558742428927,4.089819197156178,1464.0025704574325,2298.5764060882375,4321.150804928913,1616.6917412813905,-0.9373773334704998,-0.3972397956824725,3179.6875,5386.71875,0.14840865432928002,0.0848483548106923,2.911742208380063,12.082133642032487,0.100830078125,0.165771484375,848.444,751.8503,1.9564452698777917,3.916406125597402,347.1088523864746,1040.878173828125,0.04160289,0.084134564,3.1210892790682467,12.544041655959681,0.0012123551568947732,0.04028940852731466,0.0,0.10766118458569209,13.559943856539473
171,0,train,-319.77417,86.56424,0.8507393872532033,-0.42938781142789484,-393.4737663269043,-255.72542572021484,72.870316,41.088837,0.1138261104470471,1.1743408924272516,50.700244426727295,97.53885746002197,26.863203,18.814734,-0.891715597532605,3.6294987249611292,22.455263137817383,35.247461795806885,18.68856,16.56789,-0.9429764211542588,3.0152121665023883,13.649938583374023,26.13899850845337,3.77684,16.2776,-0.9541123424935771,0.8415698301188641,-3.7116845548152924,13.691528558731079,3.2719436,13.894718,-0.9718022032020159,1.6066813391700463,-2.6086374074220657,11.19001579284668,-0.21280855,11.930843,-0.8198389022418588,1.6555636341710596,-5.759112298488617,6.382541477680206,3.0217984,11.085831,0.34337425612354805,2.2526768826470183,-1.6553234457969666,7.40468031167984,0.224316,10.495157,-0.23519930311725296,2.4072134731954566,-3.8037593364715576,4.96374836564064,2.6524618,9.252979,0.16549835311996872,2.0633631436130155,-1.5907090306282043,6.597406655550003,-1.0765857,8.939381,-0.5318177023396935,2.7549427313027604,-3.9785390496253967,3.0056708604097366,-1.2441385,8.64098,-0.04944394827439173,2.0112587488327773,-4.981701612472534,2.543372929096222,-3.9707732,8.0437565,-0.45923593446819033,1.6935197598536402,-7.2999361753463745,0.05546970292925835,1720.6333647721717,695.9377755255239,1.1327507749066916,2.953956510700299,1240.393822010758,1970.850405118363,3741.6295511378084,1530.4391087135236,-0.6052611249315659,-0.5770359724609002,2661.1328125,4732.421875,0.13987844865526666,0.07580687407477872,1.5521472997751904,4.896464372728483,0.0897216796875,0.1685791015625,945.4061,893.86053,1.7498830798563727,2.5211681108141812,343.4237289428711,1165.1693878173828,0.051222257,0.08537847,2.628182471207033,8.131646302267232,0.003258559532696381,0.06274625845253468,0.0,0.13483317341754736,13.289857447232546
172,0,val,-390.76837,78.31983,2.7786945578736018,8.278914282112812,-431.2879638671875,-394.9754638671875,70.90079,20.557976,-0.8208513962183933,9.379582006723732,61.64926528930664,79.07650756835938,18.150272,17.089931,-3.0450021277590333,13.823959345476172,17.279390335083008,25.611753463745117,12.224757,13.230519,0.933546999905815,7.2988780952840635,7.390094757080078,15.590084075927734,2.8401203,11.439633,-2.6340761810669577,10.335542170319899,0.9139939546585083,8.738199234008789,1.6004741,10.8628645,-1.7252717686592758,7.5444998029646655,-0.48313164710998535,6.749894142150879,2.7819602,8.838927,-2.488469392471138,11.340506284449448,0.8904750347137451,6.868593692779541,4.3005548,7.4534464,1.5667699523377236,8.8042491160412,0.7662283778190613,6.4432172775268555,-3.4082482,8.124881,-1.4505052416585493,5.285086737534806,-6.024127960205078,0.9093946218490601,-2.8775017,6.9517384,-0.5194456391918743,6.60806139854345,-5.58602237701416,0.572044312953949,-0.093415104,6.2817616,-0.14513945292671263,6.573360422880427,-2.811180830001831,2.6012206077575684,-2.2051964,6.443362,-0.784565551880521,5.437315390465995,-4.982049942016602,1.018320918083191,-4.2387385,6.501076,-1.462725663547167,7.148557493857547,-6.87339448928833,-0.450991690158844,2103.4235663131694,426.1759199369566,0.746832647224355,6.591214916959602,1908.4701466706963,2307.2419092934424,4811.345599864438,968.3253440390689,-1.8751555293040878,3.520737327379991,4539.0625,5421.875,0.14761075357263895,0.044478114101585156,2.0240484605724958,10.321361308197263,0.1220703125,0.16552734375,861.3093,697.4055,1.8730969623390243,3.7827053847033563,379.2603302001953,1057.7870788574219,0.015517387,0.04455684,5.188750621662552,34.379812430241735,0.001879706745967269,0.0035153620410710573,0.0,0.13476209040822712,11.125049912107889
172,1,val,-364.97568,106.7547,0.5134600896549214,-0.7905638889644591,-471.58009084065753,-276.3610483805339,73.19117,63.502182,0.40617078193041906,-1.1786175385040971,15.825876553853353,134.40326309204102,16.917696,23.784784,-0.3920575289408586,2.0143841593879697,10.990334510803223,27.253171920776367,13.214607,18.804504,-0.1350071271490917,1.8887509347084714,5.8092124462127686,21.928526798884075,2.5749922,14.624791,-1.1953185116692755,2.6127055795395275,-2.5291317303975425,9.88644047578176,-0.9384713,15.048511,-0.6023999017656055,1.5675419031977473,-7.7884737352530165,7.405299266179402,-5.266011,15.492027,-1.0180795027202898,1.3670037025734139,-12.932342688242594,5.237917085488637,-1.5308291,11.701116,-0.8204893060265451,1.3069474472635794,-6.197246094544728,4.562403321266174,-2.0178678,11.227218,-0.3968177746665507,1.7093356015870491,-6.152877002954483,3.5640755593776703,-3.5951004,9.079424,-0.7283598017867129,1.3842986562023245,-8.20133151113987,1.9981264372666676,-5.103979,9.639502,-0.8721575316751097,1.090886409909162,-9.87130586306254,1.1480342894792557,-2.7585773,8.662725,-0.6753731890795778,1.885278864186274,-6.069453189770381,1.2941677818695705,-3.125676,8.303182,-0.6586270057597327,2.112937402540087,-5.615673124790192,0.8826496203740438,1459.8242095540527,793.255241381466,1.640103749694198,6.92481424848027,774.5470860329355,1814.1506365875684,3103.600334876394,1752.1159285130373,-0.07945597271282627,-0.9412955812167484,1281.9010416666667,4455.729166666667,0.11682581287255052,0.08564857819142609,3.2661674597092265,19.628167305361952,0.058919270833333336,0.14583333333333334,792.71136,762.9628,2.1561018623102473,5.469872197805465,306.92046610514325,942.8602193196615,0.058795348,0.08003958,1.6242323162904935,2.9709603179154764,0.0006964999871949354,0.09931219058732192,0.0,0.08332552087481952,17.290776610262217
173,1,train,-295.17355,120.59926,0.589549462390357,-0.536489639894532,-391.00872802734375,-204.377685546875,33.46659,44.205406,-0.10356333179797625,0.1197999892877446,5.116058349609375,62.903663635253906,-3.2512798,34.594395,-0.48644352797066126,0.14616456234456132,-25.06412124633789,19.513389587402344,8.096129,19.294415,-0.12183339569905888,0.9529831332648282,-1.396769642829895,19.406169891357422,-18.365702,20.456326,-0.5219980591328178,-0.16180957875890556,-31.929058074951172,-1.8922245502471924,-2.9520013,14.816582,-0.3593794588586496,0.9879794217040692,-11.278491973876953,4.903996467590332,-12.766277,16.176508,-0.3655978725407338,-0.3620124280209094,-24.0461483001709,0.7358183860778809,3.5590785,12.711023,0.017243053634097876,0.6468288664942703,-3.4307024478912354,10.880970001220703,-6.7634745,13.286486,-0.31754900225578686,0.07661234708937092,-15.616707801818848,1.9310855865478516,0.84051836,10.80668,-0.19387532274856936,0.6856933803415499,-5.5974650382995605,7.31136417388916,-5.4300947,10.724968,-0.26213732854295874,0.03580541476378585,-12.669628143310547,1.3085578680038452,-2.3895028,10.066163,-0.05071846538218283,0.7066077361571201,-8.379435539245605,3.376359462738037,-6.952859,9.793166,0.1353723106901562,0.7151983981409962,-13.78896713256836,-0.5912994742393494,2470.033143651813,995.0886250208472,0.6924700195718805,0.022472527065644066,1726.4649356396594,3153.7056183062828,4621.025336394703,1321.6594106331402,-0.6684498170003084,-0.0841770497303993,3796.875,5671.875,0.21943935050459207,0.1440689983669529,1.0220545214930574,0.7460490109073765,0.107421875,0.31494140625,1820.1136,1146.3413,0.26148614318868385,-1.2318722485299565,743.0881958007812,2819.0562744140625,0.05212896,0.08235068,2.428608735794182,6.820714782971285,0.0036031072959303856,0.0675855502486229,0.0,0.10325361473311621,12.124065420381447
175,0,val,-336.45987,112.30892,0.3064612917330332,-0.8791575609457594,-448.3098602294922,-245.0662136077881,84.17007,57.46336,-0.2223305393836998,-0.13700267069988908,33.14559790492058,128.23626708984375,18.639149,28.06218,-0.3076534837349642,0.866620344533977,5.360264927148819,35.670382499694824,14.732438,23.455929,0.06998268306865502,1.0905204293687325,4.552806079387665,25.587629318237305,-0.38857833,19.15499,-0.8305183938511593,0.7069710122917517,-11.22369909286499,11.764263466000557,-5.2846503,18.613811,-0.6958554961508403,1.0318125939668203,-15.727971076965332,7.142948120832443,-8.329151,16.811325,-0.8629128770942979,0.6459292829406527,-17.951699316501617,3.9660842269659042,-2.208687,11.909929,0.19214922937890072,1.7566661759066973,-8.90659847855568,3.815043941140175,-4.083947,12.337284,-0.6137245667237943,0.9374381496442635,-10.973385870456696,3.36618622392416,-3.23447,11.053087,-0.23156532395923732,0.7686644756720203,-10.043048053979874,3.9825554713606834,-4.2071643,10.890235,-0.07564331430589791,0.8874410847690898,-10.818722784519196,2.859233067254536,-3.7171671,10.016922,-0.1962385928001682,1.1208252993390913,-9.349089741706848,2.129919375292957,-4.0338073,9.128256,-0.06828743074986704,0.9405692569389867,-9.150558292865753,1.0426226276904345,1601.306165972716,914.0735218967958,1.7762956115221593,4.197726967592709,967.8032225297229,1991.5344434248655,3220.512158808377,1758.261525239357,0.13461995182145187,-0.9482432036081907,1769.53125,4798.828125,0.13581864591988208,0.10355539003544874,2.089058314055923,6.095763255783383,0.066650390625,0.172149658203125,1008.93646,933.8223,1.6624138977521288,2.2918672794068424,367.9999256134033,1276.484561920166,0.06387587,0.074510336,1.5068358969862083,2.410158046361011,0.0032172358587558847,0.09803064912557602,0.0,0.11837409677688464,13.760768899320006
178,1,train,-378.12512,79.934975,2.5746311547918665,6.138624146615448,-415.97209548950195,-391.380672454834,43.071907,34.913948,1.96851932898231,3.544074570463181,22.66801106929779,47.02016067504883,20.05909,16.633604,-2.059487291613501,9.693611468591376,17.464499831199646,26.27156662940979,15.581613,11.336663,-0.7329985643342017,9.126460586202066,12.751105189323425,19.123744010925293,8.930477,11.384542,-2.0677705769611805,7.910724155627747,8.167109847068787,13.57752811908722,5.8387146,9.894463,-2.1497000819945615,6.671156006438447,5.481750786304474,10.124786138534546,4.6905556,8.3889885,-2.0254692904894505,8.487479480063211,3.7948604822158813,7.905721545219421,3.4449704,7.0115747,-1.1989572689365857,7.879453519070644,2.0075039714574814,6.039672553539276,1.1341809,7.093167,-1.516590935627721,6.629354455253869,-0.14672435820102692,4.021625459194183,-0.009626806,6.20257,-1.2019550696688532,5.927517196964496,-1.5151026621460915,2.569932743906975,-1.0218893,5.915162,-1.0006356594108041,6.315730836259327,-2.568563535809517,1.5096638351678848,-1.8792763,6.017867,-1.2108790336817592,6.369602709526599,-3.221473127603531,0.7637900691479445,-2.2459826,6.2325535,-1.7301644409755526,5.977585593206982,-3.3485657572746277,0.6026424709707499,1688.8805193047428,450.3462113342001,0.5292064471446262,8.289905177252129,1553.4975451238822,1897.0484736165004,3774.7420873228866,1150.028099588411,-0.8372629133964413,2.9268073045353344,3519.53125,4381.8359375,0.11955871163619197,0.03921688658751475,1.1337747095084696,9.924190054682278,0.09912109375,0.139892578125,603.6526,590.1721,2.837631332040522,9.26562537999656,271.21671295166016,682.6070861816406,0.03200563,0.089436844,3.5725781307794344,13.225012550240834,0.0013053921720711514,0.004864126822212711,0.0,0.097123425066588,15.847110175909588
181,1,train,-367.569,102.29422,1.1187686526792973,1.5372695245943806,-452.7577095031738,-306.93670082092285,71.202126,51.52455,0.20743766887236498,1.1729229344422856,29.895033419132233,113.02330017089844,12.947454,23.742764,-0.9924221201734758,4.030580756309371,4.901636362075806,23.50205945968628,6.788689,17.28442,0.15112354458530006,4.157960178167193,-0.8921267613768578,13.164283871650696,-0.80821466,15.19931,-1.1776390065904703,4.387973779062332,-7.34306138753891,7.9230677485466,0.4346788,14.72642,-1.1596085200582846,3.826135982034689,-4.245162099599838,7.761773347854614,-3.0543356,13.8327465,-1.1021147856042592,2.888797078299758,-9.958909541368484,5.318860441446304,-0.03884566,11.785746,0.03599922175205686,3.770954639977635,-5.787084177136421,4.885372638702393,-0.39414898,11.23431,-0.844551425525062,3.7783286638992104,-5.333268761634827,4.859292060136795,-1.3475993,10.406195,-0.49055915582816106,2.657616178351083,-6.34553986787796,4.067668542265892,-2.9383235,10.798094,-0.7880117618120024,2.139075079236257,-8.78400719165802,3.1938773542642593,-2.7507794,10.350264,-0.3373594181834623,2.9603890435384965,-8.249420493841171,2.3695743680000305,-3.4516735,9.130752,-0.30424023611913303,2.311985642794595,-8.253079652786255,1.5436025941744447,1606.1888524491035,663.42139070464,1.119871655865257,4.569619495773026,1061.0963037582558,1975.5824634851901,3396.756681637281,1524.0990631423983,-0.3531618641391281,0.7394516278931602,2014.6484375,4541.015625,0.11941123513400582,0.05960390740293624,2.0717078072209976,10.491625384079406,0.079559326171875,0.14324951171875,824.9251,707.7997,2.1391559539927494,5.316615860697052,355.8255195617676,1010.4209213256836,0.05240827,0.07999024,2.089468175978502,5.523760073380648,0.001526076366644702,0.07406856212764978,0.0,0.11689152337375347,14.549274066309916
182,0,val,-363.87335,142.62616,0.42871887680312387,-1.3559734235652674,-498.990966796875,-228.87118530273438,67.2169,70.23089,0.6276610944048427,-0.7075612887632157,12.406007766723633,124.36260986328125,2.5907583,28.106415,-0.62442490691056,1.8376171408618172,-10.865921974182129,15.310800552368164,10.631425,22.280539,0.37546434156553704,1.9064856969567678,5.322452545166016,14.83304500579834,0.75446975,17.967598,-0.8879151109757664,0.7120927825002976,-8.622102737426758,9.761360168457031,-1.8603494,15.331228,-0.9793014047743622,0.8216582072032228,-10.909643173217773,7.46315336227417,-2.7035801,13.471109,-0.9537464802760734,0.47983372911521194,-11.209634780883789,5.920384407043457,0.10460159,12.177531,-0.673722058534883,1.9993695103384201,-3.8604955673217773,5.189144611358643,-2.3718686,10.989307,-0.8005075264882542,1.9217374024155163,-8.226932525634766,3.6687748432159424,-2.4813037,9.636013,-0.816187832323543,1.4770406871331527,-7.408082008361816,2.634338855743408,-4.111927,8.755014,-0.6909752824248255,0.5672806346576973,-9.420740127563477,1.2687513828277588,-3.5684845,9.038939,-0.8836668754371153,1.4777913120645216,-7.165911674499512,1.01407790184021,-5.275821,8.474945,-0.8391340741532766,0.941517913863902,-9.543391227722168,-0.10210800915956497,1594.6074363884209,752.6516709350763,0.9473559716935819,2.173729724969288,908.3912850553143,1933.2030775207727,3388.229097818903,1626.7992037915217,-0.33674948642288643,-1.1283411288014855,1648.4375,4710.9375,0.11429912115829478,0.07678847258956695,2.3858137210555173,7.637737790675896,0.072265625,0.12646484375,1171.0958,1000.6971,1.1546229909185748,0.2365058712071364,411.13160705566406,1709.3247680664062,0.05524259,0.08261443,1.8134161223840919,3.1599859918243407,0.00040259855450131,0.08961023390293121,0.0,0.0935841505423907,14.48462383437962
183,1,val,-363.92224,111.16928,0.9969188595069485,1.5102424491481723,-473.50279235839844,-282.1587152481079,80.85332,62.125523,0.11414187885310657,2.1641463132192964,19.184439505450428,136.46101665496826,14.111622,22.753738,-0.3329977448195564,5.24315264974949,5.5100488513708115,25.615193247795105,13.349154,20.728771,0.7396560564465133,4.754726771681635,2.8737512826919556,22.842975616455078,-1.7158386,16.097301,-1.5969980880091346,4.608925497726641,-7.539818838238716,6.755507787223905,-2.8068836,14.131013,-1.1604415254168696,3.262353227847199,-9.983044743537903,5.584276722744107,-2.9310746,12.168429,-1.1421158116852088,2.7766331536999513,-8.855971276760101,4.149244418134913,-2.7112734,11.024753,0.21768827575024843,4.612166046134409,-9.063868403434753,3.68002051115036,-3.6826124,9.913684,-0.6815706410738771,2.608200653493525,-9.577385485172272,2.793893724679947,-0.10865867,9.319288,-0.30254536816867517,3.098300871877526,-4.68641009926796,3.4972496703267097,-2.1041849,8.592991,-0.893518198787982,2.715845172341232,-6.434348493814468,2.216112971305847,-2.6392303,7.887945,-0.8465675695426436,3.5072215078440103,-6.7114743292331696,1.800819044932723,-1.9803332,7.7488003,-0.5970159897912183,2.483970069085655,-5.448608040809631,1.6595011502504349,1649.5070955324147,722.3355668738911,0.5715734936417284,2.6574826002503187,1033.3672012546963,2224.9889719051916,3518.8726035758536,1707.5015167033707,-0.5518932500005234,0.4483663311763838,1994.140625,5131.8359375,0.12566972928143064,0.06597883770142551,1.310156876662707,4.628223514250874,0.0770263671875,0.161956787109375,929.82886,787.41113,1.744562043974026,3.3122299940904445,376.6053123474121,1236.0030632019043,0.053309664,0.08034289,2.078888248869243,5.8881808367847945,0.0011291934588371078,0.07956341770477593,0.0,0.09436903892589549,14.97167700159008
184,1,train,-339.47577,112.35471,0.50773845425531,-0.5091012677371493,-455.8354899088542,-250.90379842122397,59.607426,62.669163,-0.09822233234724942,-0.05480978494461267,18.08974876999855,108.91044362386067,25.149933,24.040283,-0.08829971261344043,1.618779334573764,11.975868086020151,40.578901290893555,26.450483,26.92485,0.7586216366641082,0.6458297023797596,8.048043735325336,42.2349001566569,2.4375641,17.331694,-0.6508572385436082,1.4415290756831716,-4.4625599185625715,10.745406866073608,-0.44217983,14.975639,-0.582168089734021,2.218773703283087,-6.686711589495341,6.21241070330143,-3.998275,14.40289,-0.6282242966127575,1.1160869470520147,-11.32347297668457,3.497361898422241,0.019953648,11.568566,-0.016419242636420556,1.4471140131090976,-5.058350245157878,4.520330786705017,-3.8936684,12.649044,-0.5161940728193183,0.7312095790229404,-11.293694178263346,2.5778954476118088,-2.3511229,11.479904,-0.4786884865723655,1.3304877200014547,-8.315356413523356,3.182292034228643,-3.711155,9.682475,-0.7278795927733849,1.2384321856314247,-8.52405039469401,1.5057319700717926,-2.6285408,8.472522,-0.1659316131752915,1.2542757918512926,-6.971531947453816,1.679711898167928,-5.285105,8.834055,-0.637565228289963,1.0726374752142231,-10.092387676239014,0.04025894651810328,1777.8498836359315,966.2100791863671,0.7952375392232091,0.49586545028953716,981.1575560735309,2202.036582060946,3604.7067289549686,1798.4697106790916,-0.4346199228618041,-1.0110675071732909,2059.8958333333335,4973.958333333333,0.1382519189186007,0.10067718968622008,1.6422279309545236,3.5118944627754054,0.061848958333333336,0.16715494791666666,1311.9146,1079.7904,0.9707690197263532,-0.22218292386204297,446.3090337117513,1982.7648010253906,0.054257095,0.07577023,2.392553027808041,8.959621668011618,0.0009650910045214308,0.08243048439423244,0.0,0.1241104260553924,12.76247177091944
190,1,train,-378.8824,106.460556,1.0565066964051977,0.2650144622496984,-462.30035400390625,-310.6086730957031,74.421425,65.82986,0.5977151129706063,-0.870572833872471,20.498034954071045,126.63375473022461,21.347471,21.63791,0.06215708578319834,0.5777718664761649,7.290240049362183,36.481590270996094,13.154771,22.833172,0.6873882265649635,2.2565210923503978,4.231638669967651,20.70567226409912,1.5161881,18.064026,-1.5092672646510015,3.1004012960850296,-1.0808242559432983,10.071974039077759,1.2430223,12.344736,-0.5988226396109436,2.0080683353495163,-4.062818139791489,7.093096852302551,-3.3266969,13.6201,-1.0823167245788856,1.1243782037561423,-10.417468070983887,4.82618772983551,-1.8178601,12.1507,-0.7985686353215398,1.2211428371126223,-8.753371953964233,4.786925792694092,-0.94440246,11.387007,-0.5651124339357723,1.3401821444350996,-6.569686651229858,4.509437322616577,-2.3769586,11.149872,-0.7825651564780168,1.106201821068422,-8.237670660018921,3.5869861841201782,-2.3318362,9.429708,-0.8294280081253969,1.07998628652937,-7.938920497894287,3.0619382858276367,-1.3931732,8.391779,-0.7421008377599414,1.41422810065789,-5.73521614074707,2.887548565864563,-2.4675953,8.88249,-0.6661252112332297,0.9955519069244634,-7.853443622589111,2.68120938539505,1254.4630132013538,623.3576943487692,1.3242923947433993,3.989837672790921,713.5488423568954,1634.9332310770972,2648.5056950862804,1627.6263612390385,0.42761037427268545,-0.5907972585152813,1039.0625,3804.6875,0.13400952158062795,0.09331056444953967,1.8540084220434638,8.981281430440657,0.047119140625,0.19970703125,730.57654,783.001,2.4410076558824523,5.602369612978766,288.8343162536621,750.1899871826172,0.04926041,0.08538142,2.2996239596776746,5.5796920986361265,0.0011887700311490335,0.06181284040212631,0.0,0.11335343026763095,13.12804410207915
192,0,train,-303.41736,107.05484,0.9833596239383555,1.9479112171494894,-382.2372741699219,-259.4287528991699,87.55916,58.66156,-1.3320717895041434,3.8403154297899373,49.78049850463867,130.24238204956055,8.871931,29.29768,-1.030048400409263,4.563672858715884,-4.002995252609253,23.00529456138611,10.4729,21.963934,0.6718323489704702,3.9124333501688726,-1.8092783689498901,21.104312419891357,0.29119372,16.745977,-0.8347381026098719,3.142108831687419,-8.295209646224976,10.809330463409424,2.0027618,14.406906,0.3990394172634334,2.6523778329193153,-6.85253632068634,9.913485884666443,-6.821357,13.322046,-0.9375353390179819,2.431935258510384,-14.577371954917908,3.097301572561264,-1.0045059,11.402646,0.7485920631821149,4.59826365215941,-7.510066986083984,4.318721830844879,-3.2405207,11.0805,-0.876794550962376,1.9325157804372053,-9.015704929828644,4.003206089138985,2.5862238,10.292421,0.7328976047045022,2.672852210037765,-3.1739867329597473,6.784790098667145,-3.756213,8.736204,-0.5937109015976535,2.7182654488041917,-8.498498320579529,1.3633006662130356,-1.5658422,8.760733,0.18925849820292084,2.6228314848896512,-6.458167612552643,2.4411881268024445,-2.2193282,7.8637624,-0.14565178953279093,2.462538634606816,-6.092002213001251,1.964737206697464,1765.1409968235698,875.6318846297181,1.9899072413235666,5.03388997820516,1251.432966287241,1943.688342416383,3505.4773319889864,1330.3565544658313,-0.301796177748989,1.420130493151435,2632.8125,4303.7109375,0.1492912066348078,0.10112203658061883,2.618710476642275,8.98604693822531,0.0953369140625,0.16375732421875,1096.5406,928.0792,1.3860351040030838,1.2224812732842074,418.50373458862305,1525.44580078125,0.054568075,0.077421755,2.3545502728023333,8.033996114640214,0.006153008725959808,0.0593838389031589,0.0,0.11394696652217116,8.009999601128989
196,0,train,-347.75903,127.35706,0.4658016462457857,-1.0208068743221532,-474.1412582397461,-237.33339500427246,78.24771,65.821526,0.2113168300053893,-0.6005418154333495,26.610791206359863,135.75772857666016,13.248724,29.274448,-0.6617452419851819,1.3269149885660432,0.874826192855835,30.10042929649353,17.386501,26.960209,0.5029746868816989,1.0855896117889312,7.668441116809845,29.368825435638428,2.1458173,18.073044,-0.9297948840528113,1.5624619298259748,-3.9359666109085083,10.709805011749268,-1.199297,17.542286,-0.8260726968753775,1.2066293723264574,-9.922058343887329,7.999225735664368,-8.044966,18.216446,-1.0149776709195784,0.4669505359197481,-19.19373846054077,5.033254683017731,-1.0754397,14.747189,-0.4272467868123955,1.3997914934516769,-7.969114542007446,5.694197356700897,-2.0056481,12.892181,-0.5227285672796754,0.6750379876204942,-8.830723643302917,4.627080798149109,-1.670613,11.747562,-0.2494633574763389,1.311931326544879,-7.0566646456718445,3.503472477197647,-1.9395018,9.927267,-0.23707338153817514,1.5358423260926966,-6.38301146030426,2.3984739035367966,-1.0727521,9.454502,0.14879621897373763,1.6478706436091977,-4.942522883415222,2.763168692588806,-4.855824,9.349875,-0.48532120223090636,1.4969524912070127,-9.44739055633545,-0.1500954031944275,1613.9384071770141,801.3168025281173,0.9211343804989833,1.4623578069218306,905.5196297487432,2083.9750600220123,3321.764839525462,1755.8867323395834,-0.19908251768615431,-1.4777799646629952,1586.9140625,4921.875,0.12667645644252062,0.08291043518163951,2.4723995788960784,9.446759822652034,0.0693359375,0.14959716796875,993.2246,849.6504,1.699814545028134,2.948029829969286,384.7768249511719,1327.8428955078125,0.0549718,0.07877137,2.0450921055017055,4.9981621806792615,0.0007289203786058351,0.0795279648154974,0.0,0.1379484493888926,9.89304879707906
203,1,train,-395.7774,92.805145,1.9220323673754023,3.03010062648657,-447.0302848815918,-382.0914840698242,45.43093,48.318703,1.6553492246999935,2.1608856405871544,18.438031673431396,57.04520893096924,18.451853,21.838812,-1.4657813369418606,8.02824331417079,16.557206869125366,22.04431653022766,16.450737,15.498506,-0.5360851312131748,7.549822330806903,14.678003787994385,18.182695627212524,9.052452,15.501883,-2.346112388811229,6.911364574489567,11.863029479980469,14.71428370475769,8.318791,11.02743,-2.0216317329738067,7.707205947629518,9.548933029174805,12.211521863937378,4.112958,12.066238,-2.2357994538530033,5.433112850456297,4.977002069354057,9.816131949424744,3.897666,10.365435,-1.5613227231240903,5.564228829708872,4.286577343940735,7.991796970367432,3.1867115,9.08112,-1.348817290238618,6.013786489081528,3.281935453414917,6.4458208084106445,2.4613528,7.741297,-1.0663795141232282,5.80056626849235,2.154227912425995,5.176892578601837,0.8036785,7.610388,-1.6672522620744956,6.145918104071011,0.5112369358539581,4.0692020654678345,0.71031326,6.6661863,-1.5955642655175999,6.325793295851524,0.3498525023460388,3.375289022922516,0.47794744,6.815274,-0.9466220727852082,8.078859858977646,0.08533884584903717,2.9518233239650726,1585.619792599153,565.051860115912,1.671246455749282,11.547511030300004,1267.6202422240904,1817.1348013427644,3682.3878284305565,1359.9883909815856,-1.0030178221775488,1.0555477983315014,2968.75,4484.375,0.0800337661326043,0.056451334875910524,2.5796834346283175,12.980931515132887,0.059326171875,0.08544921875,940.4587,903.626,1.6666347874231267,2.5874271199845174,259.4508972167969,1329.01611328125,0.034150597,0.074056774,3.6853027568684684,20.978786164072822,0.003104580275248736,0.018299669958651066,0.0,0.11767331642258604,13.313153725297369
205,1,train,-393.33395,92.18473,1.676042852357621,1.988970282358487,-447.55481719970703,-347.40796661376953,40.154446,59.873993,1.2445423434599636,0.05594713819371622,2.5154123306274414,83.90312957763672,8.481232,23.731579,-0.03460932682783084,4.0134623360874855,2.0897072553634644,6.64961850643158,6.536184,15.725218,1.0947176138283983,5.763496929091856,1.9425164759159088,4.864766716957092,0.8591223,18.266468,-1.2220483970195495,5.002222978030174,1.5706712007522583,3.4368985295295715,0.51822674,10.273026,-2.2416345325346314,9.724718895146484,1.2894528210163116,2.8623690605163574,-1.2505991,9.599755,-2.0724339131189833,5.743902731622184,0.6152473986148834,2.296874463558197,-0.7800555,8.310556,-1.7697203105517414,5.768517138535602,0.6700475513935089,2.0123834013938904,1.5290885,7.1996803,-0.11955143418626771,5.702042665388893,0.8075088262557983,1.926960289478302,-0.7674967,6.5460167,-1.4144102455403071,4.463748504631004,0.003901486750692129,1.4229571223258972,-1.7224717,7.1559105,-1.9491268781377689,4.685677555094167,-0.5838460773229599,1.1635361313819885,0.037588764,5.7832365,-0.7364082809803725,6.774386285819093,-0.1725841797888279,1.1438044309616089,-0.9404512,6.7727885,-1.5238157060432278,5.57366024369829,-0.5389769375324249,0.917247012257576,1721.6267362791357,709.0923712063473,-0.7811954479683506,-0.5757772228732119,1076.6919614186534,2202.3497749457306,3966.714098763875,1903.6543261983438,-0.9258656132390586,-0.9198983441313646,1966.796875,5304.6875,0.11130681504635469,0.051500542276622555,0.09445978664118583,3.107855677354915,0.08251953125,0.1416015625,627.4301,574.62695,2.8862433145757085,10.148367002535648,282.28857421875,717.938232421875,0.043200526,0.08496191,2.9585531669670955,12.828697273269329,0.00030889534536981955,0.053750946186482906,0.0,0.09034742732981102,18.0779117713594
206,1,train,-387.23026,79.03949,2.303448321118758,5.250068779605405,-431.6536178588867,-396.5985641479492,37.4949,35.067284,1.5705369031140946,2.216130483111103,12.909338474273682,44.62306594848633,10.503836,18.992897,-2.2695467931544617,6.859098760977199,9.846558809280396,19.89571762084961,8.677758,17.969599,-0.5425898317116694,5.458532297602124,7.463626503944397,14.449173927307129,1.3796086,14.654928,-1.946625275803201,4.419304319008992,-1.409511536359787,9.248752117156982,-0.8670572,14.477141,-2.1612533069880953,5.575630318370369,-3.7702749967575073,7.1942009925842285,1.2297908,9.908456,-1.3647335207028661,6.336085664908262,-2.554370164871216,6.1466991901397705,2.260876,9.062142,0.39275638697495924,5.59269145568083,-2.1003132462501526,5.4854748249053955,-0.015256178,9.515458,-0.7987664098263151,6.0501255344342955,-3.50473815202713,4.118804454803467,0.48802572,7.7801704,-0.4029898462084575,4.957376490866684,-2.519990086555481,3.5962833166122437,1.3435724,7.513535,-0.2519968529868785,8.16094658301859,-1.0719978511333466,3.5269564390182495,0.09536641,6.9603167,-1.6177102151432854,6.61374604668851,-1.4613442122936249,3.2002490758895874,0.08318824,6.651459,-1.6750433000669174,5.9099683178588425,-1.2891941368579865,3.1569838523864746,2094.9898633029434,521.5950555009472,-0.6045703022093678,-0.10109104143236225,1768.2913049098715,2516.8361686001554,4594.675671969281,1344.8138002840105,-1.2248485033689318,0.35533364499427034,4078.125,5609.375,0.14112961978880967,0.03775408264834965,0.6844188462829336,3.6370363413024673,0.11328125,0.166015625,818.9723,792.6304,1.8215409795404172,2.7167700308337874,304.90350341796875,964.5404968261719,0.020995054,0.06268106,6.217693265960252,51.91142801859521,0.0011760591005440801,0.003421013185288757,0.0,0.1416795422577434,12.15407444963078
207,1,train,-318.22467,121.80628,0.37685001475908736,-0.9590850915589946,-454.9054260253906,-223.15944290161133,53.894756,58.880642,0.07098036560788828,-0.695490969856781,0.3608619123697281,102.95570755004883,8.067886,30.597206,-0.535063564172151,1.70450002269608,0.0,27.805284023284912,6.2593718,27.741503,0.723268201901672,1.002779348948586,-6.414050936698914,18.09617042541504,-22.051098,26.287458,-0.5673168885344153,-0.7038123523908211,-42.9243049621582,0.06388448365032673,-4.2991776,15.634079,-0.17017672008268955,0.9200003219082782,-13.066266775131226,1.5922887325286865,-11.7318535,15.796433,-0.8604413234731221,0.11731685104671108,-21.458484172821045,0.041502999141812325,-9.017362,14.506681,-0.6151410829119554,0.5173590746497672,-18.123024940490723,0.11243923753499985,-8.853886,14.1025715,-0.6685942868717184,0.40372648927587695,-17.95372772216797,0.09852635860443115,-1.5573316,11.82726,0.19139749989765867,1.3940166074536613,-7.995451211929321,2.443772315979004,-7.2952366,11.459451,-0.5405750213758946,0.24346319805382777,-15.078254699707031,0.03726699575781822,0.79950994,11.4772005,0.02406148870770426,0.8967096599174269,-4.148794054985046,6.374814987182617,-1.3442506,8.826452,-0.22522360481778203,1.2617454524075784,-5.7080419063568115,2.2320443391799927,1770.3107031763152,891.5795022631862,1.5254590752780959,2.80301562791616,1118.293967311302,2022.8036111331385,3473.3760021865887,1604.7867640762397,-0.19247580999832367,-0.9908603412847672,1992.1875,4664.0625,0.1382293612199344,0.10112363494786067,2.3961338641660057,6.853630389823229,0.07373046875,0.15283203125,1159.6887,1039.0312,1.3428577530871686,0.6021944765663583,431.4412384033203,1478.7623291015625,0.056707934,0.0822268,2.4838631558293676,7.80351967189608,0.0003886034101014957,0.07724876701831818,0.0,0.13764127301654452,11.110078847970659
208,0,train,-326.25714,101.96598,0.058453794509570146,0.22286521629014944,-412.82669321695965,-245.41491190592447,90.082825,61.516773,0.2073999720626658,-0.8313868068114925,37.681393225987755,144.08508173624674,18.020557,23.074865,-0.559113329529057,1.8699532272838237,7.704230229059855,32.455204010009766,15.326653,21.971899,0.5038836624318138,1.9497418603935592,5.136771579583486,24.74859889348348,-0.32944092,17.065565,-0.871271326771958,1.244806399865795,-8.117338279883066,9.730361779530844,3.7391539,12.62264,-0.6455948208626744,1.4104538270700964,-2.3159019804249206,10.210220654805502,-4.377894,12.903237,-0.5113341571659777,1.0687849541782988,-11.686502854029337,3.1680593490600586,-1.9005766,11.84625,-0.710919382211177,1.299021758362064,-8.345877846082052,4.868254582087199,-5.012312,11.559512,-0.4578855539823297,0.29582138335219305,-12.68003257115682,2.563811262448629,-2.0282729,10.332934,-0.38973565770653523,0.664847941123946,-8.004859924316406,4.4053951899210615,-4.9274893,9.201415,-0.33924660201829354,0.16159133046597787,-10.88507596651713,1.2981852889060974,-4.220879,8.995429,-0.6016355802198508,0.4525294272937305,-9.395893375078836,1.9229592680931091,-5.385945,8.746381,-0.5080504883262603,0.9856065186380074,-9.750314315160116,-0.09880565603574117,1358.3367888388573,763.2112023517225,1.5190646876837828,3.5753024358477776,753.6406353731004,1785.4950588424044,2715.4543714507695,1613.0860596660116,0.256757265406583,-0.8191397545367206,1216.1458333333333,4137.369791666667,0.09292173720298946,0.08328504312729651,2.286650806843552,7.224702916047523,0.035807291666666664,0.11958821614583333,1212.0927,1058.8265,1.1866923651449486,0.5251588672398384,407.25504811604816,1840.2509358723958,0.06127267,0.07745219,1.468383352292415,1.916824463814125,0.004476914407860022,0.10180045043428738,0.0,0.12334087641598689,11.600026863428868
209,0,train,-353.17496,97.412224,0.828520154596119,0.7625680763016719,-447.47969818115234,-286.1904525756836,75.3339,62.051235,0.24991716858830645,-1.2436902010534343,12.15066639582316,131.5084743499756,20.939001,28.023638,-0.3143509914776631,0.8963584607388202,6.612475862105687,39.56806071599325,8.279347,22.470034,-0.0444879959059827,1.4727651954279775,0.06606219212214152,18.702603260676067,-0.3157282,15.276824,-0.8809489293526224,1.4676598777408725,-6.77438307305177,7.282098253568013,-4.7885737,16.03483,-0.8115671419380187,0.8405878294023356,-13.898006916046143,4.624064524968465,-6.6297874,14.19751,-0.719379832313186,0.44121457832535455,-15.634450991948446,3.057671112318834,-2.7871053,11.586249,-0.2856249463518436,1.0840454054503292,-9.70759109656016,2.9488494793574014,-5.6131806,11.935463,-0.8360661553687357,0.9252832630005248,-12.865750392278036,1.8344773252805073,-3.16477,8.995727,-0.32338954725638214,1.3467916818319356,-8.038521031538645,1.6527749278272192,-2.209409,8.666272,-0.24367331349962243,2.053426588495887,-6.429991662502289,1.6973301470279694,-2.462871,8.156789,-0.46935486107426505,1.8607961595869675,-6.347035725911458,1.3114285965760548,-2.665999,7.426285,-0.44959066200279185,1.453472375093786,-6.371511618296306,0.9161721070607504,1425.0499523369406,846.0198368463854,1.3235230389677668,2.7100563295468,732.7361448860793,2021.2031925683639,2933.5032324722433,1923.6766448031497,0.11132479832875623,-1.379547699680445,1095.703125,4831.380208333333,0.12438413827400363,0.08554125216957491,1.8641729505473474,6.614883751280741,0.05712890625,0.17464192708333334,835.0108,746.08075,2.1015861251483856,4.898900671149458,352.99764251708984,993.40869140625,0.05267867,0.07618861,3.150005401998751,16.406758793503943,0.0012951886116449411,0.07897291146218777,0.0,0.11960853534256712,14.299724551464315
210,0,train,-331.86542,138.02509,0.15644536033830228,-1.1790805445931447,-479.3235855102539,-217.14609146118164,103.28552,73.696945,-0.24449391664832762,-1.4982072063674257,15.889176845550537,168.82908630371094,5.601792,31.045948,-0.22110540634381826,0.394207323730859,-9.072739005088806,22.987287521362305,13.176858,24.19756,0.3880228273646604,0.9938437971990601,2.8553711473941803,25.824235439300537,-2.4240246,17.582405,-0.6181598192525873,1.6174462416297466,-11.565847754478455,5.839086502790451,-5.664151,16.591246,-0.3110492058932299,0.7108337542150076,-15.639867305755615,4.316209554672241,-11.800619,16.624653,-0.5866906318123151,-0.0746130796339104,-23.36958885192871,2.589763320982456,-9.051512,14.459963,-0.3960808995248078,-0.26357758910188434,-19.436386585235596,2.123823933303356,-3.4672804,12.035456,-0.1933239861970571,0.6469149953241462,-10.971283912658691,2.5372346341609955,-3.9268436,12.203844,-0.2518445419493833,0.55091995552606,-11.853989601135254,2.1919027268886566,-5.090366,10.247883,-0.2656893201624472,0.3620556556685084,-11.970542192459106,0.9308670461177826,-5.724424,9.587084,-0.5987615595974379,0.5892372142714024,-11.671806335449219,0.7223391644656658,-3.252946,8.470673,-0.3635015621090503,0.8075737940434276,-8.0563645362854,1.184849638491869,1270.6162762977215,707.5207777355054,1.3122933387689466,2.2411615202063953,729.5369240605135,1852.7697808439302,2546.422373026245,1664.1090675719138,0.5184326865037701,-1.2703139961339087,1183.59375,4396.484375,0.09970299315268955,0.06829189603208913,2.6698963847431774,10.878287197563868,0.0546875,0.120849609375,908.58215,773.3263,1.762771138290851,3.104453130998727,383.75842666625977,1189.275619506836,0.063713,0.076385275,1.519532459681968,2.387697651295861,0.001339784255833365,0.10254125110805035,0.0,0.12869836397713916,8.370739388683392
211,0,train,-401.7362,108.08533,1.3127095818776449,0.6940634210866927,-477.8985290527344,-343.42553329467773,58.71663,62.628975,1.015492590419766,-0.4663525444094683,11.984421491622925,103.04362297058105,16.65025,20.735794,-0.11598455477295552,3.517058542240274,9.10144655406475,24.061511278152466,10.771295,15.942683,-0.9673011627416411,6.703686677479313,6.765214636921883,16.861633777618408,0.26729083,14.880433,-1.3098731263566235,2.1098866987800218,-5.007323265075684,7.874349221587181,-0.7240138,14.259482,-1.2883210238166143,1.8793795467325995,-5.178476393222809,6.3981591910123825,-0.41347033,12.2766285,-1.1090491984429547,1.7756581116118437,-3.4145186953246593,5.036060139536858,-0.38114953,10.130522,-0.9335400362416723,2.200062378197837,-3.2300196439027786,3.6114910691976547,-3.098413,10.269643,-1.0426633703247585,1.9815972948568206,-7.164616327732801,2.2900999635457993,0.43283573,6.7620316,0.3848783859445152,4.263508493774433,-1.8925667256116867,2.5363110303878784,-1.65346,7.13461,-0.5786989586188139,3.813326546210815,-4.608028203248978,1.2185033038258553,-2.1855814,7.064446,-0.5873975866075885,3.6725956709943874,-5.0967570543289185,0.6874282695353031,-2.6764293,7.038213,-1.1682476205124515,3.5014770757002647,-4.8530502915382385,0.21126815676689148,1538.4621634634045,651.492398467034,0.3111653361597455,2.034725978069937,983.4816809457454,1906.0020547598947,3364.6676744860533,1656.676969923847,-0.5418259578168433,-0.7830611132280367,1883.7890625,4535.15625,0.11008327375947857,0.05711291416221943,1.5612230005095662,7.946870151033712,0.085205078125,0.124755859375,926.90955,744.02856,1.4923887354998702,2.125819077256075,388.8999824523926,1188.9695129394531,0.045323215,0.08740987,2.4631474319001607,6.500777578329682,0.000445386051069363,0.04553974512964487,0.0,0.08975250548574987,13.947731977981881
212,1,train,-358.48898,118.892,0.4506117844430357,-0.878589155747474,-483.03861236572266,-257.81674003601074,81.370316,67.71045,0.2671785550894947,-1.368079506935477,12.270111113786697,147.69204998016357,15.640868,25.051056,-0.24643258732857407,2.027684002935106,3.7896153703331947,30.106237709522247,14.581974,20.411663,0.33151523417356826,1.2827433430619934,5.219768840819597,25.28506577014923,5.4893484,15.2458315,-0.6839258034328455,1.6059365425007885,0.004108518362045288,13.644915163516998,-1.5198476,15.779719,-0.6945560771196262,0.9260527542742575,-9.852475360035896,7.5781140346080065,-5.985488,15.093489,-0.6734518593012893,0.19361437391238934,-15.58412116765976,4.553601322695613,-1.4829118,11.805481,-0.5626697126402429,1.024705094721928,-7.680779010057449,4.524422727525234,-2.5850823,12.271087,-0.6191282566806587,0.9682437222197107,-9.09446132183075,3.9435400310903788,-1.5636811,10.662262,-0.25907960037540284,0.9572478313121394,-7.071403831243515,3.9142447151243687,-2.5899186,9.013055,-0.22941217370488698,1.2061611609967229,-7.5147449895739555,2.2666277373209596,-2.124805,8.1495285,-0.4095646004001966,1.7011926458259081,-6.115227460861206,2.217171332798898,-3.3595672,8.070155,-0.3723602665889094,0.926995650370953,-7.739689573645592,1.302160209044814,1329.9423462066743,741.9904777863771,1.0238085468988745,1.5117814989049818,671.2187182335945,1729.3040351033428,2746.3635170562106,1739.2951072518288,0.24428523492727466,-1.004709875880279,960.9375,4152.34375,0.09271631681494079,0.06560801376296829,2.379289037944725,7.994695829837923,0.05096435546875,0.106170654296875,972.3646,882.139,1.6666401930754202,2.233018010698637,372.27745628356934,1264.7160034179688,0.05999416,0.07821054,1.610894651242005,3.5435024651607443,0.0007884522474341793,0.1010959935374558,0.0,0.1136553839032864,13.861677143811338
213,1,train,-379.2509,103.25677,1.0627953461527786,0.17232343494731958,-461.4325714111328,-302.69630177815753,57.390015,54.575863,0.6507061085300512,0.21697534325183998,20.901903678973515,99.07736841837566,17.056288,21.147154,-0.06287887595111542,2.182823488093415,7.6752497752507525,28.215985139211018,14.7690935,19.332132,0.7226434651805146,2.3602713068967502,4.92947777112325,23.360448837280273,6.757538,16.10071,-0.5931362441377213,2.7936918575495633,2.726101905107498,13.510863065719604,4.0778213,13.356324,-0.3513398614744651,3.323385498452854,0.34559209644794464,9.22499175866445,-1.8060508,12.638541,-1.2723817457508957,2.6655129334554353,-5.750930229822795,4.29474272330602,-0.22363752,10.755054,-0.5355448767121608,3.4514599746267733,-3.964277282357216,3.9469720820585885,-0.14571512,10.057938,-0.3931100685445892,3.3468746319127853,-3.0913681387901306,3.1549741625785828,-1.2985572,9.019134,-0.34827356953709265,3.1957516707080877,-4.542402466138204,2.1819330851236978,-4.347449,9.59112,-0.5505942152492712,1.5476648353717952,-9.222100853919983,1.1228161572168271,-3.2227278,8.443088,-0.5957301064687935,2.273231644483983,-6.671075940132141,0.7680773039658865,-4.3294277,8.302493,-0.6226296669597431,1.8268425173690908,-8.371371944745382,0.0565184752146403,1820.338579565555,850.2959309495691,0.2714419498776015,0.9678192881269205,1100.6331605201567,2275.513315539963,3765.489841558037,1807.4292032828253,-0.6669613372281677,-0.6273520101705788,2371.09375,5007.8125,0.14244081646506393,0.08311916283693994,1.1907609041069998,4.157682310083369,0.07515462239583333,0.17818196614583334,1183.0071,921.8323,1.1716605126715314,0.7194485611788201,468.9607925415039,1633.7470703125,0.047231525,0.085537076,2.5276031579790916,7.226729268892302,0.0007393521057868687,0.05693082790821791,0.0,0.11083606650503253,14.51047450878651
216,1,train,-323.19785,117.972,0.23401448037006073,-0.5469596940133234,-438.75150299072266,-224.75845336914062,91.98771,55.67919,-0.17924496357100983,-0.43169568437465566,41.105817794799805,135.92382431030273,5.0018964,28.3846,-0.4395619596360637,0.6524259557244318,-10.6148521900177,20.771020889282227,5.9545255,23.289276,-0.03401300283155825,0.5938101318474278,-6.323416322469711,19.136167526245117,-4.9335456,19.460743,-0.7799267368352077,0.5563521748171036,-16.91895842552185,7.699350118637085,-5.159024,18.451294,-0.4234122634559519,-0.05334921089366551,-18.161428451538086,7.048608064651489,-4.6901274,15.352073,-0.5007572138327947,0.4176190708082643,-14.46650505065918,5.600100874900818,-0.678022,13.119214,-0.05865899583493408,0.6224040829602497,-8.951743006706238,6.309285640716553,-3.6052284,13.787811,-0.5165686710112706,0.6022303116988141,-11.839475154876709,4.537257790565491,-1.8614528,10.622004,-0.04360231361247255,1.013120982105951,-8.06236469745636,4.015720367431641,-3.7627692,10.192617,-0.5267558760407809,0.9161270546621971,-9.448649406433105,2.2391108870506287,-1.009034,10.111832,-0.05006214594167153,0.6580602898481029,-6.71683669090271,4.252232909202576,-0.8606628,9.289413,-0.1272708261813531,1.1253926154964733,-5.749675750732422,3.8885514736175537,1554.8031642310461,817.7187652256655,1.3408069925989676,2.1573240093390926,897.6536989296155,2014.8176914385988,3153.081385888859,1770.3910989248527,0.24892506942387302,-1.3079967074225445,1507.8125,4851.5625,0.12208077458005609,0.0866825767635992,2.2074626282141425,6.36889439744653,0.065185546875,0.1429443359375,1159.6012,902.7972,1.2604129273650089,1.0299077876461311,472.32615661621094,1588.4871215820312,0.0608579,0.074384995,1.7569417108724923,4.28343864486475,0.0027066476177424192,0.09038879349827766,0.0,0.12067396061396071,13.024908548325723
218,1,val,-326.29355,119.73654,0.6425971350996437,-0.4652144968386085,-444.4073486328125,-235.90815353393555,61.60992,51.430588,0.2907772324765782,-0.3489237641993863,14.859255135059357,100.41531276702881,8.234701,30.360764,-0.7270148961686229,1.765574174463251,-2.596438765525818,24.386620044708252,6.0860367,20.785492,-0.38302394366429804,1.6816125478958626,-2.3337104320526123,15.869988799095154,-5.9049306,20.788946,-1.155266623181447,1.549131670113577,-15.632669687271118,6.04126900434494,-5.1715603,16.894327,-0.6480507202233986,1.1819428150415228,-14.121402025222778,4.017301678657532,-11.122549,17.059345,-0.6946396516506236,0.24074745499879735,-22.54153800010681,1.601559966802597,1.2271496,11.986555,0.42864075613476493,1.4056286103555315,-4.967908143997192,6.736513555049896,-4.825415,13.017237,-0.49984992999222605,0.8425949537806929,-11.682173132896423,1.8893393874168396,-2.941969,11.343298,-0.13791452068074503,0.9779607691238439,-9.2909414768219,3.0809222161769867,-4.2051964,11.001215,-0.2688162147502978,0.8598936417240799,-10.571869611740112,1.6472764313220978,-4.518111,10.96584,-0.28018222699177964,1.0930804787763078,-10.611103177070618,1.2980889417231083,-3.811656,10.485525,0.23528720689317265,2.143688275630062,-9.507004261016846,0.8161605782806873,1742.966541240441,852.6635781328927,1.5378229571956186,3.3196197526328435,1177.7506687135256,2006.8697239643225,3560.865170752983,1625.1468156010415,0.00806363034683704,-0.8030561690486393,2222.65625,4691.40625,0.13124530348419777,0.09045963750999758,2.4303787775350987,7.705162603225656,0.08056640625,0.144287109375,1096.9375,874.41394,1.3670302566214416,1.4927354254017702,437.8623809814453,1517.6771240234375,0.05619833,0.07877639,2.1394990925041957,6.311456122884516,0.0015704194811405614,0.08585705608129501,0.0,0.1255533972176137,12.669118816368584
220,1,val,-340.75494,121.69681,0.18560019296287392,-0.9918890996913838,-469.0087203979492,-247.16389083862305,72.954025,60.399742,-0.11991424866570027,-0.8006010417170775,17.699769377708435,121.87214088439941,2.985506,35.574234,-0.2541883587107991,0.659376124431531,-14.559856414794922,20.71074628829956,12.373861,28.25179,0.2186183134269607,0.39684553651802035,-1.9578684568405151,29.277839422225952,-13.504265,22.79443,-0.6217910416454876,-0.08037763119466246,-29.469627857208252,3.562304988503456,-14.59646,21.996878,-0.4010547337049509,-0.22936236458317216,-30.57557439804077,2.696291297674179,-8.799599,17.866087,-0.6389495890367267,0.443791563150975,-19.631914615631104,2.436459243297577,0.51622725,14.154066,0.04446764980975462,0.7280653848301213,-7.362791448831558,8.56520976126194,-3.9420476,13.523403,-0.29936797741694177,0.5552119490049898,-12.415764451026917,2.37301567196846,-3.3986938,11.247797,-0.35279981499466034,1.2689259365647494,-9.074842929840088,2.4580641090869904,-3.4005558,11.534702,-0.15051375681457296,1.1429951517908963,-9.747953176498413,1.9837761223316193,-5.307536,12.150997,-0.11747714262314449,1.3183678183689902,-11.895983219146729,0.6645367071032524,-3.7777882,10.375824,-0.09069014455766267,1.1702823640787585,-9.619482278823853,0.8698465675115585,1645.6846211805923,845.6526287862669,1.2696422039657649,2.104473628670961,1002.8386213740812,2135.490218437266,3176.74083985809,1715.4086596404177,0.20390371452367578,-1.0106721005525099,1708.0078125,4796.875,0.13209010881494393,0.08783164632389406,2.1644510592279227,6.953244514516291,0.071044921875,0.15966796875,1130.9104,953.9575,1.3523897771531515,1.1587187356570776,432.8333930969238,1575.154800415039,0.06437694,0.07517022,1.5755589171874052,3.1913676530433817,0.0027351976023055613,0.09899211768060923,0.0,0.09339690182667108,15.397101878032807
221,1,train,-309.49597,111.95668,0.14360758607080407,-0.39692433420534606,-402.13990592956543,-225.57357215881348,107.357864,63.78474,-0.5995815398304156,0.23040516053969384,49.77208614349365,157.06759977340698,16.601381,24.96791,-0.476926839858036,1.1813137862956515,3.912748634815216,33.07200062274933,20.318323,27.382324,0.13557264236468974,0.44337364950359626,4.214628636837006,38.258198738098145,2.8759265,18.769331,-0.8149567439304697,1.1289908515845752,-6.408429265022278,14.859641551971436,-4.316422,16.555151,-0.6116886818624326,0.4949555896892254,-13.883607417345047,7.140821218490601,-5.345149,15.318125,-0.41839459364003645,0.570363114789441,-14.740641057491302,4.984865814447403,-1.9064066,12.674254,-0.08932324349093422,0.8593065401308447,-9.743453472852707,5.389780730009079,-5.024417,12.606861,-0.48384582066942183,0.5508710395443075,-12.65669858455658,3.248684749007225,-0.21242768,11.141565,0.08994075025518605,0.6096160528899169,-7.254183456301689,5.725374698638916,-4.8044887,10.229588,-0.15068169105575663,0.5056647561483609,-11.276753276586533,2.063450738787651,-5.459456,9.96475,-0.2672243155691379,0.6636599303532418,-11.44427239894867,0.7283925823867321,-4.3245583,9.248921,-0.34965843643293687,0.7764977952551457,-9.714062601327896,1.2554090097546577,1304.5207375942014,699.9655429393387,1.315730184050302,2.0591860294832753,812.0433386002136,1715.4187292904514,2604.5788639321877,1576.8905559555599,0.42742882254805414,-0.658746803904267,1306.640625,3993.65234375,0.10247833287451677,0.07221020277027812,2.2225911785055255,6.565318627058465,0.0560302734375,0.123321533203125,1038.1902,955.60474,1.3777713779921585,0.8900501947738046,357.35193061828613,1425.4465637207031,0.06523605,0.07116226,1.6358041497887275,4.14361162013529,0.00783109909389168,0.09853359824046493,0.0,0.14263621102161364,8.2106580748513
222,1,train,-357.162,104.52845,1.2695262682682213,0.49647791774860073,-429.9842338562012,-286.3273239135742,45.13594,50.74524,0.9035513344249676,-0.3586904427046552,8.6989586353302,88.38202953338623,4.9210362,26.008984,-1.4683501056934642,3.813457073432892,6.11420464515686,12.972745656967163,8.855624,19.773129,0.017419447431772456,3.5776425566589363,5.938741564750671,12.082677125930786,0.5459302,17.581024,-1.6772261394919743,3.58231809390105,-1.2646223306655884,8.462932229042053,-2.3441892,17.559439,-1.6319437307446956,2.6106377524948017,-7.654840022325516,6.817184686660767,0.6362153,12.5483,-1.8024693720276685,4.935648897735854,-1.1778192892670631,6.08058375120163,2.7292852,10.199859,-0.6407767523836152,4.526880066571346,1.5404763966798782,5.686445116996765,0.42915857,10.172791,-1.0351881854637293,2.8890658583706457,-1.0792683959007263,4.442204475402832,0.17398557,8.349505,-0.9141285012891023,2.995345044039211,-1.7006765976548195,3.6274130642414093,-2.322568,9.519089,-1.027804531973293,2.3501343238224606,-5.965614676475525,2.6386014223098755,-3.2274632,9.928081,-1.180547245696053,1.8384087843304466,-6.556996941566467,2.157127261161804,-1.1871637,7.860011,-0.7483466540761536,5.086866591122179,-2.510505497455597,2.106378674507141,1900.3070570959221,708.0464886655435,0.5714803734335901,2.526348260948571,1313.2375119297117,2323.193983344701,4124.858116009114,1663.34043279652,-0.7555409147761254,-0.9165470823892012,2523.4375,5390.625,0.13911203681172452,0.07667664619724568,3.062206078102092,17.620621877632395,0.098388671875,0.15966796875,921.55035,768.2071,1.5836799445921375,2.4259150198448696,372.9560737609863,1192.6600036621094,0.04327307,0.084394604,3.0250251361616223,11.542998704398904,0.0006667012785328552,0.05484322598204017,0.0,0.09790780100341524,14.954113847271017
223,1,train,-356.1297,114.655,0.9848547719335996,-0.011731120152935093,-454.5768814086914,-271.15582275390625,54.65736,53.228886,0.6433833100203832,-0.05583703908423976,24.27827548980713,90.78817367553711,17.09903,23.681465,-1.4442703837483417,6.134192191668159,10.45886144042015,25.648945808410645,17.593857,17.33057,-0.15027357753536597,3.7243677785840807,12.399266719818115,23.515296936035156,4.4715166,16.114561,-1.4678121138878415,3.5201615911199977,-1.0725901126861572,13.049325942993164,0.58819604,18.778296,-1.2875253071774861,2.2776886129375735,-7.394401714205742,10.617616176605225,-3.625738,16.755186,-1.133437445130728,1.3388084782462044,-12.925965428352356,6.984322786331177,2.2261329,12.209882,-0.41963671893058935,2.291667352629526,-1.4236524030566216,7.342000246047974,-1.3678019,12.465216,-1.0999109531199003,2.826345507028172,-4.951485574245453,4.305432617664337,-0.12270367,10.086405,-0.5007034877320873,1.6961804863431023,-3.297479033470154,4.45687210559845,-3.1961703,10.806332,-0.8884401169952074,1.7455086661857353,-7.3551729917526245,2.2715738117694855,-3.088575,9.442537,-0.683392140197307,2.1332142264681675,-6.637643456459045,1.4393358081579208,-2.9146223,8.272494,-0.2953496785064464,2.516708822587256,-6.633870244026184,0.9165470004081726,1846.3939059485167,827.5862333767706,0.554006561584468,1.2009631236973273,1202.1723736327676,2185.089382957801,3895.5686854851883,1690.323612961924,-0.6836560377306037,-0.7651298814046559,2425.78125,5003.90625,0.14076467837755083,0.08713444885689665,2.1979583673685585,8.521392671032018,0.091796875,0.15966796875,1071.2239,860.38,1.4496982869099926,2.080826583990425,422.1681213378906,1492.3899993896484,0.05081614,0.084716946,2.1671133555177136,4.8599459029954595,0.0010492043220438063,0.06409194972366095,0.0,0.11924263026795759,13.279806387380997
225,0,train,-322.038,126.19745,0.23187203098196146,-0.8370590133461289,-463.09664154052734,-218.70027542114258,76.818054,68.249176,-0.07562772130110319,-0.6956916267937449,19.828052520751953,137.9834804534912,11.842854,30.761097,-0.3165811076218779,1.0836326724495073,-2.566075026988983,26.270352363586426,10.814546,25.609673,0.06301089686154192,1.2303882656386325,-1.578282356262207,22.889246463775635,-4.1223583,18.785458,-0.664909631930565,0.24415857337539504,-16.05741047859192,8.78606379032135,-9.589382,22.680302,-0.6612055110445068,0.08924396736705087,-24.064059257507324,6.467293679714203,-15.334875,21.618624,-0.7037314405373725,-0.19024359138029023,-30.225971221923828,3.220961809158325,-1.0631182,14.799759,-0.10774572810503467,0.9171050136413901,-9.619191646575928,6.165141582489014,-5.214438,14.957537,-0.4860920467347155,0.620515669484935,-14.151806473731995,3.2219405472278595,-0.88748646,11.367937,-0.32001071639016,1.742017680109896,-6.992450177669525,4.427101731300354,-4.043289,11.911634,-0.2963497833836597,0.528213885002518,-11.388118743896484,2.3954112380743027,-2.1922445,10.404039,-0.0007203553604819384,1.075360777877952,-7.856306433677673,3.0805455148220062,-4.1699247,9.663229,-0.21983078347120708,1.2644011290105357,-9.661342978477478,0.7190512865781784,1686.0277053601844,974.3511840287183,1.6403877589998526,3.2554949763909695,956.687971756276,1976.158094734452,3213.194523042282,1672.445883417201,0.08138053035615503,-1.0999390029628233,1558.59375,4529.296875,0.13859313498324313,0.11668193793504052,2.6677803972271397,8.470982580538866,0.07373046875,0.147705078125,1109.9426,963.99725,1.3516400779379065,0.9652588891642473,406.33338165283203,1534.1838989257812,0.06305868,0.0751064,1.5928532908361621,3.4132732854820027,0.0017988626859732904,0.10395085625350475,0.0,0.1306943436022524,10.379375928307844
226,1,train,-183.3804,81.35957,0.0002512218155426446,1.3911505736844632,-246.08836364746094,-123.93192291259766,77.16979,30.480177,-0.8576176078610923,0.5208858898015705,60.58583068847656,96.55790710449219,4.463079,25.03316,-0.6773746448602247,1.1717333374899477,-5.85588264465332,18.299997329711914,23.820217,24.537367,0.5475968532321938,0.5068054874652117,10.20399284362793,34.45795440673828,-11.640364,18.556538,-1.1618956078600897,1.8112619473521692,-20.682140350341797,0.07789906859397888,1.2695494,12.901358,-0.2210005582102545,0.3017761467099658,-6.4332075119018555,9.507513046264648,-8.876839,10.5834675,-0.5051981812965136,0.7885693408400636,-15.129217147827148,-1.3897290229797363,-5.8746924,11.819866,-0.5320107114718949,0.5698039854283854,-12.058159828186035,1.4292171001434326,-7.749652,10.601628,-0.08382442898074109,0.42945808393276064,-14.172782897949219,-0.6693850755691528,0.35408714,8.7876215,-0.10996598416527961,0.6018129498472393,-5.081587791442871,5.892751693725586,-10.487679,8.267439,-0.073895965329926,0.10674628776949202,-15.94761848449707,-5.039412498474121,-3.5036654,8.525768,0.30128764590524987,0.1824168841526479,-9.150106430053711,1.855576992034912,-8.675733,8.303489,0.5215208652929134,0.5231511720681836,-14.329330444335938,-3.683561086654663,1991.4925295406513,696.0729105854793,1.722834569468773,3.4989480905642756,1581.3775579529652,2209.943122440322,4096.00049734748,1090.7724097070013,0.6028645108019738,0.42791472592542457,3421.875,4531.25,0.1440888179708223,0.08566944003006531,2.3860505937421754,7.0873453752634195,0.09521484375,0.16455078125,1231.2434,1024.949,1.0477211646855404,-0.08412727682270837,435.1279296875,1754.9813232421875,0.06697005,0.06933009,1.8429752018327512,4.041395194933133,0.0169827863574028,0.09753242135047913,0.0,0.16718568860091762,6.0101609890709735
227,0,val,-322.21063,131.6175,0.39970631209489077,-0.958887406646961,-464.8527069091797,-212.3018798828125,74.67519,63.727768,0.17868402705026218,-0.6706513078487742,15.865427553653717,130.78496742248535,9.765587,28.432259,-0.06603316663490007,0.9189935702232548,-3.530941128730774,22.820871829986572,15.429365,23.452524,0.8742975502031196,1.6605193229369575,4.233650773763657,25.736370086669922,-4.013792,19.006317,-0.7018242950127113,0.5352473738610681,-15.301290512084961,6.38534152507782,1.5801268,16.44412,-0.724575533029234,1.6154745515397835,-4.856229484081268,9.722076416015625,-6.6663694,14.963541,-0.7305911080404643,0.6220969806495047,-16.63777256011963,3.47095450758934,-3.689406,13.345577,-0.39376160801651067,0.7233336458911945,-11.865926384925842,3.760994017124176,-3.672824,12.185454,-0.40710844744391966,0.5313079415880133,-11.138837814331055,3.148809477686882,-0.43846053,11.065556,-0.2731238279579749,1.2127015531995085,-5.784677267074585,4.493949383497238,-2.5161462,9.911557,-0.2839042931508349,0.6943365640148478,-8.03353726863861,2.389609307050705,-0.5763967,9.17243,-0.18969351636602144,1.0771854119128963,-5.189670145511627,3.881826400756836,-4.6350937,9.053963,-0.47015880753748096,0.6626671743800772,-9.974467277526855,0.5031765103340149,1630.7010030439774,804.2424903645724,0.8280066456846115,0.5558979926978553,975.1500539943111,2057.63455656156,3297.2850516583785,1589.2038241086443,-0.22732477584190589,-1.0225068677763622,1962.890625,4666.015625,0.12794482797300094,0.08302972859486127,1.7232682386479263,3.8904939359980046,0.068603515625,0.1527099609375,1232.5142,1001.9244,1.1475186772573214,0.34259279396700215,465.24444580078125,1710.6317749023438,0.05653333,0.07959022,2.0000404370165947,4.411559244375626,0.0011359944037394598,0.0838291198015213,0.0,0.12409999787171971,8.158890317529632
229,0,train,-357.109,81.54926,2.068174016762981,3.622047182917875,-403.5781555175781,-357.44995498657227,83.39302,32.627098,0.00022779154149146774,5.61889020109666,65.26592350006104,99.0452184677124,32.76819,13.035036,-1.5365657624598716,6.048591414358222,29.923343896865845,38.11175203323364,21.25861,14.334648,1.36764236284511,9.83533601924125,15.964865446090698,23.65910577774048,15.01853,12.214078,-2.106102541764902,6.260691346334807,14.575293064117432,20.613298654556274,10.607557,12.025331,-1.6635351184706233,2.827655657812481,6.148069262504578,18.239667892456055,4.9544477,13.8924675,-1.661927149568596,3.3041058876172613,0.9110996723175049,13.361932635307312,3.6184275,10.636751,-1.7003806493336524,3.2309539829937997,0.729785930365324,10.01427936553955,3.3374424,10.237624,-1.8032264377177385,3.946194931526418,1.301238514482975,9.223799586296082,5.011433,9.065883,-1.180536469211917,5.770713092303926,3.4485753178596497,9.149024605751038,4.79515,7.6014524,-1.2005390264416307,4.205044566255896,3.148980140686035,8.368865847587585,4.9699206,6.70748,-0.7537119314262521,5.7479064513193485,3.0646138191223145,7.763633370399475,4.2742047,6.1012726,-1.0149736969659608,4.414206160499344,2.436443567276001,7.257634401321411,1264.5885668161736,347.32690355815004,2.2513390743554664,13.492833681586536,1067.1378303404272,1398.6218298962312,3133.5451436954127,1080.731138899936,-0.8831140223775626,-0.20225964722091305,2388.671875,3878.90625,0.030808600905015335,0.040919610495855095,4.37127379941742,24.872444920516475,0.0126953125,0.031005859375,643.2706,807.8639,2.3128821261197334,4.398505007508911,180.2199535369873,559.0633544921875,0.04358597,0.085762635,3.45553827465739,12.55344908674147,0.011382305296137929,0.01738358335569501,0.0,0.18802055974190424,8.67937538912658
232,0,train,-292.21997,129.48846,-0.019504780676717653,-1.0104651522102461,-411.25678634643555,-187.86590003967285,79.47824,57.534393,-0.18827573862958935,-0.5421877814262526,34.06238269805908,125.03409957885742,0.33404875,29.628351,-0.3763149775856513,0.542308829866267,-16.974146008491516,16.671170473098755,21.27738,30.773228,0.6594528976908157,0.4343057189503161,2.500662863254547,38.63468265533447,-2.8538465,20.84404,-0.6647169154075614,0.7585004964773034,-15.492534875869751,10.352638185024261,-2.042801,16.512077,-0.3461983916215712,0.7364362175772956,-11.31057095527649,6.787117958068848,-11.305199,18.007328,-0.34876113079611304,-0.22057307465106502,-24.550682544708252,2.1267756819725037,-9.069168,14.23756,-0.05535548998881808,0.3770801387716556,-17.906801462173462,-0.21358856558799744,-4.7615004,13.9882345,0.07755950233480409,0.7991213121536753,-13.041783809661865,2.4081768542528152,-9.361116,13.48344,-0.5924092985649072,0.9485150790191534,-16.70368242263794,-1.0163641832768917,-1.9517801,12.470903,0.17115614431059845,0.6733067299263875,-8.442587673664093,4.502830624580383,-4.713645,11.432348,-0.20849879331043325,0.7210373422980751,-11.78308880329132,1.3267251700162888,-5.686727,12.067792,-0.3413195079484032,0.25754761248448976,-13.209946632385254,1.5482743084430695,1665.2354071566447,785.182312822029,1.1737564828463551,2.1972671647402677,1099.551485052803,1995.5003165725211,3300.878321683982,1482.642997132514,0.18964501626962033,0.05491198284182519,2198.2421875,4281.25,0.13495816362182717,0.08799029515056839,1.6969734573324031,4.094550138968559,0.071044921875,0.1640625,1409.2546,1058.3882,0.8052755739877566,-0.44411836905552216,509.7464599609375,2107.5450134277344,0.06479943,0.07482825,1.8648352844995584,4.4107922798468655,0.009058262410690077,0.0917357224971056,0.0,0.1254838854271569,10.347731737950753
234,1,train,-307.33493,105.67365,0.005795050414474191,-0.7279963270577618,-402.7372131347656,-228.2449951171875,111.5586,62.472202,-0.4291942604223034,-1.1166478743729134,53.67966842651367,163.5714874267578,9.411115,28.884718,-0.5669973610619194,0.5433615684873545,-6.107856750488281,29.2586612701416,5.145719,23.88216,0.05763132809453255,0.3691841487477041,-10.841038703918457,19.62193489074707,-3.3587027,20.198639,-0.4978121846886317,0.08147926405454875,-16.018020629882812,10.08571720123291,-16.804163,19.889383,-0.12408291065803696,-0.7096320295472123,-31.608394622802734,0.3017442226409912,-10.168406,17.67228,-0.3392519132153349,-0.5135561538606517,-22.409948348999023,4.555920600891113,-8.701847,16.50723,-0.29760332361131936,0.1355074407868444,-20.298107147216797,4.037262439727783,-7.340061,14.671779,-0.10451471141775194,-0.3273213944038913,-18.05908203125,3.786660671234131,7.3037724,13.886779,0.28348193946731676,0.028362343755156783,-0.9542194604873657,15.805554389953613,-1.4349325,12.583544,-0.4036220617442554,0.06057139659808097,-8.825364112854004,6.502405166625977,-3.961981,10.935001,-0.2374184124949515,0.3144939766336705,-10.965377807617188,2.801847457885742,-4.8045197,9.76473,-0.294677813720427,0.07589963961479018,-11.319759368896484,1.4933815002441406,1175.480002424938,669.3877134030508,2.417174331645313,7.054992727509104,762.4697864674195,1387.4638496354166,2179.1870249728554,1521.6885575912809,1.3155462727373681,0.9098542536123526,1070.3125,2921.875,0.09047888673995656,0.06604083406291474,3.7556390956176595,18.976421224597875,0.05810546875,0.09423828125,893.1658,752.1116,1.7942620382010428,2.993288168362305,394.5213317871094,1112.1866455078125,0.06344867,0.077052616,2.2013800474542116,6.312102223964791,0.006784521043300629,0.08791306614875793,0.0,0.18183196199813229,8.056712209569673
235,1,train,-352.9424,129.17041,0.952448339566794,-0.49266265805120324,-451.6223564147949,-241.91267776489258,39.68277,46.62153,0.9582837288904407,0.2745069385484271,8.371431708335876,71.69693374633789,14.832758,25.269424,-0.01476356306919252,3.1028964731550785,5.470479607582092,22.771045684814453,13.560682,20.610329,1.0423830086994454,2.851411721817045,4.236932992935181,19.291621685028076,-0.6525935,17.166548,-1.3606394593717352,3.278303398701037,-2.4852153956890106,5.826193690299988,0.6490895,11.420846,-0.6405352918958707,3.9752159151854185,-0.4537586122751236,3.9860625863075256,-11.009723,19.185926,-1.2834560473733165,0.7391396548823619,-21.795422315597534,1.2904859632253647,-1.224132,10.724856,-0.09185885279424265,3.480165771330112,-3.109970360994339,1.586782991886139,-6.541559,12.49661,-1.2649384781921205,1.6693861653703976,-12.244165897369385,0.3387152226641774,-3.9375525,10.210957,-1.153607145700938,2.394188986530002,-6.231243193149567,0.34154393896460533,-4.5133247,10.207937,-0.8157322154538916,2.089829965194874,-7.719920575618744,-0.025914296507835388,-3.9758353,8.523788,-0.779233688644495,3.2305299206186255,-6.056339979171753,-0.4981992542743683,-5.1346197,8.743607,-0.8390286856399648,2.919965827811409,-8.013673901557922,-1.0135610550642014,1805.549736982477,699.7257034804038,1.5521487714148132,4.434858855475914,1479.6139724064024,1955.306100877473,3890.154973387266,1287.6463943358924,-0.7629975327847632,0.7052763264504778,3304.6875,4570.3125,0.12585362354317975,0.08011509682115264,2.6374610667122242,8.879992620631329,0.0849609375,0.13385009765625,985.19556,894.4104,1.6642098577480513,2.1276284254020705,379.39466857910156,1221.9389190673828,0.049305327,0.085672416,2.172252846237596,4.935053418495647,0.0004511700171860866,0.0734764076769352,0.0,0.12754654738734328,11.05021769669186
236,1,train,-348.0085,146.03384,0.8893063762949067,-0.5093026041148598,-464.3290786743164,-227.23600387573242,52.4769,45.622555,-0.009125928503486022,1.8269146042128046,34.535085678100586,74.4235725402832,20.502184,26.071405,-0.535904627408111,3.2613671137153295,16.486382484436035,27.57983636856079,7.593631,20.690483,-0.4521561436494776,3.139833620606611,3.798966407775879,13.37863540649414,-1.0312188,17.283653,-1.2327156772363084,2.8891006743230845,-2.9917888045310974,5.809279203414917,0.78735465,14.928966,-0.14300599487929203,2.7822662687239674,-2.3045274019241333,5.341888427734375,-7.6121483,19.08234,-1.235387346592304,0.8078300836075711,-17.578744411468506,4.448594331741333,10.234555,12.812987,1.140445211710107,2.381064997372781,3.6387853622436523,13.909183740615845,-1.1649294,14.77952,-1.4264411908471146,2.4222931769849785,-6.727246165275574,7.177199125289917,-0.3136277,10.881268,-1.1337608335818914,3.65217315421401,-3.901097297668457,5.292373538017273,-4.8374767,10.327806,-0.8193331544383524,1.6210815282268323,-8.59578800201416,0.7490940690040588,-4.8490143,8.679554,0.16608400467062248,2.6895806567045044,-8.129526853561401,-1.4609511196613312,-5.3314104,7.734483,-0.5272039164777378,2.3004174561822612,-8.087894678115845,-1.680247962474823,2178.1161651981065,899.9936435481475,1.564302858433558,3.9195996376208226,1720.9283367569028,2342.1996647347482,4457.720855110337,1345.2551239369668,-1.1884098286263052,0.6418791876263308,4255.859375,5171.875,0.1739877663146051,0.10850827076603019,2.443926725626518,8.270599798774727,0.119140625,0.18798828125,1328.4602,999.1237,0.9910729793412714,-0.008612621582971158,550.97705078125,1858.807861328125,0.050896984,0.08180192,2.0630427227873653,4.493306375555356,0.0008457975782221183,0.08008975721895695,0.0,0.1367911548827407,9.399302597445585
237,1,train,-359.639,103.66197,0.3240687983619724,-0.7587968999293923,-470.17554473876953,-277.6606788635254,81.801254,62.312645,-0.05877125656021659,-1.3026939111612186,14.26570475101471,137.04074478149414,19.638224,27.55017,0.015965238502811757,0.20089297686219587,3.2899745106697083,39.05734395980835,5.4321117,24.426147,-0.7302773169596959,0.8389376315891797,-4.741716384887695,19.182292103767395,1.6044385,16.568207,-0.6509436579189203,1.5192732004935707,-6.9701040387153625,10.81963324546814,-4.8681755,18.188057,-0.8427920831445994,0.30888563529964963,-15.826481819152832,7.2679795026779175,-5.2073183,15.512423,-0.6037211342315607,-0.05078833606667632,-15.809893488883972,5.848457634449005,-0.94422054,11.804489,-0.2410884322387356,0.6144903322942985,-8.803115844726562,5.697539210319519,-1.4758464,12.448183,-0.09396712131570831,0.8914595257155637,-9.078977465629578,4.8878602385520935,-5.493274,10.868216,-0.44608852425221296,-0.02298710116034952,-13.142129063606262,2.9272151589393616,-7.715007,11.563522,-0.7910817629528204,0.5391898261140495,-15.164499759674072,1.6755082234740257,-2.0344033,9.213275,-0.42555370133494513,0.9137797497578577,-7.314792215824127,3.053658813238144,-3.1976197,9.314173,-0.40652087151047345,1.2857723372656957,-8.570170044898987,2.2802146077156067,1321.0248764531725,818.5062223122951,2.0003747541695907,5.195247599636179,740.6763117350708,1626.016528193552,2652.7488391768757,1773.6471249164515,0.46451750330511177,-0.7883703692339499,957.03125,3992.1875,0.09780668773093934,0.08687838859956312,3.073870946985627,11.754755822612086,0.0478515625,0.105712890625,900.192,795.515,1.8652476371585716,3.7283127601437194,352.74964141845703,1122.7794189453125,0.06341175,0.07480539,1.5828378498363171,3.751314018901553,0.0011774748491006903,0.1034696726128459,0.0,0.07226630359577377,18.87069639198922
238,1,val,-358.07483,127.46595,1.2652109701264533,0.4667532768855791,-445.9722900390625,-266.632080078125,59.8163,42.273216,0.3023308173111515,2.0655694898693966,40.89882278442383,73.6727066040039,15.1385355,24.44732,-1.529773159120243,4.848550089034659,15.791265487670898,23.652366638183594,13.8700285,20.52505,1.3127234074531655,3.664561366049017,4.736362934112549,15.843168258666992,-0.25977516,17.094658,-1.8777841956926302,4.609609378874013,-0.3307146430015564,7.392851829528809,2.609797,13.744326,-1.1352815248697326,3.744790381752714,1.2094166278839111,8.4550142288208,-2.530078,15.043675,-1.6627686679529428,2.9793779117691113,-5.525970697402954,5.698017835617065,4.1044154,10.912331,0.9071092488604425,4.872843934613767,-0.20924556255340576,6.385110378265381,-0.8780267,11.449684,-1.4526878276567405,3.637888277098355,-2.4290812015533447,4.6697998046875,0.28420526,9.22285,-1.3574521700938724,4.4367243132535075,-1.9041748642921448,4.7725889682769775,0.26774785,7.874923,0.31681223865417424,4.647598073598377,-2.589511513710022,2.9255316257476807,-5.4061837,9.304258,-1.0356285659265891,3.2249128448486335,-7.389978647232056,-1.0289103388786316,-2.3517256,7.3237185,0.497929948208247,4.691593527466704,-5.258418560028076,0.1811296045780182,1888.475269506706,739.0149387961822,1.8510462284920353,6.802233061275427,1593.9770833256216,2066.6754268650184,3960.8323813150546,1274.7216591427853,-0.8632878909590266,0.5952839422441141,3546.875,4640.625,0.14310656952113482,0.09037838346176495,3.2799441470489725,14.856686369328859,0.1064453125,0.15576171875,1113.856,813.7784,1.3646503738058418,1.683479627497877,508.2411193847656,1450.173095703125,0.044918146,0.083351485,2.5556925925154497,7.457021637558679,0.0010597812943160534,0.05514038912951946,0.0,0.1325636618334556,10.780903394818838
242,0,val,-331.18112,115.79873,0.7517221927646526,0.059867844370988056,-412.647466023763,-245.95074971516928,69.603874,57.311085,0.11608129894510592,0.6808836407459354,34.19168758392334,102.0499038696289,16.703917,23.685072,-0.7161227777162541,2.8518574340159293,8.74317709604899,28.983196258544922,15.983188,23.527266,0.47982503432975493,2.132238827768422,6.802561442057292,24.125198046366375,4.203672,21.160774,-1.0303319827299269,1.4971602958473786,-3.3794082005818686,15.682804107666016,5.393476,14.129632,-0.39220738015692147,2.079444150914331,-1.1312950054804485,12.428754965464273,-6.440764,18.151299,-1.0896495070976506,1.1823954823275489,-15.173173507054647,5.8595525821050005,-3.5674508,14.0453415,-0.6602183340611497,1.493481917265969,-10.441966692606607,4.9528281688690186,-2.0984576,12.538991,-0.7043166747086783,1.6662121378913242,-8.036787986755371,5.031901995340983,-2.6150424,13.118385,-0.9039211596097747,2.5450568656032857,-7.731845696767171,4.434302091598511,-2.0271218,11.884494,0.12593626792132767,2.2171598300524296,-7.699859897295634,3.0765693187713623,-1.6738511,9.445042,0.050192214797206015,1.826349651974281,-6.849700252215068,3.025198141733805,-3.7479227,9.440324,-0.7603887688410306,2.0099348861199724,-8.0135547320048,1.7174370686213176,1592.3489681681924,782.4331606913614,1.999967020165309,5.355498446616302,1147.409359960314,1771.0754276467885,3188.264689819665,1383.346815987102,0.005889775800511643,0.14069353121204342,2263.0208333333335,4031.25,0.1155499139974,0.09266266096329118,2.3809276600130542,6.5417499971722535,0.061686197916666664,0.12923177083333334,1181.6979,1027.9504,1.2146552525170462,0.4599708731114787,404.96052805582684,1581.3413798014324,0.05252108,0.080796264,2.377993168539598,6.898104858330321,0.006055578938685358,0.06813917433222134,0.0,0.16707790301789527,8.001277348465177
243,0,train,-249.50034,87.33258,0.10643633248685884,0.23002948923897837,-338.7056465148926,-180.32636642456055,91.70991,57.967377,-0.5487889290432122,-0.060929694318384575,48.21752452850342,138.63434028625488,16.870796,24.454514,-0.5224831456942084,0.9732186328771195,5.875316619873047,33.152958393096924,22.94651,23.107117,-0.10162271355099067,0.5744277662006947,12.165679097175598,37.00537967681885,-3.2824042,15.836051,-0.449763014813672,0.40169172468727754,-12.787858247756958,6.487324476242065,2.8583891,16.153408,-0.37612972160183816,0.6594682579294426,-6.2170955538749695,11.752510786056519,-11.733927,15.244661,-0.5991556056869178,0.10819920276091777,-21.23974096775055,-0.9042888879776001,-3.297712,12.297885,-0.1314715915686421,0.36280260083393134,-11.523398995399475,3.999465227127075,-5.8185573,11.636131,-0.05406169977676412,0.35871100282161206,-13.098053216934204,1.1349412202835083,-0.49503165,9.896528,-0.012446743898293283,0.44669370707346445,-6.747301816940308,5.205393224954605,-2.6541405,8.479763,0.09241685882626585,0.752311502837729,-8.159400701522827,2.2608458399772644,-0.07874593,7.769905,0.284985729728253,0.5712783789528755,-4.644246846437454,4.465812146663666,-4.128846,7.368968,0.2564526208170166,0.8650767776058912,-8.588881969451904,0.04153037071228027,1648.8283396240467,903.5768789371307,1.2569907560481204,1.2338309610561027,944.5956023584644,2133.426389521075,3231.3393257456273,1673.9125777935678,0.10211006812316742,-1.2473027037643423,1738.28125,4792.96875,0.13388573012902139,0.0997999983196686,1.8406575351758951,3.9005373893405797,0.06268310546875,0.168212890625,1202.8387,1085.3545,1.2184004224222647,0.37253959797797354,391.6570281982422,1701.6630249023438,0.07292323,0.0656824,1.4170836684977046,2.9609526057700073,0.01735256754909642,0.11005632486194372,0.0,0.12526243703570733,10.234460032519461
244,1,train,-355.3854,138.68771,0.9252751352350209,-0.7062734732979941,-460.57337951660156,-230.14356994628906,35.63663,52.248096,0.6134262958266022,0.8825031605249984,8.753652334213257,64.65746879577637,12.802484,22.424665,0.7403894774585619,2.936965375757426,5.353702545166016,16.724882125854492,8.725976,21.07981,0.8227152946218109,2.9332458148803697,2.4743406772613525,11.981412887573242,-3.0307713,18.37078,-1.2908189240077752,2.3545194679259485,-7.267831802368164,5.026778817176819,3.469913,13.153197,0.07709083816419257,3.2379754132588383,0.5500533431768417,6.631877422332764,-10.633289,22.522255,-1.306543630223958,0.8166769395610505,-21.146305084228516,2.7294196486473083,0.6919249,12.298193,-0.49323098327559456,3.681935915399471,-1.5506190955638885,4.143506050109863,-7.7542953,15.220215,-1.1608128575182404,0.9305932108893051,-15.779890537261963,1.0308990776538849,-0.5249424,10.002323,-0.29131571081662905,2.6544579062417197,-3.1608853936195374,2.288501560688019,-2.6808345,9.907433,-0.5363057079556843,2.1571572168434976,-5.283235549926758,1.0799516141414642,-1.9559474,9.299788,-0.369727881718611,3.2334591697437363,-4.3632330894470215,1.1544196903705597,-4.1454024,9.294815,-1.2460850778587085,2.926566899402405,-7.07749080657959,0.3066434934735298,2097.7418904589013,814.1010277995381,1.108021667317328,2.316431614765894,1716.5441126952687,2269.487148940744,4278.275847312564,1301.356124704798,-1.2090959844081357,0.9243240982630523,4062.5,4968.75,0.1699264719648665,0.09451568089480865,2.0017985156148033,5.420407543937575,0.11669921875,0.18505859375,1214.5327,915.24066,1.2261158875859814,0.8464950080415212,521.1721801757812,1563.8033142089844,0.04963553,0.0861979,2.1284685069612057,4.5893087562523265,0.0005134781240485609,0.07233197428286076,0.0,0.14440079119136326,8.436330128972777
245,0,train,-300.0968,113.32865,-0.07004101975671162,-0.8170938407583396,-397.0059560139974,-206.54711151123047,82.90958,62.146027,-0.13676703021117562,-1.0365506678109393,24.926605383555096,138.33625411987305,8.465848,30.923096,-0.18748449554645852,0.3679118246549688,-8.271732171376547,26.81048806508382,14.533969,23.885696,0.24928791294892805,1.1411000030568024,2.655634025732676,27.396294752756756,-5.0129046,21.483963,-0.699780484520213,1.299900754282875,-15.654246966044107,7.520715832710266,-4.8554306,18.277433,-0.49073468301327194,0.4747980438103374,-16.17245086034139,6.652549664179484,-14.8742485,18.170332,-0.48553383359210517,-0.16589676386229776,-27.356193860371906,-0.9920671880245209,-5.1957803,16.54257,-0.30970488367292254,-0.0743573730496035,-16.959601243336994,5.937756995360057,-5.59884,13.078246,-0.5654465920917066,0.6631228961032659,-13.83391030629476,2.9775721232096353,1.1933666,13.409381,-0.03924469958710384,0.798777474361399,-5.976507792870204,7.841825246810913,-5.3332334,12.033992,-0.08329943511241682,0.6391646283061129,-12.87527068456014,1.3142040570576985,-2.0670426,10.807744,-0.2793511664619761,0.9492951667206891,-8.342221736907959,4.064837117989858,-5.2537766,10.095061,-0.30406783486769245,0.4380283907208768,-11.845178445180258,0.9500591059525808,1698.7861498708453,950.2666184197301,0.9684765161153548,0.6798755078349655,924.0537799116082,2354.6762977438184,3344.405348536813,1850.1403016153683,0.1437345311680644,-1.4346665084386931,1658.8541666666667,5169.270833333333,0.13798984119480912,0.0989722923986925,1.459624451382447,3.040132385943425,0.06494140625,0.18550618489583334,1066.6346,899.86084,1.616874756024292,3.081791839870725,404.3476384480794,1475.8086446126301,0.0702078,0.07034044,1.2587385796770683,1.7290026532184433,0.014163297562239071,0.112389978642265,0.0,0.12143774077800952,12.52842332465462
247,1,train,-349.92145,83.30451,2.282773923580396,4.701016702865462,-391.8586730957031,-369.52703857421875,54.80022,26.483192,0.59781781111317,5.7239797168284685,45.350746154785156,56.1796760559082,30.988195,17.203499,-2.46942660510471,13.643041869840115,30.646400451660156,35.92479705810547,18.128521,12.981878,-1.6656354513833598,11.613314757930446,16.466617584228516,21.91455078125,6.3103228,13.054877,-2.4406706531499376,7.823489218474583,6.292248725891113,12.271492004394531,5.7989507,9.41033,-0.9431163103485791,7.464514663393118,3.7698426246643066,8.548255920410156,0.75523734,10.500916,-2.2089110122043345,7.560745556128227,0.14574703574180603,5.5707197189331055,2.5234826,7.8744054,0.22472322080633578,8.228292366333815,-0.2064463496208191,5.1346893310546875,-0.36644515,8.532195,-1.5656546146808152,7.205504587829315,-1.790621280670166,3.384218215942383,0.15513338,7.005687,0.3504027742303327,7.300168144360594,-2.1619558334350586,2.27578067779541,-2.896704,7.5573196,-0.9671163663851112,6.110720835172433,-4.575836658477783,0.14366087317466736,-2.7967865,7.093918,0.4451598340269749,6.86784609032518,-5.203336715698242,-0.5588748455047607,-3.2606008,6.631053,-0.9170523476372221,6.567396674444815,-5.05446720123291,-0.5928424000740051,1838.2436239800177,597.1021811136648,2.075741278430727,8.353392352276307,1634.4952550425232,1945.222002985808,4373.622628829377,1108.6979718964783,-1.5000637017133072,2.8796873442366415,4242.1875,4906.25,0.17826337111990262,0.06436608323164955,1.2610105265825575,6.487898128660268,0.15185546875,0.2041015625,715.2394,739.3936,2.672761721521447,7.072894063111141,301.41410064697266,786.8609313964844,0.031299055,0.084918186,4.324026785997186,21.770776108879094,0.0025435963179916143,0.005920239724218845,0.0,0.14386643477625152,11.170122503347251
248,0,train,-346.24118,104.61807,0.44234911129184745,-0.4435376508936948,-444.54617563883465,-272.13452911376953,78.956856,66.811325,-0.05697318065655125,-0.7794176095653143,19.30506690343221,135.04039827982584,20.034851,27.972239,-0.34962326114327585,1.2279903904771163,6.064785768588384,38.854665756225586,20.152235,25.182005,0.20906718459192378,0.4448818996763631,4.07674773534139,35.845784982045494,4.3350825,20.077833,-0.7241060662835702,1.0109998857960627,-5.587483167648315,15.536883115768433,-0.13378645,17.01156,-0.15676856188810423,0.6867922809041231,-10.153284947077433,8.522436499595642,-9.71906,16.094135,-0.5807620694671878,-0.15405554366179755,-20.999963124593098,3.411844313144684,-7.005526,14.373691,-0.42293004837608406,0.5592688984700992,-15.283886988957724,3.0012125968933105,-4.3672028,11.962554,-0.1095666484895207,0.6059231080622146,-12.1360342502594,2.673382287224134,-3.755595,11.358658,-0.044812414335707394,1.0102041695484507,-10.922853231430054,2.528311481078466,-4.607718,10.458512,-0.3498854510703164,0.7192918919536884,-10.988323052724203,1.5305852244297664,-1.8996376,9.751903,-0.11383177024813607,0.7250107485849386,-7.5616583824157715,3.2808334628740945,-4.8993416,8.94355,-0.4030142956813378,0.483915364479933,-10.363505522410074,0.5753006413578987,1386.332915055037,894.0659375974461,1.7283592646828743,3.095739279905068,743.9975251317109,1595.4649974903678,2624.650919835964,1588.2308436279757,0.48050614137849507,-0.3991362887189028,1258.4635416666667,3661.4583333333335,0.10522910934136505,0.09382391647543613,2.4338698830685646,6.927127458190545,0.04931640625,0.11307779947916667,1156.6185,1046.4923,1.2288591337570176,0.4828421061279731,370.7689971923828,1677.2556660970051,0.05418322,0.08188067,2.723235878962702,9.1396563145289,0.003383352988748811,0.0708840765679876,0.0,0.09927601405354414,13.241665606535863
252,1,train,-327.43466,90.764496,1.049809238500269,0.7439382908462066,-396.0601119995117,-267.67857996622723,80.025475,49.169296,0.26643705754150954,0.9757846091252915,51.66672579447428,106.22399648030598,22.863684,20.247149,-1.1918859635369514,5.8946672150428325,17.151010751724243,32.167772928873696,20.843533,17.488787,0.5986295739343682,2.7395153811166804,13.350397626558939,26.507272402445476,4.372328,16.01201,-1.1965366359017213,2.29279467552504,-0.7876696983973185,12.758283217748007,0.49766573,12.806499,-0.7236804733192962,1.643876049337284,-4.83444760988156,7.453984359900157,-4.6664743,11.667493,-0.9242047952051081,1.8461806007989685,-8.96367343266805,1.8059989189108212,-1.6478052,9.884418,-0.3107626367412322,2.3335467145896494,-5.943352182706197,3.1553977529207864,-2.574589,9.838864,-0.43604343010576757,1.558670286893615,-7.374906142552693,2.7690409620602927,-1.3940486,9.048169,-0.3275677824893175,2.101673048412145,-5.856656034787496,3.368681867917379,-1.8855108,8.979709,-0.024356626526708326,2.403774093471974,-6.179479201634725,2.3130613466103873,-1.7253523,8.240642,0.30150084761279655,2.4434201850334034,-6.0067629019419355,2.0201712449391684,-6.504696,8.138482,-0.38472616759385336,1.8159405131327144,-10.467227935791016,-1.9068780144055684,1457.075379544087,674.6811430966832,1.6101491785798192,4.758781362841692,970.8333904647446,1697.977477095307,3120.732151487071,1453.9071784901926,-0.28456843151773265,-0.5395483451700838,1854.8177083333333,4085.2864583333335,0.10781976750845718,0.0697322825203948,2.834599654934445,11.441378250555772,0.06982421875,0.11995442708333333,914.8625,917.7256,1.8206379994952335,2.445092770400821,336.3079096476237,1028.3043467203777,0.04970494,0.07786957,2.3677202252414045,6.44857665375343,0.004988396986542891,0.0659406203776598,0.0,0.13353456605782535,10.285536675235406
255,0,train,-347.30585,103.71169,1.4406798840530504,1.6209124954651726,-423.547664642334,-292.5073490142822,60.115387,49.950157,-1.0588739922627224,4.2915840313082345,49.503066062927246,79.6491641998291,23.019928,19.517511,0.5503125679657159,3.635525863029817,14.190530061721802,29.846768379211426,18.175198,18.497196,1.4137776354641132,4.799517186658126,9.73927754163742,23.159165859222412,5.9199314,14.665316,-1.4299302260011268,4.42028105373876,1.8820475339889526,13.18455719947815,9.391277,12.234571,0.10199295310241538,5.137571049385563,4.886586457490921,13.861146807670593,-1.9465715,15.219953,-1.3208523569982202,3.0207489819007822,-7.358675837516785,6.905005395412445,0.9252234,12.400885,0.06155009383018057,3.8989668584566495,-3.4491928219795227,6.178155064582825,-1.2972925,11.525265,-1.021861045025084,2.142044517022217,-5.147234886884689,4.745738863945007,1.3694377,11.735205,-1.2745437688215624,3.606743552459394,-1.9682981371879578,7.05005419254303,1.3285829,9.639095,-0.9830737748757092,2.1618913488840095,-2.118650585412979,6.436495125293732,0.72870356,8.030131,0.002965983901703606,2.292825297448922,-3.214899480342865,5.102421760559082,-0.15545821,8.101168,-0.9855144374387449,3.2990845806924867,-3.554661750793457,4.082440674304962,2159.2915638473405,882.5050037530553,0.6932718324672539,1.9155870187098811,1654.5284251403439,2411.259378455353,4523.944973203149,1497.9505285083524,-1.1739534839545223,0.7118853667262257,4120.1171875,5324.21875,0.1913653913457958,0.0979768832500239,1.210604121518916,3.7840033693303017,0.139892578125,0.217529296875,1089.366,1060.4938,1.3742146774627182,0.7139498205192134,357.39842987060547,1329.8832397460938,0.0436672,0.08184077,3.001515067250063,11.627934072271662,0.0021338234073482454,0.04855079692788422,0.0,0.16832467249882663,7.166016676891419
256,0,train,-317.4606,128.22903,0.3243487340135758,-0.8688531727327709,-432.5444971720378,-209.12407557169595,78.339836,63.092213,-0.08643757957675736,0.06779334444967337,41.5104014078776,127.76269276936848,15.733243,27.27494,-0.18616451058589903,1.6732346727367498,3.8210743268330893,29.188560485839844,14.627739,24.038162,0.4532815811378614,1.1647247736727364,2.1372903982798257,25.39739990234375,-0.20450687,20.48551,-0.635469147013278,0.9033686551187423,-10.831311146418253,11.787821372350058,4.712254,17.077944,-0.48134662587574834,1.3357385827131478,-2.9284685949484506,13.422338803609213,-9.316303,17.869408,-0.6503738207413167,0.27931460312517836,-20.393258730570476,2.9507274627685547,0.9334621,14.4675665,-0.0468067366019267,1.3159517926462239,-6.17491094271342,8.14164169629415,-2.6940358,12.340191,-0.28225224148820993,1.243375948354508,-9.161353627840677,3.8902557690938315,-3.122221,12.573802,-0.28954474295708194,1.2783713926319418,-9.402118364969889,3.757156411806742,-2.918213,12.171092,-0.4473612819852215,2.0917138107602327,-8.172218720118204,3.071016311645508,-2.7245643,11.367232,0.022999535399220145,1.3322522931753367,-8.855662306149801,3.3749924500783286,-4.444706,10.12122,-0.3028736878139581,1.0737248087276807,-9.463777224222818,1.0642436693112056,1877.5813441412208,974.0544143083197,0.7209285792798492,0.26129040774017587,1092.5711830147436,2374.5841510689866,3674.91726167307,1751.043663027154,-0.22284450427718513,-0.7555556609724287,2305.9895833333335,5102.213541666667,0.16647329710664502,0.1122950813175536,1.119574602811184,1.30001178547633,0.083740234375,0.21207682291666666,1332.0895,1051.3417,1.0037646457825382,-0.0787491535502182,497.66321818033856,1862.8691101074219,0.06005275,0.075935684,1.6402069165843882,3.2554006116462824,0.00474475940670042,0.09289267286658287,0.0,0.11847424295168406,8.858735890229818
257,1,train,-327.5975,111.78389,0.675164380758428,-0.35149730281688285,-435.6071472167969,-249.0992088317871,59.99185,53.52553,0.10182413975812032,-0.11537229268028959,21.57093071937561,100.63399696350098,16.577095,28.57121,-0.24004442391683606,1.1162572677578149,4.195844054222107,32.819454193115234,7.2218285,23.638315,-0.06495731866888275,0.9163368131207117,-4.381311237812042,18.8168625831604,-6.096918,23.651089,-0.7860414172144973,0.2635414106339944,-20.748915195465088,10.475827932357788,0.8122569,17.737885,-0.43334649983668116,1.0090536424970988,-8.79207158088684,10.167014122009277,-8.160453,17.542807,-0.6868787017004673,0.15679276078167925,-19.496285438537598,4.041840016841888,-1.1551641,12.994167,-0.12656365559887045,0.6863563154012491,-8.366586446762085,5.542146742343903,-4.065889,12.752687,-0.5740920069268329,1.0786008121277488,-11.175183296203613,3.4641115069389343,1.2870711,10.3205805,0.21015299146353666,0.7859238119447982,-4.59394109249115,7.118878483772278,-4.9063134,10.934148,-0.4842691037860108,1.1980598082302356,-10.857072353363037,1.2415460050106049,-2.2682452,10.599113,0.17283861791555902,1.2799537878703513,-7.835272431373596,2.826272666454315,-3.2102022,9.742985,0.007907322467588504,1.4081513877356624,-8.853391885757446,1.8004509508609772,1780.364812732807,996.8389454648723,1.6312368099344168,2.76614295254511,1107.2532796261403,2019.969993741674,3386.9364483179074,1611.5950552713107,0.11808300799684723,-0.31671020221834456,2263.671875,4300.78125,0.14250283546937548,0.11296675031249495,2.099561644507359,4.780247589665612,0.073486328125,0.16064453125,1195.345,971.4162,1.2123975770143876,0.5866980522293006,462.90924072265625,1608.1561279296875,0.05330737,0.08273274,2.801824485915321,10.100262120866613,0.001801549195079133,0.06966191902756691,0.0,0.12713087088665279,12.426538866058282
260,1,train,-268.24368,74.19127,0.6771530099824852,0.24987125782116792,-328.97639083862305,-207.55599212646484,65.16175,46.104824,0.5707305492464434,-0.7456171354116734,29.597299575805664,103.33779335021973,8.643049,20.915222,-0.3059650648703979,0.8848647933376741,-3.3739441633224487,21.427038192749023,15.875813,17.826992,-0.1497295857077402,1.2667366269721185,6.344756338745356,26.593940496444702,7.491838,15.127829,-0.6185521321901807,0.9373863034028513,-1.2050940990447998,17.607447028160095,3.9540489,16.18651,-0.4356625323315514,0.21367162174075793,-6.0962934494018555,15.153756558895111,-0.61432385,16.339788,-0.49123309789369074,0.0145231084189279,-11.00256359577179,11.108196079730988,4.7589083,13.159891,-0.16752441127156123,0.16396488658390385,-3.7431236505508423,13.45490938425064,-4.9802556,11.219256,-0.2027162499724454,0.2751993818576801,-12.214406371116638,2.383921355009079,0.8695768,10.406897,-0.054984505703261334,-0.012557344104832113,-6.077995657920837,7.879565715789795,-2.9563518,11.187952,-0.1006780198804587,-0.0814707445762679,-10.529521465301514,4.711578920483589,-6.2172575,10.1225395,0.08078002464547011,0.09866541724747413,-13.083484888076782,0.5054124221205711,-5.183546,10.248013,-0.044296206543424345,0.044522550737640776,-11.886717557907104,1.6455898880958557,1881.5117813112342,776.5367247077457,0.34155953782915577,-0.13556158262854923,1168.6163317647336,2417.9378465874206,3782.511661580652,1532.604830937876,-0.2390955387163389,-0.8026527851435439,2422.8515625,4929.6875,0.15221883300673644,0.09267408521524265,0.6996546715872025,0.8081549373195964,0.07086181640625,0.209716796875,1467.5491,1032.0698,0.5759442961222347,-0.7187996943680961,521.8008079528809,2257.0750427246094,0.06152492,0.07772346,1.8260839775275595,3.5256206973654267,0.010169784480240196,0.09090949967503548,0.0,0.12337174582288168,12.708922296454055
264,1,train,-344.24942,124.58648,0.9571355856342995,-0.3077058604162657,-445.0947952270508,-249.54398345947266,48.175545,60.056946,0.7796317305222564,-0.695935268999949,3.853039264678955,100.91590690612793,0.9647397,28.56079,-0.8709984254059993,1.664910715718496,0.23038916662335396,11.185020208358765,5.8186483,21.827755,0.3053653699470596,2.6329592879179717,1.912440687417984,11.818680763244629,-6.596934,19.87297,-1.2895146656759218,1.3680028341887764,-14.976583242416382,3.7620391845703125,-3.5185485,16.97589,-1.267404742710605,2.4569680713915503,-8.787985801696777,3.4513731002807617,-8.11974,16.23429,-1.0534419646334738,0.7116029453526611,-18.614490509033203,2.172362208366394,-1.1618704,13.051872,-0.30778914961905524,1.5032856956154097,-5.434063911437988,2.713379740715027,-3.42022,11.95558,-1.1578426375986652,2.634399532595272,-8.206845760345459,1.8211062550544739,-2.7022295,10.363094,-0.9520525851983989,2.3306534973455024,-6.23431932926178,1.4860054850578308,-5.189984,10.38041,-0.9481072827280653,0.7991490919373381,-11.058501720428467,0.7622755914926529,-3.4437158,9.228295,-0.5965374320632264,1.362688741182696,-8.128117084503174,0.7352018058300018,-1.4951452,7.154058,-0.40069492350393554,2.32688250755439,-4.176307559013367,0.9255735874176025,1696.8005107889603,776.6785799758128,1.4385054181988655,3.294689290579999,1175.6364282640316,1863.3277389264472,3446.2764454134367,1454.7787211620036,-0.4283241241570053,-0.7017118650460135,2164.0625,4304.6875,0.12816751958171835,0.09123241223670965,2.849691422074634,9.37592741203247,0.083984375,0.12939453125,1090.6077,881.9618,1.466705179327317,1.5718166607419342,451.0094299316406,1383.05517578125,0.047154598,0.08473298,3.0917468939817576,13.50231750369085,0.0003852273221127689,0.06864567287266254,0.0,0.10031793334165635,12.149022398592173
266,0,train,-347.76993,112.88092,0.62007664380948,-0.612778204263148,-451.75325266520184,-250.14512888590494,82.95599,55.502552,0.1032243255615541,-0.29330202149721446,38.85544204711914,133.12475713094076,12.688573,28.156157,-1.0203028005911952,1.5998104733237088,1.9744858940442402,28.13783582051595,14.566757,23.329279,0.07494417692085685,2.000883844064815,6.23702343304952,22.656882921854656,1.825036,18.35904,-0.9831816650547882,1.0104404763032417,-7.05850221713384,13.063084761301676,-4.720494,19.498528,-0.8827986760364585,0.4779286929587842,-15.697320222854614,8.90688427289327,-3.4086387,15.7413,-0.9097158510856027,1.6772748131127724,-11.18608454366525,6.214372118314107,1.1848876,11.9211235,-0.20369436127613327,1.512930707755619,-4.360615670681,6.826383550961812,-0.7021341,12.600571,-0.6121684693555465,1.19654980071986,-6.354598164558411,5.869567791620891,-0.41231656,9.530251,-0.26256909569460624,1.8587615467769603,-4.6378235419591265,4.36791330575943,-2.505069,10.116807,-0.594364208989706,1.8500831620957838,-7.039700706799825,2.6556206742922464,-3.5418434,9.911519,-0.48988391844214285,1.3987019486942203,-8.11368695894877,1.5555350482463837,-1.2448939,8.922408,-0.10617742158078076,1.8388960056585502,-5.214104255040486,2.9225816428661346,1369.5843393365024,651.5536770783701,1.8471547850442354,5.943763588346073,921.2459959172938,1577.3549103575515,2819.4525552808154,1459.0653347478476,0.48407174869601155,0.33441899037641715,1524.0885416666667,3710.2864583333335,0.1223695769689973,0.0773701437180695,1.9811240580208913,6.966767597966922,0.069091796875,0.14847819010416666,882.8743,799.51196,1.830919237793431,3.28413976992079,342.2719039916992,1141.0044403076172,0.05875631,0.08007899,1.8038603738975463,4.086786577661512,0.0016708341427147388,0.09958732811113198,0.0,0.1137371434679068,14.260407151296462
267,0,train,-308.7506,113.53519,0.11274085934911787,-0.8747587068956711,-423.1786231994629,-220.3065357208252,84.756714,53.31952,-0.15211285665603652,-0.8755455459980627,37.78023099899292,130.5817995071411,8.831358,31.508713,-0.3885428003386465,0.45738487114755366,-9.970557689666748,30.090428829193115,16.568935,25.26501,0.41795291279434543,0.9553715603524537,2.4552549719810486,29.320701122283936,-3.1862714,20.623165,-0.5452952650938288,0.3509918154302063,-16.213006377220154,9.582695722579956,-3.1979418,17.381538,-0.3025463849363793,0.5095711795328985,-13.35358738899231,7.492496728897095,-10.098059,17.939949,-0.28175279513952545,-0.007576190296178842,-21.931756258010864,2.8790263533592224,-6.054693,17.332628,-0.05405396286489057,0.21510669264894666,-17.59432804584503,4.628721535205841,-3.047651,14.25869,-0.3991634634518505,0.33875642899446934,-11.471704959869385,6.0109264850616455,-0.41449705,12.78063,-0.31817417363594136,0.5453054805254542,-7.920322299003601,7.345001816749573,-3.2861319,12.282721,-0.26742611501747365,0.37527369600323857,-10.592739582061768,4.181728899478912,1.2093997,11.774242,0.23039181663551003,0.518056211305868,-5.5714904218912125,7.956208109855652,-0.9763495,10.573753,0.09952228018368191,0.7300060345237442,-7.300820291042328,5.247151672840118,1476.0738996075418,806.5396680448029,1.7760070086127624,4.18400036823456,906.56854161094,1822.142618510655,2917.142125588605,1588.155572066863,0.5368133223894218,-0.33491559259897474,1574.21875,4077.1484375,0.11446550789497029,0.08464383036290209,2.5907048739082086,9.29543918970139,0.0615234375,0.13824462890625,1149.3655,944.6428,1.2152483899943296,0.7106124057058398,433.2156639099121,1635.4734497070312,0.063736014,0.071568385,1.8473608702382924,4.926378544750444,0.007002111349720508,0.09722165204584599,0.0,0.10676328092340048,13.361042993111077
268,1,train,-323.88782,96.77475,1.5603015980495125,1.426068731992224,-385.8688735961914,-284.2803497314453,69.70813,38.78146,-1.4688583920380576,6.561179213712245,63.68869972229004,79.22329330444336,18.304167,19.59551,-0.42459731343504076,9.175612509993213,10.989707231521606,23.9731764793396,9.286413,14.528139,0.3805295548792501,5.795010281072951,4.18446683883667,13.408346891403198,4.8567543,14.079262,-1.4683433853980792,4.497560973226627,2.658735454082489,11.72181510925293,6.0383205,11.705199,0.46221444462752864,4.267189596276062,1.6546444296836853,9.808721542358398,-6.3701706,15.710417,-1.3338941845730239,2.8554928358317486,-9.714187383651733,1.712327778339386,-1.9552997,10.997053,0.6747962439606984,4.395817860167486,-6.7523438930511475,1.6166033744812012,-3.511196,12.655765,-1.2132182240909053,3.8420533395737424,-6.671100616455078,3.1253467798233032,3.497791,9.752989,0.055453057591966795,4.865792011814021,-0.2783208265900612,7.289251089096069,-1.0363009,9.490492,-0.44880375591509936,4.40322161423794,-4.368800640106201,2.9356095790863037,0.0143491365,9.241254,1.273129185438677,4.4316624173816415,-4.75951075553894,2.5825061202049255,-1.3593664,8.779994,0.22139044222788537,3.8029730198398273,-5.350524306297302,1.9128027856349945,2013.743386472528,755.9489097658086,1.6919359351059826,4.968679839783097,1737.4954560315473,2146.0706084349367,4303.616656734207,1252.7687136289428,-1.130445989803183,1.3504490180007362,4093.75,4976.5625,0.16740696467148392,0.0848002756456002,2.5719812815462624,8.95983054131029,0.12939453125,0.177734375,1097.2416,822.51886,1.3711111126198066,1.6209385065475654,479.9567565917969,1469.7510986328125,0.041145463,0.08573287,3.140262859882822,11.134325893387363,0.002671308466233313,0.0329994261264801,0.0,0.17743839741812537,6.398830203154818
269,1,train,-348.503,114.160385,0.6840995385582254,-0.8000778284840642,-451.2333526611328,-248.01905822753906,61.473328,53.06,0.24118171798182741,-0.11453137534632485,26.095358848571777,106.0677261352539,18.116453,24.361803,-0.1708550725378688,2.5155251978618116,11.747076511383057,26.405380249023438,10.282602,22.991741,-0.35737692069115534,2.4186593932022706,4.446067571640015,17.534401893615723,-1.8047457,17.44551,-1.261282534287199,1.7276056972601568,-9.959604263305664,8.78147268295288,-0.9506716,17.63042,-0.7025250098004251,1.6435734060555478,-7.9988861083984375,7.643454313278198,-8.445629,17.046722,-1.0271451205306679,0.7213144676660068,-19.154704093933105,3.322733700275421,0.46604693,12.162369,0.22184567478466388,2.176663400255582,-3.9290680289268494,4.646040558815002,-3.7728434,12.191584,-0.8281448486134096,2.320700497273764,-8.243770360946655,1.9634716510772705,-0.9669684,10.0104065,-0.11525525237119807,2.1963864653064435,-4.651950836181641,3.3871119022369385,-2.5981283,9.6823,-0.2659844493734055,2.6939336535810887,-6.245229721069336,1.3921686708927155,-3.2773337,9.975315,-0.30718437200679616,2.22321046372594,-7.422915458679199,1.1829832196235657,-2.9597418,8.930437,-0.3263256597787092,1.3888711550879056,-7.128268003463745,1.4150794744491577,1814.356534250092,888.5575655569003,1.4605647212816883,3.4514505212276196,1125.0547760321213,2138.0878218093794,3742.7125200866662,1668.1098607233084,-0.4252192376298417,-1.0343522785764918,2238.28125,4976.5625,0.14395447080075252,0.1000884890209828,2.379025912096413,8.052295956601654,0.076416015625,0.16845703125,918.63306,842.9197,1.8977507310213588,3.235350559451875,368.70769119262695,1081.6712112426758,0.054874565,0.083051905,2.0400412549873814,4.837425112182116,0.0009765118593350053,0.08434164896607399,0.0,0.1171633736381815,13.636907640554076
270,1,val,-356.7875,106.89288,1.0590138950159542,0.3969481769470544,-443.860346476237,-293.2870279947917,70.9682,55.491497,0.5729940349916686,-0.4045603113826209,23.927892049153645,112.27428436279297,18.274742,27.023115,-0.6033043426924457,2.178986963481692,10.095685799916586,32.18043009440104,11.167409,19.938627,-0.20693407623865148,3.0952223889111345,3.7952769001324973,20.11525281270345,2.167686,15.251686,-1.2238340516081194,3.0800397705597704,-3.42679754892985,10.578404585520426,-3.0822546,15.556348,-1.1560245432210845,2.017595460015006,-10.300195376078287,6.4142374992370605,-5.687098,15.376514,-1.1728015092102044,1.748901252333467,-13.70942227045695,4.252796729405721,-2.3775117,12.13889,-0.5645601633469709,1.142613226011944,-9.178832372029623,4.329110145568848,-4.573312,11.916466,-0.6683260899761952,0.657799682408442,-11.777289708455404,3.010786642630895,-1.7012262,9.386269,-0.46353734145262093,1.267538219657584,-6.850326061248779,3.418912927309672,-2.7209404,9.124463,-0.5735720124247546,1.8412236417590584,-7.4654459953308105,2.0881037513415017,-2.4373763,8.403942,-0.5250711609255395,2.2481837532373494,-6.761116107304891,2.143351192275683,-2.5209434,7.549646,-0.4075983618372468,1.9790618077608884,-6.283827940622966,1.4375182191530864,1497.1657354603356,749.0079495011408,1.84499941465689,6.614626395904185,984.6912324784611,1761.1974073467893,3032.2596635507184,1558.4264045460802,0.270216805409001,0.33294311894271117,1895.8333333333333,3953.125,0.11145802758986027,0.07577902090339142,3.006658413265041,15.104983025900196,0.06640625,0.12890625,777.4709,748.0286,2.270336563349153,5.193303889809186,321.9507649739583,880.37255859375,0.052108765,0.08337584,2.1766290306966902,5.3641535055677165,0.0016532151494175196,0.0678049164513747,0.0,0.12262365113879481,12.916892614428685
271,1,train,-351.43164,137.88892,0.25003722954981356,-1.4108318743457622,-494.5477294921875,-228.13875198364258,77.69994,70.501724,0.41889787662714245,-1.1172503751755725,16.415559768676758,146.81281280517578,3.6309257,32.07523,-0.37246982623314706,0.3308863721593158,-14.513607740402222,20.44951629638672,6.0581307,22.816566,-0.18020084950457377,0.9932300375622884,-4.822522878646851,16.756017684936523,0.3642661,18.243267,-1.0195426358735376,2.4824168437480356,-8.957819700241089,10.413459062576294,-8.760937,20.148323,-0.6378540477381135,-0.03436321624056404,-23.42905902862549,6.685144782066345,-4.0181336,16.47367,-0.32809245823360816,-0.01586387678789647,-15.453897476196289,6.242309808731079,0.69075453,12.94552,-0.3281282672409527,0.67133914094088,-5.682100057601929,7.546528577804565,0.6600583,12.726107,-0.3637634224012251,0.7422502267146642,-6.328449845314026,7.7423388957977295,0.14033273,10.878715,-0.1251387419459902,0.48022225780908157,-6.4037086963653564,6.123561978340149,-8.895905,13.418448,-0.5404829914489763,-0.5605886172482251,-19.773824214935303,1.3238123655319214,-4.355746,11.015508,-0.39461613581959465,0.17785754470215132,-11.34846830368042,1.822456419467926,-3.8191535,9.385194,-0.3011065467676283,0.5089433964999621,-9.004911661148071,1.480751782655716,1665.7314411687425,955.7259737616682,1.3877382942566403,2.5163232012992873,883.678357842139,2051.2229671654864,3335.0068162751677,1889.1011656577432,0.1577947409439069,-1.1845426422977139,1505.859375,4773.4375,0.13704031105809564,0.10690686148873774,2.4136411657812467,7.917809887318583,0.0711669921875,0.1680908203125,1206.7208,951.68024,1.0604948108937107,0.18050578366392012,465.8979034423828,1742.986083984375,0.05722602,0.0816263,1.587285749456608,1.9629791615937595,0.0010280731075908989,0.09782525151968002,0.0,0.12289625001898459,10.786596299330194
274,0,val,-328.07895,115.184975,0.16653771816423338,-0.8405247382451656,-441.2322235107422,-240.56027221679688,82.40421,65.597374,0.1169358221912639,-0.9594082960654271,25.30479160944621,140.5138905843099,18.477835,29.83967,-0.41110389806881775,1.4379442539025213,5.926614920298259,38.36879698435465,13.309434,26.633018,0.4931954782041988,0.5964171206529786,-1.616190791130066,28.26413917541504,-3.3542442,19.118021,-0.7300067189635903,0.7289253380534925,-14.626013358434042,8.357537110646566,0.22314958,16.120985,-0.29588569080208943,1.6977058366446827,-7.874350825945537,8.179146607716879,-4.766253,15.251063,-0.36017117823320427,0.4264164738906839,-14.608028252919516,5.08409337202708,-1.9406747,13.522525,-0.14667035054505992,0.8561882902202512,-9.317293326059977,4.631815751393636,-5.954708,11.9572935,-0.3936546067485153,0.4763762991695459,-13.48249340057373,1.552218037346999,-4.5266533,10.999309,-0.4957384451054687,0.8200187863842937,-10.880131959915161,1.6957425773143768,-6.015428,11.370238,-0.3739693734037324,0.7459715922010056,-13.149785995483398,0.8230950435002645,-6.8505654,11.093633,-0.1516124705085981,0.21681436828999937,-14.43627699216207,-0.02798992395401001,-7.4546013,10.065162,-0.3805917295291826,0.4008029435450884,-13.749224026997885,-0.8767233689626058,1444.5612786325055,801.2182468991623,1.345778193708336,2.740540928797779,798.7290310552861,1770.6858382741975,2742.4634416904005,1553.4874686243922,0.2686968486191183,-0.14991799513227422,1533.8541666666667,3724.609375,0.11401756628563138,0.08326349753211634,2.1474333514224297,6.530075733789329,0.053304036458333336,0.13492838541666666,1143.3466,956.3774,1.3561234427150175,1.1765083323755754,422.90328725179035,1541.3640441894531,0.06427407,0.0753108,1.5555401428151574,3.566785300305439,0.003481319717441996,0.10712745289007823,0.0,0.10129928169697222,13.381054341044914
275,0,train,-323.26923,124.09919,0.3180347951077437,-0.7769044517785502,-443.3603630065918,-233.514066696167,69.897545,61.418648,-0.1195586794609255,-0.31530398589184727,22.94750213623047,119.98828887939453,9.897263,32.08346,-0.5736616879532306,0.7226090424998186,-3.5754297971725464,28.23026752471924,10.91058,24.951345,0.057309038530386866,0.9083526864523712,-0.9559228420257568,22.93080973625183,-8.308443,23.074606,-0.6801072862999049,0.11961493301693937,-23.589051485061646,9.447726249694824,-2.7461772,18.731266,-0.5407951340660553,0.6755296317014106,-14.753358602523804,8.451944589614868,-9.667963,17.602654,-0.6069476744752839,0.244771138063963,-21.38647985458374,4.010431617498398,2.4448676,15.109657,0.36761484005411,1.583582127937778,-5.386759638786316,8.63943612575531,-2.6064107,14.365896,-0.1959890550417976,1.1467598302833593,-10.610766887664795,5.170488357543945,-1.0981967,10.058816,0.10301444555678739,1.021756102560163,-6.662479758262634,4.3834936916828156,-6.434387,11.066138,-0.18470301605183378,1.0862077140474693,-12.514493703842163,-0.5978716015815735,-4.4635797,10.179251,0.33673361706725846,1.4937255773405456,-10.030153632164001,0.27032771706581116,-3.5076046,9.952852,0.25349498461631137,1.4845697632365211,-8.719688534736633,1.3716416507959366,1733.2628376428966,951.5164096981655,1.5433514880032084,2.4483744983430267,1082.3278329466418,1951.5963192227218,3338.2718349666848,1589.318767370052,0.06896264736678925,-0.4689964667071136,2088.8671875,4386.71875,0.14099366282164483,0.11507626687972378,2.2121215492649036,5.32619324196469,0.07098388671875,0.15399169921875,1199.5781,1015.1697,1.1625978020425638,0.30969976146938416,432.4377861022949,1743.1752624511719,0.058063284,0.074863814,2.0083842005472934,6.078376290755295,0.0028860533639090136,0.08636666089296341,0.0,0.11789091455747493,11.736749222725612
276,1,train,-367.97913,126.01686,1.1012417523749751,0.07273957055196423,-464.5495910644531,-276.40948486328125,54.056866,47.174717,0.735708409595701,-0.45605846434357433,18.386295318603516,93.99051666259766,12.147736,29.071999,-1.2492550210322706,2.9946369929066563,11.831644058227539,24.490476608276367,16.15971,18.199615,0.2597122025235084,3.654983858523684,10.690567016601562,19.93524742126465,-0.75155586,19.445147,-1.5804687344511825,2.4771014165321583,-6.552619934082031,10.77633285522461,-0.063033216,14.31496,-1.1871445378470922,2.8704556552615106,-4.767704963684082,7.798879146575928,-8.382933,18.14588,-1.2051681878669422,0.5147116920220358,-19.375747680664062,4.495891571044922,0.26825693,10.668073,-0.2633070676614272,2.7453887076954597,-2.772937536239624,4.183610439300537,-4.2500815,11.717119,-1.1660242129368152,2.7124039292801703,-7.837350845336914,2.0205767154693604,-3.5178704,10.983222,-0.8855578995113443,2.6107508404125417,-6.589808464050293,1.4399982690811157,-2.696249,8.718465,-0.49432468858767786,2.7757875410375172,-5.22451114654541,1.0419687032699585,-3.8894923,8.674579,-0.9057248693424493,3.114207755009855,-6.496895790100098,0.41995522379875183,-3.1119545,8.443682,-0.33541140422126325,2.6535684242227804,-5.984938621520996,0.4680258631706238,1489.8126867477522,641.4271845058031,2.2904362698696548,8.34765727324906,1149.0211576588677,1666.5142033089708,3212.826392039011,1302.2926966874224,-0.19736369120075975,-0.4235742739432897,2234.375,4117.1875,0.11289485551570651,0.06607332175116926,3.0256295706170935,14.151302530803719,0.07470703125,0.1328125,748.5968,690.99976,2.453210696310467,6.5251029861080045,330.36395263671875,853.80712890625,0.049837545,0.084980525,2.267773405001436,5.692808059237274,0.0006336091319099069,0.06991132348775864,0.0,0.13090044008320006,13.347089015241357
279,1,train,-322.6385,89.78265,2.4824083491329216,10.491441521189785,-394.02318572998047,-272.7154655456543,58.0611,38.487823,0.631054784194629,0.3949278366280038,31.333240270614624,88.71089553833008,18.343449,18.093636,-0.8353231094487853,4.64323212355092,13.113555669784546,26.492234706878662,13.059623,15.953219,-0.5658747124215927,3.485696427573574,8.26983916759491,20.08489990234375,4.070568,13.049564,-1.8995303141310624,8.437087007944648,0.05082535743713379,10.14334774017334,-0.14877772,14.58205,-1.0321860018391287,1.073149646109746,-7.261603236198425,8.409445643424988,-7.76991,16.184967,-0.9723110415203101,0.38620122436811055,-18.286494731903076,4.70569634437561,-0.4064595,10.432556,-0.23723227732804664,1.810336217859938,-5.741859197616577,4.689185440540314,-2.3468788,9.778222,-0.7891496693604483,1.5196216008588412,-6.955225229263306,2.783396899700165,-0.16178632,7.6922207,-0.4181621318884925,1.7652584728870742,-3.6976781487464905,3.480556756258011,-0.014524341,6.806892,-0.10303786304028527,1.1769400265772028,-3.2920132279396057,3.0691258907318115,-0.24782026,6.7255464,0.061220925556017824,4.616758075090451,-3.6182931661605835,2.896107392385602,-0.45747983,7.1953382,0.03903036496951133,2.229349473532203,-3.843671143054962,2.5662472397089005,2035.2898509125325,693.3880636469473,0.4100405012794211,0.9984090338343465,1499.0024847967788,2327.844931301344,4421.567392663417,1328.0204701406092,-0.982904963033187,0.5597964941786178,3439.453125,5332.03125,0.17478402895703682,0.0842471500371094,0.8216290152623771,2.150365307363143,0.116943359375,0.207275390625,979.18695,809.71466,1.9408890951412818,4.98642564744663,388.13661766052246,1292.6418228149414,0.036452677,0.0769979,4.307583944698911,23.839787532980793,0.0028998275083722547,0.0394974104128778,0.0,0.10939375438727017,10.164915825549325
280,0,train,-260.73032,94.746765,0.33961824184835265,1.6663387963470822,-330.8486022949219,-192.5511932373047,91.729706,45.288563,-0.3255576926459611,0.3330722070576326,61.02245299021403,127.40803782145183,6.8616276,25.871094,-0.5953935198907513,1.638903129767744,-7.0640504360198975,22.266060670216877,15.77254,21.708494,-0.1613940927994845,1.3197584341241928,5.892169237136841,27.206539154052734,-2.7236755,16.004667,-0.8809181204554556,1.0141748872905507,-12.01711360613505,8.201288362344107,3.3449433,16.905329,-0.6394290739334997,1.1408318694318516,-5.562967300415039,14.137926578521729,-4.0671,13.525794,-0.3763488969587794,1.2483192590514567,-12.160262962182363,4.637506643931071,2.6562297,12.223096,0.302673172863322,1.1252849048134559,-4.247554376721382,9.13379136721293,-5.3008347,11.614003,-0.46729818734753925,0.7077224451513845,-11.87934915224711,2.0807287096977234,0.58648235,9.5146885,-0.13366703364641555,0.9319892249367472,-5.256392995516459,6.318949143091838,-2.5623775,9.095032,-0.2734670654917968,1.0785165031985318,-7.784650822480519,3.006444056828817,-4.3448443,8.819682,-0.1752270695216288,1.2701044771460939,-9.199491024017334,0.7553052107493082,-6.124205,8.221424,-0.006258433870957779,0.9250896589855309,-10.930493831634521,-1.47217366968592,1589.9233640310533,726.599428671353,1.323941051158813,2.41096806705502,1087.0500806454622,1870.9330840063565,3262.6441669810974,1420.2287123954711,0.1880175226187939,-0.5816027671408913,2111.9791666666665,4306.640625,0.1255761533370947,0.08487438323064898,1.819584743721249,4.9900884269509485,0.07259114583333333,0.14811197916666666,1074.4238,919.61725,1.492710732952802,1.8515259819687702,392.17273203531903,1463.8999328613281,0.06717628,0.071140595,1.775773139677422,4.75197143923237,0.014399673440493643,0.10015842194358508,0.0,0.1272031901893106,10.633104542241023
282,1,train,-323.40433,111.26255,0.44049694647039966,-0.6059157165349943,-430.3540751139323,-232.99887339274088,84.977455,57.824036,-0.28523876956882727,0.00932782820906756,43.18700758616129,129.9366772969564,17.567793,29.922968,-0.5881457979219814,1.3591504862566415,6.599693119525909,31.502764383951824,11.374295,23.740347,0.04889428907949341,1.3322767366504558,1.4407225847244263,22.164944171905518,-4.4174438,18.08697,-0.8334339045944413,0.8925361581630619,-13.42769463857015,6.470921953519185,-3.896005,17.460154,-0.5858706595821995,0.9131539665795617,-13.449381828308105,6.160938739776611,-7.008885,15.818677,-0.7100850949829726,0.6586860097920538,-16.411564985911053,2.979991873105367,-0.28250235,12.661488,0.1529884073820442,1.3138690277398528,-7.28695273399353,5.7096091111501055,-4.457948,12.605702,-0.6158419150826203,1.1964691259897255,-10.745766242345175,2.7491767009099326,-0.743573,9.990005,0.15809504483271763,1.3374660276179429,-6.250443538029988,4.197462161382039,-5.127899,10.582732,-0.276298486318248,0.8766763990536378,-11.233465751012167,1.0802482962608337,-3.2119465,9.953309,-0.2880459000089,1.3204397527603486,-8.159216086069742,2.1246696462233863,-2.7170517,9.467429,-0.10917378877365978,1.3249506217983409,-7.381184498469035,1.8906613339980443,1591.2708091043744,890.4387981305905,2.1868006352372586,5.853672576090259,1055.8979526779713,1793.5963906306508,3125.766896296255,1514.187961541332,0.30688878090961025,0.022222058614428313,2005.2083333333333,4075.5208333333335,0.12902465203297434,0.1040466577903612,3.079154838558118,11.545017913956821,0.07340494791666667,0.13736979166666666,1002.9214,876.6831,1.6414415959818653,2.1699865309702826,401.53936258951825,1242.8650410970051,0.0581907,0.07568702,2.2265894168422853,8.689420545383033,0.0026925334241241217,0.08901931221286456,0.0,0.13152290149645868,9.746267199033714
283,1,train,-302.89246,126.25946,-0.24697010695129742,-1.1890181214303959,-440.4340286254883,-199.48128509521484,89.828896,64.61983,-0.42772830509748255,-0.9296024054743364,18.35429275035858,142.64759826660156,2.9619007,39.171684,0.019706375681992183,-0.26563927448784663,-24.07848960161209,28.42932891845703,19.011826,25.6703,0.2879344969666476,0.1027443674833528,5.463947057723999,35.58739471435547,-0.82664096,19.852663,-0.6744135840225264,0.8573127860917069,-12.440017819404602,10.718794703483582,-11.076618,19.466064,-0.35707687451051784,-0.5589750075726994,-25.367619037628174,5.985138833522797,-14.271156,20.46868,-0.36668660663534536,-0.5603142662157037,-29.5325984954834,4.388189673423767,-2.8805852,12.703745,-0.4410605518427626,0.22082177048822182,-11.418508648872375,5.456006228923798,-1.0913775,13.105597,-0.36410795946286845,0.341078680814606,-8.950596988201141,6.775591850280762,-7.128999,11.642336,-0.40726941729567423,-0.16805072928669706,-15.601932644844055,1.9176282808184624,0.0417116,9.871364,-0.16561231964638717,0.7478522861449044,-5.416764199733734,5.471816658973694,-6.39192,10.604253,-0.25192144100452896,0.1523954512632273,-13.905222415924072,0.8343077935278416,-2.5863194,8.630056,-0.23028868565221872,0.9522650690418957,-7.411723554134369,2.1425102911889553,1554.4661261714177,1062.1511586860172,2.2113758528783554,5.144614358459549,895.9306686325588,1905.7637153466667,2991.8510275024573,1868.3992071654916,0.7018644206677243,-0.7505114327355935,1492.1875,4712.890625,0.1486236108302445,0.12496386717169655,2.0173023662284884,4.9162436977551724,0.06494140625,0.19677734375,922.31006,855.4741,1.773860466233709,2.8731067886136117,358.2218475341797,1173.1636352539062,0.074149,0.066540584,0.9608432476436655,1.3583051890087574,0.006962866405956447,0.11581784300506115,0.0,0.08725049348240912,14.988418974058796
289,1,train,-357.99304,141.57713,0.3847389064682121,-1.2026981946508069,-504.67625427246094,-235.03933715820312,71.20118,67.83168,0.34822814767588706,-1.2201389296128091,8.604001760482788,136.87210083007812,12.847716,27.329002,-0.38591022851192935,2.2820467716111423,3.449670135974884,28.54016399383545,10.637652,23.801443,0.5255565579781198,0.7929813731154951,-0.10921654105186462,23.463088035583496,-8.434747,20.47405,-0.7145196483182272,0.1185189647985645,-23.59083604812622,5.180596351623535,-5.8019543,16.985693,-0.557625082499525,0.564850557588354,-16.570941925048828,4.255181312561035,-8.259957,17.0148,-0.6379527842795512,-0.12701839595842346,-19.227468490600586,3.220710277557373,1.3067118,13.031527,0.334976539802631,0.9842698669625229,-5.897335529327393,6.737247824668884,-6.5079255,13.662433,-0.7387037425183198,0.5287441597516178,-14.962000131607056,2.023602604866028,-2.3913414,9.852263,-0.3576109532131567,0.6683760147698452,-8.148597002029419,2.5421406626701355,-3.424065,10.055026,-0.3608341120595331,0.9580878426952126,-9.488813638687134,1.549166738986969,-2.3623376,9.817246,-0.14327717258356534,1.5918118963034953,-7.095125198364258,2.000417172908783,-5.565633,9.128857,-0.3162671748434384,0.49677671724836925,-11.177888631820679,-0.4382624328136444,1698.7700987575727,1021.938362310531,1.2946446763165518,1.5541221778187513,863.5199465659723,1976.8580433193097,3304.6875,1897.2723467616308,0.14088651913054875,-1.0350808746337183,1406.25,4468.75,0.13102938936281336,0.09823873988732149,2.140120385182322,6.179536785498684,0.064453125,0.15869140625,1171.1132,967.5025,1.1976531065755789,0.4582278847879655,448.46058654785156,1630.939697265625,0.0576352,0.08170643,1.791220930756192,3.0332791209668066,0.0008253811683971435,0.09052537381649017,0.0,0.1015821549940853,10.253219061293064
291,1,train,-334.247,108.23496,0.7098309498181956,-0.7233897828463876,-428.3202247619629,-243.4404811859131,66.353836,55.460957,0.623241723727992,-0.718317450943418,23.371110200881958,112.68538475036621,12.839657,24.575726,-0.1821958553210773,1.0353053865665234,1.3665941059589386,26.41230583190918,13.877602,19.273186,-0.179605594468312,1.2667019167200035,5.701248958706856,23.377983927726746,1.0662782,20.14621,-0.8717562489478745,0.7944514622419914,-10.029492497444153,13.72893512248993,-0.9935415,18.676077,-0.8189248410282801,0.2721978361938222,-12.226702094078064,11.197187006473541,-5.3489943,16.089012,-0.8233489229734379,0.4037175758940106,-14.78139042854309,4.910408020019531,-2.1364858,13.003958,-0.8150311979248444,0.8593751224080459,-9.12304562330246,5.52160570025444,-3.4916444,10.636439,-0.3172692046662689,0.9006119146814635,-8.896079063415527,2.2119084298610687,-2.1939025,9.636528,-0.3007498471948009,1.0086410238975518,-7.468011677265167,3.0748539865016937,-4.844123,10.580743,-0.45904012330804167,0.50498129713478,-11.485594391822815,1.829495258629322,0.6558015,9.180231,0.11669703863217956,1.5715381472307148,-4.335622996091843,5.231406390666962,-1.5531874,8.343993,-0.07802397208386827,1.8338344131727529,-6.187784790992737,2.7825331538915634,1768.3885149980672,833.144846405019,0.843212729467228,1.3419881279164052,1031.7159655632865,2261.0297740218493,3724.4663205924794,1796.5139609426553,-0.34523774858363276,-1.2256362551695403,1866.2109375,5226.5625,0.13909517103148092,0.09112029715136709,1.8976317826171782,6.044706541434962,0.07403564453125,0.17333984375,1213.8724,986.5709,1.1987028006590958,0.7962106301537974,433.27551651000977,1710.6099243164062,0.053943098,0.083113335,2.0912796805469567,4.808960913846188,0.00277503916004207,0.08087546844035387,0.0,0.09310622907651378,13.49824956134619
292,0,val,-389.89337,121.25505,0.7877851310570887,-0.7547005786167076,-489.0277404785156,-280.05859375,66.697655,79.78455,0.6197003088582614,-1.3514230123016913,2.1264376640319824,158.14993286132812,16.79115,26.271574,0.9418559429226256,0.4897174499128871,1.501260757446289,32.80094528198242,1.2858841,17.120937,-0.3269890727331403,2.914293705531633,0.2700495719909668,5.392226696014404,-6.4996667,15.004424,-1.4169431444926384,1.9625747770432334,-14.402730941772461,2.2967145442962646,-4.322797,12.069734,-0.8329648348228889,0.9199168236900559,-11.691909790039062,2.174363136291504,-12.272709,19.049839,-0.998321317624437,-0.22315593120234078,-26.317012786865234,1.5579339265823364,-3.3548646,9.866491,-0.7576621371064693,1.442909936890647,-8.777840614318848,1.6542232036590576,-2.5970016,8.739899,-0.9451936981199743,1.603760494579153,-6.643223285675049,1.5556344985961914,-0.20169546,6.563578,-0.35353135925214474,2.1043258364757884,-1.427666187286377,1.7832332849502563,-2.3898728,7.00688,-0.8810167210637647,1.7772228480387113,-5.730077743530273,0.9182699918746948,-4.9329333,9.380423,-1.1044155738195305,1.302825123595813,-9.998806953430176,0.4485427439212799,-2.0305645,6.8265777,-0.9943107344275709,2.5483085084907557,-3.679295539855957,0.6241613030433655,1331.3671484601803,737.5171576745768,1.9281787786330287,6.301648621759185,698.9048937351631,1614.4802727238953,2958.5454825041006,1742.8118979456572,-0.21859040126661183,-1.4421969040052534,851.5625,4312.5,0.1381662409445052,0.08629724903832887,1.8825157382164177,7.124308633003183,0.0654296875,0.181640625,612.2566,664.23596,3.484424577175301,12.521854474517436,288.30997467041016,621.6512908935547,0.05417008,0.0834771,1.7744611705202349,3.026970169825101,0.00018543509941082448,0.09627947956323624,0.0,0.0964697437741609,13.63116038863286
293,1,train,-389.60196,92.30725,1.6462641939463982,1.8590630940839183,-444.49761962890625,-357.2930908203125,58.97479,49.98005,1.1353099421680062,-0.2706481020629026,26.330036163330078,94.91516876220703,21.922386,18.558285,-1.958689802105596,5.9023647783616,21.888221740722656,28.062652587890625,16.691982,16.57892,-1.8821082904445572,6.994471905900971,17.63943862915039,22.36073112487793,9.254955,13.955764,-1.885728271981913,3.206627671473063,7.3908586502075195,16.90357780456543,4.3844056,15.499793,-2.002723478068448,3.8880552560296886,2.021815776824951,12.67098617553711,2.114067,12.002848,-1.806311587474851,3.7672068620619887,-1.4855157136917114,8.944189071655273,2.3900142,9.138918,-0.7268963262158191,4.7914709363781816,0.7945209741592407,6.35445499420166,0.6746206,8.289934,-0.5625360117008184,4.626165706471356,-0.7291584014892578,4.361998558044434,0.02435493,6.924352,-1.0699998164436213,3.7052875047319827,-1.3741830587387085,3.103485584259033,-0.4668647,6.50725,-1.3637054178047994,5.937328332807169,-1.7426259517669678,2.373616933822632,-0.57272965,5.847765,-0.5948429341128721,4.619993579722417,-1.9544506072998047,1.7624951601028442,-1.6820052,5.6733346,-1.4798262643538607,3.691453084105474,-2.767838954925537,1.2421506643295288,1453.5789942331692,473.3961287147145,-0.19232113010969495,1.0701064099554252,1027.8708630862159,1770.06159678667,3540.1520404120442,1577.7525532116001,-0.8507337994485793,-0.8968315461701715,1875.0,4671.875,0.18666530474115162,0.08384827777835996,-0.3986871557609921,-1.0394318216436447,0.1083984375,0.2509765625,464.90213,490.69333,4.546175069951722,24.12028892830294,240.21636962890625,485.9846649169922,0.044265755,0.08771751,2.548630821530445,7.108839006902784,0.0011547434842213988,0.0461050383746624,0.0,0.08790531405182322,17.47694928355825
295,0,train,-320.00742,121.25777,0.11220473667296349,-1.2952762076657782,-445.1225242614746,-212.55851554870605,67.922516,62.849213,-0.0620581136385614,-0.9660253313251433,14.101162791252136,123.56694316864014,13.086538,32.355885,-0.3960661078699223,0.20376442894506197,-1.2208082675933838,33.048500537872314,11.800943,23.028887,-0.24679462111385148,0.578813806245476,0.6507425904273987,25.701348543167114,-10.763096,18.652542,-0.5749745159699962,-0.1521048376927887,-23.185086250305176,2.7136728167533875,-15.433316,17.564463,-0.3616471254704263,-0.05044872883303464,-27.099031925201416,-1.8680490255355835,-11.842266,16.191109,-0.5850381610924895,0.10086828885370558,-22.515329360961914,-0.4862004220485687,-8.157368,14.716555,-0.35235585958537474,0.29333304263758353,-17.167834997177124,1.4431392401456833,-13.337756,12.456881,-0.18278287062594462,-0.239499363288463,-22.62385058403015,-4.0526778399944305,1.5350997,9.8610525,-0.24680228609365393,0.13879798272994148,-4.611079275608063,7.7189518213272095,-4.025502,10.676282,-0.22944114989375808,-0.1746143721065314,-11.33380138874054,3.6263512820005417,0.24341309,10.208797,0.07742408726555411,0.2860647186807246,-6.928614139556885,5.9967847764492035,-5.5189686,9.7739105,-0.2408178299895704,0.06067753063642001,-12.201061964035034,1.5691177770495415,1801.5503529142575,942.3928517897054,1.4065629374124817,2.8696207851827227,1063.9498125670586,2342.498555437759,3382.462097610499,1715.0350266919345,0.24276576888269044,-0.6364023992663543,1945.3125,4773.4375,0.15260849211778443,0.10608939876625564,2.252733989346287,8.713271565008183,0.07489013671875,0.20068359375,1307.8529,1031.3376,0.9708428498539614,0.26778927411572695,446.19617462158203,1958.0966796875,0.06464298,0.076241106,1.4399870443428375,1.7921581748829434,0.0035089035955024883,0.10007244255393744,0.0,0.10291226266028616,13.692038577964388
296,0,train,-343.03812,120.84493,0.3489502358850538,-1.1039435731280647,-470.2660420735677,-243.36415735880533,72.78442,65.687065,0.08585986196611865,-0.8454679793411399,16.911456267038982,130.14059575398764,14.9080305,29.484032,-0.1877820031416169,0.8615922454250696,3.4678024848302207,32.1705846786499,10.974408,24.682205,0.04771036770788328,0.9680167396909573,1.4560752709706624,23.364136060078938,-4.259957,18.31954,-0.7480564664117578,0.8037826736782981,-15.005946636199951,6.377008472879727,-5.9776993,16.597372,-0.5716880174583902,0.36959019774993696,-16.120083888371784,3.7792012641827264,-8.799689,15.463122,-0.8031149446525608,0.46119515256765825,-18.183916568756104,2.371149847904841,-5.915867,14.394352,-0.2770425954463729,0.25872455031527936,-14.890450795491537,3.012885544449091,-6.480083,12.524596,-0.39501490598732586,0.27644804385894767,-14.588451782862345,1.9876768843581278,-3.6610763,10.805351,-0.13343769182288975,0.6705443661588268,-10.332587639490763,1.9156032241880894,-5.0039573,10.230042,-0.325010872642942,0.657152175996102,-11.253122886021933,0.8180192907651266,-1.5875977,9.475631,0.03614867238462447,1.2615604747667202,-6.8370107014973955,2.83041163533926,-5.1936088,8.99935,-0.3846184882458012,0.5240429498971549,-10.654984792073568,0.48145852486292523,1588.5661419379194,1054.1869036198225,1.8876115910455198,3.764593664766936,850.2182500045697,1858.1171363753747,3041.82518729589,1779.962845482204,0.3187920854946282,-0.8862611067256996,1393.2291666666667,4317.708333333333,0.12776782943701068,0.1290306967681943,2.8635202614454265,8.79212551902121,0.0576171875,0.13285319010416666,1018.5633,931.63544,1.521003763553311,1.4435948780715933,373.65143330891925,1294.2054646809895,0.060311716,0.0794954,1.625222964988904,2.642900149555491,0.0011730427577276714,0.09854955102006595,0.0,0.1053894298485699,13.791912032744678
297,0,train,-377.368,114.81387,0.6773957172197442,-0.9343629642017415,-479.2005310058594,-273.4913864135742,65.69997,76.19404,0.5233820254254391,-1.1526658558645808,4.498783707618713,145.1456756591797,15.735601,24.842825,0.7428874288883953,1.153639496089395,3.690124064683914,25.98652958869934,8.199617,20.33496,0.3703373451621278,2.2013238980009127,2.83070507645607,15.897571325302124,1.5592942,14.909639,-1.037950578827373,2.737180448548473,-1.5180317163467407,7.562749683856964,0.57181406,12.952777,-0.6078832768463247,2.303958390188312,-4.052581995725632,5.402117967605591,-6.305422,16.44693,-1.0747433371043034,0.4686616420688823,-15.83584475517273,4.009196251630783,-3.7261133,13.155428,-0.9005966966441867,0.9675155460331117,-11.214913427829742,3.950067013502121,-1.4291565,10.976533,-0.9323240691187702,1.4851020956041263,-5.999920696020126,3.89411261677742,-0.65639293,9.247693,-0.9654659674601647,1.8769108458010262,-4.3657585978508,3.5063693523406982,-0.5788768,8.689958,-0.9083084898538409,1.9662671412026231,-4.266689300537109,3.3290147185325623,-0.083758086,7.3696194,-0.976266211532372,2.5063898164391865,-3.036290794610977,3.128558784723282,0.8149979,6.9519825,-0.3496173439675355,2.9052617635354765,-1.9349519908428192,3.266518771648407,1622.839656200025,897.10991185421,0.6902299718221475,1.0480536808854208,694.5716305847133,2179.807250538641,3428.785495563252,2017.5126712344725,-0.34225517627053315,-1.5757540288573861,1015.625,5125.0,0.13344170052897136,0.09021158443631605,1.9507087249723487,7.210222519228901,0.06121826171875,0.17138671875,1016.0397,987.0206,1.6542363582822452,2.093702751006031,347.9184226989746,1325.0738906860352,0.05419828,0.08339144,1.8334733233093274,3.217804729423275,0.000321913517836947,0.0869517894461751,0.0,0.096334312199563,15.429069450915392
298,0,train,-363.41006,116.23038,0.5945237660262698,-0.8938065991290962,-476.3432159423828,-263.2516326904297,76.04755,69.47121,0.25129511337406113,-0.9407477301816578,14.51986026763916,137.19046783447266,18.734785,20.024237,-0.5625999371746194,3.257838076420988,11.265727043151855,29.753374099731445,11.82879,20.803383,0.15313178337562433,1.7226943335779161,2.9900736808776855,20.4326753616333,4.081244,18.673828,-0.7490938369084802,1.364180986692964,-4.639003276824951,11.911181449890137,-0.4107186,14.226538,-1.1718196182313387,2.23883121262657,-7.895763397216797,8.96410608291626,-4.359724,15.379703,-0.9828330966970209,0.22744048156957275,-12.876444816589355,7.2566423416137695,-5.1272216,14.69095,-0.9567185270887418,0.6004507334846672,-13.908849716186523,5.893499851226807,-1.9582914,11.348032,-0.7255198798829625,1.3050920557322483,-9.2803373336792,5.238372087478638,-0.0124305645,10.042724,-0.22596216164808802,1.8170852485817859,-5.592809438705444,4.835238933563232,-1.0987128,10.618502,-0.2037083840431817,0.9217699597786022,-7.072956562042236,3.751521587371826,-0.89671385,8.855233,-0.3551512732423944,1.709829790276335,-5.358719825744629,2.775881767272949,-5.812206,9.620872,-0.9186916802338864,0.6471595210254066,-11.840231895446777,1.0879896879196167,1622.636494737502,918.6673091503799,0.9450800491960889,1.2616041656320975,765.7845039209839,2302.190992071065,3353.684271217712,2015.4862619064818,-0.011829137571493672,-1.5902182479112965,1265.625,5351.5625,0.12071681849630997,0.08299454669669272,2.406115294868943,9.221717968972916,0.06005859375,0.15087890625,967.0104,974.1237,1.625603806464719,1.491454915653871,325.792236328125,1166.7872924804688,0.054125093,0.08257784,2.2934036909672697,6.406980912472688,0.0006628929113503546,0.08261222764849663,0.0,0.12027241905927055,12.97680024665886
299,0,train,-317.3411,117.854645,-0.3301572656513597,-0.9401269687912399,-408.3237991333008,-229.13910675048828,102.956505,75.914276,-0.36545041581505183,-1.1850990265255623,24.45703411102295,169.14227676391602,15.451849,31.607092,0.39079549970009825,0.5840372991955354,-1.0975928902626038,35.061336517333984,13.683494,27.642553,0.26566466702683317,-0.4852521136361738,-2.3073346614837646,34.25186538696289,1.2727036,20.459696,-0.08255971240579611,-0.16129768230327457,-11.668923139572144,15.518779039382935,-6.772398,14.029222,-0.12484412036541666,0.18748061963418827,-16.542426586151123,0.9481541663408279,-13.043012,16.519365,-0.2923714525987421,-0.5337125914464056,-25.533486366271973,0.23807523399591446,-8.815883,13.448891,-0.24077447761693055,-0.11986566622877692,-18.126352787017822,0.2900937795639038,-8.799868,12.390722,-0.20152423519098658,-0.2827907810228645,-17.731403350830078,0.12049338594079018,-9.456029,12.290091,-0.31835034419130726,-0.3256332982237047,-18.259865760803223,0.0046014387626200914,-7.182048,10.763805,-0.27967835622709747,0.24102535005917014,-14.355318784713745,-0.02323199063539505,-5.222642,9.741308,0.09022056841854989,0.29604386006777306,-12.199583053588867,0.12618976831436157,-9.523412,9.30505,-0.301116156384011,-0.3877689574459997,-16.547892093658447,-0.8838889598846436,1317.3239969105716,957.1259284882033,1.5388340460656011,1.9122432223616244,636.44754006178,1828.2386910822552,2529.280679933665,1947.5754409817002,0.7230158181516584,-0.9466870504383507,937.5,4484.375,0.10360672224813433,0.09467892014292369,2.2929088442592986,5.777792351429332,0.04345703125,0.1259765625,1042.1481,998.2529,1.5071193407366064,1.175511242192833,356.0200500488281,1338.5053405761719,0.07201782,0.06935335,1.1677676192914233,1.4727007909930645,0.012538253329694271,0.11091670766472816,0.0,0.13458053623786406,11.100629962974297
302,0,train,-288.33325,128.38045,0.25582982994997916,-1.1069645882676622,-434.17913818359375,-184.09471130371094,57.54093,50.315502,-0.033266303086001835,0.9636745535687514,28.45000457763672,90.74760437011719,14.929255,32.891335,-0.6959226818346168,1.0959939976094768,-0.5537813901901245,31.666627883911133,11.503961,29.596802,-0.1661266902206948,0.9034196003674269,-3.5185070037841797,23.4595947265625,-12.97811,28.42029,-0.7764247673338034,-0.10461341764884091,-34.54540252685547,10.50606918334961,0.15050673,19.103275,-0.3633738252757597,0.7239652281001581,-11.181380271911621,9.785043716430664,-9.931009,17.830658,-0.5257544225987235,-0.2177739025911105,-23.247772216796875,4.390661239624023,3.170947,14.496994,0.4136155492273428,1.6886779849348574,-4.017823219299316,8.666486740112305,-5.8113656,15.190549,-0.4987782357574856,0.1714791634823114,-15.312958717346191,3.8578381538391113,1.5257946,12.276272,0.052408405593022,1.6691089985918177,-4.814661026000977,6.939581871032715,-2.7101083,11.959877,-0.1622680232692928,0.6138636704064617,-10.142427444458008,3.6107935905456543,-2.893995,10.90887,-0.3445303658616127,1.5169644869887602,-8.044715881347656,2.714101791381836,-4.0302234,11.842988,-0.05361497351609197,1.0012041966355376,-10.511224746704102,1.483965277671814,2017.5937924418497,958.3613174813585,1.3344807862593404,2.0844671307600366,1377.564127170341,2265.585660345736,3998.2747610415295,1591.350771117352,-0.44125624385550005,-0.6553473683365478,2882.8125,4945.3125,0.1540258579845089,0.10772801590394479,2.170700118467206,5.631294153107975,0.087890625,0.1728515625,1170.9132,977.2491,1.2198065419314712,0.49189567073966467,437.3320770263672,1568.5160827636719,0.065965295,0.07478332,1.5753334995834292,3.0424956814408812,0.0019023360218852758,0.10231150686740875,0.0,0.13550685405213475,10.388180306444317
304,0,train,-363.0738,108.67592,0.5314823836883602,-0.24799128483309207,-484.9250183105469,-289.75939178466797,88.60362,74.9774,0.014300456027366432,-1.5723864897213358,3.4345800280570984,159.3141212463379,12.381319,31.944805,-0.113501864680179,-0.1950997542137376,0.0,37.81584644317627,6.4089923,23.959036,0.34397761994382536,0.5255324945692914,-4.1840434074401855,20.41459083557129,0.7222942,18.173882,-0.24297076519852648,0.7662432726103612,-7.609238147735596,9.354327917098999,-4.7042212,15.035542,-0.5191096510207176,0.6520944870320897,-12.695583820343018,2.6191786527633667,-9.717445,15.517268,-0.7472131513873008,-0.09110119558496566,-20.508109092712402,1.4870787262916565,-4.8453035,12.556467,-0.8523242256322914,0.9398264274742898,-12.18799352645874,1.9137170612812042,-2.2216997,10.877413,-0.23094023393537513,1.1132514102709319,-8.252416372299194,2.195694148540497,-1.4719536,9.777993,-0.4291050025443313,1.0899621471295724,-6.147964835166931,2.534971594810486,-0.86845714,9.477944,-0.32087904272688467,1.2491188226859817,-5.254775166511536,2.808607041835785,-1.3647499,7.3248863,-0.08691069417806203,1.080530810922002,-5.751940369606018,1.4781428575515747,-4.5506086,8.461259,-0.7755998524370971,1.1278710892155113,-9.28593134880066,0.40456053614616394,1302.928949703827,820.4504828894268,0.9001450717396842,-0.04424575180615831,587.4070585268694,1694.5097474576933,2448.6261756674758,1803.1095313692745,0.7153577462157198,-0.5802296756357537,804.6875,3525.390625,0.09792142701380462,0.06188132371731961,1.7604809428659314,5.452298141352021,0.05078125,0.1270751953125,1123.0406,833.44073,1.2086501626248878,1.096275250861325,475.39220428466797,1580.4800720214844,0.059747484,0.07939553,2.1062159449222864,5.609639078011604,0.0002617436330183409,0.08650916628539562,0.0,0.08446910983264204,16.877092180649385
306,1,val,-388.9558,97.412224,1.2058161636056979,0.3385125244537046,-458.7029113769531,-316.61285400390625,55.245144,62.196846,0.8459363226307265,-0.5413476810925362,11.73108196258545,113.949951171875,17.765038,19.904655,-0.8115473312883832,6.089718762012474,10.061315536499023,26.744078636169434,16.578331,20.061749,0.9784045545225228,3.5542204858754856,8.926297187805176,21.61968994140625,9.165017,12.615064,-0.8582522827895503,3.813580995533801,7.204490661621094,13.90317678451538,5.6801033,10.6290455,-1.0108385083309888,4.058983543634166,3.3290144205093384,10.144864082336426,0.36627513,15.461689,-1.6199170850972475,3.175978707407519,-4.493574619293213,8.335396766662598,1.0087087,11.869656,-1.2858780393006517,2.527691771381005,-3.3223661184310913,7.076566219329834,1.3714892,9.483969,-0.9337673542457148,1.7033378893153168,-1.8350611329078674,6.03832745552063,-0.33887672,10.392703,-1.3760946195194839,2.3415033914994963,-3.2710866928100586,5.077087879180908,-1.9480947,9.060771,-1.3202881630881556,1.3799417759167758,-5.894104957580566,3.8435693979263306,0.5538904,8.038051,0.11781370875780982,3.76802356469379,-1.9198341369628906,3.585422992706299,-0.38422558,6.8742065,-1.3389230110774273,3.5631132404391517,-1.8629189133644104,2.8931214809417725,1593.2231842594483,726.5248193548471,0.01738392867346528,-0.19504237617397502,816.0070048032878,2111.5041002295434,3565.525467644085,1898.1442193496075,-0.5887788867982373,-1.3519240075955217,1406.25,5179.6875,0.13172123172607011,0.0675629835980622,0.4000062455446878,0.9325226084208249,0.06591796875,0.17529296875,876.68243,940.8129,1.6835897062027256,1.689567648630617,269.8401641845703,1015.6313781738281,0.045994587,0.08270617,2.3332567022014037,6.022904042594158,0.0006362592102959752,0.0611660648137331,0.0,0.11363089015423837,15.178456149438723
310,1,train,-391.94955,68.721565,2.373122483273979,6.339766716857373,-427.3800048828125,-402.45587158203125,33.24911,47.74764,1.6505843469035093,1.356560044495482,6.019648551940918,31.833778381347656,14.474744,19.384842,0.8733108236011924,3.4118635779702258,5.627032279968262,17.861831665039062,8.2824335,14.329231,-1.5337721095933912,10.384676984752103,5.072144508361816,10.632537841796875,2.5961905,12.456179,-2.1846022647641394,5.983932926728743,3.913820505142212,6.938187122344971,1.2819884,11.7394495,-2.058647839759668,5.9000302793814114,2.8781795501708984,5.852950096130371,0.54834616,9.410433,-1.95736149458247,4.692084068590569,0.6046609878540039,4.890288829803467,1.2420634,7.6124396,-1.018405236102122,5.692760809997711,0.39479804039001465,4.304183006286621,1.4833405,7.338072,-0.7600958451515509,6.9447949610604915,0.709407389163971,3.851384401321411,1.4886502,5.9046745,-0.18151165668350402,7.765482623000327,0.6088128089904785,3.378511905670166,0.4925735,5.2737737,-1.280832740010567,4.369259485154071,-0.4541926383972168,2.819197654724121,-0.045275267,5.696358,-1.6338460919805018,6.464367635731259,-0.937343418598175,2.422008991241455,-0.1645546,5.244562,-1.258666179737371,6.691575659515642,-1.265378713607788,2.060633659362793,2053.67143350479,721.7829608351358,-0.7284177097060102,0.07191733957303725,1571.2783888427264,2520.2536584729387,4493.91552677532,1777.2092184948763,-1.337478490007805,0.13567360317292732,4125.0,5617.1875,0.15522531043849438,0.06656538892750902,0.4228408484094098,4.393489154407721,0.107421875,0.19384765625,633.1019,692.04004,2.835613331094855,8.287285843895289,250.1091079711914,658.0471496582031,0.020908093,0.060787626,6.013391890319202,50.5218825734321,0.0006103299674578011,0.004706629551947117,0.0,0.12668056869703423,13.055694240105282
311,1,train,-379.1137,76.58324,2.556129798282978,5.58508674708753,-413.70735931396484,-395.19310760498047,59.779385,28.958809,2.0216768269935614,4.021981898361763,44.53469371795654,60.92675971984863,19.357079,13.443013,-2.599647519582495,11.543747989240128,17.81185007095337,23.84369659423828,12.827822,12.397269,-0.4415540881463455,10.372211045739371,10.048229217529297,15.974741458892822,8.530186,9.443308,-2.130656327558023,7.866757106984311,7.603510856628418,12.78009033203125,4.8445315,9.384164,-2.2521977402006357,9.433384074579127,3.7180298566818237,9.077538251876831,1.3537724,8.550975,-2.181732043428583,8.671778843630975,0.07184183597564697,5.634937405586243,0.27025735,7.1422353,-1.5260888739562632,7.128451651358185,-1.2530752420425415,3.836332321166992,-0.13074343,7.3552876,-0.8023287855378322,5.764439412210603,-2.277378559112549,3.2321958541870117,-0.65458375,6.194116,-1.342781212461519,5.282451528558914,-2.509122908115387,2.540514349937439,-2.0270107,7.4322567,-2.2366086221909813,7.957139543247651,-3.6290175318717957,2.0852940678596497,-1.6185912,6.5863304,-1.8831705558447305,5.682879592903747,-3.2842183113098145,2.2209696769714355,-1.6432728,6.203445,-1.5107959395276012,5.584167793255979,-3.2594335079193115,1.7362911403179169,2175.0239022550695,586.4090611537729,-1.2292089618407338,1.5450033426379113,2021.0692878079356,2521.1897875565182,4846.360612623763,1423.5525741828558,-1.8734930642651695,2.151344958866672,4968.75,5601.5625,0.18812545927444307,0.06248660516839467,-1.0034679464620244,0.37317341767187395,0.1614990234375,0.2286376953125,495.57767,460.8277,3.577140916678559,16.887778914387788,244.34007263183594,541.3995819091797,0.034520127,0.091251954,3.271843983295494,10.803299490974165,0.0019196030334569514,0.0048528367187827826,0.0,0.09948814746771904,15.974572544419582
318,0,val,-341.91788,116.47248,0.29423033237722945,-0.8159253235561795,-450.69763946533203,-248.26993052164713,83.49893,68.645386,0.1139119531139145,-1.100247332436905,22.444831212361652,146.15941619873047,13.502818,26.913954,-0.4885716573875436,1.6168093142474056,0.8860244850317637,29.13254467646281,17.447027,24.568106,0.1886310952236575,0.9555664620700751,4.687881827354431,31.239574273427326,0.2760191,18.404305,-0.7393391245259654,1.416326793760085,-8.334745724995932,10.740730206171671,-3.5618565,14.098689,-0.8230193669215237,1.1642100567833384,-10.695810178915659,5.152077813943227,-6.49163,14.468449,-0.7437667207982329,0.6767340031138284,-15.392639319101969,3.4716753413279853,-5.673046,12.363556,-0.5900549438184867,0.780181079731724,-12.941806634267172,2.5922447641690574,-3.3148673,11.2033615,-0.2832692000021115,1.1463886656364206,-8.912203162908554,2.5702762603759766,-4.313041,10.037003,-0.43636738977834844,0.9885319420818545,-10.193003098169962,1.6376858055591583,-5.477224,9.886136,-0.28295289851252253,0.6118852966770799,-11.637579878171286,1.0617595513661702,-4.652648,10.3257265,-0.6670731278334167,1.2621447396538392,-9.808029929796854,1.162789563337962,-3.7119439,9.341842,-0.6128846531922212,1.3376966713700273,-8.39436161518097,1.6452419310808182,1434.607013363135,845.0979564768312,1.1382231537540284,1.5732171505999528,727.9773345923377,1833.706570898068,2926.0152733551913,1821.7928568365069,0.22041688141376128,-0.9435238791891071,1104.8177083333333,4414.0625,0.1211231520989084,0.08544868651888016,1.6985104963219533,3.9131725754561884,0.06103515625,0.14436848958333334,1169.463,1096.6215,1.167834871659079,0.11603655055257978,352.87443288167316,1751.6551818847656,0.05908142,0.07955759,1.957171242703654,4.263249679325279,0.0021696706826332957,0.08658474249144395,0.0,0.10088974501681643,13.054146210814983
319,1,train,-353.79214,89.94306,0.6844596081249719,-0.75686561459176,-436.0423889160156,-278.96463775634766,74.57817,60.343155,0.42920283582098034,-1.2698840127406124,19.008386611938477,132.36653900146484,25.329777,29.25435,-0.7735031962155103,2.387272807018226,15.874212265014648,43.33483123779297,14.780637,19.11052,-1.1515152651823592,2.7886511988490144,12.264737129211426,24.28175163269043,8.638598,14.965273,-0.985006497225173,1.4645065156933663,1.981820672750473,16.297316551208496,2.6432855,16.258154,-0.9084060002808148,0.5951084625324587,-8.324321985244751,13.134821891784668,-0.32459435,15.775876,-0.8218312051265586,-0.04997498018710589,-11.803032875061035,10.95241379737854,1.2781616,13.29535,-0.6221279852071181,0.12958831525262404,-7.867353916168213,9.3139328956604,0.043512795,12.748425,-0.7408196037936141,0.1549230586802861,-7.9515416622161865,7.662702560424805,1.7473111,9.627283,-0.2832511213689437,0.9328611919930188,-3.8781142234802246,6.32784378528595,0.2254911,8.602287,-0.3606348853325854,1.6534614371952063,-4.350526809692383,4.592952251434326,0.019574014,8.549238,-0.6293463937573381,1.994248697769124,-3.511263370513916,3.8231308460235596,-0.45327467,7.6324677,-0.3651661338398796,2.7086726251380355,-3.526786684989929,2.768401324748993,1272.037574037674,722.7148220227826,1.7556917525997684,6.025065127838342,668.5569552904585,1669.8937368446495,2829.4700434913016,1870.6398110108732,0.07717913676082092,-1.4202928628202347,830.078125,4492.1875,0.14155645433413316,0.09067000139707974,0.891770946681818,2.0413556665483696,0.060546875,0.20703125,610.44055,659.8631,2.8332167243516064,8.617225136831584,249.68743896484375,625.2291870117188,0.05732163,0.07661571,1.7612847519921906,3.9561884544089434,0.0011177595588378608,0.09765002503991127,0.0,0.1268644987395812,13.863576824846099
322,0,val,-312.69342,100.01947,0.06274633637619942,-0.926442002201215,-401.3092346191406,-233.9680519104004,114.66578,58.132957,-0.12091153747762044,-0.7456250285678689,65.15382766723633,165.04465866088867,5.786975,30.080687,-0.44466183142853144,0.22553869107703406,-12.407301425933838,26.505579948425293,4.763198,25.730206,0.10805936018428475,0.2674072229986819,-12.032885551452637,20.4781436920166,-1.3200934,21.103382,-0.6549620131081431,0.06950444986362148,-14.009157657623291,12.881903171539307,-0.5170269,15.355492,-0.2753929771335023,0.43125943256285293,-9.342841625213623,8.445902049541473,-12.090853,16.463,-0.4660188148732551,-0.14050085308169624,-23.061033725738525,0.7732708975672722,-1.6565442,13.383435,-0.22243036303661917,0.6295366961941169,-9.430866956710815,6.065362989902496,-5.2075796,12.285487,-0.3752661173357418,0.39908658191824076,-12.635615348815918,2.27095490694046,-1.5547502,9.752167,-0.44328936349768194,0.8168334129466264,-6.689931631088257,4.49855101108551,-2.9709024,8.435749,-0.07494506823173112,0.3326182827125601,-8.323254704475403,1.9933103322982788,-5.4640026,8.038944,-0.12260062105007112,0.569734786267976,-10.380582451820374,-0.3923802338540554,-3.9110553,7.500363,-0.1682614638677857,0.6231364134902899,-8.416589736938477,0.42169561982154846,1276.868802078745,710.9534920793843,1.383592168883486,2.5817412139995874,706.5155992573377,1641.0742188177842,2345.4936932223727,1458.502221111588,0.6032637292590274,-0.5969378177703317,1066.40625,3524.4140625,0.10401504425559602,0.07348326954171165,2.3474288193477912,7.832792143916398,0.055419921875,0.12646484375,1101.7166,862.22437,1.4290127785718783,1.7679657246326095,460.7506561279297,1491.0216827392578,0.0619485,0.078368306,1.7271081763557383,2.69392633806197,0.005539960344322026,0.09079634305089712,0.0,0.10059598328434768,12.744023624692874
323,0,train,-365.80902,106.03439,0.44230631320730385,-0.9145984259609314,-477.3034553527832,-278.1567726135254,84.8009,75.35237,0.23022081495696545,-1.5272708547734113,5.918813645839691,159.0916519165039,16.772362,27.764204,-0.3152153505998507,1.9170581674470448,3.7220639064908028,35.58333873748779,3.7391033,20.744576,-0.13106502745781842,1.3931845587947258,-3.0518554598093033,13.36994218826294,-4.990484,15.681555,-0.9913005238480652,1.023215402772215,-13.947914004325867,4.317816615104675,-3.2432249,14.096195,-0.6342023682456773,1.09195586412675,-11.775514602661133,3.859599679708481,-5.1027718,12.842538,-0.6481190190793849,0.592956288513451,-13.574975967407227,2.7299087047576904,-4.1576166,10.5672865,-0.7086952752246196,0.44533518966137486,-11.035779476165771,2.0557344257831573,-0.8089733,8.829691,-0.17203597247020724,1.4681256891648582,-4.818404018878937,2.517646700143814,-2.561957,7.430791,-0.5658171690628582,1.7003960963547864,-6.384000539779663,1.0402124375104904,-6.0711727,8.598057,-0.547277208983576,0.313368855204474,-11.922953248023987,0.13131122663617134,-6.401165,8.568262,-0.5547794885495962,0.4143470556685538,-12.461970090866089,-0.16802458465099335,-5.4148974,7.950556,-0.36890835561155844,0.5840261516639,-10.57010793685913,-0.14743022248148918,1237.7604669058753,730.2591287669577,1.1186004657785602,1.6869507861972168,605.2360690563598,1692.506601661793,2589.8270954009395,1848.9490534175618,0.33661685466239644,-1.2132105728934908,808.59375,4347.65625,0.10357104001052295,0.08119196329199532,2.072600641898001,6.3449127638204335,0.04541015625,0.1396484375,870.6327,873.7921,1.9496492472799658,3.1391960248308393,318.5574035644531,973.3161926269531,0.0609898,0.07888061,1.4747497411900166,2.1682973741990104,0.0003303340090496931,0.10701021086424589,0.0,0.10652903473611713,14.444984638881156
325,1,train,-381.68607,102.65139,0.8010012885109923,-0.4871831973157621,-477.1661376953125,-309.3157081604004,75.372406,60.94599,0.5238679104585836,-1.0388972020778195,15.29280149936676,131.36656379699707,13.317917,22.206476,-0.8756903958874638,2.6134939852691876,6.119030594825745,25.098196268081665,7.706389,19.139227,-0.724442948827891,1.6721324787928544,2.7549022436141968,16.729005455970764,1.0899551,16.357763,-1.2069939756045143,1.8152847614093257,-5.244858384132385,9.531033992767334,-1.9302413,14.312402,-1.055887932403972,1.409336610906876,-9.802762061357498,6.768177911639214,-1.971107,12.668059,-1.2326058616569346,1.916658052371907,-7.867620468139648,5.397302612662315,-1.8347994,11.332119,-0.9477063604919832,1.3241424660153314,-7.645470857620239,4.4745626747608185,-0.63627654,10.117479,-0.7950696252427991,2.6782329036522,-5.7497974038124084,4.1908568143844604,0.55413276,8.475114,-0.28949380399862745,1.7489170024633138,-2.8916795551776886,4.1420144736766815,-0.34178156,7.8858404,-0.4826482995904396,1.59016674612566,-3.5630295276641846,3.121902346611023,-0.9766021,7.522485,-0.8840112816108621,2.676020408138904,-4.142738163471222,2.3559738099575043,-1.1617389,7.0863857,-0.7875404475741391,2.940798304599571,-4.2544819712638855,2.0963888615369797,1388.6175924597487,627.8754018534316,0.41959608050974595,0.857962640818286,797.2765042435315,1852.9185718396998,3105.424434852026,1783.0328168291155,-0.11000275265333748,-1.3108800258170668,1199.21875,4781.25,0.13027139978434826,0.07272043403119138,0.7816128757016221,2.1013093330695916,0.067138671875,0.18389892578125,732.89734,661.6444,2.49794057555296,9.18969744430218,299.27090644836426,923.9712448120117,0.053183213,0.08395616,1.946428124895142,3.7050212595281296,0.0007216616540972609,0.07660286128520966,0.0,0.10867338909056878,16.447283827458214
329,1,train,-363.06262,90.85736,0.7451960550090229,-0.5746627041672965,-445.1062240600586,-286.51061248779297,72.969284,74.51001,0.41777035109953164,-1.4715003853865687,2.0008559226989746,150.2764549255371,27.286737,28.810532,0.4293166678071873,-1.2246957613583513,1.715233325958252,54.55165767669678,13.558727,20.085936,0.5010711840590389,0.25168155194208186,1.1529279947280884,28.52355670928955,6.505913,13.86251,-0.05188859540394253,1.2358310463307367,0.7339721173048019,15.254878520965576,2.3653035,9.341755,-0.15487937041110478,3.302451803728708,0.15221990644931793,5.581902980804443,-5.5789795,13.044325,-1.2158328683370063,1.644892596545641,-11.401298999786377,1.3634838461875916,-6.6710215,10.768082,-0.8428875856849503,0.3911561886312036,-14.387824773788452,0.8193734288215637,-7.398116,11.065067,-0.7561869634135083,-0.0427682869592978,-14.954602241516113,0.5663876384496689,-6.8245583,9.83431,-0.5459336555949531,0.2240555384929901,-14.055975198745728,0.3421109914779663,-6.2977138,8.915345,-0.5956987411886304,0.3157948427779944,-12.892672538757324,0.17733243852853775,-4.8352885,8.008328,-0.6883375713742144,0.9629498288389327,-10.274335861206055,0.1248469389975071,-3.3622348,6.8346047,-0.5324174352450866,2.242702715050961,-7.2599992752075195,0.12817642837762833,1081.2858738520072,593.247728673725,0.7084530085538137,0.716698913901129,498.6283138579468,1528.6873501006573,2345.7263995779545,1724.31460642427,0.11381683968419277,-1.6464296832992482,539.0625,4033.203125,0.10149958590646722,0.06161644728876534,0.8293926788224565,1.5008906344686297,0.0419921875,0.14794921875,639.73834,712.8222,2.837740881684456,7.9559764639409,273.1039581298828,609.2087707519531,0.056476887,0.08176448,1.683333769071997,2.762614173101295,0.00027696072356775403,0.09275779128074646,0.0,0.12938725946987992,9.89442630380708
332,0,train,-340.01517,43.81403,5.199837686401702,33.266309021498735,-358.1167297363281,-334.3749084472656,57.75206,22.34223,1.7044899642265785,2.7750096643869657,43.71241760253906,66.85492706298828,22.447681,11.096233,0.48374024921095116,1.8984896545463785,15.791435241699219,27.269126892089844,14.993801,7.3105454,0.5085505947681567,2.0369090091294737,10.895444869995117,18.181827545166016,9.855183,6.109292,-0.46120404535216397,2.791627329716375,7.119800090789795,12.56942367553711,10.225739,5.4562464,-1.9371105660672558,7.7280182659602605,8.622456550598145,13.385824203491211,3.887954,6.8182063,-2.636772650191984,14.169568033651906,1.7645037174224854,7.993334770202637,3.7287245,6.680246,-0.895596013126644,3.313172730220698,1.0293534994125366,7.659177780151367,1.1212835,6.400816,-1.3175104639901427,2.0320769131950502,-1.5275803804397583,5.285123825073242,2.6154852,6.090737,-1.4442595999045635,2.9307569744709667,0.42460882663726807,6.696672439575195,1.2646152,4.972314,-0.9062608584245365,0.9708755401103533,-0.9003077149391174,4.569357872009277,3.5082266,4.1438665,-0.22534924519163088,0.4638186580754553,1.0876020193099976,6.163496017456055,1.5770745,4.08178,0.08130569168416912,2.988960408290944,-0.4783296585083008,3.9993560314178467,2317.581717285295,529.2929970949881,-1.299371690982032,0.4403377262776247,2035.933515251669,2664.848153054692,5286.518895348837,1063.8211410214717,-2.237529642682511,4.734248097978285,5171.875,5875.0,0.19697334744691608,0.06582499871203051,-0.9943341788736386,-0.32938393257940435,0.158203125,0.24365234375,418.39804,442.6422,5.516705751637064,36.15438203770507,234.96387481689453,452.9217224121094,0.018337704,0.06544066,7.912252603881269,69.8024049809624,0.004798421170562506,0.010112849995493889,0.0,0.07854595796526671,13.5758266633673
334,1,val,-312.59726,131.11772,-0.020077373308823334,-1.2905250016959724,-476.54122161865234,-206.25232887268066,77.77615,68.052246,-0.04652980292218028,-1.3626972399076025,4.000277191400528,140.25316047668457,5.065622,31.848701,-0.15227489916166204,0.624028585392471,-8.326920628547668,22.808011531829834,10.33873,26.644222,0.42900760106763325,1.1179022934317966,-0.3541589006781578,25.06001615524292,-7.315727,19.426382,-0.7795662571780535,0.9856165839592068,-18.118478298187256,3.8428015261888504,-15.032227,21.122583,-0.5256433469752927,-0.19962644395865103,-29.942310333251953,1.6740916222333908,-14.499683,19.461226,-0.6508854175186332,-0.1704461309372316,-27.739431381225586,1.268505111336708,-7.0280876,13.489049,-0.5816192400716784,0.5227515919133521,-15.499154448509216,1.28114652633667,-7.3982844,13.106925,-0.42302137864718653,0.0870791260878998,-16.313358783721924,1.0349891930818558,-1.7186216,10.135828,-0.0959149268019315,0.7746472935547988,-7.4552695751190186,3.5813934952020645,-7.314793,10.570379,-0.5083754429220705,0.13157501626344237,-14.726908922195435,0.17207889258861542,-5.4612536,9.671198,-0.4293031670279703,0.6263080586308816,-11.562228441238403,0.17902525514364243,-2.488909,9.206738,-0.023477434080555255,1.6721483017304841,-7.409268021583557,1.255125217139721,1528.8053253416113,866.8250565848244,1.5838834362928915,2.906552464633002,884.0449658714814,1832.1540476651776,2990.4201376380884,1672.1722333724551,0.31246817660488246,-0.9716085152975966,1541.015625,4313.4765625,0.12064073828764832,0.09458462996832502,2.4286666160905845,6.881941652799176,0.064453125,0.12890625,1124.3857,970.8495,1.2705146813493688,0.6296508499247453,417.83360290527344,1585.33251953125,0.06628392,0.07466327,1.4087200877568349,2.483187190034576,0.0009175355298793875,0.10608496144413948,0.0,0.1230905369393068,10.818045591440947
336,0,val,-330.22638,122.82047,0.36362551512362956,-0.9116234588420533,-460.6123962402344,-234.68678283691406,79.494064,69.32327,0.37384975106802865,-1.108802055719352,18.0817813873291,142.19601440429688,11.964079,29.980272,0.7084356705579605,0.7502586391975967,-2.4068593978881836,28.123022079467773,2.4712484,24.649067,0.8200734499991226,1.8392428720319955,-8.569522857666016,12.183956146240234,-9.597541,18.050274,-0.9195965423578644,0.9951780237534855,-19.265384674072266,1.1124858856201172,-4.1002903,15.926268,-0.6142257200084995,1.0160306170795952,-12.604225158691406,4.94165563583374,-12.872755,18.294003,-0.5700480841693486,-0.5393164977102289,-26.41887092590332,2.4305570125579834,-7.5203276,16.07646,-0.7661458879668882,0.4753038523848905,-17.358478546142578,2.8506438732147217,-3.8736153,12.799641,-0.43212357980043886,1.0304257470241156,-11.055509567260742,2.8420114517211914,-1.3934985,11.537551,0.20942000999643265,1.6914103009406567,-7.366768836975098,4.083252906799316,-3.0080512,10.848277,-0.43932858969380306,1.4109242766193963,-8.322192192077637,2.32427978515625,-2.476061,9.75631,-0.24662204991274045,2.193376251157602,-7.483761310577393,2.0517492294311523,-5.899792,9.866654,-0.6396005256293715,1.1097376851933616,-11.579490661621094,0.15043681859970093,1710.4845710562656,866.4889043758335,0.4547019444177286,-0.065624036196259,862.8273352465978,2331.987812664619,3258.8689375256886,1797.8948667316115,-0.18197385490846957,-1.4350232272274157,1304.6875,4664.0625,0.1498477557927456,0.08417596666648305,0.8166889720756364,1.2013251078699092,0.07177734375,0.2080078125,1478.4757,1028.9105,0.72059718607636,-0.5133319642823517,605.1054077148438,2160.812744140625,0.058232207,0.080005415,2.097545708158162,5.760497173731682,0.0010275220265612006,0.09168551862239838,0.0,0.14691037919663602,7.408874176722588
337,1,train,-389.09442,132.03001,0.31862225408842093,-1.4024772978020055,-524.650146484375,-265.7408142089844,72.362144,72.9864,0.5031516260966851,-1.217506046502811,6.197890281677246,143.41461181640625,7.814379,30.132284,-0.3933006604565184,0.986563009328425,1.5784118175506592,24.01376724243164,5.8126216,18.655912,0.18392292698924975,1.784760332929852,-0.5490258932113647,12.166357040405273,-7.6709437,19.046732,-0.9345404488404697,0.6621367262706261,-20.062793731689453,4.6579742431640625,-6.8978024,16.387648,-0.7237960023104737,0.39924731951120673,-17.198444366455078,3.816314220428467,-11.755941,18.66499,-0.8373223451905261,0.3326961324837341,-24.31328582763672,2.6657097339630127,-2.894288,11.847762,-0.4747752844094569,0.97389355033041,-9.545239448547363,2.9884772300720215,-2.767379,10.964163,-0.5960880074329129,1.297744599153189,-9.464948654174805,2.581210136413574,-3.1738505,9.502498,-0.4845662194138761,0.9722446880062701,-8.989758491516113,1.8201669454574585,-3.2740977,9.518365,-0.4296493854595709,0.8636042017814178,-8.85942554473877,1.4152038097381592,-2.5084455,8.876385,-0.23547477390893934,1.1424057415899496,-7.267383575439453,1.1729999780654907,-3.792764,8.986936,-0.30654634580188206,1.8795742593277502,-8.932052612304688,0.4125770330429077,1539.2311493122345,866.8047984280852,1.186682623148446,2.8042115913822574,749.9848045683959,1953.3443642913255,3161.5114795918366,1861.747605458025,-0.12945617562864384,-1.371161936685429,1039.0625,4671.875,0.11345004976422388,0.08563696109996208,2.4395234619007904,9.090133101209366,0.05517578125,0.130859375,1125.7611,945.58136,1.290769656145607,0.817010835076331,424.6967468261719,1563.4580688476562,0.05874381,0.080849044,1.284504654916782,0.6798818640570223,0.00021110696252435446,0.11341001093387604,0.0,0.09849162572360068,16.682910256931685
338,1,train,-378.07043,90.27606,-0.15109461779589947,-1.4791261121278607,-491.0471496582031,-298.93043518066406,81.98987,60.352085,0.03173951515479925,-1.5808969873866459,16.26639175415039,140.22898864746094,35.10389,22.753727,0.12926075874136186,0.17519691803407422,14.438135147094727,52.11324882507324,17.004087,13.282312,-0.025210998084587762,1.137315912808318,9.756569862365723,25.573501586914062,4.3320804,12.593322,-0.5635389627199701,0.811919565031836,-2.872223138809204,11.539277076721191,-0.5934478,14.282014,-0.48078285895661405,-0.5022693283329596,-11.545014381408691,9.347609996795654,-8.096273,16.775139,-0.39788786592686953,-0.9852206243486816,-22.07659339904785,6.941904544830322,-1.8190168,12.454641,-0.5097670164355758,-0.3414207564898031,-11.762081623077393,6.8067145347595215,-1.7808511,11.214917,-0.7235602707087981,-0.24479962400517685,-10.121273040771484,6.112763404846191,2.1017287,7.000523,-0.4485698788181019,0.8770011970720679,-1.4857958555221558,5.9789862632751465,0.53480023,7.207567,-0.722097649342367,2.1319440040596813,-2.9279290437698364,4.545373201370239,1.116953,7.3881483,-0.2998302685808093,1.1925784455153332,-2.505864381790161,4.9598259925842285,-1.766536,6.844147,-0.9150335859419239,1.5747200026226782,-5.739086389541626,2.9323313236236572,1445.493379545283,878.1244257456503,0.771717770338724,0.4693278263479357,600.0916082792369,2143.110767633914,3094.850352112676,2257.85503595723,-0.037463120635864135,-1.8035441633490745,648.4375,5300.78125,0.16889611406419286,0.158137140752432,0.7703407706474827,-1.0994421033179318,0.044189453125,0.35009765625,557.9989,650.8565,3.3257071656067247,11.502975376894355,208.08688354492188,563.5437622070312,0.06494473,0.07599491,1.0789684683069507,0.4044022829334386,0.000993712805211544,0.11520542949438095,0.0,0.09046756794748635,18.29104609149305
339,1,val,-374.1211,132.83003,0.6230062381744059,-0.957661740331484,-499.49066162109375,-260.05914306640625,59.856785,73.23534,0.40894782774260446,-0.9472482327275773,2.4930906295776367,127.25482177734375,14.389869,27.926182,0.4582611237044693,0.7266623991058228,1.0762856006622314,30.362079620361328,11.371343,22.138107,0.8237948696856464,1.5545236310872887,0.7364313006401062,23.272930145263672,3.5711267,17.16911,-0.7982466883293668,2.5817976168466483,0.07591068744659424,12.734184265136719,-5.7048,14.92112,-0.8186092877112517,0.7772881823358113,-13.913078308105469,2.200071334838867,-10.724292,16.568893,-0.8906827412435159,0.1260173243989393,-21.736581802368164,0.9796183705329895,-8.161834,13.991926,-0.8197829822395947,0.42482013239946825,-16.621978759765625,0.7066954374313354,-8.803539,13.843833,-0.639596810586177,-0.014534565009033162,-18.87681770324707,0.32446420192718506,-3.8935022,10.751667,-0.24832963725232543,0.7531365490111668,-10.230627059936523,0.6183072328567505,-4.8080854,10.45006,-0.24720336224245001,1.0430278761097131,-11.34572982788086,0.3447687327861786,-1.5657308,8.159484,0.033146627027622395,1.6695574117017564,-5.893362522125244,1.374938726425171,-1.0007806,8.139323,-0.1592481691949943,1.382468683457592,-4.308897018432617,2.321310520172119,1637.629804856597,1021.3073057460481,1.3949563376627565,2.30041964026847,789.1723541333372,1958.5986591477802,3344.8333073079325,2012.204440631562,-0.05374656791140917,-1.320596458515668,1148.4375,4812.5,0.13434688036773892,0.11342497085820814,2.3809065484057115,6.041348147306492,0.0654296875,0.14111328125,1119.706,1017.75256,1.2225327112993134,0.3220484655680935,375.8483581542969,1684.0148010253906,0.054665104,0.083389565,1.8263913031398256,2.947129547924317,0.0002150625514332205,0.0887451246380806,0.0,0.0979739757344214,12.791350980649327
340,0,val,-371.07486,120.47158,0.5442871639290617,-1.15615130491161,-484.08226013183594,-254.99597930908203,89.21968,56.94183,-0.05090255026501622,-0.20163689116266825,40.301876068115234,141.48229217529297,23.496529,21.80626,-0.6101850175602779,1.67502570981702,15.95087194442749,37.58284378051758,15.084342,20.440235,0.1895852850718819,2.110842331971419,7.345324754714966,23.09162712097168,0.24600416,18.248463,-1.2012509590353815,2.0197366250197444,-8.002128601074219,11.430881023406982,-0.5870238,17.169733,-0.8307159572037859,0.729952803644422,-10.163613319396973,10.190852165222168,-2.1020935,14.700383,-0.7051641756475757,0.6193238482514096,-10.112846851348877,6.763031721115112,-0.074278854,11.158354,0.025420275835915024,1.605963829253609,-5.733498573303223,5.3052380084991455,-1.900621,10.589173,-0.3070655439017049,1.4162764379144521,-7.2951819896698,3.568620443344116,-1.2793778,8.083022,0.0011797099381023908,2.132320879881222,-5.653205871582031,3.076171398162842,-6.8527737,10.747277,-1.124737264064826,1.4324214122529382,-12.678642749786377,1.01608806848526,-3.0207534,9.65427,-0.12603401209856568,2.2341511940777394,-8.086914539337158,2.1577537059783936,-3.466298,7.897445,-0.6935204180469114,1.324957282144343,-7.82189416885376,1.3714228868484497,1693.1722771183845,907.5598195966902,0.3385304969044339,-0.6578210780521849,799.7620302468927,2540.851016981561,3510.411888379205,2125.5583099456444,-0.18663017484939487,-1.6985658434597022,1156.25,5617.1875,0.13424031202217127,0.08276267801846901,0.8387450628798999,1.6031367009699204,0.056396484375,0.199462890625,828.87775,741.43097,2.0326048664084286,4.163455830394867,340.11322021484375,1021.894775390625,0.059197567,0.08005775,1.423552301925411,1.3144334408272167,0.0008559050038456917,0.10487942770123482,0.0,0.11445944019291508,13.786871382060626
341,1,train,-338.278,126.95558,0.6643044867950343,-1.0634230079683926,-450.0572280883789,-224.17626571655273,51.446365,56.972286,0.7095034243896018,-0.4717177257692464,6.420185565948486,97.54403305053711,9.114092,25.530413,-0.1619850619059828,1.4610283379602365,0.20369704812765121,21.437695503234863,13.362621,18.552956,0.3374711094310196,0.7464406034619437,2.865745186805725,23.576136589050293,-1.7510035,16.567902,-0.9407773819511291,1.2525813904573484,-10.527960777282715,8.40084958076477,-7.8183837,19.604609,-0.8611467851093567,0.039263881243047916,-20.27131938934326,4.725518226623535,-6.1273613,14.792816,-0.8330601449779377,0.47886645000875117,-15.520010948181152,3.5742081999778748,-1.0846022,11.479819,-0.41122899418403736,0.7174100958455032,-7.508896231651306,5.049638986587524,-5.986292,14.451571,-0.6329079602242277,0.02363589735800309,-16.448433876037598,3.105305254459381,-3.8564348,10.33182,-0.5465271400986574,0.32559669156367876,-10.114738941192627,2.4338602423667908,-5.032794,10.649883,-0.5160391966441334,0.0015180618671464252,-12.429574012756348,1.949204534292221,-3.9867525,10.575198,-0.4428507920750477,0.2125356573038033,-10.974683046340942,2.1562477350234985,-4.406958,10.118157,-0.45875622310706515,0.023153035494681617,-11.86030888557434,1.884312629699707,1689.1920779913908,963.0650292324895,1.2627912834262578,1.0178112730525948,982.0461308403344,2082.617733664369,3410.3888888888887,1761.1654326697164,0.23430520878777544,-0.946853461193232,1916.015625,4750.0,0.12695225694444445,0.10862368188356987,1.867605694399808,3.5551669440376195,0.0546875,0.15966796875,1388.4419,1139.6833,0.7449435643473781,-0.7855161963019919,407.82073974609375,2264.0703125,0.054729912,0.083681,1.7164291503590265,2.4945508227733315,0.001029245409881696,0.08768713288009167,0.0,0.12546496258812614,11.054609387395807
342,1,val,-353.01294,127.64584,0.2765371459253917,-1.213250988002567,-482.23535537719727,-238.40254020690918,72.564964,64.10291,0.18380934770074872,-0.9328007502977774,17.404763758182526,129.0134687423706,15.812628,27.320591,-0.17666978328426725,1.2955236798985674,4.995927423238754,30.906671285629272,6.3266077,21.46147,-0.32091045170127913,0.6188183987673528,-3.6495403945446014,18.81798565387726,-3.73952,16.563324,-0.6689005450203795,0.3874814065820369,-14.058274865150452,6.795561969280243,-3.0634212,15.367556,-0.3548469101744373,0.36813016555308553,-12.438409566879272,5.685372292995453,-14.291784,19.57495,-0.6518865932855128,-0.292197158153118,-28.295397520065308,1.6362261027097702,-3.716031,13.810429,-0.4405447896016379,0.7139856294641427,-11.8981693983078,3.8714622855186462,-12.409753,14.924539,-0.5198769826674323,-0.2757926578753376,-23.01822066307068,-0.7960839001461864,-11.004573,12.333792,-0.4205066843690957,0.16663344026896176,-19.377824783325195,-1.8560124933719635,-7.8130875,9.9828205,-0.22368058964353776,0.569017924779204,-14.284452676773071,-1.5943881124258041,-3.7575333,9.630714,0.07026515709108576,1.6152422986350654,-8.919586300849915,0.9912719298154116,-3.3680573,9.057718,0.06994682735645066,1.9180395648912865,-7.800271987915039,1.0248981639742851,1525.2308227559138,960.3630936953286,1.6459416937289086,2.7110146968569775,837.7404742791201,1724.65100377914,2895.3197221184814,1728.2322660788018,0.42300809683443086,-0.6591755645355644,1352.5390625,3902.34375,0.11998382098496174,0.1091795682848349,2.371485263609517,6.192380243621949,0.055419921875,0.133056640625,1067.46,949.21185,1.4239022889279598,1.2478316475278746,381.2961730957031,1464.6864013671875,0.063245654,0.07732958,1.3409957907644072,1.3552479927369105,0.00146115331153851,0.10789266508072615,0.0,0.1001589080724084,14.660897084408159
343,1,train,-364.1985,81.416435,1.4864142561992675,1.6584491387603206,-418.5002136230469,-312.38523864746094,44.694244,60.662773,0.9990038968832071,-0.5976741124481162,1.9502509236335754,97.48453521728516,11.798409,20.504921,0.8335020266522796,1.6347996661526016,1.5956165790557861,20.660470962524414,0.83409506,18.001919,-0.9723111148875245,3.3162752035227374,0.6424010992050171,5.459667682647705,-1.4408537,14.043164,-1.9651652385300578,5.669269018433015,0.0,3.343009352684021,-4.453753,12.82496,-1.6322150276076928,2.7719650315144824,-8.291763305664062,2.2766993045806885,-6.408886,14.896046,-1.5922742520230244,1.737054538981032,-11.01842212677002,1.8900389671325684,-2.0486376,9.231496,-1.092339532516648,3.2519937664061445,-4.05009126663208,1.7770981788635254,-1.2570765,9.008339,-0.602332739655951,3.77060508392601,-2.507341504096985,1.604868769645691,-1.661141,8.046863,-0.895138913549551,4.863434588546025,-3.6078778505325317,1.3001987934112549,-1.9530282,7.222098,-1.4274718973895628,4.288585049535823,-3.335959315299988,1.0947120189666748,-1.6918125,6.4789023,-1.2780619993795457,3.4279514114742318,-2.6978729963302612,0.9296134412288666,-1.4108633,6.306764,-0.996744121494006,4.536899940829382,-2.547664523124695,0.7786307036876678,1840.7606238712197,829.9323871417544,0.2210533559053517,0.6431660513936079,896.5418711705448,2360.416527437227,3943.0472923749394,1987.2972804935478,-0.6438126418520305,-1.3351724037695698,1527.34375,5398.4375,0.13839370408875667,0.06982464805458204,1.3408867603205428,6.8137889841787285,0.07470703125,0.177490234375,798.1876,604.9086,1.8117012094592737,4.4049409849574666,365.24755096435547,1053.7619934082031,0.032636955,0.06663322,3.87892754913927,22.69089582636348,0.00041846065141726285,0.04218069836497307,0.0,0.13354098195080716,12.463697208153503
344,1,val,-346.70535,94.241325,0.5641379529938875,-0.6157983032134728,-436.58712005615234,-274.8228530883789,80.83708,61.293518,0.23013840079239892,-1.3556295935123794,21.464961290359497,138.6594066619873,18.316334,25.71231,-0.320469190464835,0.7373471642772065,4.169140934944153,35.882044315338135,13.819094,22.69209,0.2144335272694854,0.7648243650646536,4.542377814650536,25.65038776397705,6.0960827,16.860743,-0.8138101251346888,1.8184512546939784,-0.2847934365272522,15.820975542068481,2.8192298,13.917776,-0.4799876006056232,0.9915473917282802,-3.856534421443939,10.918120384216309,-3.1085186,15.418193,-0.7201739920072416,0.5567428308155369,-12.220344185829163,6.396406888961792,-2.531442,12.328564,-0.6007258231827249,0.4441340996738894,-10.00882339477539,4.479958117008209,-2.2272193,10.522762,-0.42497611925962875,0.47858241179164374,-8.66973090171814,3.6926605701446533,-3.6429255,10.87196,-0.5715709809802081,0.3744554335544714,-10.266817092895508,3.2147507071495056,-3.0404031,9.907833,-0.25667747476400266,0.14176589442041454,-9.816588342189789,3.093219816684723,-3.5407662,8.780314,-0.26951160237271443,0.5147921881688229,-9.324533224105835,1.6971567273139954,-1.5419413,7.7777696,-0.13885179390210423,0.8287412996095973,-6.182178974151611,2.6212372183799744,1108.632327762483,603.4457660141778,1.3569674282288293,2.451379169364898,622.8467416321967,1419.8622739309794,2182.257095732174,1407.8543236645255,0.4782605735996561,-0.6976032718142693,886.71875,3304.6875,0.07470984936485837,0.05542605122685535,2.5180819764235904,8.724882898386852,0.040771484375,0.08538818359375,947.10425,869.2793,1.6108927852612096,1.8503689401584893,343.68123626708984,1184.3656921386719,0.05876633,0.080272995,2.157427693594239,6.355305088716804,0.002170533698517829,0.09293111506849527,0.0,0.11230822019125908,15.503068878400441
346,1,val,-322.71274,124.34636,-0.47812374404088726,-1.1735285399857842,-442.4397888183594,-222.3619384765625,94.324425,68.10913,-0.45075453665150905,-1.0478257606177346,13.055532455444336,152.39451599121094,-5.899448,30.028252,0.06323965520461088,0.06110485183383263,-26.681415557861328,9.060365676879883,4.4587655,27.847843,0.19904707342870398,-0.10596858861621161,-13.11768627166748,21.770248413085938,-8.666632,19.24556,-0.6588704383337709,0.7031965171270462,-19.576740264892578,1.8910503387451172,-15.313879,17.933722,-0.32158151510971755,-0.6960808141725119,-28.645023345947266,0.29693353176116943,-15.567134,17.026314,-0.4924558327238873,-0.37698182030256744,-27.91586685180664,0.03708219155669212,-5.8259063,11.83454,-0.3402375306863103,0.3274358366343897,-13.360572814941406,0.8642204999923706,-12.050328,14.412135,-0.4963488895862198,-0.21592799676877883,-22.83370018005371,0.004698731005191803,-4.470819,10.350739,-0.053504326503458696,1.0041653332631544,-11.322656631469727,0.6734433174133301,-4.8567004,10.271495,-0.30272312089897985,0.18699372293211614,-12.041464805603027,0.49510881304740906,-8.017508,9.861791,-0.6266396380634827,-0.046456533837771374,-14.749914169311523,0.0,-2.7051048,9.05952,-0.25386540541781305,0.7841821131654867,-8.051920890808105,1.7593783140182495,1375.4022738551175,789.734012822128,1.4244393766041774,2.098239915893638,819.0257170066101,1954.0924658432436,2691.4996144949882,1758.566309403638,0.6183085959138326,-1.1063078979748784,1242.1875,4648.4375,0.1073992868157286,0.07831099608530394,2.5653353935581227,9.076943856234696,0.05810546875,0.13818359375,1091.1418,956.8562,1.3038966166342698,0.7051723873260447,390.6429748535156,1524.2525634765625,0.074286394,0.06689354,0.6381686482602367,-0.37759741167063154,0.006043699104338884,0.11718415468931198,0.0,0.08613970192928876,16.54992985369055
349,1,train,-359.51395,128.03705,0.7940002210500181,-0.32743522042776374,-477.1367607116699,-265.58338928222656,59.18799,62.69101,0.6934101648595002,-0.850578654800529,5.111239731311798,111.54089450836182,1.999979,26.402988,-0.31466529116790803,1.5821095107997278,-7.671868249773979,12.164351463317871,7.619754,20.737928,0.5991888895933362,1.8885337774062734,-2.165772885084152,15.361955881118774,-1.3952861,16.870638,-0.8993350140794343,2.3382928337289375,-7.535380095243454,5.502170920372009,0.5090109,16.964088,-0.5943523518166739,2.3479724508995057,-4.534815013408661,6.376650184392929,-2.7740037,13.068144,-0.8636399410076857,1.9241645214600394,-8.811031103134155,3.5998325049877167,0.07207835,12.040535,-0.2120633910575814,2.027201581744347,-4.652994714677334,4.50335305929184,0.27648205,10.852955,-0.1520304939471367,2.82719036978609,-3.5203939080238342,3.4798797965049744,-0.30875263,9.116837,0.3005884604409812,3.818600625443974,-4.07088229060173,2.516382798552513,-3.0913248,9.940538,-0.7126928603379398,2.6129416847781184,-7.844460606575012,1.5040907263755798,-3.257186,10.086979,-0.341163667414726,1.929738573545451,-7.902406454086304,1.1613302677869797,-3.544933,8.709657,-0.251280251987561,3.887527642378877,-7.981398850679398,0.7463756948709488,1649.0931654445067,717.2401286594372,0.5929533974462067,1.200341948124688,1083.4781104074223,1979.4926887239035,3454.894825671324,1561.3970031736526,-0.49351680190518876,-0.9954773375164828,2030.2734375,4640.625,0.12762061800549374,0.0793786696971811,2.233478336995597,8.042478585886395,0.084228515625,0.145751953125,1094.5005,909.2861,1.410359057727383,1.3066206358621868,430.61046981811523,1452.6178588867188,0.04695872,0.082876965,3.148312636104162,13.300004455178588,0.000309994095005095,0.0635535332839936,0.0,0.11554720013670604,10.873126920996322
350,1,train,-308.47302,132.26866,-0.012701322458428324,-1.222608655951197,-442.4814643859863,-196.70449829101562,94.84024,62.123768,-0.26898788301605064,-0.672438694590404,41.20821809768677,146.20424842834473,4.14079,30.708216,-0.24675415676665474,-0.170434999941788,-16.187822818756104,25.128500938415527,8.223888,24.332378,0.13835320233440007,0.19465328215895528,-7.771018028259277,23.385840892791748,-10.326307,18.74763,-0.3973915910737644,-0.06192578441504759,-23.436485767364502,3.519103467464447,-11.049902,18.857536,-0.23047374312437113,-0.41668869889303073,-24.618868350982666,2.7824026942253113,-15.346592,18.112373,-0.25838614585478975,-0.5571515761409858,-28.445658683776855,0.21844878047704697,-1.1347089,13.110395,0.1028218662921756,0.3045837167949874,-9.793756484985352,6.6389864683151245,-6.793831,14.519158,-0.3597530669915004,0.09897058110639256,-16.21022617816925,2.7553465962409973,-2.3020759,10.726976,-0.028078062644797286,0.16934508675458693,-9.26250946521759,4.3044692277908325,-4.833297,10.156038,-0.0862865420103201,0.029813488988245762,-11.69376277923584,1.7466426491737366,-5.570365,10.764456,-0.19726660278522812,0.0036357229105274946,-12.756029844284058,1.4766235053539276,-2.9343288,9.992207,-0.25356077724732007,0.45914006684532227,-8.724876582622528,3.2912177443504333,1351.3336924855435,849.1867696409636,2.189266436961917,4.79731806676887,854.2052136746363,1418.838595006067,2489.4033730621295,1485.0694650514602,1.0592443852079716,0.36931626790023553,1430.6640625,3179.6875,0.10962890861292764,0.09787758044809008,2.73414503208952,8.177426411992085,0.05712890625,0.11077880859375,1041.7477,934.0427,1.5392562407763601,1.5173802763837498,405.6995277404785,1338.9563598632812,0.0686139,0.072666176,1.1333743721731473,0.8340196769094705,0.0037092890997882932,0.11222604941576719,0.0,0.11172536705410319,10.523663032838684
354,1,train,-331.4517,121.74334,0.3027044529827488,-1.1482708297559792,-452.9790954589844,-231.6306381225586,84.46881,68.485275,0.18288751482590498,-1.3505553996656592,18.919769287109375,150.46646118164062,-6.2231474,31.265572,-0.27479369294318096,0.15680575644261863,-26.52186393737793,11.915124893188477,8.325843,27.845634,0.6381841277681511,0.900465505200843,-7.33398699760437,21.142742156982422,-0.9747761,18.240686,-0.44631574966842186,0.8738601780981954,-10.438607692718506,9.935413837432861,-8.492028,18.532475,-0.7380883738804189,0.8019313713060745,-18.44634246826172,2.425973057746887,-9.8510475,15.182479,-0.31278348179131243,-0.12005956815071483,-20.042625427246094,0.5900294780731201,-5.1564155,12.491291,-0.29505324198678357,0.3999460569651614,-13.251690864562988,1.7969472408294678,-5.1547832,11.813375,-0.23869093239636974,-0.01510919399931554,-13.040778636932373,1.5667904615402222,-0.8840525,11.4908905,-0.03457204168612022,0.33417592369229254,-7.952682256698608,5.631793022155762,0.46258885,10.317358,0.20522393607089098,0.6160227510100933,-5.427655935287476,6.315934181213379,-2.339434,9.9208355,-0.11040826093671866,0.8226741301267961,-8.258116245269775,2.898309350013733,-3.0162497,9.2386465,-0.3055145158768913,0.6421627574500275,-8.487863540649414,1.7562558054924011,1403.8473184430322,709.0182316919113,1.1736823114007422,1.572481067970525,830.6621961425744,1743.4146358986845,2668.7464549064093,1425.6184642096994,0.46316278484948065,-0.8261015574364481,1468.75,3898.4375,0.11971891839194555,0.0778560803564898,1.8221891209010315,4.519058298480715,0.06640625,0.150146484375,1266.417,933.1005,1.0408791790024678,0.35166648258767497,516.3054962158203,1770.4723510742188,0.05493269,0.08356,2.098903436638969,4.236606465828142,0.0017464113770984113,0.07118483632802963,0.0,0.08817714217767732,12.110048774498981
355,1,train,-335.74445,128.44228,-0.08955941493645997,-1.1649296607405342,-472.33302307128906,-229.7222023010254,84.6956,60.57667,-0.34188805593185273,-1.0006020667486712,18.397156953811646,135.25665855407715,8.55505,28.70824,-0.07912487933178897,-0.033287086219180084,-9.28084123134613,28.181617259979248,7.775535,20.941866,0.06506993808695434,0.8284590658328745,-2.9478412866592407,19.25785756111145,-11.532743,19.101719,-0.3437191564571089,-0.28390864391847725,-25.45353603363037,4.4710692167282104,-8.521192,17.40551,-0.2885702152926358,-0.34857985119869306,-20.68902349472046,4.507934093475342,-9.302128,14.583738,-0.35341227030989425,-0.47420233687517044,-20.152106761932373,2.9812375605106354,-2.9101195,13.214045,-0.10408124760742306,0.21960997680947902,-12.565678358078003,4.4402554631233215,-5.2636223,13.314855,-0.2973926459536709,0.26759089034554084,-13.909657001495361,3.0588401556015015,-1.9542919,9.479105,-0.12595811894640346,0.5707574929432626,-8.102474451065063,3.0455106496810913,-7.0424533,10.917484,-0.3173916549444571,0.14235094441010854,-14.376320838928223,1.266498975455761,-2.905226,9.817839,-0.10233942955370945,0.5513731152820547,-9.168086051940918,2.52288156747818,-1.1548438,9.290558,0.19180058362474173,0.8258586531919989,-6.3474109172821045,3.801113039255142,1430.473523695076,903.9043363338184,1.605792272039345,2.6307411631937985,828.9380717766542,1893.5143215794271,2726.211230987722,1825.39802226841,0.6260193541451666,-0.9853660611009072,1250.0,4498.046875,0.1129248377943467,0.09850238389018764,2.574574268617555,8.854763530495642,0.0533447265625,0.13525390625,1097.8467,939.63116,1.3748057314980109,1.1938738608569093,418.2181701660156,1527.0673828125,0.06981372,0.07153581,0.9900155040148598,0.496292882826045,0.00347808568039909,0.11631287261843681,0.0,0.0799660219019958,16.532050118601912
356,1,train,-369.61658,108.77414,0.22098925265539018,-1.0478030314122835,-479.675838470459,-279.8948173522949,78.99618,64.256805,0.03576924881691032,-1.3421566630360475,13.138581454753876,138.35345935821533,12.027731,28.962124,-0.3090430874279327,1.2194804117205116,1.7807389795780182,29.939463138580322,0.16159397,19.26492,-0.5769403674525337,1.2886362194715184,-8.408914268016815,9.103236258029938,-7.6984043,16.373922,-0.7038322181327458,0.05651183066957066,-18.91698956489563,3.459305763244629,-9.567055,16.101105,-0.6803127039378177,0.8679808369597675,-20.19677233695984,2.174967184662819,-13.205757,16.324669,-0.540565018671998,-0.4192662696461884,-25.138997554779053,1.0776421539485455,-4.2827625,11.451315,-0.20329759879087886,1.2937010060617942,-10.870507717132568,2.007477328181267,-4.179191,11.4124775,-0.3373778829638831,0.9226191643776,-10.422887921333313,1.5463222861289978,-3.557793,10.076619,-0.07648402988413051,1.0803357285015025,-9.264927387237549,1.4523298144340515,-6.283063,10.165995,-0.48897178130008995,0.5686340519056661,-13.027969241142273,0.22795530874282122,-5.2389708,9.228538,-0.32996145457660647,0.5700063213245103,-11.329295754432678,0.140130877494812,-5.3479576,8.716154,-0.21843964268081723,0.6002296842297299,-11.099819898605347,-0.21285665407776833,1379.5218783659348,834.0868320111722,1.6177407625370848,3.2346789290079387,746.8358306917814,1728.7270309227865,2738.4058981051626,1783.0096748264634,0.42185652495197284,-0.7122933825124329,1027.34375,4144.53125,0.11029732591484379,0.08627267247451514,2.520986970589751,8.387675028101453,0.0584716796875,0.12725830078125,969.73474,874.6373,1.7537620827577132,2.852497737140564,381.65587615966797,1251.5749206542969,0.063898854,0.07651045,1.287256978024426,1.25536494084483,0.0012683621389442123,0.11122419033199549,0.0,0.09093082085013135,18.09797038893862
357,1,train,-329.1866,80.85434,0.22408448218196422,-0.8688191504345237,-395.50270080566406,-262.72228240966797,131.33577,43.72765,0.16938611633785053,-0.8828422376246619,96.49357795715332,169.06976699829102,12.343281,28.650213,-0.7206020450363544,0.26475088005126945,-5.16529643535614,33.870168685913086,26.602299,20.082588,-0.1611919366213666,0.43368282872723896,15.154209852218628,38.705801010131836,5.364675,17.80736,-0.2966628322781728,-0.2009200526417927,-6.667145848274231,18.92202854156494,-11.449928,17.826792,-0.14266796200633133,-0.5430236566892246,-24.587893962860107,1.875805914402008,-1.0857147,12.588859,0.019251415249400362,0.006869745233211155,-9.65059757232666,7.109359264373779,-8.869057,10.916066,-0.10982622386877029,-0.08719570998194914,-16.0393967628479,-1.588329941034317,-2.1545317,11.169166,-0.42522802438298213,0.13837782599889437,-8.930591344833374,5.4894527196884155,2.4809434,9.720101,0.14493260512807762,-0.01737506498702457,-4.195714712142944,8.921504974365234,-6.6110897,10.9910345,0.1316423902037645,-0.42012860749658243,-14.777735948562622,1.338146835565567,1.1298215,9.507584,0.22706115485539005,0.3207544790167436,-5.035714626312256,7.242742896080017,-1.8372651,7.984305,0.17086646082234527,0.09965650756395172,-7.4107160568237305,3.329020380973816,773.4707937761757,292.6164399989076,2.130361424476604,7.737678347076187,574.041244170327,884.005014581762,1427.5056602780119,753.0494976275425,1.0598841990183507,2.438773754206643,781.25,1906.25,0.05171626540122157,0.03425717112254824,2.772054781024946,11.060963024327588,0.03173828125,0.0599365234375,795.8634,767.3075,1.9679294200074617,3.182649030218516,312.60821533203125,866.6656494140625,0.06531426,0.075696565,1.2156198867630716,0.48808007568094247,0.00868087518028915,0.11442955955862999,0.0,0.09683355280181294,15.547684371760752
358,1,train,-352.5619,113.52397,0.41359775792225695,-0.9946910850293843,-458.86026763916016,-256.1627883911133,72.96736,57.191994,0.002397352594226257,-1.1293125951345087,19.687076807022095,124.39676856994629,5.1784663,30.101048,-0.3390543018268735,0.4083039862608264,-11.521165758371353,25.280227661132812,6.6469526,21.565178,-0.43941678301517173,0.9439575713902606,-2.1970111578702927,19.862350702285767,-6.7322044,18.29511,-0.8556407594690338,0.8635717803211589,-18.605414628982544,5.167613983154297,-6.042477,15.725639,-0.28929421144254364,0.1329555205793964,-16.369173884391785,3.65963277220726,-10.167883,16.539604,-0.7249488296399386,0.24274541152830742,-20.70164465904236,2.2837256640195847,0.82182825,13.333536,0.2501050213865754,0.9318839597708357,-6.8746050000190735,6.74806272983551,-3.8364592,14.093004,-0.3524709270153112,1.0172277971364276,-11.941931128501892,3.333328276872635,-5.265592,11.3414955,-0.38856563000467303,0.8705139729996667,-12.355041742324829,2.462121307849884,-6.8496346,11.326395,-0.4661801098668299,0.6740213574788474,-13.61511778831482,1.1452210620045662,-5.760644,10.2091055,-0.31444119032780216,0.6113423183479518,-12.412649512290955,1.2657422833144665,-5.6074305,10.538845,-0.3837250575857937,1.1476053464853488,-12.403450608253479,1.4582435339689255,1521.4625880064773,891.8576071368047,1.2766988207329917,1.8892715980605252,831.5890582813599,2083.02020851879,2971.558493589743,1873.3769747183046,0.4416626970764546,-0.82246826503955,1304.6875,4578.125,0.1286140005381159,0.10139916025034912,1.6333358757499932,3.7436379826370616,0.052001953125,0.1864013671875,1064.8263,889.04224,1.555607383621549,2.466521695969151,405.7092742919922,1428.4298400878906,0.06337809,0.07711704,1.4003883791469582,1.8452195066531487,0.0018684295064304024,0.10927092470228672,0.0,0.08653573782667018,17.850723828039463
360,1,train,-385.28888,107.43156,0.5505776393242152,-0.986295927096843,-488.38616943359375,-294.7957763671875,81.749176,70.72939,0.28456183252628253,-1.5067056622204693,15.117952346801758,153.62481689453125,24.32591,28.122595,0.31328519889715756,1.3560933464296099,13.08132553100586,40.99097442626953,5.1483645,22.63291,-1.1783556347770456,1.3235101861763567,-2.9893500804901123,15.40797233581543,1.6281236,19.827711,-1.0166885439444857,1.938834459982302,-9.364849090576172,13.010233879089355,-6.3604546,21.34031,-0.7687022042244865,-0.32855761583826437,-22.386951446533203,11.195562362670898,-5.801885,18.978943,-0.8516550618666671,-0.3918754398219466,-20.953689575195312,9.905027389526367,-1.1075016,13.637375,-0.6287302826777545,-0.5910962844595655,-12.50834846496582,8.89523696899414,0.8083846,12.557483,-0.611280579223408,1.1594656972075388,-7.064424991607666,7.850108623504639,0.42451268,9.382677,-0.6578098978369182,0.14785106721101204,-6.313290596008301,6.444499969482422,-3.858898,10.979646,-1.0094573685835588,0.48800595490045673,-11.309653282165527,4.918257236480713,-4.8418255,11.141244,-0.9238383529740125,0.4706410199080122,-12.101953506469727,3.8445706367492676,-5.2871566,10.021298,-0.7872479258654603,-0.06850309893735007,-12.568683624267578,2.765026569366455,1098.8007855416124,813.4672921078944,3.6828424866012823,15.643915785641028,660.7942051028915,1132.464935830626,2056.0894268774705,1558.8425924033918,1.5779915454789297,2.5140188595957476,796.875,2593.75,0.061334300889328064,0.0990628631821709,4.087778613510871,19.3194116879188,0.0107421875,0.06396484375,715.75354,702.5631,2.390204975491648,6.013622316827366,280.9823913574219,797.4327239990234,0.059367094,0.08036745,1.5851438257903152,2.493151136247681,0.0009409617632627487,0.10617528855800629,0.0,0.10660696770489553,14.61418866121818
361,1,train,-378.0809,91.74682,1.3712211553956957,0.7726120917634836,-437.5176239013672,-317.5729675292969,48.46193,56.50506,1.0315026676004382,-0.040905843545863796,14.995866775512695,83.89797973632812,19.048342,18.466528,0.1635615671149724,4.479971337156673,13.0654776096344,21.188315391540527,11.878836,13.641829,-0.8107276810266985,4.99941989173861,10.39765977859497,15.031793355941772,7.5864635,12.627265,-1.3244703462476368,5.1425292561775535,7.655852317810059,11.848695278167725,2.4743166,13.839016,-1.6395130220126093,3.248337506273435,0.8562793582677841,9.087031602859497,0.07639443,13.047484,-1.7412516512420892,3.275763682252026,-1.7349245846271515,6.770309686660767,1.8570074,9.6348915,-1.7382310408916266,9.695870059802195,1.4357596635818481,5.256958961486816,1.4543457,8.402034,-1.1322569528710509,5.1655093498983735,0.4933469742536545,4.032490968704224,0.44254562,6.6665316,-0.407558949323911,4.74141674798253,-0.847672700881958,2.5956862568855286,-1.7951382,6.9852686,-1.5407737650778377,4.7710147955446205,-2.5471460819244385,1.2168529331684113,-1.7647297,6.4972143,-0.7735459363915447,4.160700028651767,-2.7930076122283936,0.7306080907583237,-2.803324,6.107976,-0.538431378841385,4.103332710268343,-3.840595066547394,-0.0062597692012786865,1737.5973532895587,813.80674835769,1.3047611818897074,5.2697432526550205,1113.2762879131003,2042.2571200239306,3868.692108400587,1809.526774396278,-0.8114772817975079,-0.7629100813443515,2056.640625,4960.9375,0.14072584458684886,0.08608799633881567,3.073512082303625,14.964206087318562,0.1015625,0.158203125,682.0383,552.7142,2.454703648200746,8.355782447342158,319.29125213623047,867.0391693115234,0.045971908,0.08556138,2.4892274168918154,7.692541101099232,0.0007709775672992691,0.05786850955337286,0.0,0.08623919475023786,17.508195565498674
362,1,train,-348.35934,115.03383,0.2705067569355705,-1.085346506563548,-462.3931999206543,-251.00747680664062,90.84264,65.45175,-0.10798852427722062,-1.3928622582411345,22.321335315704346,148.65621948242188,-2.496706,36.085514,-0.4894870419098213,0.24743449798620354,-21.10675883293152,19.050439059734344,3.5412304,21.918095,-0.6770888674223624,0.9569878480833462,-5.53601211309433,15.34340250492096,-5.8327584,16.232882,-0.6048042254956932,0.12215804091465965,-16.491024494171143,5.780426196753979,-14.137289,20.86406,-0.6706331157691046,-0.10992782515463406,-29.459003448486328,3.940704919397831,-7.4368167,14.42355,-0.49640645822907065,-0.33532090296221284,-17.65648126602173,3.469956800341606,-3.8527465,12.574732,-0.2713222411388107,0.12689131677318533,-12.480018377304077,3.5096488893032074,-5.5334764,11.727248,-0.5072063034903911,-0.02382498197975491,-13.125229477882385,2.303615979850292,-3.7049189,9.967382,-0.4869597607549718,1.5535850494949868,-9.76478099822998,1.892113819718361,-4.394431,9.219891,-0.36298930007892505,0.6817872556031883,-10.368734121322632,1.1261258535087109,-6.30414,9.991818,0.10336043370666101,1.6589242720392643,-12.902536153793335,0.5875582098960876,-3.4506657,9.686972,0.7233902293865007,4.154425234246131,-9.17975664138794,0.8781199380755424,1277.8114871236799,697.0085933781393,1.8331985243781426,5.719705840838751,761.1572195542037,1737.0725047548253,2562.175335800439,1697.8195280908953,0.6957457819022355,-0.6807281024911905,1144.53125,4008.7890625,0.12665412412052265,0.0837853507710876,1.4182501711140363,3.4640535360587066,0.06072998046875,0.1842041015625,885.74146,684.0507,2.0898844229361497,7.218159665371962,387.89306640625,1222.5600357055664,0.06569731,0.07474026,1.411642605938086,3.0377893683017407,0.0021123282131156884,0.11176877748221159,0.0,0.08751451689489545,16.388277243489604
368,1,train,-257.81482,48.003994,-0.6073116431340243,6.050759542248674,-283.5630798339844,-235.8415985107422,117.691345,30.179092,-0.41459942018555096,2.715114065985536,99.1385498046875,135.0955810546875,13.334241,12.630565,0.17158463111002553,-0.012637478445730821,4.478519916534424,22.166504859924316,13.730793,12.598721,-0.20966540266679776,0.46004715611798463,5.709168434143066,22.221458435058594,11.795318,10.723487,-0.7882144107881673,1.37764739422785,5.678391218185425,18.799723625183105,12.295364,9.960432,-0.6865553543666569,1.7947750208172248,6.375967025756836,19.052952766418457,-0.6067689,9.027327,-0.04440117178383795,0.40350286806244107,-6.518202304840088,5.380047082901001,5.5465355,8.108816,-0.008670344042482823,-0.027983391769292876,0.15843719244003296,10.928635597229004,0.076437324,7.99977,-0.13608944609834342,-0.14505123000789233,-5.475230932235718,5.804791212081909,-1.3348379,7.361715,0.04788990619362561,-0.2329558066761903,-6.46337366104126,3.5199939012527466,-3.8037553,7.0938344,-0.1611326690100015,0.057841334301462766,-8.525317668914795,1.0625861287117004,-1.2709768,7.1847186,-0.06539189546708575,0.6718006294630161,-6.485806941986084,3.5691466331481934,-3.8199434,7.276479,-0.03729314419970741,-0.2704573121691607,-8.80400037765503,1.421018123626709,1154.755027206558,455.116028336993,0.7022964146308232,0.6055684810131554,762.069163185369,1515.2629230168645,2437.2022894898587,1257.9586123975955,0.4018198565704976,-0.48153752626378665,1265.625,3464.84375,0.0688815688383528,0.04170462643459485,2.7983189155476955,12.552815580704868,0.0390625,0.08740234375,722.98157,533.3209,1.603288974718895,3.8207733991890205,309.33827209472656,998.0628204345703,0.061826114,0.06775431,2.24337864230806,6.753179378260816,0.01397380931302905,0.08627951145172119,0.0,0.12799376668192528,12.210506254866669
369,1,train,-401.00653,79.154205,1.3969597004861736,1.003162599599996,-453.5771255493164,-354.5200500488281,50.95368,43.66053,0.7582942939310858,0.08442800287409691,26.931607246398926,79.43928337097168,19.840172,21.987534,-2.079520835556661,6.364071005616815,22.01454734802246,27.59223985671997,18.247278,14.63852,-0.8475520982267591,4.654331956030673,18.179025650024414,23.145030975341797,10.4601345,15.859419,-1.8353075696022465,3.199362248972789,6.991225600242615,18.909786224365234,7.2033086,15.300311,-1.558960847425878,2.433466259608842,1.6591712832450867,15.559202909469604,4.9543552,12.190553,-1.3342113483466456,1.286918029531476,-1.4322111010551453,12.511673927307129,5.4283667,11.20703,-0.729652032200971,2.105188572778956,3.4234061241149902,10.37624716758728,1.3853844,11.084568,-1.3469925306302855,1.6947217486187345,-2.850654900074005,7.868755340576172,0.8290274,11.902136,-1.3250179841974234,3.267937428423231,-1.1512200236320496,6.403123140335083,-1.1689818,10.923872,-1.3595095416655854,2.0851746528688544,-4.647143840789795,4.883299827575684,-0.15397818,8.553865,-0.9941273043712112,2.4155169915714607,-2.144295334815979,4.091791749000549,-1.9160857,8.382823,-1.2407348208282523,1.5615635758347821,-5.654909133911133,2.972998559474945,1245.020331439419,836.7283060817684,3.4803711793149845,12.492108078490975,973.5105381953107,1144.0024804946734,2381.275343794076,1197.7884176197758,1.3090424776458012,2.939311662564073,1945.3125,2585.9375,0.06203237945169252,0.12282515443445734,3.6630760484959297,13.839139192827854,0.009765625,0.0531005859375,1166.7695,1155.2816,0.9996120305675281,-0.40142951296706686,242.4325180053711,2052.959228515625,0.04716184,0.08812608,2.2010823088926417,4.288685838743795,0.002372803457546979,0.03810121491551399,0.0,0.05336876917675178,23.920745565559734
381,1,train,-364.57556,101.01237,0.6685927325863587,-0.35325070644796974,-451.4543037414551,-298.3001136779785,85.5796,54.44288,0.32553547913745273,-0.4300876936497392,41.94529867172241,125.3264570236206,16.69194,21.589584,-0.09147811449807837,1.9457803552147428,3.9932518005371094,27.887839317321777,14.043528,16.907196,-0.6640817481181405,3.3972431745467944,7.104495167732239,22.140706539154053,5.786378,14.904611,-1.4017515584623808,4.427845609902536,0.06999099254608154,14.102745771408081,2.7682772,14.810522,-0.6857930089393672,1.6668713186598108,-4.768019139766693,10.912771463394165,-4.359914,14.69463,-0.9438182312128148,0.6043749644481318,-13.566093683242798,6.1464943289756775,0.9354165,10.583143,-0.4131493583413738,1.1008759716585244,-5.1988421976566315,6.765677213668823,-0.30909154,9.544489,-0.5037407211842102,1.1606414233724225,-5.319320857524872,5.479421973228455,-2.9072125,8.711217,-0.669459979055796,0.5081840171395624,-8.0747689306736,2.6078724563121796,-3.3904195,8.532283,-0.7658869511357987,2.0639762816299614,-7.612417668104172,1.758116215467453,-2.8426445,7.627955,0.09716035232390524,2.700121184888905,-6.91495281457901,1.5367798134684563,-2.9240406,7.9257154,-0.8600354670880611,3.0773750185527353,-7.235602825880051,1.7228873670101166,1359.3203430077929,648.2579918961071,1.611734560373343,5.277368847839883,893.0769980121643,1611.9541104091272,2937.677021637245,1495.6664968620396,0.19940030275615162,-0.027268217373773496,1652.34375,3819.3359375,0.149575862161461,0.09073869168127383,1.4109092666758478,5.782970634187798,0.074462890625,0.1953125,735.2599,743.18494,2.8286454549441733,9.488942273366376,287.8613395690918,890.9591217041016,0.05471978,0.082331136,1.9699511096508187,4.045232217806156,0.002719922340475023,0.07601445959880948,0.0,0.10334349011518917,15.340859830781405
450,1,train,-358.8874,120.3902,0.6896523829505842,-0.8801387966555265,-462.15450286865234,-257.2053909301758,70.67459,64.581856,0.48892324424887934,-1.279849887682839,15.39273452758789,134.22763061523438,1.2160661,27.21501,-0.512247410383566,1.3409032407128263,-6.798703134059906,14.4570951461792,10.634238,24.027386,0.7189427398589309,1.0348632087438294,-0.6041214466094971,20.917866706848145,-4.73531,20.584412,-0.8914779397641115,1.03039274053603,-14.672705888748169,6.415877819061279,-4.922824,16.566689,-0.736129152493831,1.0398141181900056,-13.530548095703125,4.339936137199402,-3.785255,13.699934,-0.8644874474962134,1.1761425101974552,-10.49914264678955,3.760268449783325,-4.304983,13.319441,-0.8192525877917687,0.7663717715483624,-12.338904619216919,4.239271402359009,-2.1688352,12.802312,-0.704789071180093,1.3029483715411163,-8.36409080028534,4.635449171066284,-1.485179,10.620187,-0.6014830891584082,1.3916165664321218,-6.216989874839783,4.0095866322517395,-2.5993674,10.304134,-0.8249625547324322,1.4036288597358069,-7.498415589332581,3.0735316276550293,-3.33156,9.171018,-0.6572515584972284,0.8447177839964508,-8.180571436882019,1.9610912799835205,-1.6506497,8.494683,-0.2732341464731508,1.055538652167269,-6.009357929229736,2.544911205768585,1546.9364448923393,713.5026298814445,0.7946947240135003,1.7471046447978835,896.2927855940217,2018.5437771127467,3116.7143588885965,1597.4151218363572,0.26873646434158227,-0.04043544298475377,1527.34375,4308.59375,0.12033628586411153,0.0701116875037879,1.3569577975322087,4.072925931029519,0.062255859375,0.158447265625,1162.2461,900.86414,1.210271606649767,0.8184025850358028,469.39262771606445,1609.0877227783203,0.05567444,0.08272122,1.7673438980785314,2.8588328369032356,0.0009317405128967948,0.09027273952960968,0.0,0.09064215649170132,14.084879643901804
458,1,train,-334.37344,128.68422,0.08450074326650635,-1.0165222269929954,-496.57232666015625,-233.0549430847168,89.524864,73.07299,-0.10645363085697279,-1.3831891741346833,4.006587028503418,154.60393142700195,8.770957,28.546362,0.16477826855817757,-7.696650525801374e-05,-4.415798306465149,27.115757942199707,14.562723,27.570805,0.4530665962534916,0.18023014061585219,0.7659181207418442,32.56430912017822,-5.3529735,20.186441,-0.9087525347298744,0.8047783113534606,-16.116907596588135,5.557980179786682,-14.632529,18.83847,-0.4983752524209168,-0.5765783733508094,-27.855225563049316,1.4543757140636444,-11.067442,15.707434,-0.6315053594991189,-0.3832487806089713,-22.55440330505371,1.4232038855552673,-3.6727886,10.278572,-0.28310188855307855,0.22668750743827726,-10.543893098831177,1.9988680183887482,-10.7748165,13.925064,-0.23277623628679595,-0.28919672154299203,-21.126084327697754,0.8434312343597412,-6.370033,11.367121,-0.38812072426812466,0.03437117278015567,-14.772233963012695,1.0137787759304047,-0.47728655,9.642267,0.3158260332377177,0.4809623156269045,-6.645296096801758,3.325443923473358,-7.045351,9.545181,-0.5654244099012136,-0.27771830722029467,-13.823413610458374,0.34930046647787094,-8.433833,9.887798,-0.6516277374402059,-0.17746962632833707,-14.99795389175415,-0.01810339093208313,1316.1733435940075,805.1994272986195,1.748771359364548,3.942986805209064,710.1269651531237,1785.3790492508247,2692.31678158363,1765.4857934089744,0.4542935419754547,-1.0577265866624572,1093.75,4470.703125,0.10216676976757118,0.0845212107460138,3.06533739804007,12.139650144800097,0.05322265625,0.1181640625,962.4948,958.7072,1.700993828389513,1.8426720539461705,349.19480895996094,1086.7327270507812,0.06751984,0.073057875,1.517257545848209,3.3087449682413217,0.00044837162568001077,0.10835940763354301,0.0,0.11366560133672615,13.677145942525176
461,1,train,-351.61197,137.72957,0.8985045661137583,-0.48577906039728624,-462.62877655029297,-237.1225700378418,59.91544,57.503124,0.5993130918106269,0.031208217930518867,25.983600616455078,104.57326698303223,13.201394,25.625792,-0.7049571406252708,1.8145782645642017,5.4573729038238525,22.594746589660645,17.418657,19.334446,0.4398039679396651,2.6357505272329034,11.485114097595215,22.310753345489502,3.662297,18.44083,-1.157433364848804,1.7908797655101623,-1.8691480457782745,12.436362266540527,2.9003115,16.908932,-1.0008146052784612,2.4389176657440883,-0.45703739672899246,9.70730447769165,1.1847895,13.710816,-1.0716451625946528,2.61385826586812,-1.6085539758205414,6.566548109054565,4.980269,11.512314,0.6050813850211809,2.867461965567209,0.16870368272066116,8.516123294830322,-0.00050658826,11.514142,-0.3653055873857039,3.2591777805118944,-2.70910781621933,3.7114251255989075,-4.54889,11.970343,-1.0681611770124464,2.016842396396366,-8.370280504226685,1.3484205901622772,-7.10597,13.302496,-1.404764089955668,2.6058294564728364,-12.297178983688354,0.3284663185477257,-1.0593696,8.711508,-0.0874524146482049,2.920625195427708,-3.843297839164734,1.9364798665046692,0.3637719,8.716011,0.08027492076972484,3.3851646536572213,-2.5295711159706116,3.124356508255005,1845.5398099749627,844.4292084150962,1.1045425838060605,3.0083569962147987,1161.5571368054261,2125.5306168272837,3870.5636648223644,1614.2466273637708,-0.6693085510394107,-0.7317376878039714,2376.953125,4929.6875,0.14362677794663659,0.09306210907620956,2.54546002475368,9.668307313823478,0.0889892578125,0.1600341796875,1215.3038,857.0085,1.0409890893923357,0.6763279445886354,519.9606323242188,1706.2617797851562,0.052866634,0.08192807,2.011885197691888,5.039938480263377,0.0007835123979020864,0.09059570543467999,0.0,0.11248516641889489,9.940159214798646
465,1,train,-215.75351,59.697693,1.9686914824891897,7.160706546258464,-252.68700408935547,-192.4192352294922,69.27449,24.800968,0.467637260052186,1.5649026063825895,54.72870635986328,81.43715286254883,13.608263,13.294877,-0.8112472773908813,2.6534102754933695,7.786085605621338,20.774770736694336,13.426462,13.98885,0.084031516507392,1.869991988479586,6.315385580062866,20.245654106140137,1.5353794,13.022104,-1.104076806206981,1.462888083926961,-3.5280317068099976,10.168285369873047,6.6030574,10.333949,-0.550352985831419,1.2429105537640828,1.1708219051361084,13.276166439056396,-8.473115,12.649705,-1.0637769339007959,1.544271686068452,-14.708287715911865,-0.05213811993598938,1.8548721,8.501603,-0.33387535998319884,0.33221817945020504,-3.577226161956787,7.761440992355347,-5.633581,8.493885,-0.17229102338352714,0.25037162700067883,-11.172831535339355,0.36224235594272614,1.1898743,7.78525,-0.2831091860085049,0.3440911202239265,-3.630552887916565,6.540629863739014,-2.3279445,8.004969,-0.449221318225935,0.7899929445205589,-7.266844749450684,3.1433461904525757,-0.55271864,7.8565516,-0.19970339285811242,0.42645853467418027,-5.673447608947754,4.715000152587891,-3.0109315,8.008478,-0.3039760656379425,0.46965524171734074,-7.874859094619751,2.457001566886902,2164.504331642084,522.088015471421,-0.2536740948729797,0.16878127883280092,1780.9005291112396,2505.342552661335,4750.762564641241,1092.7868517979819,-1.4276957954122078,1.1492464812907075,4394.53125,5468.75,0.16504316570378152,0.0650040132819439,-0.023554445274818907,0.3744667451176009,0.115234375,0.2119140625,1353.3738,1011.2598,0.8891229522215774,-0.19039797953575022,517.1351013183594,1976.6152954101562,0.044546463,0.07076674,4.916059303622154,36.662820635213656,0.011289164889603853,0.052744798362255096,0.0,0.17404424071528146,8.332559653201887
466,1,train,-369.15152,106.58029,0.8386262506436375,-0.5599120640113819,-458.2752227783203,-275.8211669921875,65.450935,60.028908,0.524597873834689,-1.0371700184041561,16.09328317642212,124.4390230178833,11.5081625,21.80985,-0.22458919125434756,1.5773771303638409,4.3619100749492645,20.386022090911865,5.724616,17.923532,-0.35939029303316306,2.1868578956124853,-0.5774939060211182,12.959485650062561,1.0768554,13.600265,-1.1814726418405859,3.5609335786663006,-3.0764679610729218,7.28435093164444,-1.1428828,15.408537,-1.0946004212170524,2.197342744536133,-6.299782454967499,6.04150253534317,-2.0622509,13.64977,-1.1485243540711707,1.8218179132675423,-7.5099236369133,5.176079094409943,2.2251172,11.112442,0.044860108829476456,3.1011719851645414,-1.870629906654358,5.843498945236206,-1.5353603,11.697619,-1.013385541252033,2.124897846786858,-5.769731760025024,4.21431764960289,0.24648178,8.658546,-0.18367207131373958,2.4392044313366594,-3.3337753415107727,3.844731777906418,-2.0230496,9.265909,-0.7622190540287821,1.9057315279751785,-5.923841297626495,2.676564335823059,-2.8269787,9.416803,-0.5804404459695066,1.43075106534027,-7.232088565826416,1.9055778533220291,-2.5062582,7.928052,-0.3187645367692049,1.6617743290405063,-6.284569978713989,1.2310857772827148,1574.958636831592,777.6616425780293,1.531320775655112,6.2036177161987425,884.0193943093566,1990.2694843031031,3164.2590183934326,1690.0996430623659,0.29205016604240785,-0.028368698996879216,1457.03125,4364.2578125,0.12264629681037884,0.0809691580061471,3.0173419274569016,16.549100262505455,0.06689453125,0.148681640625,857.5606,670.1666,1.8150087476551753,4.175300770013708,389.11914443969727,1098.5463562011719,0.049466345,0.08487336,2.395436176863275,6.53407397723458,0.0006411384019884281,0.06534609198570251,0.0,0.07744487384244869,16.560476017387433
468,1,val,-402.21622,100.84361,1.9243533666697599,2.5876010314153692,-453.7654724121094,-430.1661911010742,35.565975,58.893673,1.646839412779084,1.1888165930061563,5.683399081230164,16.860970497131348,6.7415667,17.923706,-0.7289340961010354,8.831463930000576,5.055011510848999,7.7098246812820435,10.438303,17.794176,2.0518434043287312,7.435314503654277,5.016031742095947,7.6583486795425415,5.727119,11.194918,-0.5247240411848845,7.922933567958264,4.6023029088974,6.678906083106995,1.728833,11.480898,-1.6802747217904026,5.2462826027987095,3.8176557421684265,5.6429443359375,0.28620696,11.087312,-2.3842953302203416,6.353287290507241,2.9855847358703613,5.004505515098572,1.1719574,8.610401,-2.132566752561214,6.749655512223848,2.7305582761764526,4.531063556671143,1.0206618,8.221268,-1.6466082363405878,5.897797103228422,2.1963080167770386,4.060959339141846,2.0068133,6.819586,-1.0537151397791464,7.983482110068673,2.0822452306747437,3.7627921104431152,1.2282188,6.0518675,-2.616935684444229,14.189034032730362,1.4961429238319397,3.3091684579849243,0.86142296,5.327306,-1.82256398946212,7.1499079178855,1.0485804677009583,2.934984803199768,1.6610686,5.7622905,0.5208836056278076,9.82209127498575,1.022557258605957,2.80959290266037,2047.8832287120922,698.591429402937,-1.1608065781646053,0.30283041832213886,2035.7688114937407,2446.984723514888,4579.509615384615,1776.3013977240978,-1.3747075790018013,0.1503239365517106,4621.09375,5648.4375,0.20504822716346155,0.07697021524110616,-0.994259786549031,0.6349137072084887,0.19775390625,0.25048828125,812.5676,908.31433,1.679316848470882,1.712023478255869,237.39141082763672,964.3344421386719,0.03734583,0.09011319,2.8978048605131344,8.422451942098538,0.0005215618730289862,0.004309543874114752,0.0,0.12071691088064561,13.110383006476694
470,1,val,-375.16653,96.16022,0.560453020918974,-0.8599327948199513,-468.1582946777344,-299.95233154296875,92.6071,69.808975,0.20918299616964023,-1.4342638220868396,21.79330825805664,156.50584411621094,26.635006,24.658321,-0.16588744641239156,0.5732566123402623,10.397157669067383,44.31324768066406,14.643,21.99506,-0.009317791391472123,1.1670493983369772,4.949944972991943,26.5277099609375,3.4873188,16.5892,-0.7740763370326958,0.5734792949419152,-5.5791401863098145,13.741525650024414,-3.6274972,17.249168,-0.6710639665389857,-0.2334223006863798,-15.883737564086914,8.609421730041504,-4.533899,16.509983,-0.6912624156829082,-0.032319763052294004,-15.307989120483398,7.598526954650879,-2.9089196,12.9475565,-0.4664423662527084,-0.4085697709892324,-12.665221214294434,6.628872871398926,-1.6259931,12.224537,-0.40485232562802687,-0.3335651620985485,-10.412605285644531,6.512753486633301,-2.576516,11.489957,-0.5766010503422502,0.303778797476534,-9.94222354888916,5.284584045410156,-2.1458073,9.832372,-0.2822969092565668,-0.06658775253326343,-9.135074615478516,4.478907585144043,-2.201262,9.050044,-0.3309369840314105,-0.3719965566376935,-9.102250099182129,4.06372594833374,-3.1396146,9.495814,-0.3784444127765774,-0.07856293069847009,-9.70345401763916,3.412958860397339,862.1569956190276,461.48143814538685,2.59089240907881,9.943166632970486,548.9229805496369,1017.6596122173524,1540.447578092022,1212.0583470702206,1.7079389326553185,3.2351762657441245,648.4375,2031.25,0.059490959067644573,0.04595123388247096,3.5160759770297205,18.473923223052726,0.03515625,0.06689453125,756.5497,785.4782,2.264398107913505,4.742729354002696,291.36348724365234,790.6052551269531,0.05998472,0.07991109,1.6035365627059868,2.282895516800389,0.0016826719511300325,0.09458620101213455,0.0,0.09189003455490564,15.5992285990091
471,1,train,-383.78323,89.937584,1.7513237654674896,1.9763850523872257,-433.51175689697266,-384.78392791748047,67.74949,39.638092,0.9738703357039608,3.5430527015398683,51.51399612426758,60.58233070373535,21.945864,15.327225,1.3060094358703687,4.144551431246785,14.891340017318726,21.88367509841919,9.931022,11.868157,1.3390158059856312,7.092123781871109,5.100115656852722,11.434314250946045,9.51113,12.420376,-2.6887415663451146,13.025808460210936,8.098974466323853,13.649557113647461,10.081041,9.875885,-0.9671650201115463,8.595237768243367,8.031702518463135,13.562082052230835,1.6639234,11.360078,-1.5124864888047043,3.8524284410801615,1.1497582495212555,7.424750328063965,-0.006673484,9.853344,-1.588160879565817,4.87615740790832,-0.7944988906383514,4.6320720911026,0.40800378,7.951593,-1.2464810188920745,2.369268601612423,-0.898078590631485,4.452578544616699,1.016391,6.78113,-0.34414172291326794,6.193568630856651,-1.2164585888385773,3.9262189865112305,-0.0010278339,6.258241,-1.5483937003731878,7.842295980172027,-1.7547053694725037,2.8409847021102905,0.49579632,5.426599,0.41562192459482933,4.603651787076991,-1.8784070312976837,2.7353727221488953,-0.44039857,5.2075233,-0.005787393756120129,4.0923130614418355,-2.7423596382141113,2.196259021759033,2185.5191046679256,724.015261639582,-1.2146250581900098,0.8891078828755008,2251.7733140991945,2554.8083676002743,4797.381494227354,1751.2094173211117,-1.7397099832748264,1.30399128826323,5257.8125,5703.125,0.17314817384547068,0.06492836387688093,-0.17584694482935984,3.203422114840145,0.1632080078125,0.2041015625,1186.2603,856.4491,1.2344279571904313,1.1759399121285954,527.583984375,1567.5757446289062,0.040092286,0.08886846,2.599837354717085,6.392596057213078,0.0014855661138426512,0.006955540738999844,0.0,0.13246193151140137,13.11690467042901
472,1,train,-402.4052,98.05837,1.7102156282448449,1.713704459378584,-457.4477233886719,-402.87451171875,44.969807,48.725178,1.6838425642328267,2.016267261013957,19.92034912109375,37.75679016113281,19.361853,18.073105,-1.0368400745761297,9.131949725115147,16.625221252441406,22.607410430908203,14.145123,13.155142,-0.49933904745150537,7.232612580741817,12.892184257507324,16.902297973632812,4.1806855,16.13953,-2.0842266042637156,4.785191819246175,4.574163436889648,12.171579360961914,2.2427685,14.176512,-1.7587918855587954,3.546786660205984,2.183346748352051,9.119840621948242,-0.6159826,13.586591,-1.9775030439180354,4.001537912117264,-0.6370651125907898,6.3633222579956055,1.5772307,9.601255,-0.06437811496884692,8.97899356994719,0.2666405737400055,4.748952388763428,-0.5560831,9.633359,-1.4502533616250408,5.208218337206841,-1.2365473508834839,3.256836414337158,-1.1771204,7.5783763,-0.9026499678201735,4.045798331219942,-2.5868546962738037,2.150191068649292,-1.4782116,7.4115925,-0.8255537066076588,3.699929790509521,-2.8899500370025635,1.4378576278686523,-1.1605439,7.3776135,0.0004595348231185879,5.569021351349464,-2.9069528579711914,1.063732624053955,-2.953581,6.6489882,-1.2563172661081945,5.519831564864884,-3.8207507133483887,0.04009116441011429,1647.6898290805543,612.3247134467548,1.4381375579517932,7.023487331193124,1515.3720849403244,1807.3409017954916,3811.206723923104,1385.1111848378,-1.1621247232172314,0.6432944753606669,3625.0,4539.0625,0.114562010501958,0.06838780337892188,3.5873619690041045,17.408196482206545,0.0859375,0.1181640625,782.6738,636.71735,2.2622844473670365,6.315726120758864,365.9279479980469,962.0591430664062,0.03846799,0.08982383,2.9131994891243598,9.034544212471149,0.0007078942726366222,0.0062905894592404366,0.0,0.0997978083641696,14.285360164818622
474,1,train,-301.3045,74.67365,1.1515613713839408,0.2511307149873092,-352.0960998535156,-253.08914184570312,80.404205,34.29323,0.7510903873499765,0.8100125876042177,60.797231674194336,94.85200881958008,20.46019,17.871937,-1.329652031981648,6.021190312200405,14.137975692749023,29.419540405273438,15.888488,16.330814,0.13843344835077895,1.9236039788877912,7.655023813247681,23.528804779052734,7.170749,12.830472,-0.9927738819606614,3.9036076703740195,0.8745613098144531,14.666028022766113,5.9621468,11.713756,-0.7450667960279237,1.6201601103483654,0.17778077721595764,13.234683513641357,-4.533188,13.846499,-1.0763279029654937,1.4243200536874605,-11.087053775787354,4.799279451370239,4.476212,10.451642,-0.5382946336302327,0.7710312678225981,-1.3869263529777527,11.376471042633057,-0.1615755,10.225363,-0.3819859789915661,0.24363355505403517,-6.470810890197754,6.715001344680786,-1.2691265,11.500069,-0.6223281407636027,0.29411622098041734,-8.125991344451904,6.957845687866211,-0.34507632,8.832245,-0.21659141713712735,0.05927402647424973,-5.843352556228638,5.9548351764678955,-0.58517873,8.469252,-0.14122395712853206,-0.19662921037382564,-6.147089958190918,5.270007371902466,-2.292052,8.299011,-0.24069339736693676,-0.09899203994540251,-7.670440196990967,3.5592875480651855,1733.3814683888172,611.5662972881853,0.2997926100480851,1.4335314876506828,1341.2804946636975,2101.9391071027094,4000.5354458917836,1486.209077471001,-0.9296384179589229,-0.39661444333377505,3195.3125,4996.09375,0.12268854114478958,0.063067811447933,1.2538897792682324,5.509810146411059,0.08349609375,0.1552734375,1120.8265,939.74963,1.225510876376205,0.6682379708649773,392.9989929199219,1622.19091796875,0.046568796,0.07983249,2.6906055336721417,8.934089606712707,0.005762227810919285,0.051626650616526604,0.0,0.11755362763759052,12.744271416740121
476,1,train,-354.25418,105.50007,0.6306857910684492,-0.6631878138514233,-456.8245086669922,-269.0056610107422,76.44097,64.490616,0.3633305231583843,-1.3246104617983918,15.575780868530273,135.65834045410156,14.635722,28.903723,-0.6046506656025485,1.6910263648299972,6.8315945863723755,27.62624168395996,3.1980588,22.378304,-1.0688596708347016,1.1060154510419027,-7.5828715562820435,15.04179859161377,3.407456,16.127575,-1.1967849043760772,1.9092290180081655,-4.746387481689453,12.779302597045898,-8.184866,22.384434,-0.7501768627866802,-0.40507563804464786,-24.669174671173096,10.804292440414429,-6.442741,18.373228,-0.7404293780530493,-0.42335459273320764,-20.401584148406982,9.439496994018555,-0.03920945,13.072339,-0.49506343452706286,0.18749657482049864,-9.304792881011963,8.427679061889648,-1.2308168,12.821805,-0.7196809501540998,0.24998888999382407,-9.714104413986206,7.17878270149231,-0.41851175,9.847785,-0.4332740303656906,0.4847701472440189,-7.441931486129761,5.879926323890686,-1.3371195,9.470356,-0.692869103127526,0.7715471675172849,-7.223337769508362,4.663610458374023,-0.062429104,8.741439,-0.8621942383221016,2.3878458981403154,-4.216437816619873,4.088855028152466,-0.47311503,9.077498,-0.08632398359072047,5.049792893207519,-4.859475135803223,3.215841770172119,1177.8668789482417,798.7078010838449,3.267721914941251,12.08032118666018,769.069678412443,1143.7124145407115,2181.6338196864112,1513.5413478327744,1.725403121497463,2.9520529377279896,1085.9375,2414.0625,0.0708420384636324,0.0948624997645155,3.2784540738667918,13.32497115849366,0.0126953125,0.07763671875,901.73395,759.1885,1.6247614326225581,2.57316402045911,373.08441162109375,1194.7373046875,0.055988796,0.081467584,2.2126628900063787,6.16758634791951,0.0011804852401837707,0.08546195179224014,0.0,0.1258095214191664,13.999323493067122
488,1,train,-298.40552,104.1275,0.7036024781850586,-0.6135602191103057,-390.85152435302734,-214.80831146240234,80.69415,43.678604,0.09993597733297711,0.5528853698818909,49.19445013999939,113.75619602203369,-8.180174,27.574932,-0.9272785553537756,1.9419463898618545,-15.754801750183105,3.7035439014434814,15.416372,20.157784,-0.5372982547880506,1.4525500140582008,6.5157917737960815,24.04102659225464,-4.6094995,17.848217,-1.0337696167403991,0.5269911698362613,-15.508956551551819,8.52219170331955,-0.3018136,15.6722975,-0.7684601051997423,0.46141456054182584,-9.614389285445213,10.74624490737915,-8.099184,15.744522,-0.7532606648138915,0.1932352854735726,-18.554080724716187,4.1182150691747665,-1.9580319,11.452878,-0.394171408492941,0.2467633528540012,-9.456104159355164,5.4769216775894165,-0.6752645,11.612201,-0.7184524682067299,0.8699534303432575,-7.331621289253235,6.523771345615387,1.1009402,9.615162,-0.44364380938335884,0.18302500428187773,-5.2556212246418,7.81819075345993,-1.2215033,9.982102,-0.7394342309967087,0.2954918609121535,-7.482718646526337,5.585726261138916,-2.3892114,9.611803,-0.6226244854807301,0.4272589895050165,-8.395653486251831,3.5801693499088287,-1.7838585,7.990064,-0.6749480525138636,1.0812863677707367,-5.63171711564064,2.40160059183836,1459.9344201887814,616.2575407639138,1.988243751546384,5.685981888600378,1141.2773701298077,1506.8065997274082,2902.617508530623,1174.717307323005,0.5961863893693271,1.0641390114406224,2064.453125,3350.5859375,0.09348910017780568,0.07410449472503253,2.4540347646996614,8.370381582623626,0.045654296875,0.10693359375,1202.5457,955.7595,1.0874851439121285,0.33003802142260086,463.20758056640625,1698.5402069091797,0.058055498,0.081229836,1.9300200429664427,3.5773658492021267,0.005055026485933922,0.08292562700808048,0.0,0.13062722988276892,12.045625756918179
492,1,train,-359.23428,119.34393,0.3333483573393483,-1.1856898014022605,-487.33241271972656,-261.9790954589844,75.99064,75.422806,0.23561850606849433,-1.5699125079580516,0.29144930839538574,152.91946411132812,8.674594,28.879595,0.22454589319359577,0.7035139313031178,0.0,24.262895584106445,1.2712997,21.71665,0.08097429735343024,1.1847414955772164,-5.717060327529907,8.977293968200684,-5.321804,15.423514,-0.49934108529331017,1.122393878030059,-13.3910231590271,0.48835165798664093,-12.084259,16.277554,-0.7087087707493127,0.14989782331852952,-22.71800994873047,0.08252187818288803,-14.003956,15.803022,-0.49163883478176074,-0.741256377202292,-26.405948638916016,0.026522312313318253,-8.472819,12.128192,-0.5237342816628692,0.2224935901049152,-17.118513107299805,0.07743768766522408,-9.242062,11.871495,-0.7574357325976806,0.16635924536421198,-17.6820125579834,0.049264347180724144,-3.4990044,9.6319065,-0.43867112044321116,1.4538976547891203,-8.903284549713135,0.27823445200920105,-5.93686,9.656476,-0.8404252301441616,0.6546123466052203,-11.930876731872559,0.12211968004703522,-2.8149877,8.271671,-0.21775205701691125,2.11030356054897,-7.605265140533447,0.22302493453025818,-1.6611927,8.798354,-0.12817475439544251,3.1454665235290333,-5.887499809265137,0.8218443095684052,1514.7170920862775,942.824507289849,1.3022972894557985,2.072749929338862,705.7910094674762,2025.4080899166524,3048.004035702084,2016.9560034654523,0.13586942730667026,-1.562238041251009,992.1875,4949.21875,0.12138685220575675,0.09528919975583118,2.6463171589454237,8.743711468634494,0.0576171875,0.14208984375,886.285,820.65063,1.8408019970737646,2.7917782938432874,360.0630416870117,1025.5721435546875,0.05846463,0.08110359,1.6180156448670675,2.218111047531151,0.00013133033644407988,0.09610025957226753,0.0,0.10779212203042562,13.681134014518836
493,1,val,-336.7721,118.659836,0.35271856605738494,-0.8957616607778849,-462.84701919555664,-242.41070556640625,83.669235,61.424583,0.0784073696864698,-0.8033155895979398,28.52544856071472,136.60104846954346,15.919052,27.479486,-0.7309633084377521,1.4069983032024027,4.397163808345795,30.56340789794922,13.179184,24.304626,-0.023867154595806184,1.2056703319278739,1.28679358959198,24.919530153274536,1.0729449,18.722172,-1.0995294278949368,1.5284068798579233,-7.02197602391243,11.873417019844055,-4.1548133,18.636013,-0.8176866663668598,0.33900166976956836,-15.167222499847412,7.740370869636536,-5.9670067,16.838505,-0.6911535366198351,0.18879280933944842,-16.751837372779846,5.192683756351471,3.136609,13.629383,0.25640246286550256,1.5409941613660143,-3.379146933555603,9.307583689689636,-2.7858353,13.741091,-0.7459808141782216,1.1142207656609306,-9.557693719863892,4.621190190315247,-0.08772349,10.179712,-0.16492962914914422,0.900862083898119,-5.4925470650196075,5.3774847984313965,-3.27875,9.258388,-0.07317699950376143,0.7631960642036237,-8.76827421784401,2.1590102314949036,-3.9554229,10.358738,-0.33453080374549005,0.8694156944946234,-9.288755536079407,1.7151244282722473,-3.9174368,8.788206,-0.2425081735181605,1.0955569176500832,-8.741147518157959,0.7213069796562195,1413.3782668081037,871.8771922679464,1.91693999964478,4.386313414896127,807.7969660121025,1638.7067067409926,2850.811168796863,1692.140989536295,0.4351083405138936,-0.6512604041686344,1342.7734375,3968.75,0.1051417794020581,0.09255267747397525,2.8956913625284595,9.865883812622728,0.055419921875,0.108642578125,943.2283,823.5458,1.752680137713137,2.6988139088579484,384.1499481201172,1131.9951477050781,0.0627145,0.07664033,1.704132717655575,3.900233566744334,0.0014700285828439519,0.10164328198879957,0.0,0.11100046447129056,13.855927631579224
497,1,val,-267.6919,98.47794,0.029049249695918725,-0.010017243441022616,-367.5973205566406,-181.21670150756836,89.8568,49.371304,-0.4783474822978467,0.2143556947093196,51.93132209777832,130.81909561157227,0.58119583,27.422218,-0.48151122915404587,0.4392989062981345,-15.729435443878174,15.692938327789307,13.685614,22.64539,-0.2726783944771391,0.14604085791258714,-1.1351604461669922,28.39857006072998,-6.0895295,17.521776,-0.8460590647369985,0.5154724906801382,-17.276010036468506,6.445130348205566,-2.3052313,15.275402,-0.6735897067035396,0.30157804878004635,-11.863279342651367,8.576494216918945,-7.1232023,12.586167,-0.6193694044836865,0.9540952479320668,-15.06942892074585,1.6554419994354248,-1.9957421,10.885617,-0.33552896705646207,0.7680237043112912,-8.75621247291565,4.2904505133628845,-4.117405,10.223137,-0.4788967324177845,0.7290401652793934,-10.091493606567383,2.3818278312683105,3.88142,8.034219,-0.23300481952747998,0.6674875820150024,-0.6051863431930542,8.397021532058716,-2.7758067,8.30707,-0.2688388895347321,0.8756009589514473,-8.18217933177948,2.445339173078537,-1.0449725,7.7552285,-0.10005608026505128,1.1102453018308993,-5.537142276763916,3.3314719796180725,-4.1264405,7.317825,-0.1664706517634688,1.4819327434707856,-8.57507312297821,0.09676864743232727,1528.698902484254,735.7824148000138,2.571976251998581,7.893108376630145,1166.007413668417,1520.608711841083,2890.0775245568375,1296.523882125428,1.26985078747218,1.9602974716904227,2099.609375,3066.40625,0.106711561158889,0.08813955763404846,2.8845572163200544,10.658769570465939,0.056640625,0.114990234375,1088.1143,870.9373,1.4302341149666173,2.0992837333876126,411.6008186340332,1553.5836334228516,0.06949556,0.070951685,1.097580005759168,0.6824500006277479,0.008740770572330803,0.11797936446964741,0.0,0.10831489487906207,12.445041402087547
504,1,train,-348.67603,114.625984,-0.33804921925470144,-1.224197928465929,-492.3963623046875,-256.31957244873047,109.42745,77.55347,-0.5465496409945872,-1.3375098139807657,2.2668267488479614,173.66925811767578,11.282765,29.5599,0.22056253218424204,0.08116239304979755,-0.13409113138914108,32.03187561035156,4.35586,24.50657,0.3115901860599126,0.5107159869431328,-9.435014009475708,19.474324703216553,-3.7930024,16.615528,-0.573523096767447,0.9213960603946902,-12.154869556427002,4.550264477729797,-10.616658,16.153427,-0.44253622242846063,0.12915102626715358,-21.254894256591797,0.0,-16.099733,16.463062,-0.45763975778892496,-0.4818601826121718,-27.70270538330078,0.0,-8.567461,11.74813,-0.29300885681395644,-0.3416712004411262,-17.508658409118652,0.0,-4.543282,11.69261,-0.340886213543614,0.3104844481264757,-12.12659502029419,0.361291266977787,-3.8052435,10.559998,-0.3761298304857998,0.9086981481803527,-10.121450185775757,0.6866183876991272,-3.9428797,9.46297,-0.23801391200908772,0.4989685720970689,-9.756309509277344,0.11021637916564941,-3.7187026,7.837369,-0.4865521559540025,0.7230715523035594,-8.435085535049438,0.0666415486484766,-0.9191626,8.082754,-0.2903867135751155,0.9362394866975028,-5.0553810596466064,2.978606402873993,1275.3176535871394,949.9012719614069,1.1666465073790198,0.324887643325269,600.6163999530256,2320.251056750113,2414.965160472973,2128.714728035922,0.7714397233491428,-1.2291796951567697,757.8125,5345.703125,0.10387919657939189,0.08794613063869902,1.9818500837960549,4.839326984692105,0.04638671875,0.1640625,934.57294,969.6992,1.7822290661127378,2.0392518320130506,338.1461715698242,976.2410583496094,0.07327813,0.06800484,0.9199605146682706,0.888564388747692,0.00206019205506891,0.11008904501795769,0.0,0.0915635069347007,16.018590376738864
506,1,train,-353.9969,88.77258,2.041442870259357,3.308630690298103,-401.1141357421875,-366.90106201171875,66.8463,29.903639,0.07076577348434808,6.199025050809709,56.964521408081055,68.60483932495117,22.17114,20.241924,-2.7949919658107287,9.747823446927553,23.368281364440918,30.444676399230957,11.988346,14.642255,0.9588369268637774,7.406490074436485,7.122225761413574,13.518815994262695,3.9048836,12.768234,-2.2023189296751324,8.58627601079927,3.276384472846985,8.859961032867432,4.145569,11.465959,-1.738799956806317,5.76849499387947,3.2788195610046387,9.412374496459961,1.7273134,10.967083,-2.269935053933481,8.488875598142975,0.5659409761428833,6.967210054397583,0.60930675,8.775835,-0.8057906674056117,5.438059262132887,-1.5306265950202942,4.575332164764404,-1.2896241,9.769653,-1.3204724826799632,4.493505930570307,-2.8271830081939697,3.2389614582061768,-0.63259673,7.4427376,-0.4263505238699293,5.445210962888549,-2.6955267190933228,2.5460431575775146,-1.7191408,6.8560123,-0.5870520498325456,3.9666568013687424,-3.7329286336898804,1.6367207169532776,-2.3201237,7.136538,-0.859718130043261,5.338857672615962,-4.279506206512451,0.9601352512836456,-2.3145688,6.3742394,-0.36359880949321216,7.054086883401656,-4.3880455493927,0.5195181369781494,1730.9403882705728,540.0753282966919,2.1654378563858865,12.306097826611003,1594.0522634229774,1854.213755884068,3985.0366449511403,1138.2509006946925,-1.1791279312893204,1.631151327944817,3828.125,4570.3125,0.12304581467155266,0.05907054250170109,4.0824120409066795,25.705086859959618,0.10107421875,0.13134765625,851.9153,694.40924,2.095870665100371,4.979028682245585,387.1932067871094,1050.8343505859375,0.035757817,0.08499074,3.380160453083119,12.784897239088407,0.002250275225378573,0.00808754749596119,0.0,0.13262210849312175,11.287354524234459
508,1,val,-324.57654,127.3486,0.004099284261745072,-1.2247522190064488,-452.19310760498047,-220.71834182739258,97.163315,70.06968,-0.1328408597224621,-1.41779243440745,22.383820056915283,162.2659683227539,3.64935,30.756147,-0.03781770638981859,-0.010358367027918147,-13.373672842979431,22.186979174613953,9.716419,25.135063,0.48910157195715875,0.9519706919130912,-4.413836665451527,24.221245050430298,-5.5468245,21.4558,-0.4953095407831973,0.386996780837513,-18.169328689575195,7.143109917640686,-2.6421185,14.82062,-0.28061680339570666,0.8101971338743368,-10.97359013557434,5.83040888607502,-6.5616255,14.484036,-0.3756866205109931,0.34432220163002514,-15.565132141113281,1.7855124697089195,-9.814983,15.553677,-0.2791148656080219,-0.08569988581293342,-21.231712698936462,1.1322974413633347,-6.1759095,12.271252,-0.05824404423615369,0.12145851620823667,-14.967726707458496,1.393526867032051,-2.0942957,11.2305355,-0.3745614419940124,1.042658855872717,-8.043096542358398,3.8799471259117126,-2.248957,10.296019,-0.012785186991741755,0.3738324323066964,-8.462674379348755,3.310185819864273,-5.742072,9.751568,-0.42489819035176757,0.380886998222147,-11.766069650650024,0.48535533249378204,-5.665572,8.645219,-0.31743964212457076,1.0861283952837053,-10.849149942398071,-0.08982298895716667,1308.3229252045303,784.6471113781888,1.3951476402610041,2.3740553386686862,715.2976660207694,1793.6196631913851,2517.267136147546,1683.7356641982365,0.6314574719614081,-0.7199476941262871,1152.34375,4042.96875,0.10273347962380852,0.07989282436552668,2.196517491658198,7.0214731114780164,0.048583984375,0.12890625,1078.1901,902.4352,1.450027754361539,1.5559807808924424,422.9936828613281,1443.499526977539,0.0668101,0.074334405,1.2867147954486904,1.2168166701353966,0.002922224113717675,0.10592286568135023,0.0,0.10504901258143987,12.07700075503676
511,1,val,-355.85858,138.64268,0.32913977163284014,-1.4189678754842148,-493.489990234375,-225.15316772460938,58.08144,64.85435,0.49315523107028614,-1.2417042925427029,0.7557413578033447,119.52678680419922,-4.7498527,24.254164,-0.8547547488876033,2.2412548570454582,-12.011137008666992,1.8865940570831299,-0.006976225,20.286705,0.012042806253878408,1.5352058869356835,-4.895998477935791,4.153073310852051,-12.476615,19.847324,-1.2342846921270147,1.0985172341785825,-23.076976776123047,0.768893837928772,-7.857621,14.776027,-1.0478583559549204,0.8757547100880179,-16.54220962524414,0.8533768653869629,-7.246938,13.534081,-1.1017646053596335,1.3159686057527695,-14.584031105041504,0.6866393685340881,-2.0832403,11.0552,0.13480329617802683,2.907007771707997,-7.031410217285156,1.0747305154800415,-3.0593762,9.831971,-0.9245935432609034,2.383303673054547,-7.258248329162598,0.9127407073974609,-4.2382236,8.673471,-0.7463939260749599,1.1228055406988,-9.490772247314453,0.48741239309310913,-5.060656,9.128306,-0.8173370438675601,1.210863672721044,-10.816007614135742,0.2867017090320587,-6.5098095,11.348885,-0.8218772642468398,0.52926749772594,-14.090723037719727,0.2480049729347229,-4.648139,8.341478,-0.9941694079084188,1.0746289408718104,-9.761754989624023,0.26297426223754883,1743.9374131862953,790.1281481254279,0.5792254925022249,0.5842741600201533,1016.5909776676399,2190.215812221595,3675.1025711159737,1843.1258766579645,-0.3277144979046131,-1.4247884655974679,1695.3125,5187.5,0.13858105682439825,0.0833225127447241,1.7267822499117758,5.645223889956737,0.07666015625,0.169921875,1138.8239,1011.5874,1.2193661501710713,0.35683356649286857,367.6318664550781,1619.6265258789062,0.058366586,0.08111481,1.4054683621280517,1.261837109000198,0.0001453125587431714,0.10552046447992325,0.0,0.1270139640528326,13.775618905729594
515,1,val,-318.7251,104.01893,-0.22306285686174768,-0.7938277524049475,-398.4503860473633,-239.17485427856445,116.37817,52.914227,-0.5727145438055344,-0.8554012142282303,74.59329986572266,157.53119277954102,2.6193943,30.350267,-0.2648137257873954,-0.2086268855386737,-17.501369953155518,22.560521125793457,17.221512,24.768589,0.017469786762216496,0.06961813927779881,2.680040657520294,34.635202407836914,-5.5084558,16.80075,-0.38654008618332425,-0.08445414545906216,-16.651690006256104,6.287961006164551,-8.565787,18.363379,-0.2139635958780644,-0.11956013585869352,-21.068440437316895,4.719740986824036,-8.28184,14.945664,-0.36750295318485127,0.02524526872408339,-17.652671337127686,1.7842772603034973,-9.306497,13.537693,-0.16502415033318957,-0.16842724816274002,-18.16824197769165,0.24497287347912788,-7.355215,13.935143,-0.3592312772320098,-0.1217843066205142,-16.477012634277344,3.0824718475341797,-7.820049,10.438338,0.04296596328740811,-0.17642271203316495,-15.060222625732422,-0.474365234375,-8.205943,10.456648,0.0674049229604296,-0.3288005600181729,-15.183053493499756,-0.7893897593021393,-7.368394,9.690298,0.15138169086643932,-0.26075299223611514,-13.99129843711853,-0.7388226240873337,-8.621694,9.73456,-0.06330607911902761,0.0062722477479413286,-14.960898160934448,-1.9135734140872955,961.7796372561063,474.4439243510421,1.9751901514372745,4.350313456108271,655.5760381780244,1097.6727394400018,1761.6185897435898,1144.528254479529,1.4838372744392652,2.262252226572598,935.546875,2244.140625,0.06461627666766827,0.038763125798721716,2.021275584959742,4.888479024358168,0.0400390625,0.07666015625,936.9485,849.3073,1.6107522726691976,2.0292478315524303,342.15577697753906,1234.423828125,0.07445555,0.06670658,0.8162508513304598,0.03545269530271877,0.012704069493338466,0.1209540106356144,0.0,0.09680675805599823,14.686321831044122
526,1,train,-338.7172,142.2936,-0.1370632286917003,-1.4460140542387296,-513.5294799804688,-214.13866806030273,105.11956,78.01706,-0.15876863467092878,-1.5131732515014615,14.372414588928223,176.8213119506836,-1.9648077,33.76998,-0.32674197053162973,0.07026223506091656,-21.69242000579834,15.991522550582886,4.4905314,29.267159,0.32015672711717597,0.7822846311532121,-10.619698524475098,18.240113258361816,-9.034842,22.045229,-0.6186991160837543,0.16318831223473662,-23.378172397613525,3.783177673816681,-9.928389,17.996037,-0.7761069208112122,0.19381469225853154,-20.834633827209473,2.0568621158599854,-11.61538,16.93585,-0.47847676796988736,-0.17610689063373153,-24.025507926940918,1.4369056820869446,-10.8865185,15.543149,-0.37345127418126933,-0.4490583654547837,-22.182674407958984,1.1716364920139313,-3.3376808,13.372258,-0.3475775322348388,1.0461542232787693,-10.743692398071289,2.8742080330848694,-1.3054535,11.323525,-0.20514132854232617,0.8101180245239479,-7.254654169082642,4.308385252952576,-5.415511,10.030166,-0.31791132915058207,0.5061962748303253,-11.779999256134033,0.4829126223921776,-6.389745,9.989241,0.015548956472547459,1.39777880499613,-12.875327587127686,-0.30105194449424744,-1.899433,10.651925,0.8555585989672065,3.651216493924303,-7.525222420692444,2.0898287296295166,1262.1293517494605,704.9294671698118,1.6701150369778066,3.8881152045427942,747.7830493296933,1712.4209455994492,2392.8662909836066,1497.7739304799904,0.8409632580045838,0.07819348745522481,1164.0625,3634.765625,0.10553011868169399,0.06548746419963831,2.0337566307331634,6.625120791126918,0.05810546875,0.13134765625,1073.1903,786.6985,1.2808002230727236,1.3516313436686413,480.6930847167969,1492.920654296875,0.071088515,0.07032062,0.7262542718070736,-0.43518601651621536,0.0009512707911198959,0.12139528430998325,0.0,0.11083003010425198,12.751988898491883
527,1,train,-314.4037,99.41664,0.7584103098139228,-0.015157030484407752,-398.7542533874512,-241.70126342773438,96.76753,48.244232,-0.27787936990677553,1.4576942983035799,61.12638604640961,139.4340181350708,8.062791,31.229206,-0.38085705697048444,0.7988563600854657,-5.764495849609375,27.950589418411255,8.826035,19.497217,0.46825301323928004,1.4932163562067315,1.0401441752910614,17.120211839675903,-4.5808372,15.801033,-0.8899597614055792,1.099201019059746,-13.358764678239822,5.13705850020051,-8.624236,15.998729,-0.8423618789567251,0.3830369179738544,-18.956488847732544,2.005837596952915,-4.3455434,14.744665,-1.259711937166846,2.1880967866874266,-11.978637248277664,5.168082930147648,-3.9978535,11.99329,-0.6234599598210036,0.3636439196133605,-11.64862060546875,3.103392168879509,-0.078840494,11.034208,-0.6978136739624089,1.2788617472938713,-5.13097083568573,5.1965403109788895,3.3224745,7.4207544,-0.2992098840774069,1.610641516326439,-0.383611261844635,6.60531048476696,-2.611785,8.792724,-0.7256303733564523,0.7444453366076906,-7.688886344432831,2.51452923938632,-0.43966985,8.010212,-0.8219520910240451,1.74164114658607,-4.1817387342453,3.800764799118042,-0.15350813,7.277412,-0.5159438547447726,1.8424084557233749,-3.693956971168518,3.1207687333226204,1201.0826462151856,621.5722541945623,3.7809339472935526,32.80914492357908,779.4826558010056,1333.391635220967,2335.2137494726844,1168.3982888523115,1.8109782936031158,15.238736127843545,1328.125,3035.15625,0.09012438773525153,0.07471815510423034,3.8442230592130695,25.13094520218381,0.0498046875,0.092529296875,886.04913,792.455,1.7651647847318315,2.8271459712321754,348.8017272949219,1081.0725173950195,0.059517384,0.07976608,2.0227872567641407,4.689090953759743,0.00766826293329359,0.0868327459320426,0.0,0.12547405234284076,11.549197502501608
528,1,train,-329.95428,92.774605,0.17210256592787634,-0.748138041737783,-410.1909408569336,-264.55628967285156,133.96423,49.046505,-0.35676176511584096,-0.8194970008212152,94.90982627868652,173.6565399169922,23.409323,32.170074,-0.6965916649810701,0.02570097733093135,0.9081172943115234,48.358975410461426,26.839432,21.241331,-0.6096989550207393,0.207521705610747,15.08925724029541,40.74992370605469,6.3224483,16.845858,-0.5831422920530471,-0.001346714124559778,-4.516973972320557,19.71226167678833,-9.783207,16.877108,0.0666039722810772,-0.6478869105217164,-21.531926155090332,3.046939194202423,0.059744183,12.374804,-0.10363573934401442,-0.006386078403557871,-8.598740100860596,8.57313323020935,-4.1173286,11.151077,-0.2393357607090708,0.287417821944735,-11.290046691894531,3.4761903285980225,-2.7305553,10.787486,-0.09737032639526497,-0.3333542241737728,-10.332699537277222,4.914628386497498,1.3192846,9.235686,0.08597093170676745,-0.14577281566033706,-5.027453422546387,7.460185885429382,-5.6001616,9.491712,-0.05806208370848532,-0.3371932572803167,-12.335896015167236,1.5614948272705078,-2.6460764,8.593103,-0.04909582187895788,-0.37661261431659954,-8.623266458511353,3.843895375728607,-0.32213002,7.9129,-0.07950990700903711,0.004300820425255036,-5.490899085998535,5.225147008895874,654.6336562717789,293.2155499580526,4.962241033819869,47.46614650561485,477.0222818605419,755.1002713116728,1102.7969677299702,777.7899240632541,2.8221237916961854,16.20232126174154,578.125,1400.390625,0.042284504242396145,0.027747408128224276,2.3825527449609276,11.4921799027109,0.025390625,0.0546875,628.4495,582.2971,2.5326391646405786,6.868325909191293,280.21874237060547,704.7073822021484,0.06802069,0.07327645,1.4281059013005057,1.5947063903873095,0.007611552835442126,0.10039022751152515,0.0,0.12618132636720764,11.907797606623438
529,1,train,-357.5383,123.01543,0.37518293310591966,-1.2344472881776638,-483.7464141845703,-246.2606201171875,74.064964,71.631386,0.2800303160474057,-1.5179799132514578,2.734388589859009,142.9568099975586,4.742078,24.355936,0.11651500075543565,1.2559127451612664,-2.2745827436447144,13.379334926605225,2.6810646,22.827995,-0.08643872139647282,2.0463581773371677,-3.251214385032654,11.004278182983398,-8.0481615,16.120825,-0.7439628241886241,0.2423334525739409,-19.165822982788086,2.246983766555786,-3.2168899,14.424952,-0.9077811709653938,1.6102847145819368,-10.0566725730896,2.725787878036499,-4.7641015,16.556198,-0.2328440521550968,0.9125775380932781,-15.152355194091797,1.8672910928726196,-1.3935846,11.26567,-0.2052454671879357,1.5633176047558974,-6.525960206985474,2.027237892150879,-6.5543246,11.767731,-0.5747421507219637,0.7448877810508074,-14.937085151672363,0.9225469827651978,-4.847103,11.347734,-0.47944315621279865,0.899644092268431,-11.848628044128418,0.8416839838027954,-4.534619,8.440623,-0.7302497289800554,0.6533394270063573,-9.749906063079834,0.42077018320560455,-2.4607468,7.500482,-0.5230158755856851,1.9239413866940902,-6.294502019882202,0.5721651911735535,-2.5863054,7.9295444,-1.1261596418650441,4.653587549328869,-5.828701496124268,0.4187842160463333,1373.143512856664,709.7934584286129,1.3798969467006938,3.296772032499172,788.6915925465394,1715.7129592554093,2832.764856202356,1626.7727132994771,0.15258073564332753,-1.2582184222874104,1175.78125,4218.75,0.09449951002685378,0.0728564378359704,3.3003902986171547,14.726341472269272,0.05517578125,0.10302734375,913.1173,831.42413,1.8713972527532967,3.103277179842464,357.5472717285156,1070.927978515625,0.057601236,0.081548005,1.6405879644834904,2.3111030819363254,0.00022490644914796576,0.09263888373970985,0.0,0.10902253886566422,14.725589170088117
530,1,val,-353.6077,131.6389,0.4741887056993559,-1.2896652321127566,-479.25284576416016,-230.91460037231445,65.172935,71.132034,0.5151483268350172,-1.2782326229569472,1.071965515613556,135.93133163452148,-2.1053615,29.009022,-0.3058142442343979,1.9129496549960354,-9.753705978393555,7.650653600692749,1.4565631,20.900366,0.221166873868447,1.9579555167809044,-4.552334785461426,8.833177089691162,-4.530777,16.519331,-1.1323739033350264,2.1790883435759394,-11.254663228988647,1.7426177561283112,-3.52259,13.39514,-0.8264121954259384,1.5763135974579372,-8.280580282211304,1.1504629850387573,-5.998065,11.111318,-0.9580843867952429,1.250896435132863,-12.681294441223145,0.6095371842384338,-5.4354453,10.737358,-0.78867579521508,0.6061444459703593,-12.088706254959106,0.5452308356761932,-6.5274243,10.919951,-1.0320412003850417,0.600640682253105,-12.951078653335571,0.4112519919872284,-4.702589,9.424071,-0.5375496404257446,0.7784176445300011,-10.291864395141602,0.3755931928753853,-6.1142445,9.693787,-0.9196360553135454,0.5691876020871085,-11.678505420684814,0.2661273255944252,-4.473212,8.450411,-0.6540493781685605,0.8152522891003069,-9.803563594818115,0.2700497731566429,-5.7752886,8.869555,-0.5900326712661175,0.3743144834657812,-12.006429195404053,0.1872568055987358,1586.8517098847972,781.9514584811108,0.9030496775093453,1.8312653978687887,889.2786037904485,2027.4316426547418,3319.507233273056,1784.3284679056464,-0.12113917685279908,-1.4199901288940218,1492.1875,4867.1875,0.10772031815099457,0.07281169520893993,3.090016365994953,15.790336222447444,0.0609130859375,0.1236572265625,1055.5511,889.33136,1.3909195188629684,1.253157051350307,394.29254150390625,1429.4592895507812,0.05657671,0.08241487,1.7027194460272643,2.7617263517716797,0.00018385672592557967,0.0960345771163702,0.0,0.1118909924951519,13.16471873513741
539,1,train,-294.13174,75.244545,0.45601721954461677,-0.7788164226820347,-363.7725296020508,-230.7033576965332,157.43004,33.867737,0.1905708777451967,-0.17311817103194782,127.50635528564453,187.45116424560547,11.433156,21.838356,-0.9512553550432673,0.43003180812372666,-1.326390266418457,28.191401481628418,27.433805,16.757933,0.2259487201257002,1.409241867155016,19.29169273376465,36.115360260009766,5.178942,16.411482,-0.8668952784437951,0.2921315561464861,-5.576549530029297,18.205145835876465,-6.3655987,16.434855,-0.6511672356421628,-0.2628351601711385,-17.61416530609131,7.073699712753296,12.120347,10.381125,-0.5023542165160905,2.372610237611166,6.9411619901657104,17.679503440856934,0.31993935,9.550445,-0.5203243187602842,0.7709889380333057,-4.825979232788086,6.448720216751099,3.77053,9.537297,-0.995641666366874,2.3086358358172046,-0.44121214747428894,9.525330066680908,9.222134,6.8745747,0.2505978070277338,1.685032087993676,4.897207498550415,13.174089431762695,-6.343061,8.856847,-1.0993826173800505,2.0081073357464456,-10.497635126113892,-0.3400384336709976,-2.2325795,7.8814754,-0.7625612285998661,1.1347678371848549,-6.388694167137146,2.912778615951538,-0.52074474,6.919829,-0.42852413281538076,0.8372837453389432,-4.391701936721802,3.884453773498535,622.7718893674358,204.09667425301106,8.273096365909279,114.79261791899835,521.7343671217407,679.0196360497112,1099.913102925672,500.97355376101774,4.719355230043219,43.383556800196814,851.5625,1179.6875,0.029495713832696363,0.030182937193928807,6.841430907663922,100.19219156160834,0.0087890625,0.0419921875,524.3903,428.6064,3.809374921914698,19.978345598298475,252.2212371826172,678.0752258300781,0.07651171,0.06429677,1.1327660389616727,0.5831162403976156,0.02505704527720809,0.12187156267464161,0.0,0.14231785681242187,9.248070545996693
544,1,train,-316.0017,135.15018,-0.2634708378055659,-1.2634432961510238,-456.2921600341797,-204.01241302490234,89.59308,73.66699,-0.06670808972670195,-0.9901104142499925,16.713306427001953,151.46524810791016,6.3085866,31.380718,-0.5106262401635518,0.7776401134463136,-8.569047078490257,23.979394912719727,16.76023,27.352352,0.46309598021280407,1.1168695300803202,2.649717226624489,30.802635192871094,4.0209503,19.360878,-0.5485956956394926,1.2286589198173326,-4.508450508117676,13.607016563415527,-3.7663178,17.165607,-0.5955936160498504,0.23331575423129247,-14.447328567504883,8.034292221069336,-8.90249,17.200716,-0.5316215547528333,0.27379845113484036,-20.283756256103516,4.78253436088562,-1.9385667,14.19957,-0.28282550407156787,0.36794909649627994,-10.66238021850586,6.650765419006348,-9.352134,14.523222,-0.3098342532024545,-0.3993283152794791,-20.18260383605957,2.762452006340027,-4.328843,12.237114,-0.3277569652298459,1.3258191148893246,-12.186772346496582,3.4647057056427,-6.4173307,12.332933,-0.2732742667801625,0.7850816636031255,-14.783251762390137,2.166265845298767,-5.2548804,11.639563,-0.5003715892230528,0.6608493517294389,-12.760082244873047,2.262288451194763,-3.248694,10.548582,-0.03012654701740565,1.5353704872735188,-9.697989463806152,2.2794378995895386,1444.4831426168814,848.7094990925393,1.3510280049933583,1.9241368373104022,766.3840323548848,1806.9051961432606,2832.000476320545,1695.9523220356605,0.46513296689768635,-0.7043056926435804,1312.5,3960.9375,0.11692294355496398,0.08532757059897048,1.930923115581599,4.679994442046614,0.05810546875,0.1533203125,1209.8872,1001.0376,1.0326407091996024,0.0024703001121813006,410.6641044616699,1813.5713806152344,0.06831178,0.07218373,1.2492481564722042,1.6286521398291622,0.003589201587601565,0.11047754436731339,0.0,0.11329029668908919,11.187859150728872
551,1,train,-346.42206,102.88016,0.20092748454142925,-1.0975742868403227,-445.19456481933594,-263.7481994628906,126.9414,49.665016,-0.20463850301889294,-1.2187651184452497,81.15382385253906,171.30092239379883,11.238632,29.545235,-0.4123864890647528,-0.6920564120861044,-11.312990665435791,38.067593574523926,13.225043,18.975372,-0.5156122585825711,0.3944891126102852,0.7456188946962357,27.87208890914917,0.9511977,16.095844,-0.23089227951172936,-0.6071530702770356,-11.226388454437256,14.158615350723267,-11.802886,20.205458,-0.28069333726296186,-0.8056229860183555,-27.244349479675293,5.90753436088562,-5.8738327,14.131523,-0.486264797354,-0.03881933318607089,-15.80736756324768,4.568104147911072,-3.3927307,10.445531,-0.1985186563632624,-0.2973448178327516,-10.682456016540527,4.034445285797119,-0.21064703,9.234777,-0.48407675222780655,0.4111724843614608,-5.51651918888092,6.003458738327026,0.5052696,7.359519,-0.09361000971545845,0.01621827465804726,-4.319970488548279,5.429689645767212,-5.7292333,8.748025,-0.4758689862861959,0.3891482279641987,-10.998197317123413,0.39733368158340454,-3.7162669,7.8974404,-0.2950549945455906,-0.08146926515033748,-9.077700853347778,1.8084313869476318,-6.1722426,8.489143,-0.38460365228971316,-0.10813855910045733,-11.721422672271729,0.07677747309207916,696.8072891975459,242.4869991320203,4.946526662088343,56.01878584377802,542.5164964854844,794.2805601799971,1162.4374270995334,608.6294114416776,2.8558987967642953,21.18301267742045,757.8125,1468.75,0.040281684365279936,0.027165523386158075,4.12865566280786,41.49052167488147,0.02490234375,0.05224609375,581.4105,457.34637,2.756497039623813,10.359324517634276,268.6398468017578,702.2739562988281,0.06730414,0.073948525,0.88445785262074,-0.4046117680049379,0.004016546881757677,0.12538479268550873,0.0,0.12655860806118432,13.478913628768742
559,1,train,-368.86856,127.28806,0.371354802147188,-1.2271823791386727,-503.90557861328125,-261.7513427734375,77.172676,74.76053,0.23891539823325306,-1.519315231888764,0.07882930338382721,152.5544891357422,7.9885287,29.82172,0.3213468468656851,0.5930518445992563,-0.5803942680358887,23.120140075683594,4.030604,19.337978,0.12554850773747747,0.9791007947398538,-1.4815200567245483,13.331165313720703,-3.3128119,14.442623,-0.43332559070779236,1.1027397589352868,-10.128177642822266,1.216313123703003,-4.809978,12.705918,-0.3037360509710136,0.8919201403751744,-12.352131843566895,0.2014232575893402,-13.095864,16.738026,-0.7936422679518697,-0.011926339638399952,-25.516407012939453,0.0,-2.3490872,11.419502,-0.05918922572427399,1.4787358516871114,-7.896141529083252,0.7062820792198181,-2.6932156,10.224271,-0.21756149072863093,1.7283360565701624,-7.704164981842041,0.2701807916164398,-4.9980564,8.339382,-0.742165259338795,1.1963135208413531,-10.549667358398438,0.0,-7.0169973,8.980459,-0.74825704604834,0.06826898617214372,-13.278225898742676,0.0,-4.2939444,8.186787,-0.6465807673843847,0.5757428600657728,-9.087583541870117,0.0,-5.04742,8.054627,-0.5628536572055144,0.44390679999307325,-10.638360977172852,0.0,1451.8504253955064,874.8028518086512,1.0106765772740973,1.2847213593858875,685.2742931375766,2036.6178112818716,2948.5385572139303,1968.4623112210097,0.10438455275952911,-1.6474491302840952,968.75,4937.5,0.11695456096254837,0.09002654577267555,2.454504973863213,8.639430083762093,0.052734375,0.14599609375,952.25806,871.78864,1.7650287865428371,2.5187661366946,371.66442108154297,1160.0116271972656,0.058811255,0.08086973,1.4553954608219175,1.341623407460781,0.00012741817045025527,0.09940240532159805,0.0,0.08122447775482326,14.971750410673398
562,1,train,-320.70178,154.37181,0.3147940064780305,-1.240118591674989,-470.7279968261719,-184.83208847045898,76.43092,53.102512,0.1813450820013442,-0.5110599724850875,37.46742343902588,117.85219192504883,6.4163384,28.898438,-0.052128781443874096,-0.18711002465379334,-14.567810773849487,27.16594409942627,13.381823,17.70635,0.27405287587861865,1.6577404988031166,2.4128785729408264,24.12768268585205,-3.0604877,19.612083,-0.45846830014671935,0.5142078160820787,-16.368887901306152,11.06152057647705,-4.797549,17.581053,-0.2824568597458701,-0.054613037644430484,-16.518281936645508,7.95479428768158,-13.152078,18.015709,-0.07079931462943359,-0.5932715259409194,-26.526054859161377,1.367892175912857,-3.3867898,13.663562,-0.06666988714415482,-0.004597347281777964,-12.590192556381226,5.985683798789978,-3.1112802,13.00621,-0.43757154276381804,0.17630746415183296,-11.001003980636597,5.868411302566528,0.11588159,12.018478,0.15820864869318482,0.3360839668389253,-7.840585470199585,7.363067150115967,-4.550541,11.552183,-0.14333928409079688,0.16798218963341727,-12.443238735198975,3.293673276901245,-2.42449,11.162964,0.052257558974655165,0.3631148681553529,-9.68753695487976,4.510046005249023,-5.395962,9.924952,-0.08752265963034744,0.3187720987850451,-11.769218444824219,1.083151489496231,1596.4808736007767,877.1415971844152,1.2395380646493306,1.2381066193239194,933.2743267558549,2033.416362468829,3118.0442116477275,1711.7381611593762,0.4013084099781329,-0.9982235015388459,1679.6875,4523.4375,0.12226118607954546,0.09702448669760647,1.594361984775216,2.7617984572567913,0.0546875,0.1689453125,1350.8069,1065.1252,0.8365142947013502,-0.49032027973540426,476.37750244140625,2047.950439453125,0.061571408,0.07879414,1.3018609718429817,0.745278544089778,0.002977123251184821,0.10638889856636524,0.0,0.11627816313974228,8.664642513629424
563,1,train,-332.17627,93.52966,-0.03451890747391607,-1.2018872656297008,-434.0068664550781,-256.30946350097656,122.83259,54.792747,-0.23451648775645687,-1.315695857775807,67.77035903930664,171.18087005615234,17.152714,30.389465,-0.9825231294019414,0.7267749342851508,-1.3402050137519836,39.410152435302734,15.3454485,24.037716,-0.2449502315467772,0.2764401177622333,-0.42396827042102814,30.81172275543213,-5.1755223,19.1773,-0.10755657013772778,-0.671453976909925,-19.549829483032227,10.786551475524902,-13.2343855,18.338287,0.0517490205787248,-0.7422087781760798,-26.24456787109375,1.1499759554862976,-1.3273096,13.1259575,-0.26679596890791574,0.37106415753107846,-10.034628868103027,7.896249771118164,-6.046116,12.235679,-0.2450457307916639,-0.4809781998468363,-14.843381881713867,3.637550711631775,0.9357594,10.700414,-0.30850285660666205,0.31507623055995726,-5.562169075012207,7.9086058139801025,2.238441,8.723063,0.033886635192432804,0.585972515034253,-3.29448926448822,7.577467918395996,-6.9121895,11.001609,-0.2750282364226874,0.09773755664489947,-14.309690475463867,0.8092909455299377,1.0196143,8.810773,0.06732385499249102,0.4771911112747471,-4.73323392868042,6.872380971908569,0.72848624,8.18637,0.023519253777687543,0.38675229504951236,-4.399726152420044,5.91827130317688,703.0656730548801,284.88811140890493,2.710227348205107,12.054365228511942,530.5251890279363,773.163624222542,1118.6995967741937,724.0389420346193,1.97051742094754,5.625625169410318,664.0625,1265.625,0.047979126219633614,0.03855906243584234,2.3805458185077084,11.044552358048323,0.01513671875,0.06396484375,790.17065,733.6917,2.1296988786101285,4.111505089970827,346.28553771972656,850.2552795410156,0.06752414,0.07375365,1.2546794313500613,1.0972615276836857,0.006874631159007549,0.11229028552770615,0.0,0.12786049121297124,12.935339972727578
573,1,train,-258.32623,111.49179,-0.2901225548230079,-0.659912691276046,-331.47850799560547,-181.96479415893555,75.05744,66.88662,-0.5312891506003171,-0.29679243155392987,26.628343105316162,129.7121124267578,14.41984,35.506508,0.20371348845913367,0.3635820829508343,-7.498155355453491,36.14543437957764,20.910784,30.559093,0.15058021803815194,-0.33332466862186605,-0.27017784118652344,41.725406646728516,-4.4306903,18.523794,-0.38282038979853644,0.20162855463775475,-16.246834754943848,8.374839067459106,-4.421804,19.59287,-0.34128193234781584,-0.07704234130704934,-17.289255142211914,8.62922477722168,-8.637018,15.557628,-0.15928747663292925,-0.13428537218031478,-19.23660182952881,1.8549642860889435,2.977739,13.987553,0.11672290540651287,0.12678885776795745,-6.2823745012283325,11.993034839630127,-4.538648,15.047466,-0.18104527212234553,0.43533427881850706,-13.763278007507324,4.831977367401123,-7.035471,12.251693,-0.17141023550694223,0.22571999907564066,-15.112305879592896,1.1638197004795074,-7.9095387,10.990356,-0.054650008586514066,-0.11967665925258109,-15.263090372085571,-0.14549730718135834,-6.439359,11.4487,-0.0027506109265722795,0.6696283352226047,-13.638145208358765,0.20667839795351028,-4.5811315,11.322726,0.048972349066825654,0.2878743989239476,-12.071082592010498,2.5309075713157654,1854.5658080235487,1179.3503745260618,1.229929322946961,0.736647210965244,946.2802486351989,2358.8612493934866,3473.811751497006,1891.331509019781,0.30067562388713975,-1.2058958478939898,1796.875,5140.625,0.15522168553517965,0.14129327005874412,1.6597590827532644,2.5641423811666826,0.052734375,0.20654296875,1486.0424,1186.1064,0.6860567953981184,-0.8982121143535449,471.9097442626953,2442.3885498046875,0.0742263,0.066015005,1.4992574414909972,3.414947785378847,0.021900000516325235,0.10254466719925404,0.0,0.12272404240083214,10.51240571312566
578,1,train,-292.95248,75.60557,-0.35120539850757204,-0.659639809405657,-355.0932922363281,-233.41915130615234,146.47704,31.710455,-0.5212563840250439,0.3426403677850547,123.18317222595215,170.39454650878906,-18.560827,33.43898,-0.22574945164545607,-0.3380334438988015,-40.25791072845459,4.630584478378296,16.841156,22.216997,0.004151333120239799,-0.09917350389871604,2.102240800857544,32.64383506774902,-1.3534946,19.120237,-0.43401587356311344,-0.002308266851356766,-13.74732494354248,13.093387365341187,-4.7392697,18.344833,-0.07317877324800026,-0.3266441584290498,-17.312148571014404,8.534686088562012,14.989118,13.66032,-0.13965822456748334,0.1261787676620041,5.932669520378113,24.40360164642334,-10.745713,11.860471,-0.27075528573822827,0.28673740173483475,-18.240017890930176,-2.7314528226852417,-8.063541,9.762342,-0.11442052914832611,0.22758572323715232,-14.783705711364746,-1.3007433712482452,-1.8064095,9.27928,-0.16902943658567135,0.1109679194527824,-7.786972522735596,4.314898133277893,-15.345504,10.945729,-0.14663773248992326,0.01226565078844466,-22.816770553588867,-7.874928951263428,-6.998003,9.203062,-0.13204764636646932,-0.11154260949632944,-12.987081050872803,-0.5413492172956467,-8.892803,8.836935,-0.05097569898058329,-0.2579334274809604,-15.030738115310669,-2.5243970155715942,846.4450144701223,287.533271316242,3.544323406805582,30.601788847512644,661.1409817807687,970.9236382956728,1536.7048637944358,672.4046382982514,1.7295129816853367,6.955496340398572,1093.75,1796.875,0.062355855148763524,0.03560252126991454,2.1491597768358783,9.1544912630454,0.037109375,0.0811767578125,887.08984,789.9384,1.7569835554787705,2.614691749248336,319.9052276611328,1099.3283386230469,0.0779952,0.06256828,0.6302343812012225,-0.42581842863776487,0.01617722539231181,0.12241286970674992,0.0,0.10289142101604333,13.506184793245303
579,1,val,-390.43097,110.54967,1.083275360136234,-0.21321241830344118,-473.8887023925781,-305.47782135009766,51.60053,62.598904,1.0014722889118801,-0.5211914111712201,4.776641845703125,102.02314758300781,10.895905,20.828714,0.29655969449571873,1.9025504941225222,2.9251409769058228,19.03422451019287,9.622516,18.120321,0.884265008527617,2.595318513920378,2.5299668312072754,15.775588989257812,1.578313,13.140884,-0.9414934194764837,2.932125543670443,-1.2695173919200897,7.315783977508545,0.7645636,12.466408,-1.0618487264055425,2.2414961479370943,-2.326413869857788,6.084594011306763,-3.2703702,11.735053,-0.7596977090290191,0.4538817060888869,-10.575269222259521,3.3940614461898804,-6.4595323,12.679282,-0.9803580213439257,0.07329809502745332,-15.615283727645874,2.2689316272735596,-7.4763365,13.692956,-1.0350791264194918,0.1949395477505682,-15.648966312408447,1.80314302444458,-3.1826162,8.544933,-0.8340597696641554,0.6918364839793818,-8.208225965499878,1.6922051310539246,-3.3418672,8.433889,-0.837064570648682,0.928817201868458,-7.89078152179718,1.2440013885498047,-0.60051954,7.113488,-0.2999739517361627,2.207936672566765,-2.9972184896469116,1.9194231033325195,-1.1560209,7.0089865,-0.3686902785958805,2.927099308300603,-3.457718849182129,1.2447945475578308,1332.846541317439,726.7037683920868,1.7729944190281457,4.067304328180425,844.5724020160775,1438.0541111878263,2692.8508050554015,1494.917095772354,0.5619551963968891,0.16166252197504605,1468.75,3304.6875,0.09738370520256233,0.07081087603735833,2.486607805126783,7.944858354036619,0.0570068359375,0.1064453125,988.6865,953.4139,1.5347140733283995,1.4198813195013207,329.01080322265625,1307.4407958984375,0.048763983,0.08723397,2.141694685932628,4.623862107467254,0.00028211269091116264,0.07690535858273506,0.0,0.10447725037048065,15.014832452992158
580,1,train,-235.29327,98.80959,-0.6146440752638229,0.8686388997243308,-289.31370544433594,-169.24903106689453,95.82426,48.566643,-0.7567792327422641,0.3210558448310743,69.76136779785156,129.52447509765625,-16.238585,42.22057,0.3354158183116656,-0.19487991334309118,-47.03485870361328,10.446049690246582,12.230589,29.590311,0.008167245068749635,-0.288602326025051,-8.39547348022461,32.78821849822998,-15.885951,19.631725,-0.1812968448203148,-0.05868442645437044,-29.293105602264404,-1.2812675833702087,-13.749452,20.554554,-0.008608705072902725,-0.3340132038016983,-29.132346153259277,1.3613073229789734,-20.582825,18.2503,-0.015605713766786848,0.18495140403718757,-32.565693855285645,-8.63132357597351,3.8698664,16.002996,0.20655525194958005,0.02044224575867082,-6.690335512161255,13.93966293334961,-11.068298,16.599808,-0.37377665825873346,-0.10539300634093429,-21.81073808670044,0.8017469793558121,1.2359263,11.296275,0.0998976785540424,0.09580282932266249,-6.615206837654114,8.542853355407715,-5.010595,10.816515,-0.06407459333288583,0.0806741323883613,-12.195449590682983,2.249138057231903,-4.5692506,10.659233,0.05832173290332332,-0.5384960598015991,-12.25329065322876,3.049652934074402,-3.3763657,9.2437725,-0.03353253395283215,-0.15899825809132917,-9.814389705657959,2.9101704955101013,1570.2959079572017,831.9767602753784,2.0228131444967867,4.475622535794805,1056.193276046733,1735.3696752536725,2884.5761238680466,1542.40770821431,1.049812585647898,0.10204737094156657,1820.3125,3576.171875,0.12455309316380983,0.09361150421798174,2.4977432920410934,7.459004303864363,0.0703125,0.134765625,1320.6917,994.84186,0.9050340935484217,-0.2027813541434056,523.4911804199219,1972.8163452148438,0.08204707,0.057115816,0.7390569537164418,0.18511030677140505,0.03801771067082882,0.11700987443327904,0.0,0.12502525105716167,11.318097202000201
581,1,train,-381.23654,125.00638,0.4168850469613655,-1.0202374532449876,-513.8635864257812,-277.46099853515625,79.85772,78.86691,0.17243840631092366,-1.274027973181028,10.599851608276367,159.88238525390625,28.202627,27.372822,0.3297657528624079,0.4034740752196888,9.179911613464355,48.424407958984375,13.35331,18.143246,0.08612452910762262,0.9409918468887994,6.502701759338379,23.377788543701172,-0.6939344,16.930122,-0.8127048805013821,0.38680507277840137,-10.857519149780273,9.41455078125,-6.209079,16.41534,-0.652498814125386,-0.3138302975893965,-17.936870574951172,6.793551445007324,-8.189786,16.413013,-0.715902085429443,-0.022588469612539797,-20.082183837890625,5.629558563232422,-1.3290392,11.486764,-0.528583903329616,0.6017002539788292,-8.4365873336792,5.391171455383301,-5.648408,12.222308,-0.7233261970396133,0.09934501014224084,-14.415070533752441,3.7116482257843018,-2.5831792,10.076945,-0.5319494875870815,0.8442152320166372,-9.080421447753906,3.180468797683716,-3.1168313,8.434139,-0.3257407580169491,0.8429124765197549,-8.392363548278809,2.015411853790283,-2.3401403,8.907236,-0.3818328731072759,0.8120374146049105,-7.435689926147461,1.9365854263305664,-2.5689065,7.1500974,-0.22726808154684308,1.2838614014852725,-6.708142280578613,0.9361624717712402,1483.3657718193222,1191.0111009522554,1.7863911394032619,3.1064393333813234,575.7887561671142,1648.695379339209,2956.434184675835,2159.123476120108,0.26564529530551056,-1.294233918937407,695.3125,4437.5,0.12618568885068762,0.1328635011393042,2.6755896607510135,8.242138940227385,0.04150390625,0.14599609375,1051.7096,1056.5402,1.347464727233129,0.5079115923408071,321.8492889404297,1537.9046630859375,0.060983967,0.07889715,1.4909537364281755,2.0403887793183477,0.00035866396501660347,0.10533887892961502,0.0,0.11201442318530613,12.935573997035604
585,1,train,-350.49,126.56286,0.41077148277978326,-1.0868930694579049,-484.10650634765625,-245.7439422607422,68.10013,62.289364,0.3104115099269981,-1.299082658265356,4.669830799102783,125.69404602050781,-0.48266757,29.397318,-0.3963597220119808,1.316176527704866,-14.290300369262695,13.726284980773926,3.8339574,18.69581,-0.19025923851111765,0.9305130835890991,-3.5993714332580566,13.14298152923584,-3.975926,16.632904,-0.7119301711044469,1.2434591047555612,-13.833391189575195,4.315555572509766,-9.41832,17.459959,-0.7465140780138242,0.10871891484006024,-21.043628692626953,2.073552370071411,-6.3239894,12.970428,-0.8432499850133007,0.934741082565202,-14.265777587890625,1.63198983669281,-2.843155,11.059904,-0.34393129920590515,0.6598415650974525,-9.186395645141602,2.0680992603302,-4.524127,10.270272,-0.6393385137297837,0.7503242813399407,-10.63327407836914,1.1381208896636963,-2.7338448,8.78283,-0.43465758926792025,0.9004105384285626,-7.62536096572876,1.227008581161499,-5.9208517,10.042127,-0.5996712008522302,0.681466133085701,-12.464399337768555,0.24814024567604065,-6.705196,10.806933,-0.7097251397519679,0.3728747850142389,-13.483092308044434,0.06274369359016418,-7.453671,9.255618,-0.4264956127055705,0.05027687341564091,-14.053396224975586,-0.5798152685165405,1602.073051681442,896.4130138974203,1.616527063441288,4.118172381138353,906.8515118112489,1909.023583915929,3220.2556477409034,1790.652683326716,0.22947784245517822,-0.8546283674216775,1562.5,4367.1875,0.1207351043957417,0.09777357675676672,2.8036306715860273,11.577387424621184,0.0615234375,0.142578125,1213.4098,934.5778,1.0609847094845026,0.266887219980505,481.64898681640625,1743.9673156738281,0.05781687,0.081590734,1.7682789536553325,3.386514825200684,0.0005477371159940958,0.0975857749581337,0.0,0.08292420350918066,16.237554957171195
587,1,train,-369.09442,100.28429,0.302650703521217,-1.2941048788261789,-475.66971588134766,-279.0484161376953,87.28855,74.195526,0.12198701629244495,-1.5908813738566443,8.335741996765137,158.2888641357422,21.676832,25.008848,0.36235931140605493,0.08636375681091968,4.9325937032699585,40.92584991455078,11.808553,21.130945,0.38817437921421893,0.8911829193110958,2.826915442943573,23.323748111724854,2.8705826,18.335127,-0.5223507967228731,1.0716652832805513,-1.9299472570419312,12.394495010375977,0.66169894,12.412487,-0.3304140968149224,1.1382593844814135,-4.444156765937805,6.113955974578857,-4.689273,13.890575,-0.9065402357409256,0.838693867880695,-11.911383628845215,3.143359661102295,-5.6348963,13.385224,-0.8339787182242057,0.9882812882269238,-12.980168581008911,2.208588659763336,-5.0203333,11.558659,-0.3964661892904704,1.069461642136571,-12.051865339279175,1.5299167931079865,-4.996966,10.409307,-0.565975810530287,1.7527162367499711,-11.039642810821533,0.8049441277980804,-5.352734,8.751828,-0.6826066091961931,0.5417803145110027,-11.038453102111816,0.3819323778152466,-4.254953,7.598895,-0.6952813780617452,0.8857651693323771,-8.60109257698059,0.40528810769319534,-3.8022532,7.3503575,-0.6502327655326938,1.0841783269696261,-7.652717113494873,0.3808923065662384,1143.8096886612143,656.9027843875605,0.8025282342163971,0.6508753694558882,533.8053152520242,1698.8978431539172,2144.3209134615386,1472.9257065080044,0.2404833544376386,-1.3790331929618411,687.5,3570.3125,0.09714191143329327,0.06707294972523964,1.335888478590729,3.0623838580985208,0.04150390625,0.1455078125,960.7808,757.4569,1.6105152317655425,2.694866599426603,398.2169418334961,1246.0199279785156,0.06028382,0.079445876,1.6544645038230774,2.6486990856166512,0.0004455782545846887,0.09686304442584515,0.0,0.12296916898987448,14.151045024493877
591,1,train,-255.36122,72.493805,0.3335664538766588,0.1786837281185174,-308.9750213623047,-202.07857513427734,105.9044,39.93697,-0.7967973979958586,1.247964824723799,91.29248428344727,132.34434509277344,1.5882123,25.277555,-0.1454616380556965,0.6424661056198011,-12.515213251113892,15.90416407585144,9.087296,19.573242,-0.2065942578225908,0.986964295074642,-1.3635014295578003,19.9453067779541,-10.925214,14.318935,-0.6351615172676148,1.5620498505391076,-18.408348083496094,-1.8694088459014893,-13.671958,12.087136,-0.21018952135867883,0.8922446291598356,-20.831745147705078,-6.288010597229004,-14.45438,11.168961,-0.54873240271624,0.5676600529849352,-20.827942371368408,-7.095489263534546,-7.8484526,10.580834,0.0879144391399465,0.8264347474722009,-14.251650333404541,-1.720321536064148,-9.3902,10.395856,-0.4244930826658721,0.06035336315823869,-16.000055074691772,-2.0226481556892395,-5.6071987,9.363368,-0.3052845387105553,0.18263534880382437,-11.41438341140747,0.7213934808969498,-10.163273,8.980757,-0.27092026615294873,0.11817383982530982,-16.03855037689209,-3.868294835090637,-5.4830384,7.4740944,-0.0025870235285979973,0.3390025744586498,-10.459580421447754,-0.46137985587120056,-7.0521536,7.1792603,0.016646621946726583,0.27722205407990774,-11.732633352279663,-2.481904149055481,1461.945449836431,829.8792049880208,2.0828815936211944,4.548512362187379,930.5238816660312,1569.3716029341977,2803.811731032126,1518.2809962836027,0.928315991801517,0.4103763123118269,1640.625,3320.3125,0.1100626989170369,0.09470195314043162,2.8910628980526774,9.36348764829022,0.06005859375,0.111328125,1019.13226,845.98126,1.434776739363509,1.4185814400373147,412.52459716796875,1382.6027221679688,0.069076546,0.072109774,1.0885008572953445,0.37787193652400974,0.009905774611979723,0.11851332522928715,0.0,0.09827690209366571,14.269231542541997
592,1,train,-388.52057,109.908424,0.9209246613790931,-0.4493372997067073,-478.7466049194336,-302.18741607666016,63.631275,73.329216,0.6184844634112827,-1.2798715227824664,0.5994990766048431,134.40989685058594,10.316773,25.11911,0.5043153793435187,1.0255706325113305,0.18156253546476364,22.281880378723145,8.449365,20.394983,0.8613431978129474,2.6969285781036367,0.1312519870698452,14.325852394104004,3.6568468,13.678035,0.014558384733975692,1.4587660823723496,0.012458743527531624,9.303518772125244,1.2528337,10.631484,-0.19623737242849976,3.748667209582443,0.0,4.393802165985107,-2.2071254,9.53379,-0.7746268387174444,1.867615540157301,-5.9377923011779785,1.0447535812854767,-5.3191686,10.591604,-1.0202702148760037,1.0497093570363596,-11.479385614395142,0.5528263598680496,-5.300699,10.12417,-0.9049755317414011,0.4088663091768523,-12.073118448257446,0.47606342285871506,-3.2323713,8.120113,-0.7348100959914197,1.3047661434464013,-7.712629318237305,0.46521615236997604,-2.7532892,7.432727,-0.8600508377088767,1.8335828788723614,-6.423609733581543,0.39928434789180756,-3.0933752,7.7943187,-0.7369431484496224,1.638700489801992,-7.04957127571106,0.29661309719085693,-3.3655643,7.057349,-0.8279880729317272,0.9725917229025267,-7.6364206075668335,0.17932667955756187,1217.813287461254,673.6445920419892,1.008258719847015,1.8183860605467892,595.7339198786856,1570.2367332717226,2669.546812749004,1707.8147602994197,0.009122467977734966,-1.427262137888291,890.625,4148.4375,0.09594960003735059,0.06433208277133858,1.8742433589140672,6.086959708612431,0.046875,0.12255859375,931.9642,945.6536,1.6702345646122554,1.7540702618628412,311.1974182128906,1115.0399169921875,0.053770173,0.084295675,1.6311140849926482,1.7970628256534393,0.0001351318096567411,0.08089876547455788,0.0,0.07684333097848009,17.224205268887232
594,1,train,-315.03934,120.55513,0.34285836269563474,-0.9715840836113148,-435.7198486328125,-210.79998779296875,65.1852,53.863205,0.13511787906733722,0.08100660467016985,35.655845642089844,107.57012939453125,4.0134196,30.559069,0.00893065270357155,2.6709801138139158,-7.384714126586914,14.63646125793457,11.970058,24.883194,-0.04331239492275434,1.1713590318784552,2.2446036338806152,24.29692840576172,-11.097115,19.802591,-0.6862118616181508,0.7058697984476159,-22.966211318969727,2.4515793323516846,-6.7783027,16.74283,-0.32425139766145494,1.0906417373622572,-13.64554500579834,2.07698917388916,-2.2187433,14.721341,-0.4991795514668696,0.7483465340569357,-10.400535583496094,6.235235214233398,0.9728376,13.234798,-0.1947140735806946,0.8793612168835292,-5.511471748352051,7.694509983062744,-6.7655807,14.205321,-0.41079296328962406,0.5544454521655866,-15.296876907348633,2.030235767364502,-1.0218124,11.515861,0.044339659592483184,0.8704516080750375,-8.058887481689453,5.23705530166626,-5.525868,11.952429,-0.3736733276506932,1.015010034385405,-12.467214584350586,1.1593842506408691,-3.5414624,11.480797,0.12530225641683507,0.58413478644463,-10.26699447631836,2.371870756149292,-2.4036603,10.912014,-0.1816776574344243,0.694508480436935,-8.751201629638672,3.8283333778381348,2062.16736836653,996.9387393345582,1.0719898379526511,2.18362995479659,1188.0574658618739,2405.2214958447175,3833.8056506849316,1632.8791187518,-0.3281941799691268,-0.6962497905603104,2515.625,4726.5625,0.18925299657534247,0.11314423932539164,1.5782503233311083,4.933768490538987,0.103515625,0.22607421875,1648.3412,1063.3643,0.36168750963308277,-1.0763917096734854,677.7838134765625,2552.18017578125,0.060193975,0.079061925,1.493320571058633,1.8022334792298178,0.00249905395321548,0.10336935520172119,0.0,0.10478074049303573,12.85931523286926
595,1,val,-348.3234,124.165855,0.3763748160483066,-1.1443232779660504,-468.38350677490234,-243.35656356811523,86.39817,68.3522,0.31892648658929823,-1.092555260877505,27.85820436477661,150.4480438232422,20.213287,24.29812,-0.6170263917884758,0.8734545090248433,10.181606769561768,35.209129333496094,12.139504,21.583645,-0.007164854859189789,1.115082156669362,0.40136880427598953,22.352291584014893,1.6558238,18.962013,-0.9185342604712118,1.0407967154118678,-8.485087871551514,13.113358497619629,5.219332,14.668202,-0.8569806343706622,2.1643868031588998,-2.047411620616913,13.440709829330444,-4.362901,16.425375,-0.6598950461385333,-0.0342678747882168,-15.245581150054932,7.291029214859009,2.0748017,12.574029,-0.31563159406430435,0.6298460597042395,-5.159403443336487,9.326539516448975,0.60749096,12.339147,-0.052089425719619456,0.9027266546477457,-6.989148139953613,7.122208952903748,-4.193104,13.152324,-0.22650915453731763,0.0942771839473866,-12.630270004272461,3.5830520391464233,-6.2290998,11.110933,-0.1279753053131473,0.18368678136142957,-14.005137205123901,0.8740624934434891,-7.903934,10.076328,0.014428321640098933,0.21372906693483573,-14.993725061416626,-1.176870584487915,-6.5284476,8.91707,-0.5725271412972425,1.881598108850147,-11.785991907119751,-1.1773142218589783,1414.9514083715712,992.780258403835,1.6369000890713283,2.177787337455152,711.2217957250308,1685.972459026617,2776.0951373473918,1865.3981151739908,0.6871469460399421,-0.6490648707343842,1171.875,4013.671875,0.10130345622918979,0.10903036664341068,2.208918772769461,5.019197314743515,0.03564453125,0.1201171875,1246.5502,1097.4865,1.0772089965193787,-0.10524033304007707,383.9454574584961,1822.1114501953125,0.056078468,0.08275115,1.9675120028401085,3.866342042413274,0.002135287504643202,0.08207904361188412,0.0,0.09837313341640495,12.346579775972643
598,1,train,-298.8283,138.63615,0.15155805174626402,-1.197465563918973,-447.1944580078125,-173.974609375,73.16587,55.310978,0.27719621784537296,-0.9360574131769819,25.117749214172363,116.9988899230957,-7.8257756,29.86768,-0.38516150724929704,-0.2613305556504426,-28.152725219726562,12.742907047271729,4.7687287,22.271057,0.18941221709427938,0.5685379711075704,-9.240952491760254,17.58756732940674,-7.6796765,17.353546,-0.5351911334532755,0.13461208873146946,-18.595766067504883,4.533941745758057,-6.9199157,16.995777,-0.48342137170395966,0.08310622925420219,-18.44889259338379,4.440585374832153,-7.776757,15.022142,-0.2936379003689196,-0.05140091244741951,-17.948850631713867,2.5147526264190674,-1.7940559,13.392736,-0.252779825654775,0.08491052158217816,-9.8046293258667,6.935366630554199,-5.2947445,13.827916,-0.4503982968713002,0.3190596595066726,-13.494068622589111,3.2736990451812744,-1.9575756,11.505135,0.1429290067397402,0.27752357074010714,-9.049445152282715,4.290564060211182,-5.8015566,11.287387,-0.042375510681501555,0.27499825424268964,-12.953394889831543,0.8432568907737732,-3.506522,8.978414,-0.03875604793358789,0.5749589966350319,-9.172013759613037,1.9154731631278992,-4.411858,8.8730755,-0.059282751077953076,0.40345160438906236,-10.09278392791748,0.7050520479679108,1648.412520787019,841.2290134119072,1.237958477231101,0.9877435988484256,1019.8038819802323,2020.6073838645002,3100.3734952708514,1594.255020803815,0.5832423259793125,-0.7033075747230808,1812.5,4347.65625,0.1334384908372743,0.09717644599946702,1.8349053684278775,3.8208743486084007,0.068359375,0.1650390625,1449.3724,1037.9197,0.7462220253237992,-0.5332836370530543,582.3320617675781,2156.424072265625,0.06095394,0.07923523,1.3927240986487859,1.0561315806540765,0.002416121889837086,0.09967117384076118,0.0,0.10202441290645939,10.639795806316815
601,1,train,-398.24136,112.59986,0.3274158861717373,-1.3443529677177226,-512.6322021484375,-291.9728088378906,79.771126,69.69058,0.20601522675162365,-1.5178641740720742,9.82033634185791,149.38204956054688,8.84822,26.645342,-0.5872633709753019,1.1612764227442698,2.3260416984558105,24.33203887939453,6.3552084,23.33015,-0.2692587134817239,0.9488508362914971,0.9467783570289612,19.11859703063965,-2.4115403,16.333817,-1.0397539095413852,1.1480716181821249,-10.203041076660156,6.256402969360352,-9.00295,17.696836,-0.7537022691756974,-0.12439074624555868,-22.457500457763672,3.226418972015381,-7.5561543,14.382919,-0.8644571971220073,0.23336782143850154,-16.813526153564453,1.9653229713439941,-3.6768408,9.903624,-0.5846076734549299,0.8371423067796488,-8.91634464263916,1.5395724773406982,-6.257533,11.735889,-0.752345176547095,0.5030164016277019,-13.613225936889648,0.7927716374397278,-5.084228,9.679751,-0.8448550576757434,1.3829425900149896,-10.998005867004395,0.2914004921913147,-5.2736034,8.998291,-0.7231475125465854,0.7232932478451595,-10.445342063903809,-0.11328242719173431,-5.3322463,8.721019,-0.5611092767299939,0.3289072459098046,-10.85838508605957,-0.47833532094955444,-4.1549187,6.9332204,-0.3448832357048685,1.1512619944913798,-7.629956245422363,-0.6101440191268921,1114.2277996378284,618.8409330053054,2.006603208916969,6.707955590139825,645.0964125638059,1431.2557544471574,2251.3196371927042,1503.3922072153734,0.5064700502497241,-0.6557613386767094,867.1875,3507.8125,0.09958923969072164,0.0694460459721092,1.9147960929337673,5.795737484631573,0.05126953125,0.13330078125,766.1323,768.0908,2.4188009236336767,5.542134633652434,328.7654342651367,774.8993072509766,0.06341203,0.07729086,1.082628191566372,0.2680979306091964,0.0002785316901281476,0.11672693490982056,0.0,0.0754722387495318,19.120104213742888
607,1,val,-322.8353,123.13111,-0.11832278691564532,-1.2761628299367505,-451.2867889404297,-217.8839874267578,87.121124,60.333096,0.05316457408290941,-1.1039633681095906,35.21301460266113,140.71154022216797,4.410593,29.675283,-0.1626138045223687,0.36314636887817864,-13.841095447540283,22.35845375061035,-0.3910876,20.244255,-0.5471993122971306,1.0408024615589042,-11.894660472869873,12.451661586761475,-3.6051328,18.033659,-0.5153422789317268,0.5910716206468134,-13.53153944015503,8.167665958404541,-7.6374516,15.883377,-0.26456080980718916,0.07995523922579295,-18.125829696655273,3.2775325775146484,-17.3073,18.982077,-0.2698313636464293,-0.7082988115983602,-31.260923385620117,-1.5104321241378784,-2.578707,13.307174,-0.2491630630967357,0.3242541962498917,-10.44823169708252,5.678677558898926,-2.5082834,12.752509,-0.17960488384223994,-0.20686183953576665,-11.271623611450195,6.1999359130859375,-3.2360096,10.394537,0.011166342644491041,0.052800215065992084,-10.40428638458252,3.738425612449646,-8.791365,10.916863,-0.0304600670838286,0.14238615808119137,-16.20307445526123,-1.275230884552002,-2.6006095,9.726804,-0.012775200555375668,-0.0006958764733178135,-9.090735912322998,3.9715054035186768,-5.871719,10.149907,-0.16065387124439254,0.32347065543991116,-12.175102710723877,0.5503242015838623,1665.0627495529438,967.2186801331296,1.106732189536431,0.7539521248600027,890.9854022429681,2223.911238135338,3194.8532060518733,1958.7001481555628,0.3357700233750926,-1.31429548096511,1460.9375,4988.28125,0.13904139274135446,0.10305239622578809,1.7076080788578176,3.26680441500214,0.06640625,0.180419921875,1278.4236,1015.09143,1.0158159843906167,0.028338854766778443,476.70313262939453,1852.4595642089844,0.06788873,0.07340909,0.9862816463809101,0.06736140742503638,0.0024305216502398252,0.1108441948890686,0.0,0.09032470080954147,14.7636984094749
609,1,val,-386.50363,123.03501,0.8432429574166134,-0.7555831503404069,-489.92469787597656,-277.39662170410156,55.591457,54.71953,0.8790720357214266,-0.44582811407269096,9.763368606567383,97.32036209106445,1.0301392,26.783504,-0.9964113449384339,2.0614240081440984,-4.11957573890686,12.827988147735596,10.102291,20.817179,0.8971357673623146,2.2525876280969532,0.6374016404151917,18.60907745361328,-6.552845,20.129923,-1.3196395010036617,2.02211453957122,-14.697432041168213,4.252306222915649,-5.0155377,17.167374,-1.1850426701873376,2.0051323554892173,-12.229957580566406,4.073503255844116,-6.7064905,17.159294,-0.9835884748629216,0.875933230453994,-16.458953857421875,3.4759576320648193,-0.8263848,13.478818,-0.5490778327842428,0.8654716516054011,-7.404348850250244,6.124468088150024,-3.7102046,12.450851,-0.7189986008543978,0.9982525311762536,-10.26442575454712,2.9095524549484253,-3.5454957,10.148442,-0.5834813363207657,0.9877868459908652,-8.99846601486206,1.5604829788208008,-5.66132,10.965191,-0.4558937384633539,1.0043849732754415,-12.50840425491333,0.50709667801857,-3.2616723,9.527054,-0.18659903881241047,1.2323595696916714,-8.583539962768555,1.1325125694274902,-2.984165,9.80353,-0.12834899642723016,2.1663671700112292,-7.674330234527588,1.2382749319076538,1605.6589020149902,667.2257388592539,0.9980808779245056,1.8610115899064397,1133.0701768446488,1846.9105134074243,3066.5377051983583,1274.5764245689247,0.0439871929404633,-0.13715218867951462,2242.1875,3625.0,0.13556103582421342,0.08205703049969136,2.142778652229485,6.1549836465379215,0.08447265625,0.15380859375,1301.2156,929.0512,0.862781894201005,-0.11616366047344151,547.9168701171875,1898.26171875,0.05230859,0.085219644,1.6118599643520721,1.4982843540681046,0.0007604244747199118,0.08662090077996254,0.0,0.08675826024261388,16.22811898773683
610,1,train,-369.7259,116.32311,0.48902051725553664,-1.1335383280621834,-481.58087158203125,-266.26708984375,70.52858,64.85352,0.35214461505253203,-1.4555985829465499,11.027727127075195,134.70156860351562,4.117253,28.267511,-0.6348164944002479,1.148848614559613,-5.220040321350098,14.868814468383789,4.6248326,19.256369,-0.4844425676165802,1.4250851529395314,0.6089507341384888,11.838013648986816,1.8389585,13.403897,-0.5765394449738891,1.8994578104643924,-2.8592240810394287,7.172086715698242,-6.172137,17.562489,-1.103948063450623,0.9461437167250804,-14.95413589477539,4.017332553863525,-6.6918826,15.06903,-0.9511829527239275,0.5324840396908179,-15.467105865478516,3.0190176963806152,-0.49960434,10.796437,-0.22557316603253205,2.1556470997372426,-5.384718418121338,3.8112239837646484,-3.333757,12.534109,-0.9371604856635052,1.3192029901564828,-9.96158218383789,3.2998874187469482,-5.394413,10.953677,-0.6545247799612847,-0.004084033895591421,-13.066307067871094,2.3259353637695312,-6.1935744,11.496056,-1.2544512319831411,1.7842687406024922,-12.325127601623535,1.6826921701431274,-5.6796803,10.984816,-0.8122605341766611,0.497951749489125,-12.604782104492188,1.093462586402893,-5.0000606,8.881341,-0.6496062932310087,0.47485513922078315,-10.540875434875488,0.17217929661273956,1306.7983661892806,715.7079785689345,2.2563865540864296,7.229053181267098,812.6993533605869,1487.88920511997,2615.408677038109,1503.1126601312458,0.7025118284890904,0.3142064990287081,1398.4375,3453.125,0.09756415257175591,0.0755722855071198,3.2766013134780283,14.230522500974423,0.056640625,0.10546875,858.42285,751.1438,1.8925518111285464,3.449391501592003,360.5443420410156,984.8576507568359,0.05826262,0.08114833,1.5354160607506746,1.8757944130798307,0.00042841953109018505,0.0973033532500267,0.0,0.0901327402735057,16.330591680761973
612,0,train,-371.3402,114.75235,0.6210563345401103,-0.7148571527190519,-485.0324401855469,-287.89727783203125,71.98363,68.01126,0.3186520890327711,-1.348625104921748,5.124139785766602,135.37722778320312,19.476067,29.443455,0.25284634200353434,0.4028923846556265,2.3393945693969727,39.4351921081543,9.645551,21.266766,0.311551055127317,1.428565828779103,0.8539154529571533,20.86460304260254,-3.7994163,16.829432,-0.7555499844442162,0.4102897654609987,-13.645462036132812,4.962863922119141,-5.4489107,16.499092,-0.9343926016037082,1.0027404793074117,-14.029498100280762,3.5315990447998047,-9.751266,16.001175,-0.854908057678174,-0.019989882007831472,-20.94760513305664,1.8452227115631104,-4.047344,12.180749,-0.8324840690006724,1.6026971766843197,-10.36805534362793,2.039682388305664,-5.5906596,11.575787,-0.9318824759040442,0.9336357294694468,-11.86871337890625,1.2012395858764648,-0.20295922,8.6445465,-0.024947658647932403,1.5523213171175216,-4.2973246574401855,3.323436737060547,-0.5386798,8.48367,-0.2907640582715858,1.5832225741896169,-3.948650598526001,3.1325464248657227,-5.7662745,9.166757,-0.8146134469927063,0.5293817710387985,-11.390098571777344,0.17048686742782593,-1.4206327,8.220773,0.062328352278295904,1.491716584391714,-5.295768737792969,1.6860523223876953,1480.8021210799343,923.3193099536743,1.3999897885091757,2.1457630806703127,729.3402529007766,1893.2077048459064,3003.0779405779404,1955.9949827940402,0.2465802184741747,-1.22831443656204,960.9375,4585.9375,0.10428530887515262,0.08995261649715766,2.47420397130313,7.623360293832839,0.0498046875,0.11669921875,884.281,895.76984,1.8832220266811184,2.624884821674679,337.7808151245117,900.4107818603516,0.054072175,0.084111124,2.2504782521887354,5.18167638709485,0.0003487482899799943,0.07278742641210556,0.0,0.08725081808346533,16.11745612453805
615,1,train,-292.19308,124.92569,-0.35246048424016074,-1.1666950380543468,-425.51375579833984,-191.94482421875,103.21862,71.491806,-0.26453196629742265,-1.0168021700754288,31.449508666992188,165.59374618530273,15.462655,30.316456,0.12132491765932048,0.25460330585012025,-2.364122986793518,31.970434188842773,9.746939,25.796404,-0.03871993592188509,-0.046516942084361634,-7.028546214103699,25.999025344848633,-8.685967,21.324892,-0.851424946517116,0.6873717870219687,-21.651246070861816,8.054485082626343,-5.77216,16.957262,-0.5405555485239222,-0.05970230449342662,-17.039655208587646,6.567863464355469,-10.854307,18.484299,-0.4222050309411211,-0.6183424055973457,-24.96160316467285,4.483651876449585,-5.1108756,14.420818,-0.4911492726290066,0.9284106358104784,-13.485118389129639,4.5874282121658325,-5.578798,12.930326,-0.45250901191812376,-0.13806267479590328,-14.495207786560059,3.3222380876541138,-3.201125,10.625294,-0.23315505183132434,0.3451001306338912,-10.286833763122559,2.7450795769691467,-6.203871,9.938316,-0.2667463486956885,-0.24345249767918054,-13.430970907211304,0.3653307929635048,-3.3804262,9.283827,-0.2383077933746817,0.8816058115900764,-8.224642515182495,1.6224256455898285,-3.2918537,9.494462,0.14807528536323364,0.7560497136939865,-8.797436237335205,1.9981578886508942,1391.86269113006,952.3508400862738,2.267259713149482,5.339097320434446,781.5177227503951,1612.2578684147184,2627.146677927928,1713.6900797751796,0.9915505243239014,0.29343054460858387,1248.046875,3539.0625,0.11140510627815316,0.09575410861007416,2.649095873121433,7.8452067169200195,0.05859375,0.1090087890625,875.81366,838.4684,1.9641284500804672,3.2004023116149263,352.6435241699219,942.5071105957031,0.07462191,0.066382036,0.737077785008728,0.03996996704062461,0.008834323612973094,0.11838123388588428,0.0,0.1337660584581197,8.732603392916385
620,1,train,-336.93063,132.7043,0.12284390379208703,-1.346982094922993,-479.26131439208984,-218.78689193725586,87.23262,70.00863,0.08151872064168947,-1.1352768930427224,27.01768398284912,154.65327072143555,3.6167977,32.122307,-0.5292594155027841,0.32744839854119734,-14.278453350067139,23.438340663909912,4.7430377,24.86049,0.14501813039205022,0.47580228780378375,-10.090497732162476,18.43707275390625,-6.4012856,19.015343,-0.6255840560299816,0.22228427937043715,-17.794692039489746,7.500495433807373,-16.280233,21.416967,-0.2857227365656722,-0.8659264157259172,-33.225829124450684,2.970416009426117,-8.420079,17.881342,-0.5032502309439659,-0.18812127597786654,-20.33554220199585,5.058291435241699,4.501432,13.336768,0.024447455012200327,0.7781272909297035,-3.9387987852096558,12.848440408706665,-6.987316,14.059711,-0.3030064486678611,-0.20376630406108465,-16.306132793426514,3.655375301837921,-3.0375564,11.143056,-0.16093958521173232,-0.052817197942478966,-10.476563215255737,4.530681133270264,-3.0561166,10.594187,-0.05284016132291237,0.014634818201823663,-10.33050799369812,4.004186034202576,-7.9703894,11.239615,-0.3639725275346691,0.11241654879814256,-15.729515552520752,0.6897379755973816,-4.9796395,10.151752,-0.18051385817741308,-0.06077148590791337,-12.175577640533447,1.9522870779037476,1514.3852161706,938.9058292508427,1.4223535025932892,1.719884014779975,823.9897116859345,1924.5064845369895,2841.571514423077,1790.209144642916,0.5750220852371122,-0.878515460075838,1232.421875,4244.140625,0.12794095552884616,0.1024393326876458,1.8760157585299573,4.0224333196285755,0.0589599609375,0.1708984375,1306.2664,1015.7407,0.8080343783051156,-0.4859128773830572,475.1228332519531,2128.3474731445312,0.06478873,0.07616517,1.1330980686821692,0.6200938715600208,0.0016744888562243432,0.11675039865076542,0.0,0.09532996089056311,13.498605567619487
624,1,train,-360.6531,105.970474,0.6627462400883023,-0.8225485253433478,-455.7872009277344,-272.68548583984375,66.070145,61.859985,0.4751403890302766,-1.0272446761826817,11.53577995300293,125.384521484375,8.594043,28.850487,-0.09306253380892414,1.7685674014266928,0.981883704662323,21.497364044189453,1.611935,18.060873,-0.1954720381992109,1.5906205425400808,-5.516482830047607,9.143697738647461,-0.7778542,14.51396,-0.8244918471013768,1.5740238166675882,-6.712428092956543,6.460082054138184,-2.108407,15.360988,-0.8174598946116839,1.7741562602066505,-8.108563423156738,5.284005641937256,-2.0323265,14.178919,-0.7178479215462752,0.9614633342209218,-8.36727237701416,5.5956878662109375,3.04009,11.52526,0.4613215933620262,1.2807598375241795,-2.814023494720459,8.054738998413086,-2.5621045,12.660531,-0.3649933353155275,1.4265633903745867,-9.277063369750977,3.323306083679199,-7.036553,11.901024,-0.5639643877777789,-0.08364317879640959,-15.472411155700684,1.3183141946792603,-8.888128,13.029758,-0.7698148488829939,0.26362548987455314,-17.302867889404297,0.5552869439125061,-6.0009313,10.329395,-0.5534522197728833,0.8776618280424384,-12.89657211303711,0.3548659086227417,-4.031118,8.747432,-0.09820275241358657,1.715416928232048,-9.378540992736816,0.4047735631465912,1365.3284063799715,821.2983382770311,2.2517148552316906,6.072998386923425,839.867192434486,1482.936866830798,2597.435379644588,1519.7038107150115,0.932420450061038,0.45392785560967175,1367.1875,3226.5625,0.09462822260366183,0.07759986989849808,3.0239561775633366,11.985735939890567,0.05224609375,0.1025390625,952.60956,800.72424,1.7453031224899567,2.8705047699493136,393.06372833251953,1141.1287841796875,0.055914346,0.082889386,1.7320655329370434,3.026082685297128,0.0010132277384400368,0.0956006646156311,0.0,0.0786354729331492,18.365612991490003
627,0,train,-347.62408,120.58116,0.20734482692472092,-1.1492543817967233,-462.5753173828125,-247.00218200683594,82.37586,58.25406,-0.029094918729731224,-0.7285541355863603,34.244110107421875,130.3389892578125,27.619339,29.675762,0.19524448290337953,0.7073062176038944,8.267030715942383,46.1762809753418,5.4602337,26.560493,-0.13582738619153853,0.36468380677329026,-9.707294464111328,21.717416763305664,-12.816269,21.393232,-0.3024493835927433,-0.20217566208817406,-27.80681800842285,2.903491973876953,-5.8404193,17.750765,-0.21536237693176283,0.40366018178383767,-17.36214828491211,5.727453231811523,-11.142274,19.682938,-0.4051537351141805,-0.14009483044136495,-24.386188507080078,2.113431692123413,3.7866924,13.869365,0.12459653189109614,0.5679061908133254,-4.7237138748168945,12.805770874023438,-9.001979,16.942108,-0.27842002931991083,-0.06997606265695566,-20.704967498779297,2.0228896141052246,-0.49934185,11.116768,0.08179709125216407,0.5915021918257009,-6.904262542724609,6.096572399139404,-6.1327367,10.918071,-0.01798977425541764,-0.23848725605892174,-14.135991096496582,1.7088589668273926,-1.511233,9.472433,-0.03988768017626813,-0.009085106527584763,-8.023365020751953,4.639473915100098,-1.901256,9.468363,0.06858483979881082,0.26652304576629104,-8.132384300231934,3.9537222385406494,1558.477192066833,992.1879690483621,1.5908607776757355,2.406515960045553,849.1441793919332,1896.1972121860385,2965.0384615384614,1864.8341727644665,0.31681995793452233,-1.1962348576200483,1078.125,4578.125,0.12166826923076923,0.10935886964098353,2.27887255659004,5.995759890450442,0.052734375,0.14208984375,1164.6631,1016.09686,1.250071719798496,0.4037227330855382,434.85186767578125,1632.163330078125,0.06257498,0.07797626,1.3881006078230775,1.0933753996546853,0.002812474500387907,0.09797267615795135,0.0,0.07536331084900312,15.726000029746132
631,0,val,-352.83453,108.36603,0.40000615224126296,-0.8480391750791685,-457.281494140625,-264.38704681396484,92.993256,66.02975,0.3006096842504409,-1.2597350791533326,33.17438888549805,161.02933502197266,11.274703,25.49128,-0.729226434625951,0.7709426787281934,-0.5352983921766281,27.41175937652588,7.7037144,22.88449,-0.399569487985668,0.274604351963577,-6.057070255279541,21.903687477111816,0.54570204,20.502174,-0.8035214463269478,0.20668880455982697,-10.971420764923096,13.883140802383423,-2.6752536,17.968204,-0.481151161726893,0.2570100938415747,-14.101351737976074,10.219053030014038,-7.9285717,21.674122,-0.29605876644976975,-0.7278628407632737,-26.11186122894287,8.7330904006958,-4.6235275,16.104656,-0.21457353019829375,-0.21771131681646372,-16.57571268081665,7.263937950134277,-6.848883,14.06439,-0.30399766862344757,-0.5630850935836902,-16.835086822509766,5.151231050491333,-1.1960016,12.604581,-0.33391222069294807,0.1718849358289165,-9.120038986206055,6.765606045722961,-2.98834,12.989517,-0.15757152054495208,0.20694277528187222,-11.355415344238281,5.049112319946289,-6.5391912,12.1671295,-0.2372892474671397,-0.4718203002844419,-15.250926494598389,2.7259289622306824,-3.5942647,10.054939,-0.03485474537734069,0.08044999763443528,-11.079923868179321,2.9342581033706665,1143.8773330543288,664.452988832142,1.887287035015016,3.9705581105369037,667.0680702875007,1271.3315307723865,2142.130681818182,1357.1352274970448,1.0902036065922909,0.898157638289589,984.375,2691.40625,0.08266645951704546,0.06443454510207437,1.9804186128393402,4.283996713556207,0.0419921875,0.1041259765625,1139.7649,961.1362,1.1858372035829658,0.4413571997708061,400.9532470703125,1599.5638427734375,0.057942614,0.08145219,1.6242962793067228,2.21552064568139,0.002662205253727734,0.10441139154136181,0.0,0.11666043136037496,13.119398282049437
635,1,train,-393.4957,118.18413,1.6838364552931688,1.602300914671975,-466.14615631103516,-362.9964828491211,41.84647,56.70018,1.2921019511200988,0.40860185948410477,4.030565500259399,68.34792518615723,10.092825,20.149685,0.6744904628545012,3.29038385268211,2.8615984320640564,16.31345510482788,7.2383094,14.669092,0.9443476739419678,5.828385728740628,2.488019287586212,11.260331153869629,1.3941176,11.825422,-1.5561610080850397,4.91758397945028,0.5202158987522125,5.687095642089844,2.1530714,9.670856,-1.0466373261744408,4.607926625752906,0.9378221929073334,5.194034218788147,-3.7493985,14.342802,-1.5206824992741121,2.005882518091446,-6.893084406852722,3.5385996103286743,-0.5300639,8.664984,-1.3075511557801165,2.358167935508164,-2.8878345489501953,3.3034602403640747,-0.6359692,9.055906,-1.0972618420407638,2.387441733771338,-2.7395216822624207,2.9196882247924805,-0.35438544,7.3878536,-1.0364326127503505,2.645646790566092,-2.1185794472694397,2.4972848892211914,-1.8222024,7.0127077,-1.2845226535139165,1.9753724080078703,-4.5030118227005005,1.817297637462616,-1.1913104,6.901126,-0.739017519473495,2.2957062352957767,-3.5680668354034424,1.6618808507919312,-1.661485,6.812234,-0.7206566882796795,2.5287572336877693,-3.9752159118652344,1.2299681901931763,1452.5370349777163,693.5509496086006,1.8085084246363425,4.817289262663794,1050.5398466506747,1579.4821557970654,3141.420077433628,1453.7529644119434,-0.005983356788654274,-0.4951193422735658,1843.75,3974.609375,0.0879630860704561,0.07296827953901339,3.3275037991418923,14.198342310770784,0.05078125,0.0908203125,949.18915,938.08606,1.675109945325815,1.8962809661756044,316.25154876708984,1188.4560546875,0.040025715,0.091269374,2.6784675244524965,6.685118414877515,0.0003228770292480476,0.013979685259982944,0.0,0.08199482131048828,13.136567761299148
636,1,train,-346.48416,86.30935,0.6550577987736238,0.08582736018638615,-411.90757751464844,-289.0653076171875,83.71602,44.022144,-0.08075479488805301,0.003231947824005932,52.18299198150635,114.24081039428711,5.433014,28.22011,0.044802298600888156,1.1466041198011565,-10.016076803207397,18.975618839263916,12.497592,24.82945,0.6349770833999143,0.9376799383096914,-3.6420977115631104,26.19237518310547,2.2279139,17.246803,-0.45370058172242117,1.0233837203115268,-6.814728021621704,12.74888014793396,-8.848131,16.508589,-0.20919918786535738,0.1365655650786568,-19.002702236175537,2.7423439621925354,-9.185889,16.90578,-0.8916833165507198,1.069880043239432,-18.00833511352539,2.6146206855773926,-5.175783,14.536155,-0.5425154604503728,0.08945035671723112,-14.241517782211304,4.945573329925537,-2.9352741,13.033561,-0.1272028647019638,0.49684068285385274,-11.259124755859375,5.356680274009705,-4.239826,13.516625,-0.4817143431990162,0.5740613787739357,-13.207729816436768,5.221124291419983,-5.394082,12.026263,-0.09619384645462298,0.03805122623247659,-13.49895715713501,2.356320083141327,-5.3645062,11.178228,0.1316894277455578,0.01053952773458633,-13.374197244644165,1.7636107802391052,-6.299119,11.039757,0.02670939789986824,-0.1742389453994151,-14.110615015029907,1.0134830474853516,1404.3227603362204,726.495180339043,2.326421750835801,8.474928716636521,952.6473448978803,1631.632150191388,2608.465512223516,1424.9155188100806,0.9476053449816212,1.2028331628021194,1736.328125,3218.75,0.11007104236394064,0.07593866394929165,3.3423803420984117,16.892492655892074,0.064453125,0.13037109375,1102.709,821.7648,1.068618859388048,0.5458324368024727,433.99222564697266,1598.812744140625,0.054035418,0.08408607,2.0101482916243847,3.937010992414229,0.003948234138078988,0.07380863279104233,0.0,0.0923268281825472,17.54607046447538
639,1,train,-345.42822,113.069496,0.6080148002705212,-0.7916443714728927,-435.5257263183594,-243.00953674316406,70.55517,44.2427,-0.11148668876098287,-0.14188438898657152,39.43363571166992,102.51589965820312,16.983232,23.710794,0.4465622305438663,1.5957738679674431,3.8773000240325928,28.350765228271484,7.131592,21.929497,0.8343775074135161,3.2150836023615073,-3.2199230194091797,14.255939483642578,0.42943215,14.3720255,-1.0529191339093291,4.2173300985040925,-6.262101650238037,8.613475799560547,-3.0526671,12.5675745,-0.31764862196731247,1.0476129442205737,-10.233663558959961,3.6522998809814453,-7.4877086,15.232479,-0.8667958591118624,1.3032534400510585,-14.842674255371094,1.5278294086456299,-3.2011955,14.359344,-0.4118013209761666,0.7685292468718803,-11.468343734741211,5.331844329833984,-4.232659,11.432663,-0.16403074171248405,0.7520331760917749,-11.244991302490234,2.05448055267334,-5.070622,10.903362,-0.7530157215030374,1.9436986380369854,-10.639538764953613,1.3933560848236084,-5.3944645,9.895418,-0.29186531521389025,0.5018502957317565,-11.170289993286133,0.38771694898605347,-4.344122,10.059572,-0.038852154235291265,0.9405354616156592,-10.194162368774414,1.631673812866211,-7.8115745,9.48924,-0.29522471936413447,0.6695483405353371,-13.322614669799805,-2.041543483734131,1598.1050047979686,776.2904098084937,1.919737742749283,4.56863543729183,1121.7614889391011,1799.9701250749831,3258.0004295532644,1575.9009144363577,0.5007807585324989,-0.3190703073305774,2156.25,4250.0,0.11333662210051547,0.0785350905982642,2.4943435750310186,8.59860420109449,0.06884765625,0.12890625,1015.5164,815.9103,1.4952579295020503,1.9608453828519377,409.96324157714844,1334.2152709960938,0.053089865,0.08447544,1.7779654690487294,2.483585401963353,0.0025141944643110037,0.07796252518892288,0.0,0.08483428139994872,16.916311843105245
640,1,train,-367.8708,116.37076,0.24149838426706927,-1.3339945088241416,-484.00821685791016,-261.77003479003906,90.83675,60.991215,0.24981218714659406,-1.3639693390385061,36.69802284240723,150.57471466064453,13.824448,27.828646,-0.4908801252019533,0.5575299999179957,-1.5782455205917358,30.410606861114502,11.006827,23.319016,-0.2931851027322626,1.032839459108164,-0.5106306672096252,23.80522394180298,-6.7121205,21.467045,-0.43423569563795583,-0.6472369469951387,-22.126038551330566,12.377216100692749,-5.3076057,18.91258,-0.5270298505696841,0.09928390898695127,-17.219194412231445,10.296184539794922,-4.4565663,17.53664,-0.5312373254091619,-0.3238725634744579,-16.243760108947754,8.880645751953125,1.4968975,13.412201,0.12011206692330997,0.9426547090099295,-6.542106032371521,8.801497220993042,-3.0012794,11.987818,-0.33491695663669485,0.14028912079885414,-10.1179838180542,4.631285190582275,-2.2515314,9.213484,0.02046577454693263,0.5684780412102954,-8.332085847854614,3.334242820739746,-4.9815407,9.259555,0.21163024872384636,0.4675916504785591,-11.542132139205933,0.9233851879835129,-5.1019316,9.730351,0.08977588043595397,0.3613447969029253,-11.428629398345947,0.9404980391263962,-5.0633264,8.744484,-0.03799541259352382,0.8969507623764752,-10.351805686950684,0.2885595113039017,1232.3007984729006,718.2596042634273,1.5294550016527568,2.3019794335594668,704.5412153674654,1514.7770043174405,2334.0790198237887,1563.569649891214,0.7579107905183924,-0.39977164693270284,898.4375,3369.140625,0.0924169061467511,0.07667952820126238,1.8952215709423097,3.524657840254278,0.04150390625,0.112060546875,1285.3839,1062.4019,0.9140505344181489,-0.3929749525170081,421.1156311035156,2029.1068115234375,0.061718713,0.07864572,1.224575083666816,0.5148239531195773,0.0019251183257438242,0.11156219430267811,0.0,0.07548052364474518,18.033169261425407
642,1,val,-370.86026,107.55186,0.2764873883502037,-0.9529599672241074,-494.26888275146484,-291.02484130859375,88.17328,69.376854,0.055412412934797976,-1.4689699894524206,15.597968101501465,154.56965255737305,21.409426,27.101997,-0.2678239256620308,1.1401997250536757,9.82691502571106,38.789154052734375,12.482777,22.959114,-0.10525822380172307,1.1167911766191398,4.596332311630249,24.558363437652588,-4.0025487,18.597359,-0.6737322518844224,0.6910785737474407,-16.1963791847229,8.410509824752808,-4.8623724,17.747435,-0.45644848332470245,-0.28641642362954833,-18.19175148010254,6.890666484832764,-6.875549,16.674868,-0.6359423740532681,-0.07773917006399556,-18.254926681518555,4.653588056564331,-3.6306005,12.733802,-0.40361941494626874,0.6243777056834561,-11.555083751678467,3.878037929534912,-2.5249722,11.108965,-0.1446623974628373,0.2201414932728163,-9.8203706741333,3.467328667640686,-5.527124,10.087782,-0.2501289281479281,0.24137041853608787,-12.843426942825317,1.3130999207496643,-7.9192615,11.38599,-0.6863480667829971,-0.04425323698818584,-15.840928077697754,0.6636736541986465,-4.5754156,9.452445,-0.2625481238717174,0.9508316666928534,-10.449845314025879,1.0936090350151062,-3.1259806,8.168317,-0.28620160441113485,1.5095154344059045,-7.720126152038574,1.20976123213768,1198.5983403147059,763.8697061289139,1.7251162825853286,3.314939343635877,616.9568671466421,1462.4611258889927,2358.4311453349283,1648.9916639868975,0.5763365279293229,-0.6409820063896987,812.5,3601.5625,0.08364619934958134,0.06910121767838782,2.676969248194252,8.269472108591287,0.0439453125,0.08935546875,965.80133,984.0316,1.710198037444298,1.718051239621345,350.65477752685547,1001.1540374755859,0.06209441,0.077872254,1.6609524093728412,2.8278416964232136,0.0007309873180929571,0.09563937969505787,0.0,0.08666925239624944,16.72388793765824
648,1,train,-303.65265,101.25551,0.12065691633170805,-1.0467372425118548,-394.88836669921875,-221.3251953125,83.245094,50.045876,-0.18383283314655022,0.21048100180896778,50.47846984863281,121.31964111328125,0.8029279,25.58361,-0.42199879949731894,0.04223221654449283,-16.434062957763672,19.71609115600586,17.110685,27.757257,0.7648776010839942,0.875484811112401,0.9553108811378479,30.563297271728516,-4.224158,18.806341,-0.5908796648781013,0.40746007810740226,-14.861185073852539,7.031350135803223,-2.9617817,19.115189,0.07653656435763391,1.47257531027355,-13.151554107666016,7.17008113861084,-7.5157304,16.900257,-0.5566007000886711,0.6414981180477546,-17.307174682617188,2.945659875869751,1.3302292,13.553447,-0.18498413889739654,0.7841620837729204,-6.417170524597168,9.374164581298828,-1.6229204,13.531969,-0.35422782596111263,0.5031643114770299,-8.964469909667969,6.467282295227051,-3.5353043,11.925247,-0.12688881847346248,1.1850821736901072,-9.850417137145996,3.111548900604248,-5.233687,11.865072,-0.006904907362538457,0.5519715733680517,-12.167320251464844,1.921069860458374,-7.3004827,10.721912,0.032576258525700605,0.29531334293003564,-13.906699180603027,-1.1787786483764648,-6.2780247,10.221569,-0.0735450883040157,0.5877579985940464,-12.65606689453125,0.09056934714317322,1597.7674639421234,781.1438373896003,1.5235609995470922,3.012831707126016,1029.0857904263016,1837.1374454976515,3021.853460654796,1303.1854164138833,0.37300413316594155,-0.12194689517292723,1921.875,3835.9375,0.12454986134046525,0.09071490940273756,2.1492734116868073,6.3217322041790425,0.06787109375,0.1455078125,1287.8539,1012.7079,0.9936074408961202,-0.026578988763489075,485.3339538574219,1881.4852294921875,0.06405988,0.075818986,1.3650650025062492,1.4508352457331846,0.0053282068111002445,0.10945184528827667,0.0,0.10165007854958567,14.9300436502513
650,1,train,-274.8112,58.494976,0.5186819235007069,1.7473632055153034,-320.0734634399414,-234.78395462036133,123.20479,26.17986,-0.4472105943750847,2.1958834393975337,106.09427833557129,142.29430389404297,-11.892352,15.334011,-0.7870342300646378,0.8081564192442574,-19.73544406890869,-1.4768502414226532,27.603683,16.906317,-0.4589120727850744,2.061145789030803,20.388774394989014,36.645015716552734,-4.220768,16.033602,-0.9357474186874408,0.6636182167049838,-13.533750534057617,7.669802308082581,-11.575635,11.768213,0.2837109547490497,1.0316086709052472,-18.41934299468994,-5.177087068557739,-5.63774,9.9792,-0.6367882798230609,0.646929814271314,-10.876084327697754,1.3741208612918854,-10.236967,8.166859,-0.3101350190834093,0.6941957300532966,-14.862101554870605,-5.055466175079346,-8.020982,8.341473,-0.11433250469896612,0.23980629612740678,-13.262460231781006,-2.6783639192581177,-3.3337204,8.546941,0.2559771605167501,0.8924329928464432,-8.937604665756226,1.807874083518982,-3.1290667,8.094316,-0.3004791855814807,0.3225434686162125,-8.094377994537354,2.3335070610046387,-0.64357156,7.413507,-0.3763357855752968,0.3019154933969572,-5.215482711791992,4.448048233985901,-3.1086626,7.0196877,-0.44771647350017596,1.3970489486323476,-7.294385671615601,1.549177497625351,1056.6265418993762,327.45270682703034,1.7892689878867016,7.2192970624438235,822.5896803748951,1213.2685682321317,2092.2481471577016,779.9832630738239,0.6393285313466166,1.9905527322727004,1500.0,2531.25,0.07110864317504584,0.03313961978667015,2.7290298132704485,15.438188960398595,0.05029296875,0.083984375,859.1443,718.35406,1.62036153116469,2.2936129351955223,363.6903533935547,1119.2503051757812,0.06651804,0.07465955,1.3308902295129075,1.2289320712008083,0.010308041237294674,0.11356483027338982,0.0,0.10434195309915135,15.15531882529106
651,1,train,-372.6562,94.64509,1.597121251037349,2.0036405709487015,-433.5343551635742,-348.9485168457031,61.68706,45.210735,1.0208058013375503,0.9015034382249891,31.11806631088257,74.78655815124512,11.627288,20.13998,0.43450121530904723,2.8937602107353797,1.624329924583435,19.1539306640625,6.6654954,16.462948,-0.14720265597673893,1.6922090534320695,-1.3140595853328705,15.188674926757812,2.4089625,15.6776905,-0.3928531533107732,1.7835569778373808,-4.698550581932068,10.718870162963867,-2.478776,13.568042,-0.4926466596571608,0.9658081450897189,-9.710135459899902,5.100215196609497,-1.0874469,13.56119,-0.5729308995858914,1.6932647272907895,-7.2599873542785645,6.309032440185547,1.3910598,11.489826,0.1713986894241163,0.6646021213362565,-5.188621401786804,8.303181409835815,-2.7068202,11.435465,-0.18599431206816538,0.6954248481435026,-9.37801718711853,3.6655033230781555,0.9377353,10.873192,0.029856768133542416,0.7897253327586444,-5.025102019309998,6.957434892654419,-0.6340527,10.956049,-0.20196791942264575,0.9931266702268009,-6.570293545722961,5.3715925216674805,-1.8745062,9.898371,-0.3229616252169366,1.1693969012888648,-7.533633232116699,3.6887357234954834,-1.426389,9.383452,-0.09212518115728154,0.7073066689418481,-6.7274229526519775,3.8293747901916504,1689.4475572662275,830.9896582805386,2.0879503450561905,6.634798545324095,1276.5422343673695,1844.0369343229236,3259.971149073461,1475.631382847755,0.5398434842796334,0.5770418625714764,2548.828125,3812.5,0.13304080622311384,0.09560552661431065,3.501028162676267,16.905248236676027,0.091796875,0.1474609375,1239.3109,855.6401,0.8293260022775858,-0.053335172319418866,529.1790771484375,1775.2176513671875,0.041953422,0.08876245,2.553728605610618,6.061302177431651,0.002086385153234005,0.016571880783885717,0.0,0.08545157160169785,16.92912555886207
656,1,train,-340.80878,128.53528,0.22721003250133415,-1.2208448551913327,-484.2871398925781,-228.90126419067383,78.07381,65.059944,0.2214121076683764,-1.0685192996320185,12.709746837615967,137.2799301147461,-6.948211,32.873486,-0.2614079522928444,-0.20218485119397656,-28.800947666168213,9.429773807525635,-2.619629,27.661299,0.10739606096206981,0.24164465439490224,-18.89258861541748,8.09055745601654,-5.4580755,17.752377,-0.2091460695541427,0.25005541155044453,-17.552677154541016,4.228108644485474,-3.0897727,21.749655,0.18298699148903944,0.4045444846095969,-15.544134140014648,5.9568328857421875,-4.485019,19.580223,-0.147366821728194,0.28172788514997027,-18.385863304138184,5.740518569946289,1.3211449,17.986347,-0.12449258270696527,0.38733908691300245,-9.45238471031189,11.636702537536621,-8.560804,18.771585,-0.49286067824497276,-0.2623731188581311,-21.019299030303955,4.537723183631897,-2.1853395,12.805947,-0.4566448663676652,0.8000557554245535,-9.212991952896118,5.22929573059082,-3.4696476,12.688797,0.09041502929708016,0.6873187275957413,-11.5491304397583,2.9581722021102905,-4.5787563,12.2197695,0.5784890613517297,1.488330038442986,-12.24903416633606,0.9675299972295761,-2.9804103,9.502593,-0.2683805667170262,1.4153682262447944,-8.195194005966187,1.9391218423843384,1465.643044656477,729.2364836317662,1.559998219525245,3.754794896436173,889.8863968355789,1809.1593663200758,2766.4874188311687,1567.0357885267392,0.4893615123388466,-0.9792941287711718,1375.0,4132.8125,0.11446299933325603,0.07610028763407753,2.3173502236139796,8.95824291996397,0.06494140625,0.140869140625,1135.6388,916.7763,1.3851109632260856,1.2242483170214076,472.3699493408203,1419.3221435546875,0.06176289,0.07718069,1.6517409070222382,2.8979850154533597,0.0013113920576870441,0.09532338194549084,0.0,0.08317310642921022,15.284990712518354
657,1,train,-367.8643,126.90713,0.19835756571747773,-1.5609538115164807,-501.9100799560547,-249.01213836669922,78.55844,75.70107,0.30354432667799885,-1.4313855975778522,1.8192434310913086,145.5383186340332,-0.528111,28.805857,-0.5410181192531371,1.9109237662471088,-9.057614088058472,11.02906847000122,-0.51730853,21.877789,0.16952976236125109,1.3135544403109076,-10.139668464660645,5.346036672592163,-12.686165,21.452177,-0.9773523143750374,0.40631384452761665,-25.668378829956055,1.363372027873993,-5.6076255,15.374235,-0.9163553658818643,1.3380692507134935,-13.370691537857056,1.9845175743103027,-10.187621,15.543036,-0.9385105557049513,0.34864240506082567,-20.67323112487793,0.863503023982048,-8.39716,16.338049,-0.9807407898239315,0.8555786835283343,-17.69063138961792,1.0126987993717194,-2.0162303,10.173826,-0.7300476184596816,1.3759790853330278,-6.160886883735657,2.031947612762451,-3.4955847,10.289389,-0.6096606600195051,0.5278466551496104,-9.266928434371948,1.0968842506408691,-5.383651,9.100466,-0.7916686972435855,0.29231811704936117,-11.003303289413452,0.34738174825906754,-3.3349626,9.182599,-0.9528694408799219,2.3447533050330422,-8.107481479644775,0.666968896985054,-4.9659677,8.337808,-0.7079219249891774,0.49310591440668894,-10.550334453582764,0.1383478119969368,1415.9537156413232,715.3825402083719,1.0275871230260316,2.434301432044439,777.8391048133889,1929.257689147048,2932.558700090744,1760.5294174768505,0.04622372331249259,-1.608388061646739,1134.765625,4617.1875,0.10727920116833031,0.06376290020307541,3.0931784580887105,15.077220598407841,0.06689453125,0.125,880.73224,697.7829,2.051439436928687,5.110900890030461,407.7319030761719,1134.4756164550781,0.062457483,0.07808975,1.0837722090229778,0.13422308977133346,0.00017084810679079965,0.1184121984988451,0.0,0.08218452294672758,16.3024608095077
660,1,train,-342.90518,125.83807,0.13951585123285629,-1.3478751076304647,-486.82298278808594,-232.7949676513672,80.70907,64.206825,-0.08283996927670337,-1.426969980299054,5.443284511566162,138.53065490722656,-0.9244904,36.002346,-0.045453978946402324,0.17026131894925145,-22.51508617401123,14.935989379882812,1.394039,21.696232,-0.3497801491916563,0.5881078099353614,-7.669646739959717,13.454947471618652,-9.930965,20.439587,-0.9967616464396984,0.6874657916033584,-21.13659954071045,2.2831064462661743,-7.311771,17.617958,-0.398263685060019,-0.10289617702780562,-19.874728202819824,2.329834222793579,-12.482351,17.037245,-0.6852425205808477,-0.12809260956121848,-23.35626220703125,0.6792745590209961,-3.7616427,13.423267,-0.5158690252462373,1.4440046776082784,-10.939605236053467,2.0278894901275635,-3.152038,11.312268,-0.20547058763170722,1.2587641010967108,-9.873073101043701,1.8412092328071594,-8.026773,10.578157,-0.3270606654723316,0.3377337350515437,-15.662241458892822,0.227668896317482,-3.2404697,11.046985,-0.07417415944682404,0.041507461731128625,-10.812795639038086,1.6813186407089233,-6.315207,9.562063,-0.4574894556688074,0.12847916618766853,-12.766404628753662,0.1667487472295761,-3.5404165,8.542245,-0.3154044457254378,1.1422168987930048,-8.414957046508789,0.5468692481517792,1426.5772883320576,791.4901538540767,1.5016461195546125,2.946024632995292,848.2209553343307,1903.5903716665139,2795.8528037383176,1721.366253040481,0.4219693763081547,-1.2034946782196283,1320.3125,4476.5625,0.11078051985981309,0.07736107439662461,2.497215800502064,8.734755094428648,0.06005859375,0.133544921875,952.82837,824.3437,1.8190305643808333,3.041079424818645,399.0893096923828,1156.02880859375,0.06503156,0.075915106,1.344193304735945,1.5108612191824973,0.0012563358177430928,0.10824278369545937,0.0,0.07762580032358635,17.04203586534391
661,0,train,-300.42212,126.64144,-0.16705510980807486,-1.073545987659518,-422.4365539550781,-201.38677978515625,109.479294,60.840797,-0.7113985054046724,-0.07985114730066245,60.91015625,157.3314208984375,17.689121,28.326643,-0.20274661922451898,-0.19881466413368898,-1.9486535787582397,38.18266296386719,21.741905,24.32437,0.41828220219731416,0.17272051784838105,6.282491683959961,36.55198669433594,2.153943,19.963396,-0.5850599238700959,0.24823031173308285,-8.905828475952148,15.17764949798584,-0.44240448,15.978,-0.391322036907091,0.6236335853556159,-9.846158027648926,9.512467384338379,-7.431611,14.974509,-0.020373085960141944,-0.20881008121415512,-18.124040603637695,2.9161508083343506,-12.203784,16.852383,-0.13853331787025458,-0.614399199035363,-25.034942626953125,1.3955180644989014,-7.544474,13.238026,-0.201046609072485,0.158989992826426,-16.305938720703125,1.8791160583496094,1.2665206,13.070931,0.07398230030293507,-0.0644737490317806,-7.112462997436523,9.712973594665527,-4.1085744,11.475816,0.1553184358973292,-0.16084485696618067,-12.434566497802734,3.197749614715576,-7.6676745,10.5239725,0.013989631922275168,-0.12918570371197102,-15.191754341125488,-0.004698619246482849,-2.8818295,9.638402,-0.1455613942576428,0.0028938672282499134,-9.407356262207031,3.423555612564087,1144.8914316096602,714.5918390822508,2.3110360857329986,5.662470111319994,732.9896896332745,1268.0272046908058,2132.453353163872,1382.5885682282035,1.1841664914822174,0.7853719496803979,1210.9375,2843.75,0.0789750688716874,0.0741959461894322,2.8770214354676926,8.917381554344304,0.041015625,0.07763671875,1077.0208,1071.8295,1.3715447332554729,0.5425591463442325,343.4393005371094,1406.6742553710938,0.07320275,0.068093784,0.9524179411735899,0.6602263668857011,0.007548389490693808,0.11275585740804672,0.0,0.10495898260063824,12.102422304065124
663,1,train,-300.0719,92.08192,0.07442144953639365,-0.710390066138713,-383.73585510253906,-227.11376571655273,154.78845,38.428833,-1.0194812017660062,2.5688086702673623,126.46352005004883,183.59343338012695,-0.3419834,25.343298,-0.428585511556184,-1.0611707072210173,-21.209123611450195,22.369198322296143,9.088606,18.361204,1.0013162451429984,0.96566001346552,-3.5075488090515137,16.508278846740723,0.399529,12.58768,-0.4758874798650556,0.9753549179105505,-6.151749134063721,7.670025706291199,-13.341395,10.71825,-0.7151651340358078,0.7776344792847238,-19.27603006362915,-6.0876147747039795,-10.17924,13.273206,-0.47002969441260806,0.19956848835783791,-18.69483757019043,-1.1093916296958923,-6.494764,13.3488865,-0.6028486413412443,-0.3993348641951089,-16.47915744781494,3.7266642451286316,-4.3247385,10.262364,-0.36128587874514256,-0.43859801995306613,-12.089751720428467,3.387298882007599,1.4611793,8.970762,-0.34354798156468164,0.4844415301123304,-2.9688218235969543,6.990450143814087,-2.2524354,9.633638,0.172557665558928,0.8338672535304936,-7.966532945632935,3.5761003494262695,-3.6174521,7.6608715,-0.30195908057646276,0.4362375689234983,-8.104318857192993,1.2346856594085693,-1.2102053,6.4414277,-0.3359956060753574,0.22516144624350165,-5.295661211013794,2.976929187774658,802.5995662618933,315.0024528832976,3.376425146852562,17.26186110972517,626.1378096836427,844.3125372544355,1400.4213483146068,769.0853592204268,3.2908189009484543,14.628287081212104,945.3125,1537.109375,0.0591846251755618,0.026358589406794336,2.7936322006962513,11.981256594118886,0.04296875,0.0654296875,709.9628,537.67993,2.182412343076036,5.717611053357853,369.9345245361328,830.5109252929688,0.07288069,0.06844119,0.5931036342188483,-0.8402288796013293,0.006442633341066539,0.127028226852417,0.0,0.07661257371449665,14.550155930032878
668,0,val,-345.66736,119.10772,0.19774314776869847,-1.3434694042907094,-461.4151306152344,-240.21902465820312,90.76869,61.948174,-0.03688420454723584,-0.8987843298897791,39.829139709472656,145.5563201904297,8.3049555,26.323406,-0.7396780133215135,0.42656076509798435,-5.482346534729004,25.436450958251953,29.098818,30.45295,0.902329178071223,0.2850212069254838,9.55845832824707,45.59221649169922,4.127916,19.342924,-0.3860144712722297,1.1806907462616163,-6.059322357177734,15.774686813354492,-8.738953,17.134613,-0.3871257604057057,-0.08263628393637656,-20.088695526123047,3.3015055656433105,-8.035696,15.676507,-0.68183004501627,0.6216855030256245,-16.81414222717285,2.0191783905029297,-1.9470683,13.528853,0.1310597746926389,0.7874725138517302,-10.108015060424805,5.721991539001465,-4.237433,12.513969,-0.07850460759403172,0.28930967427171606,-12.194805145263672,3.5676932334899902,-3.9998746,11.5123825,0.1785823649927758,0.5474934430021592,-11.531970977783203,2.9245665073394775,-4.841583,11.458869,-0.15586384548501975,0.43585657574628733,-12.271141052246094,2.056182861328125,-3.4504876,10.098317,-0.1036977845255654,0.1288575406053547,-9.946441650390625,3.001150131225586,-8.121957,10.643814,-0.07902808057131368,-0.046550555841629926,-15.701051712036133,-1.2081358432769775,1285.6006238868983,724.354244738448,1.0540440662109327,0.5815500350840468,711.8999781198761,1691.488071170331,2485.695773524721,1459.7390508962335,0.51048944312558,-0.6459152629817435,1296.875,3492.1875,0.09671421243686869,0.0707656304852294,1.3904201893650796,1.6651909969828553,0.041015625,0.12548828125,1265.4156,1007.0887,0.819118748203594,-0.45288758496027803,416.22900390625,2013.3893127441406,0.06679158,0.07441697,0.8914058261114529,-0.3974602228220694,0.0022076924797147512,0.11941388249397278,0.0,0.08971197281470225,15.244776533775438
672,1,train,-338.20044,96.85945,0.4310891047850289,-0.524443789763509,-432.4501266479492,-270.530517578125,107.377304,54.226414,-0.10809599470252888,-1.1761783735471671,56.00847148895264,149.11560440063477,20.390804,24.811186,-0.32838568689188624,0.2379312151259132,4.510069727897644,35.838260650634766,19.750942,21.666525,0.45609847183394897,2.355955742512064,7.597307324409485,31.196749687194824,2.4265609,17.89847,-0.5444687538094785,0.7053123695136505,-7.021018385887146,13.442439556121826,-1.5668839,12.580262,-0.338549066109385,0.650676539350501,-9.031444072723389,6.441608905792236,-2.9134583,13.510355,-0.4324813981490326,0.2583180277809056,-11.169439792633057,7.032748579978943,-3.6210713,12.393007,-0.18707314729448948,0.17347882400787373,-12.430243730545044,4.936739087104797,-1.8037891,13.393766,-0.22130248197053662,-0.07069311008328816,-10.451799869537354,7.19193708896637,-3.3960443,11.184407,-0.2958118849940575,-0.08028891650893266,-10.915030002593994,4.278377294540405,-4.8423853,10.819476,0.1222379149457399,-0.39976416941208326,-13.1075918674469,2.8021087050437927,-2.1351733,10.243894,0.1523738785852236,0.11417118593747455,-9.20504093170166,3.986056327819824,-2.0353112,9.688024,0.24414469925974572,0.24473974837764478,-8.696343183517456,3.6484822034835815,871.9125265785351,412.1054513709354,2.237469073911374,6.947589556594968,604.2898943607345,995.8730321783075,1577.227783203125,958.8202277942843,1.2007425528189806,1.4165547256194442,843.75,2039.0625,0.0587249755859375,0.04201353894276027,3.2396337576432814,14.12821149317432,0.0364990234375,0.06640625,827.8242,851.97784,1.972807550135772,3.1217105280328346,298.45386505126953,871.7086181640625,0.058647387,0.080990605,2.4445545697088495,7.027189262604695,0.004561305628158152,0.07490101456642151,0.0,0.120507161262384,12.638830045761745
674,1,train,-382.85748,123.01344,0.6360411952288627,-0.9238260774829175,-492.0686340332031,-274.091064453125,73.8821,66.0323,0.6359817859425503,-1.079805542107423,21.849544525146484,138.30213928222656,8.914731,27.954876,-1.0200020845940732,1.8865870905240953,1.1020002365112305,20.638282775878906,4.026742,22.254074,-0.9824234358725084,1.774838703186063,-1.064986228942871,13.369415283203125,-0.9755172,16.29422,-1.577080918221713,3.5652526253615955,-5.597235202789307,7.2218475341796875,-0.547607,13.11817,-0.7832085410541101,2.123266282991879,-4.905195236206055,5.559664249420166,-6.3477573,15.726276,-1.0074168343580256,0.8018269738882817,-16.49649429321289,3.8056297302246094,1.36813,12.318169,0.14051592285884423,2.448285971555409,-2.8481454849243164,6.294283390045166,-1.0842606,11.520416,-1.1221844392607605,2.0859770759533305,-6.633616924285889,5.697146415710449,2.557769,8.923964,0.03825339910254283,2.1295907181399407,-0.9257684946060181,6.3539018630981445,1.8608545,8.183457,-0.08748227904202678,4.392251921573103,-1.1112594604492188,4.886674880981445,-2.4476693,8.428726,-0.5801742047801725,1.9278582062761318,-5.3778791427612305,1.7035678625106812,-4.2219863,8.147403,-0.39567819345672095,1.6694557263331724,-7.428886413574219,-0.4811955690383911,1441.501076086116,724.9731966044346,1.6475401430987973,4.228546327443725,876.9017187345016,1692.579823218516,2882.6641252739228,1471.9376827192448,0.03559549149988057,-0.8098767751166229,1367.1875,3835.9375,0.10764943046932067,0.07233416311687572,2.9523361878398897,11.137611771269905,0.07080078125,0.11865234375,899.35645,651.2843,1.7313141111449146,3.9522963230298647,428.71299743652344,1173.2987060546875,0.05472086,0.08343956,1.7603610183389788,2.7834860263515138,0.0005362126394174993,0.0898815169930458,0.0,0.08781152163995828,16.310401330859108
676,1,train,-330.24634,126.418045,0.1623694867638428,-1.054014480096868,-451.0189208984375,-232.83702087402344,113.325714,64.34093,-0.16984270241863417,-1.0439674274542283,57.922149658203125,168.69964599609375,6.3839083,29.733564,0.025612612170498313,1.172406545422663,-9.977056503295898,22.595565795898438,6.8134813,24.669884,-0.19643017781296723,0.08619954041886047,-7.964958190917969,23.545177459716797,-5.547068,20.39797,-0.12735082954254348,-0.28626372059771343,-18.969192504882812,7.125267028808594,-1.178583,14.550293,0.06526234196836032,-0.006691982472064595,-10.93409538269043,8.480768203735352,-4.538137,15.196913,-0.18264255891274353,-0.5631695450529133,-16.071001052856445,6.105976581573486,1.2171856,13.674349,-0.1810674998207759,0.4087928702492154,-7.139586448669434,10.808698654174805,-3.584907,13.933601,0.02538290218312014,0.14291186251184707,-13.3966646194458,5.320907115936279,-2.9544115,11.32624,-0.209643542826973,-0.36003524351020433,-10.673042297363281,5.021749496459961,-5.843375,9.888707,-0.0012910090015574747,-0.03544950576539918,-12.468650817871094,0.920311450958252,-2.5769224,10.6299095,-0.2509244577796208,0.6480684240266092,-8.541360855102539,3.985820770263672,-2.4613607,10.105295,-0.14209819121903852,0.1517558296574011,-9.019540786743164,3.8126072883605957,1313.8573691318572,863.3002246467465,2.4222577910403897,7.221188124995393,742.5109768055007,1664.5255272453098,2402.044603218646,1574.7272330910205,1.0927692044292023,0.7590701730233378,1101.5625,3445.3125,0.10885366086293008,0.09414988213357045,3.4203707467626336,14.624600838129098,0.056640625,0.12939453125,1113.4288,865.0137,1.1903404557417299,0.7187031446404388,458.40794372558594,1548.3557739257812,0.06588141,0.07515436,1.1719720779315068,0.4546172916955622,0.0030442250426858664,0.10982199758291245,0.0,0.08743224154227724,14.169987855514599
678,0,train,-365.14972,122.95107,0.6116007596750657,-1.079780760363244,-472.0783996582031,-253.57135391235352,86.27151,61.759224,0.44980917318386987,-1.1118264771718671,37.35620403289795,146.45090103149414,17.184536,22.55295,-0.3180198985922275,1.3985734262478777,4.8252997398376465,30.11573839187622,19.850224,22.304234,0.8918690542095332,1.4479946340219767,5.940549731254578,29.380096435546875,0.28563192,17.264296,-0.718801457309985,0.740851280013044,-9.316824913024902,11.884947538375854,-2.8134122,13.7953415,-0.5559868952961154,0.5178046750037186,-10.957801103591919,6.37734580039978,-4.6683717,13.364893,-0.3085231201265514,0.41405098367016624,-12.59935998916626,4.447657346725464,-2.485472,12.370811,-0.15162895685980013,0.07036529821347948,-10.787285327911377,5.925160646438599,-7.2703166,13.4252825,-0.14821404168142224,-0.32322459121065616,-16.79604434967041,2.4819971323013306,-4.7570324,11.958665,-0.025054313249986408,-0.20972610387649615,-13.233959674835205,3.5044106245040894,-4.8203816,10.869848,-0.19453220147416792,-0.16582069104789188,-12.218563795089722,2.820910930633545,-4.5999675,11.131085,-0.21492727694703603,-0.17953854926813584,-12.081492900848389,3.1918073296546936,-6.245304,10.192579,-0.14721958056777834,-0.050279104234268956,-13.033202171325684,0.8647431433200836,1272.8239173524066,735.1825704867537,1.3684512249739007,1.959347415285289,695.2871120986703,1595.3244170774274,2423.8953710788064,1516.3715725173654,0.6025494677117371,-0.46281761787541553,1007.8125,3365.234375,0.09812659896231829,0.07638288848215487,2.1643387338691906,5.952402018609009,0.044921875,0.12109375,1241.9224,1065.447,0.9587729140479159,-0.31068268363361584,382.24571990966797,2007.4496459960938,0.058033343,0.08141524,1.2913022708847517,0.4336602256276665,0.0015913148818071932,0.1074422262609005,0.0,0.10870227113964549,10.418264037544436
681,1,train,-363.8051,80.76201,1.1165900903427943,0.6603366134956361,-422.9363555908203,-304.8544464111328,85.53315,50.295185,0.7062443609971458,-0.7100660415420155,48.209102630615234,128.46115112304688,16.900412,21.65662,-0.7696877927806925,1.612762373060617,6.045774936676025,30.240859985351562,4.45805,18.118383,-0.7726099203135944,1.008999603921974,-5.017051935195923,16.339320182800293,2.317962,15.412182,-0.633934618163284,0.7674538818567154,-6.132765293121338,12.831857204437256,-0.65104693,16.693855,-0.7534300042526653,0.40634747008533667,-9.32475996017456,10.66211223602295,-4.3282733,14.33817,-0.40228164035220315,-0.003355388895603273,-13.100679874420166,5.636997699737549,0.9578263,12.153675,-0.008481998154147763,-0.1939723780033491,-7.524105072021484,9.460453510284424,-0.44274983,12.074314,-0.2073473271988546,-0.15303691232570182,-8.858880043029785,7.763984203338623,-5.045967,11.109214,0.07092896182632269,-0.11869781233953303,-12.687544345855713,2.2847574949264526,-6.2254214,11.188775,-0.29660046978838106,0.7075468086555294,-12.992937564849854,1.4389399886131287,-2.6517496,11.010723,-0.10724201674685843,0.32682987905120964,-10.013409614562988,4.872384071350098,-2.9487398,11.813318,-0.1005615143461821,-0.10801311434114913,-11.3964262008667,5.272626876831055,1160.0441341542335,531.8760478095995,1.2147611577956052,2.990613392467818,732.9689672618287,1440.2185326656338,2264.9905742459396,1322.2201030117544,0.6638504544164089,-0.001538700017986283,1046.875,3183.59375,0.08668159077726217,0.050040204905303316,1.7076803320382028,5.905317503965007,0.04931640625,0.111083984375,951.10944,760.92487,1.5648658158562825,2.51128294626601,383.14923095703125,1276.0047607421875,0.052481644,0.08509543,2.003869212705283,3.6372321333906976,0.002894819132052362,0.07702846452593803,0.0,0.09676072639082392,16.425757933133774
684,0,train,-357.4926,155.41418,0.29171317629367916,-1.5287493849700826,-516.4787902832031,-204.23008346557617,69.603485,67.6863,0.2852160851919315,-1.234533996671244,8.176693439483643,135.99671173095703,12.562222,27.276314,0.46404164721278696,1.3045013353419437,0.5754879266023636,24.97024154663086,10.559043,19.836386,0.9731557138531257,1.837577685827319,0.0,17.82400941848755,-9.145663,19.614592,-0.8129914815897479,0.2230665101985707,-22.340290069580078,3.8720499873161316,3.154985,12.684787,0.09670887396350851,1.282982230215671,-2.4226573705673218,9.172531843185425,-5.317692,13.842281,-0.36838495995860293,0.8006747257634665,-14.307822227478027,2.606233775615692,-6.8174334,13.715774,-0.7501238902079682,0.41301880779034583,-15.762495040893555,1.7698794603347778,-4.087143,11.456933,-0.5534756630377115,0.7432996971151637,-10.6098051071167,2.0113284587860107,-0.8283582,10.115679,-0.18166181690032,1.0956324758537583,-5.9931933879852295,3.712908148765564,-2.7646909,9.3740425,-0.49219405007431916,0.7597386024740636,-7.917543172836304,1.9687731862068176,-1.0269942,8.2577505,-0.4737528188943653,1.1905161582335717,-5.226327657699585,3.053237199783325,-6.5418787,11.157266,-0.5967146967017719,0.09217896159931493,-14.143770694732666,0.9093708544969559,1637.3226186343184,940.2903591100021,1.4674070200585672,2.4421671734762906,903.6785180160173,1880.006455258403,3260.8260337752527,1759.819185927272,0.13987914324585923,-1.004218841519432,1414.0625,4291.015625,0.12710355508207072,0.10279861390426935,2.63472819378333,8.650563361235301,0.0625,0.13916015625,1181.7311,981.13116,1.2495307450770419,0.5916907749467888,454.7724914550781,1615.8457336425781,0.061812144,0.078589134,1.0974868016113817,0.1252949957079914,0.0004693510345532559,0.11959715932607651,0.0,0.09046576917252157,14.019728690317004
686,0,train,-331.59753,114.01936,-0.07318850702937355,-1.0078359076977566,-433.42547607421875,-243.76085662841797,110.72202,68.84712,-0.3916319788786279,-1.2193996436036683,41.10633087158203,168.75072479248047,19.287983,30.111237,-0.2943277146494589,0.07865660078158188,3.915037512779236,41.00096130371094,16.680653,24.57267,0.4671105548187244,0.509529524343713,2.86763334274292,31.230276107788086,-15.571034,20.30121,-0.3254804378733665,-0.6467858196244536,-31.360462188720703,2.2535632848739624,-9.125271,16.689898,-0.5882301112012491,0.2696481301469924,-19.449231147766113,2.514082908630371,-5.5668464,14.068039,-0.3112514256194166,0.5616293691161629,-14.180325508117676,2.9494863748550415,-12.556468,15.978636,-0.11637626760237911,-0.4352072051906819,-24.247803688049316,0.44198930263519287,-10.397725,12.896583,-0.1632378247884179,-0.5253449475076493,-19.87929916381836,0.3888763338327408,-8.012904,11.403015,-0.17302329841931188,-0.27691655702786955,-16.262813568115234,0.88454470038414,-6.4264736,9.922946,-0.21602182398313902,-0.18685233423571868,-13.776653289794922,0.7129601836204529,-4.085131,9.910592,-0.1306527005260396,0.5605443801690178,-10.487513065338135,1.8960601091384888,-3.723637,8.165453,0.001963959189757319,0.731404622648391,-8.873847484588623,0.806878924369812,1102.9275815747692,733.7243339672116,2.059548225134036,4.704231296487729,613.6564580498098,1383.3175669836908,2017.0794367116137,1569.2225056943178,1.0666458263325205,0.23568044172516256,765.625,3167.96875,0.0839253309862984,0.07338057118175534,2.8649214721166594,10.216781701453716,0.04345703125,0.08837890625,981.3615,943.6998,1.6433673537446187,1.6621847132615049,366.9835510253906,1109.60693359375,0.07142344,0.06997435,1.1378011578035794,1.6689128499039558,0.005117269931361079,0.11088336259126663,0.0,0.10153953310016865,11.398623446090282
688,0,train,-355.00436,111.28074,0.09840007067476667,-0.9539804972550279,-455.48058319091797,-265.8680648803711,120.93314,59.08422,-0.4232009757080262,-1.1244589964819705,66.52584457397461,170.0418472290039,11.9596815,31.701433,-0.3821758697503127,-0.1784813815512547,-9.870611667633057,34.90725803375244,5.6108584,20.060125,-0.1666654336741868,0.810388762804823,-5.712215185165405,17.324986457824707,-6.3082075,15.273538,-0.39360298211970374,0.7478360401600006,-15.544374942779541,3.98901903629303,-5.1104584,14.028579,0.19069690563291783,0.09733435447874905,-15.051754474639893,4.016143441200256,-9.84286,13.9674225,0.17030852048040576,0.5783803964800156,-19.30689811706543,-0.42381106317043304,-9.899822,13.052694,0.13133131849479604,-0.4224980876676878,-19.467570304870605,-0.12536703050136566,-7.4107456,12.165336,0.13224412934729532,-0.16293548480682052,-16.314720153808594,0.8668703734874725,-7.1174893,9.892143,0.25103481339116246,0.2410362462141542,-13.929749011993408,-0.7328677922487259,-7.578017,10.653977,0.14969727110592865,-0.0029261596580920646,-14.939109325408936,-0.5176510959863663,-5.910372,9.9108515,0.12121071705061329,0.24630612961794096,-12.519532680511475,0.4475467950105667,-7.4755344,9.013678,0.265313436579973,0.2679669350400018,-13.480737209320068,-1.6805398762226105,881.136195801786,564.4935119558397,2.8057647178248093,9.755948846673814,542.613091747315,989.2384174820684,1456.744854266827,1182.2333944684904,2.124472114180921,4.6682065524908385,708.984375,1695.3125,0.0650320786696214,0.05638064108198145,3.36093049567608,15.37746020640375,0.03369140625,0.0703125,915.93774,830.3028,1.8460558407514727,3.0462369445714295,360.85008239746094,1131.825439453125,0.072693825,0.06865303,0.5220781505255324,-1.035647871711172,0.0033978133578784764,0.13073481619358063,0.0,0.07531243264573642,16.59551800744309
689,1,train,-400.58453,135.86668,0.9435152605770533,-0.5540852402130056,-506.303955078125,-290.5316162109375,56.06676,67.13456,0.9258104457087404,-0.2564687660033722,9.004497528076172,99.51771545410156,7.037552,24.4198,-0.4579778031639864,1.7566106673954893,2.889503002166748,16.208988189697266,12.193346,17.238821,0.4145659640954813,2.162317778184738,5.33676290512085,18.967235565185547,-0.7482843,16.669607,-1.100748710286759,1.957616673745255,-7.398036956787109,8.156246185302734,-2.6422055,15.910654,-1.0331283356312644,1.7189405825930528,-10.652093887329102,6.109058380126953,-4.3202643,15.497011,-1.187155917468235,1.1475518660927637,-13.285751342773438,4.937516212463379,0.59603626,10.537079,-0.7424003699613011,2.506475741330262,-2.605372190475464,4.728058815002441,-1.4868168,11.1523905,-0.8900729733545889,2.265372016189727,-5.390432357788086,3.331056594848633,-0.73348016,8.971219,-0.49254226450599664,2.597023418386031,-3.4497668743133545,2.4715800285339355,-2.6362176,10.424804,-0.9448775047078191,3.246978559663532,-5.001018047332764,1.5398496389389038,-2.592015,8.926991,-0.4542903497039555,3.148966903578506,-5.554608345031738,0.8576023578643799,-1.2045982,8.103054,0.057748943813662114,3.839145087776913,-3.5644495487213135,1.0512211322784424,1559.0614983373132,704.1343511869819,1.1302323316766065,2.9813039800740873,1065.45493879476,1827.9554395385348,3337.831730769231,1491.7019632709248,-0.44271268806261477,-0.7734177049526054,2101.5625,4437.5,0.10931370192307692,0.07619226296406925,2.387326028461796,6.9991357937314,0.06640625,0.11669921875,1094.4333,961.00653,1.2529486008475545,0.4750956137226847,390.2103271484375,1603.4410400390625,0.04857924,0.08659445,1.7909668834860122,2.16275328460911,0.000309448572807014,0.051216475665569305,0.0,0.08079273415922825,15.141595003217333
690,1,train,-341.01532,113.57184,0.308438805074045,-1.1280364486510819,-452.4068298339844,-241.3759307861328,80.21765,60.505882,0.1538137974356824,-0.9702278586647108,26.833290100097656,132.0791015625,3.8438349,29.42316,-0.3779778691926324,0.865388585841262,-12.34597110748291,19.974163055419922,6.752603,21.735956,-0.11474514669420763,1.0491928906027077,-3.2613208293914795,18.384201049804688,0.7939716,16.811052,-0.9298350704616458,1.655744444985543,-7.508243560791016,11.034476280212402,-2.3024058,17.965979,-0.6414504174843942,1.2688427565526075,-10.80887222290039,8.185711860656738,-1.1877447,13.95405,-0.2550335528520246,0.8106656049496488,-9.517894744873047,6.565131187438965,-0.50467306,12.143207,-0.2679571248391753,0.8335166429571301,-7.673557281494141,6.655041694641113,-5.5400066,13.510925,-0.3752871226258862,0.3427946674479272,-14.433837890625,2.867499351501465,-2.9811273,10.016221,-0.24590228044178336,0.46086048836670024,-9.330760955810547,2.812948703765869,-6.366804,11.767779,-0.5932878694924023,0.8450609114040164,-12.846797943115234,1.038075566291809,-1.5392224,10.294514,0.11118610617719726,0.6993192671193884,-7.7179412841796875,4.204806327819824,-2.4074924,10.530709,-0.11272416646290441,1.3873977461489524,-8.586986541748047,3.520609140396118,1388.3565423940836,822.402534740259,2.100671822181924,5.846086182045749,804.1142097971117,1599.3264120176143,2602.81393020595,1472.722463688842,0.860700387062916,0.6322641218918963,1375.0,3320.3125,0.1064301165617849,0.094057322207323,2.679966645706565,9.14021315425099,0.04736328125,0.12060546875,1176.5883,900.9221,1.136576892569835,0.6195280773937251,480.4446716308594,1672.873779296875,0.061393376,0.07886435,1.5548070986275841,2.2956187261654204,0.0019116246839985251,0.10186316817998886,0.0,0.07930868547716265,17.912467058066184
691,0,train,-315.15448,117.31942,-0.05567406631713729,-1.2338855284807717,-444.25465393066406,-218.6774673461914,91.54251,70.7187,-0.0876347259915557,-1.270100785273424,20.983115196228027,159.5260772705078,13.205963,33.477486,-0.048323848892476554,0.20295376389759312,-5.293081998825073,32.832441329956055,5.2021217,21.873001,-0.21217835706562432,0.6673411045379423,-5.120758056640625,16.84249782562256,-9.189019,18.987627,-0.5651995778237485,-0.11656034561887241,-21.88135051727295,5.967796325683594,-2.6457174,15.925439,-0.19350869358035394,0.32256504101623484,-13.200518131256104,6.899744033813477,-11.972011,16.6672,-0.28676400693436743,-0.7429358727813984,-24.82966136932373,3.7700774669647217,-4.756257,13.514889,-0.22231548061142264,-0.31964514371374975,-14.7277512550354,5.099433898925781,-3.588879,11.623825,-0.34466149493801523,0.036073636800220577,-11.058964729309082,4.628190994262695,-7.1249084,11.312006,-0.04501056571793806,-0.2834596934123854,-15.569792747497559,2.936777353286743,-7.7190075,11.436993,-0.2259176438462991,-0.022546748889561652,-15.392984867095947,2.0292292833328247,-3.6284323,9.084388,-0.20267131307096564,0.23980721880886113,-9.705601692199707,3.11140239238739,-2.7577791,7.944991,0.08130090582790425,0.6493772767926416,-8.1266508102417,2.6634461879730225,1408.2043943396568,1003.3299177548498,2.0324979657693323,4.363202000655466,736.2506481564408,1636.1115203076479,2645.7831409681758,1842.9668599621132,0.7337009061005316,-0.4084851841188675,1000.0,3851.5625,0.11038658042917975,0.11116835649783705,2.6377155027407744,8.755751306198094,0.041748046875,0.1357421875,1076.0127,981.66956,1.4636584288634467,1.1731855686296253,376.6210021972656,1404.3242797851562,0.06765484,0.073575035,1.2172562214615665,1.3593729787233144,0.0028082476928830147,0.1103236936032772,0.0,0.11516335448108692,12.385892193207933
695,1,train,-339.9828,117.55144,0.22735930808032878,-1.2323249514856602,-461.49449920654297,-243.19053268432617,84.00136,68.73621,0.22338785901461206,-1.414881013502264,18.505791187286377,151.87307739257812,-1.263884,31.009726,-0.4379823942199802,0.2391027296207766,-19.76208782196045,18.181007862091064,10.291327,24.521872,0.7192588972607122,1.7869619296440264,-1.7113508582115173,21.71076011657715,1.5150285,19.071247,0.08201665836257865,0.8726883794232974,-9.18583059310913,11.833620071411133,-8.477948,17.347683,-0.7731097116130401,0.7837891578847551,-19.360065460205078,2.755317449569702,-7.572568,15.157305,-0.5003975557555894,0.1031352327222601,-17.33626413345337,2.145557224750519,-4.8555503,13.652478,-0.27962927187636205,0.4484568717382893,-14.006348133087158,3.07338684797287,-8.021582,13.2337475,-0.29481716647557754,-0.31822615994601566,-17.528620719909668,1.163643628358841,-6.1400714,12.266484,-0.3984183352268545,0.14946924752595248,-14.538242816925049,1.368087500333786,-5.390739,10.119061,-0.38978354845711444,-0.14688531027529228,-12.27621841430664,0.989728644490242,-3.9169888,9.423647,-0.2944849314273297,0.21201847328078882,-10.069507122039795,1.5639482736587524,-3.1523724,8.673394,-0.24727994270057224,0.37701237254405706,-8.365572452545166,1.5385588109493256,1271.1710004875777,666.6339950001965,1.1267277544122476,1.2078595424117449,734.2504414684283,1581.640279462823,2330.5068597560976,1347.882171669634,0.7075302793512623,0.048167299518316664,1164.0625,3234.375,0.09829411204268293,0.06674045752608519,1.6886634876158881,2.7688019839561555,0.052734375,0.1160888671875,1234.2096,925.38275,0.895876824299157,-0.13529510039742698,469.2708740234375,1857.6076049804688,0.06160444,0.07875556,1.4095908849578065,1.4721143598977378,0.0014618533896282315,0.10549514181911945,0.0,0.08789920173208673,13.63813366240595
698,1,train,-362.4513,111.11978,0.7683356889896833,-0.7029562070614812,-460.17323303222656,-266.57140350341797,56.014534,57.613922,0.6813904581841236,-0.541069735896623,8.545226573944092,101.82804870605469,6.674453,28.512514,-0.5838746473241057,1.2574289932252052,-0.04542170464992523,19.671589851379395,1.8310331,21.567318,-0.7598631340289794,1.5956199280969159,-6.484919786453247,11.952664375305176,-4.4209847,18.98288,-1.1466556948035365,1.2892638714889193,-15.171177387237549,7.218714952468872,-6.814684,18.749418,-1.0592766901002948,0.3642512771052546,-17.52096176147461,6.326444029808044,-4.8291583,15.357085,-1.0586922832205266,0.7186494937568679,-13.821021556854248,5.835450530052185,0.8661706,12.0568285,-0.5955646905246916,2.1419223613406198,-4.9378005266189575,6.120315670967102,-2.2216465,13.217706,-0.915012827574288,1.5039977094338024,-8.598453760147095,5.031262636184692,-0.49529025,8.581584,-0.6054113426282335,1.1124842995182025,-5.557528495788574,4.4349387884140015,-2.6014128,9.4708805,-0.6921151125999014,0.7650728315167696,-8.082237482070923,3.747268319129944,-2.2676744,9.281138,-0.28637192525912974,1.1841508467786142,-7.822590351104736,3.245619297027588,-4.2403965,9.781916,-1.0291701027018565,1.490476242823541,-9.65763545036316,2.611641526222229,1414.924269390907,849.8587925107059,2.254868750684432,5.9109111014841424,966.4210759000855,1560.9818655748345,2752.6523344272077,1605.3183060317922,0.8636714221799453,0.13328684487431675,1578.125,3523.4375,0.09597042693727625,0.10321708173787641,2.7438559254717214,9.13946023902362,0.03369140625,0.107421875,1199.3438,980.6596,1.0952164742557067,0.2706201230455001,427.3121032714844,1771.2447509765625,0.052291278,0.08522826,1.8032097800646973,2.515965758394909,0.0006720092496834695,0.0758455228060484,0.0,0.08174473257998155,17.044784424200465
702,1,val,-327.13007,123.16013,0.3727686045178466,-1.2872437229420688,-443.2491760253906,-218.40830993652344,83.72911,49.00249,0.326247402990541,-0.3108715800775479,46.893062591552734,121.59037017822266,9.384903,33.591393,-0.4455200553292444,-0.050217200365379355,-14.62894058227539,33.418556213378906,14.733478,24.453863,-0.6881626516768339,1.1563528508837813,4.11082124710083,28.59503936767578,6.7472677,16.482735,-0.6237429964995372,0.7496536613652744,-1.6887725591659546,17.248729705810547,-0.18878715,17.697598,-0.3726649092139166,-0.009473074897379252,-11.551168441772461,11.334348678588867,-3.498879,17.59022,-0.5305725360335086,0.20386101305864646,-13.907726287841797,7.987392425537109,13.696889,18.426153,0.5137777616657208,-0.31947221897545797,0.41338086128234863,25.958269119262695,-2.0204513,15.438197,-0.20336565788951178,0.5873238064982123,-10.343618392944336,6.421557426452637,-0.56296617,9.646873,-0.04674723088540711,0.23314028163750056,-6.7107462882995605,5.856048107147217,-6.3471103,12.041085,-0.421375927297554,0.2885911601627824,-13.83577823638916,1.5621728897094727,-6.7251086,11.820485,-0.2640950896373486,-0.17604510309927424,-14.745404243469238,1.2960169315338135,-0.8163585,9.155497,-0.19844677256307386,0.9560366257274389,-6.428955554962158,5.035391330718994,1379.376820228525,767.7440189694436,2.445508063714774,7.0991968860260055,943.102275159787,1536.2087259683888,2607.6522744795684,1295.7280823441406,1.032889367180699,0.8305250390103636,1742.1875,3179.6875,0.09957888095123361,0.09671449702301099,2.951590299288832,10.115899339388744,0.04443359375,0.11328125,1153.0365,944.4579,1.092966779596765,0.32811376571378537,384.67015075683594,1749.2052001953125,0.060224604,0.07954792,1.612163799881171,2.550677706536315,0.0038612480275332928,0.1053692102432251,0.0,0.08474165045061297,14.919293769883824
703,1,train,-261.82944,74.73508,0.4474409542023151,1.5145539945873345,-316.6251220703125,-221.62897491455078,136.31471,33.904434,-0.6208903841404563,1.5371508793272648,117.50205993652344,162.8392791748047,-21.206186,20.965471,0.13897336961153794,0.20164528957700556,-32.673208236694336,-8.612353324890137,6.4514933,15.607567,0.2602517380415346,0.2552627779107812,-3.398524761199951,15.300524711608887,-4.127775,13.309316,-0.5717742140581185,0.07124605193352362,-12.063987731933594,5.88692045211792,-11.4043665,11.7118225,0.03988831814518579,0.7356316539640209,-17.850757598876953,-4.987163305282593,-9.122683,10.406099,-0.48694678744465075,0.19902882711607628,-15.534769058227539,-2.0911808013916016,-7.0760083,10.473827,-0.47507723060137397,0.6680444021593739,-12.629815101623535,-0.2616024613380432,-11.876957,9.651294,-0.4542510518326294,-0.07204702407253993,-18.27870750427246,-4.956115961074829,-9.159441,9.202695,-0.2588998810432193,-0.21215871182545198,-15.464685916900635,-2.4354496002197266,-6.88296,8.862055,-0.5063907331042685,0.27648003863301707,-12.035022258758545,-0.8594965934753418,-7.258638,6.9233685,-0.24756638908609557,0.3263049451080158,-11.621840000152588,-2.5329543352127075,-7.4194946,6.878083,-0.12149747799059722,-0.3212581342299008,-12.410015106201172,-2.5515692234039307,1092.866714235507,388.995215899805,1.1511326502247383,2.4190158211192196,785.7604289457981,1285.6309014345356,1981.0468049327353,916.715386709595,1.1435688277605442,2.2747036424882996,1257.8125,2351.5625,0.08335858674327354,0.03736419255369054,0.8150495172561397,1.3164930660685235,0.052734375,0.10595703125,1018.8702,699.7379,1.0764962632510486,0.8307408997491605,461.5050964355469,1429.4984130859375,0.06487638,0.07605307,1.5372261543981434,1.6048185334124696,0.009113783482462168,0.0892157331109047,0.0,0.15029628135453268,8.614448137559037
704,1,val,-356.5271,147.70078,0.5752166143783868,-1.0608635862650535,-497.3896713256836,-221.05901336669922,71.933586,62.357727,0.5588899748094684,-0.692247100006012,19.855348587036133,123.2971420288086,10.5301,23.922228,-0.3580027884990499,2.15632460129038,0.018077421933412552,20.811049461364746,14.741107,21.315796,1.1815606457379502,3.6995478979535745,6.062894582748413,20.785284996032715,-3.6292999,17.64036,-0.6955149924164584,0.3312234234217404,-14.530778169631958,7.122260808944702,-0.9918484,14.253929,-0.823802647654706,2.1687608467598745,-6.969541311264038,5.600439429283142,-7.205444,15.425915,-0.9253692994361379,0.4715022229129753,-15.470993280410767,2.7052661180496216,-1.3492154,11.172006,-0.5258903911431722,1.3179675041841428,-7.0734522342681885,3.8207510709762573,0.11654622,10.411096,-0.14801383054841874,1.6741913809032534,-5.014440894126892,4.6144901514053345,-1.6164274,11.1374445,-0.5488596978284023,1.883965920680664,-7.084761381149292,3.8794607520103455,-0.6115605,9.059723,0.10607469211393485,1.0261884659109741,-5.643817186355591,3.453060269355774,-4.571719,9.822543,-0.818904715930093,1.0777772803726853,-9.615234136581421,0.9277851283550262,-3.377601,7.970671,-0.3006248023769121,0.8595943030810296,-7.381892561912537,0.7255329042673111,1543.1512688505225,748.3691766729131,1.5189915377768946,3.625638641961645,984.7301842379678,1794.7682702692837,3210.5287553937433,1491.2095627513588,-0.08629397305378426,-0.8042389902427942,1812.5,4232.421875,0.11011031890507011,0.07512675077830136,2.2920614058176896,6.568285183435256,0.0654296875,0.1220703125,1105.3168,940.5395,1.4018291239333003,1.1296006797776457,431.6576385498047,1507.2142333984375,0.053922895,0.08160854,1.8567039519688122,3.225201926293156,0.0005207205103943124,0.08093302510678768,0.0,0.09943288698993497,12.51345083253813
705,1,train,-364.70364,107.41387,0.6453204906553827,-0.9344873751598302,-458.47373962402344,-268.7248992919922,70.62327,57.21165,0.48461423348354565,-0.761550649643087,23.919439792633057,119.47784233093262,18.156176,24.064474,-0.31000565390504065,0.9761668795935416,6.629990339279175,33.4509391784668,9.196212,18.78728,-0.38473162362054064,0.73103715105507,-0.6450971961021423,21.0601749420166,-1.8894374,17.279428,-0.7509615778291091,0.6063381468317837,-11.618428230285645,9.678915977478027,0.83256406,15.642802,-0.42295947807844264,0.9261854619670551,-7.956522107124329,10.458038568496704,-1.7895598,13.019518,-0.5041736857389534,0.231948758309116,-9.462686538696289,6.965115070343018,-4.308811,12.659585,-0.6695902544703929,0.7178435510555405,-12.31850290298462,4.390020489692688,-4.877206,11.99063,-0.15551823870989034,0.11391868150490314,-12.772099733352661,3.3571170568466187,-6.2600894,11.943675,-0.2714663204262188,-0.19098504648649373,-14.380051851272583,2.6786261796951294,-8.023539,12.597498,-0.3323295402731487,-0.3675527422250999,-17.035455226898193,1.5213301181793213,-5.59684,10.4510355,-0.2663784011557754,0.06506262577305888,-12.401011228561401,1.6635386049747467,-3.7619233,10.0114765,-0.3198856136438339,0.5097690085095072,-10.133536338806152,2.717340409755707,1529.567173306711,953.1075342032636,1.2349226328108869,1.2366629578724897,786.8913079807717,2026.6835265172012,3037.7069362950547,1930.636393051799,0.26137878329479747,-1.2578248601340525,1109.375,4750.0,0.11212562375576278,0.09756851238768523,1.8899912338126823,4.057903887475366,0.044921875,0.14697265625,1306.9285,1134.4122,0.954190347780766,-0.42524817985573016,395.02198791503906,2046.9829711914062,0.05685845,0.08220768,1.5953142240781908,2.139379551536143,0.001607286452781409,0.1032541561871767,0.0,0.09054845457398936,16.595591250614756
707,1,val,-312.90225,125.941925,-0.17265532684546261,-1.1734204642272201,-434.79576873779297,-208.2818489074707,99.55054,62.642853,-0.18024799502568162,-1.3097611822864976,40.89040565490723,156.3098602294922,-7.4637938,32.11513,-0.27639853687685834,-0.1510909377807632,-30.566365718841553,13.832239627838135,7.4357176,19.023605,0.013149879346365427,0.829225631258931,-2.4605007767677307,18.543903350830078,-4.9112363,17.25668,-0.24212556830760135,-0.0008331718512661901,-16.619731426239014,6.132922887802124,-5.225379,14.453032,-0.3541120635867821,0.8302365117355865,-14.09307861328125,3.242499351501465,-9.914563,15.538102,-0.26265844185360815,-0.4018326410414925,-21.39756679534912,1.225736290216446,-3.9783423,12.640782,0.022909598264935847,-0.222604224834265,-13.705420017242432,3.6068851947784424,-9.018804,13.238787,-0.1226234662950671,-0.41229269665655544,-19.126744270324707,0.40467239171266556,-8.286438,11.377144,-0.24541818695426368,-0.17030469640714285,-16.34866428375244,0.0,-7.733068,10.045742,-0.16208349614091655,0.054946668998407944,-15.157322406768799,0.0,-4.342552,8.824066,-0.09576276990029285,0.29790835473527677,-10.407979249954224,0.6535844057798386,-2.3950715,8.392973,-0.16465460673366633,0.6513340271302273,-7.221797347068787,2.027666926383972,1283.3756016909754,728.2851349912833,1.447049015722405,1.3096629379269036,773.4138965315705,1502.3182576918314,2384.7880747126437,1609.2396404865,1.2919477289709438,0.7499854756516235,1210.9375,2849.609375,0.09950273886494253,0.06745871975996182,1.626198511146944,2.9746993132163766,0.05322265625,0.1278076171875,1106.6095,882.61176,1.2327317630066692,0.8332916752914468,434.61895751953125,1601.4852294921875,0.06817531,0.07313836,0.9759553791368687,0.160224672150294,0.0038359828758984804,0.12185227684676647,0.0,0.09726444557509105,13.413644626119174
709,0,train,-346.123,108.345535,0.9424269908732378,0.807848162780074,-433.30381774902344,-285.6065139770508,92.78519,48.681892,-0.1761531444863377,1.2133316762962056,55.284095764160156,126.91812515258789,8.263177,26.653278,-1.0132311494176134,3.5171912279914856,-6.232851028442383,24.279109954833984,6.423921,16.94881,-0.47533651717125863,2.040472519931842,-1.4522457122802734,15.200608253479004,-0.8636737,14.34632,-0.7642644808260279,2.259843669281036,-8.129327774047852,8.510107398033142,-2.7889478,12.857735,-0.7586256884816526,1.409655808966709,-10.012184083461761,5.897403717041016,-5.8414216,12.4107685,-0.7462965631519326,1.6037042433463817,-13.223777770996094,2.757842868566513,-4.458393,10.452486,-0.28126409535182517,1.5968966717293462,-10.657243251800537,2.0143308639526367,-2.0084956,9.540159,-0.45696822876813964,1.2508720840657614,-6.942179918289185,3.590727210044861,-3.7892537,9.380848,-0.5318786747540886,1.6730621488950428,-8.998854637145996,1.860709309577942,-5.708916,9.816,-0.7496262048004795,1.794096210002325,-11.173418045043945,0.7248384356498718,-3.629147,8.985068,0.14154797450173787,2.146456943063728,-8.955642223358154,1.3628150820732117,-3.052003,7.7902784,-0.24207751810006356,2.8181249512550393,-7.444039821624756,1.367361307144165,1490.787471642745,622.0515523510173,1.6466837082267873,5.784799506916121,1096.947588487279,1775.4615479876416,3103.9627230944616,1417.3014380692293,0.28919119964799833,1.2455236992533272,2292.96875,3968.75,0.11439006467108011,0.059565769353307416,2.136829204325459,9.348336254249427,0.072021484375,0.141357421875,716.4174,580.42584,2.3545192703529336,7.411398819175883,341.356388092041,862.4614105224609,0.05422716,0.0807906,1.9792692264802212,5.06867551432159,0.0025863019982352853,0.06670906860381365,0.0,0.10617573880956152,13.691209124670225
711,1,train,-319.2837,124.8829,0.06995421008809491,-0.8658492359910914,-439.8959274291992,-226.12278366088867,100.33305,70.24057,-0.24124959617503267,-1.2797098699011087,33.82265090942383,164.47269439697266,11.319986,31.413076,0.08648292300679207,0.007320950082373656,-8.064682006835938,31.707326412200928,11.991523,27.048923,0.4473205863892413,0.543673219907586,-3.309704065322876,27.117743015289307,1.218904,19.785717,-0.37750093456033845,0.4487098512270382,-10.159096956253052,14.329668045043945,-5.1244497,16.542747,-0.39984558825182254,0.6641566360957771,-14.721256732940674,4.872938632965088,-17.730371,18.211199,-0.12069157905489461,-0.4927323840315765,-30.981210231781006,-1.6563312113285065,-4.2251396,13.935925,0.03648543400273879,0.08796641688942675,-13.943882703781128,4.121898770332336,-7.568187,13.799676,0.04349743473545007,-0.11766916007075423,-18.009328365325928,1.6260007321834564,-4.2149796,11.35028,-0.043798957914908614,0.09506458117658578,-11.646286964416504,2.6851258873939514,-4.0919724,10.819468,-0.023181547907156264,0.37718179399575735,-11.280332565307617,2.3553999066352844,-4.1728916,10.038102,-0.25549936074600504,0.3949003679620038,-10.582827091217041,1.9332092106342316,-3.7465155,9.523329,-0.12226733624331305,0.2868612042222414,-9.856444597244263,1.962149292230606,1374.8034086686437,946.9646514932116,1.2766258600593954,0.7506339001261537,684.7846424192005,1782.5625674698902,2536.668235163862,1889.373409391669,0.7631694723666947,-0.784848463839658,984.375,4037.109375,0.11036518593611604,0.0949113871836738,1.9252043552644258,4.083649216955607,0.04638671875,0.1474609375,1229.8284,1050.6852,1.1117113871129702,0.12975246403868468,422.2393112182617,1791.5444030761719,0.06853999,0.07280947,1.250305415298377,1.2691555573938924,0.004526485106907785,0.11240611784160137,0.0,0.08334483534795196,13.693000065656335
714,1,train,-392.24866,94.08146,1.4591153100645826,1.083025930994003,-456.50462341308594,-340.4613723754883,52.869896,60.822567,1.126010122827093,-0.18608429907703972,7.010468363761902,91.61442756652832,13.355138,23.58351,0.019169870570617236,2.8637527743724087,5.824811935424805,20.801607131958008,7.873105,17.976528,-0.600011895519569,3.3308351344728306,5.106801271438599,14.308791160583496,0.9379088,15.369809,-1.396409728361627,2.382220783545919,-2.5325986742973328,7.673909068107605,1.9484732,11.762174,-1.1810309496357434,2.9331129815078256,-1.3301996290683746,6.891778588294983,0.45062718,11.636768,-1.352647277785571,2.2190261610509134,-2.963414251804352,6.086295008659363,0.50564706,10.80123,-1.2485787002317994,1.4856993594775494,-3.427649438381195,5.656822919845581,0.69613504,9.925308,-1.0971563046562816,1.685968949998399,-2.855090618133545,5.193705677986145,-0.1690293,9.082985,-1.1268255607750253,1.3181119614754229,-4.087903141975403,4.482354164123535,0.21323384,7.404797,-0.8291532893999063,2.220242369282129,-3.3617827892303467,3.954807162284851,0.65131855,6.9249845,-0.9940641546377974,2.523833290227339,-2.078855514526367,3.5611788630485535,0.57417077,6.219003,-0.39498023251430336,2.4790887788223657,-2.127141058444977,3.0953115820884705,1001.6260009153442,411.15634423116336,2.3846143300879823,10.334837012197907,799.6704954627471,1080.033885384692,1902.5945525682182,991.8494320290165,1.1868097038404342,2.81660010736217,1250.0,2234.375,0.05094133257674559,0.04445482889214948,2.7471281691729454,12.610346509523602,0.02001953125,0.06396484375,835.84985,796.5601,1.9254174568565217,3.400165832330221,294.24281311035156,1007.0816955566406,0.041897744,0.09079901,3.02489079986043,9.861816128785097,0.0005071744235465303,0.03385238442569971,0.0,0.09700894621448501,15.367481310633417
